{"authorDailyContributionsMap":{"cheshire-doge":[{"date":"2022-02-02","commitResults":[{"hash":"5e12eadcd03ee61fe27c5a943a3793a540f97819","messageTitle":"Added Level 0 Greet","messageBody":"","tags":["Level-0"],"fileTypesAndContributionMap":{"java":{"insertions":10,"deletions":1}}}]},{"date":"2022-02-03","commitResults":[{"hash":"b80b8281cea23297df587eadaee1d7444617f22b","messageTitle":"Added Level 1. Greet, Echo, Exit","messageBody":"","tags":["Level-1"],"fileTypesAndContributionMap":{"java":{"insertions":23,"deletions":7}}},{"hash":"5d36d39b26782a8117be237077d677436c4b23fe","messageTitle":"Added Level 2. Add, List","messageBody":"","tags":["Level-2"],"fileTypesAndContributionMap":{"java":{"insertions":17,"deletions":3}}},{"hash":"6008445ec9287d7fee80790fd214a19117598034","messageTitle":"Added Level 3. Mark as Done","messageBody":"","tags":["Level-3"],"fileTypesAndContributionMap":{"java":{"insertions":51,"deletions":5}}}]},{"date":"2022-02-04","commitResults":[{"hash":"5fc1f21a07647f4b0cdbde8d52890bf1e8a58135","messageTitle":"Added Level 4. ToDos, Events, Deadlines","messageBody":"","tags":["Level-4","A-CodingStandard"],"fileTypesAndContributionMap":{"java":{"insertions":93,"deletions":12}}}]},{"date":"2022-02-11","commitResults":[{"hash":"cbe61419a248330457a34d3e4e45c9cb36dd3345","messageTitle":"Added Level 5. Handle Errors","messageBody":"","tags":["Level-5","A-Exceptions","A-CodeQuality"],"fileTypesAndContributionMap":{"java":{"insertions":185,"deletions":68},"bat":{"insertions":2,"deletions":0}}}]},{"date":"2022-02-14","commitResults":[{"hash":"31969f48d0ac576459a0be49c0827ad026189745","messageTitle":"Added more exception cases","messageBody":"","fileTypesAndContributionMap":{"txt":{"insertions":14,"deletions":0},"java":{"insertions":14,"deletions":8}}}]},{"date":"2022-02-17","commitResults":[{"hash":"7e7725324fb86e6ed5d3dd51f6a38426728a8039","messageTitle":"Divided classes into packages","messageBody":"","tags":["A-Packages"],"fileTypesAndContributionMap":{"java":{"insertions":29,"deletions":9}}}]}]},"authorFileTypeContributionMap":{"cheshire-doge":{"java":311,"md":0,"fxml":0,"sh":0,"bat":2,"gradle":0,"txt":14}},"authorContributionVariance":{"cheshire-doge":2327.7908},"authorDisplayNameMap":{"cheshire-doge":"CS2113-F10-2 CLAR.. HOW"}}
