{"authorDailyContributionsMap":{"danbaterisna":[{"date":"2022-01-26","commitResults":[{"hash":"aa5a6be538c90f3cdf302dab4f3c88f20c3525f8","messageTitle":"Modify initial greeting","messageBody":"","tags":["Level-0"],"fileTypesAndContributionMap":{"java":{"insertions":14,"deletions":10}}}]},{"date":"2022-01-27","commitResults":[{"hash":"badf1b09a324ec847392a691f45ce33962cace68","messageTitle":"Add basic echo functionality","messageBody":"","tags":["Level-1"],"fileTypesAndContributionMap":{"java":{"insertions":20,"deletions":1}}},{"hash":"b1b070bfe0e90ea1ed55f9c5e92bc129c93d9d04","messageTitle":"Refactor introduction to its own method","messageBody":"","fileTypesAndContributionMap":{"java":{"insertions":4,"deletions":2}}},{"hash":"7539318b4c564d10ab0ccee8f15d2ac464be186d","messageTitle":"Add task listing feature","messageBody":"","tags":["A-Collections"],"fileTypesAndContributionMap":{"java":{"insertions":19,"deletions":3}}},{"hash":"12da74c3b7ff261c8107ba48757605981cd56aac","messageTitle":"Refactor use of printSeparators around output","messageBody":"","tags":["Level-2"],"fileTypesAndContributionMap":{"java":{"insertions":19,"deletions":9}}},{"hash":"e406b00df6d915dba290e37a31fb683a2c3a8cfd","messageTitle":"Implement Task class and marking functionality","messageBody":"","tags":["Level-3"],"fileTypesAndContributionMap":{"java":{"insertions":47,"deletions":5}}}]},{"date":"2022-01-31","commitResults":[{"hash":"ad2bb7bcd4cf2daf516d8ccd5a82a065b7ade3f3","messageTitle":"Separate command functionalities into separate methods","messageBody":"","fileTypesAndContributionMap":{"java":{"insertions":69,"deletions":52}}},{"hash":"b73995d1125e7244f8a66f9fab226f11addbe349","messageTitle":"Add Javadocs to main class","messageBody":"","tags":["A-CodingStandard"],"fileTypesAndContributionMap":{"java":{"insertions":61,"deletions":18}}}]},{"date":"2022-02-01","commitResults":[{"hash":"5ea6dbe3f738e311d6ec1d0a4e29cd591a6a4a97","messageTitle":"Extract string constants","messageBody":"","fileTypesAndContributionMap":{"java":{"insertions":31,"deletions":16}}},{"hash":"7c80819a83687412e622807c6959c5a07b07b330","messageTitle":"Add support for different task types","messageBody":"","tags":["Level-4"],"fileTypesAndContributionMap":{"java":{"insertions":111,"deletions":21}}}]},{"date":"2022-02-03","commitResults":[{"hash":"d0f1fd4e03d4e153ecb54117ad7642a0c71fb7fb","messageTitle":"Add rudimentary text UI testing","messageBody":"","tags":["A-TextUiTesting","A-CodeQuality"],"fileTypesAndContributionMap":{"txt":{"insertions":8,"deletions":0}}}]},{"date":"2022-02-10","commitResults":[{"hash":"58fe4656816ce2cd97fb86694cc01b7ac76dc2b6","messageTitle":"Incorporate PR feedback","messageBody":"Edit the switch in processUserCommand to conform to coding standards, and restructure getCommandType into splitCommandTypeAndCommand to follow DRY.\n","fileTypesAndContributionMap":{"java":{"insertions":42,"deletions":30}}},{"hash":"4c1d381953ae2cb53a93acb1a7f6c0e6f0cd4042","messageTitle":"Change format of parameters","messageBody":"Use -- instead of / to indicate named parameters, to more closely follow CLI conventions\n","fileTypesAndContributionMap":{"txt":{"insertions":3,"deletions":3},"java":{"insertions":2,"deletions":2},"sh":{"insertions":1,"deletions":1}}},{"hash":"8b0ed0dcd9fe407d2f50a9019ca423eb1b06d38c","messageTitle":"Add basic error handling","messageBody":"","fileTypesAndContributionMap":{"java":{"insertions":60,"deletions":11}}},{"hash":"a557028cd2602c6239a917a0545bce2ac978737e","messageTitle":"Move classes into packages","messageBody":"","fileTypesAndContributionMap":{"java":{"insertions":29,"deletions":9}}},{"hash":"abf3dd0e004c68ad9e70f23c8b0d64309371e7bc","messageTitle":"Make marites.task.Task abstract","messageBody":"","fileTypesAndContributionMap":{"java":{"insertions":20,"deletions":3}}}]},{"date":"2022-02-16","commitResults":[{"hash":"ddb852a183e3814bfd1345992231cf248ec29d1e","messageTitle":"Add delete command","messageBody":"Also updates tests to test delete command\n","fileTypesAndContributionMap":{"txt":{"insertions":2,"deletions":0},"java":{"insertions":25,"deletions":2},"sh":{"insertions":4,"deletions":2}}}]},{"date":"2022-02-17","commitResults":[{"hash":"6825ac83368b6bd9cfa8cda08e55567502603b7b","messageTitle":"Serialize task list","messageBody":"","fileTypesAndContributionMap":{"java":{"insertions":42,"deletions":2}}},{"hash":"02a800fa4975f80c4df23aeacb4747b5d0b8e953","messageTitle":"Save task list on delete","messageBody":"","fileTypesAndContributionMap":{"java":{"insertions":1,"deletions":0}}}]}]},"authorFileTypeContributionMap":{"danbaterisna":{"java":430,"md":0,"fxml":0,"sh":4,"bat":0,"gradle":0,"txt":10}},"authorContributionVariance":{"danbaterisna":3407.4146},"authorDisplayNameMap":{"danbaterisna":"T10-4 BATE..OBIA"}}
