{"authorDailyContributionsMap":{"jltha":[{"date":"2022-01-23","commitResults":[{"hash":"f380df8a449f8a9243e4a08c2ea41cf63253e432","messageTitle":"Update greeting","messageBody":"","tags":["Level-0"],"fileTypesAndContributionMap":{"java":{"insertions":13,"deletions":6}}},{"hash":"def597b44040d2b9a8929a17c95109ac6e10ff79","messageTitle":"Add echo feature","messageBody":"","fileTypesAndContributionMap":{"java":{"insertions":15,"deletions":3}}},{"hash":"b441c3675ff4547bf6516191be7e52d7968826bb","messageTitle":"Change bot name to Bob","messageBody":"","fileTypesAndContributionMap":{"java":{"insertions":1,"deletions":1}}},{"hash":"2949f50268b197664755927f5e761c9ef5e64715","messageTitle":"Update greeting by Bob","messageBody":"","tags":["Level-1"],"fileTypesAndContributionMap":{"java":{"insertions":4,"deletions":3}}},{"hash":"a07b98541ba51d45296d709c37a816d613479c1e","messageTitle":"Add feature to store text input","messageBody":"","fileTypesAndContributionMap":{"java":{"insertions":17,"deletions":12}}},{"hash":"a83b96c59ae4d7e3dcb90a998919f5fa28c96749","messageTitle":"Add feature to list stored text input","messageBody":"","tags":["Level-2"],"fileTypesAndContributionMap":{"java":{"insertions":14,"deletions":2}}},{"hash":"c019daeedce263a1940eba69c97b7ad1143284ab","messageTitle":"Change Bob\u0027s function from echo machine to a to-do list","messageBody":"","tags":["Level-3"],"fileTypesAndContributionMap":{"java":{"insertions":56,"deletions":7}}},{"hash":"bb7edcdd12fcd1ffa0ab232ed513bb30471321b5","messageTitle":"Account for invalid mark/unmark inputs","messageBody":"","fileTypesAndContributionMap":{"java":{"insertions":79,"deletions":27}}},{"hash":"9284abbdc7bf28a8a6a154325c717f9f8ac95f34","messageTitle":"Change Bob\u0027s greeting to suit his role","messageBody":"","fileTypesAndContributionMap":{"java":{"insertions":2,"deletions":2}}},{"hash":"7961dc9b06cd5345c45e79e8c5b43e9f485670aa","messageTitle":"Update indentation for wrapped lines","messageBody":"","fileTypesAndContributionMap":{"java":{"insertions":10,"deletions":13}}}]},{"date":"2022-01-25","commitResults":[{"hash":"e801c268d65934e2a868314a38cb64fccc14ca42","messageTitle":"Update exception handling for filled task list","messageBody":"","tags":["A-CodingStandard"],"fileTypesAndContributionMap":{"java":{"insertions":9,"deletions":14}}}]},{"date":"2022-01-30","commitResults":[{"hash":"51a529cd1383f7a939a339d6d3e7c57e8a8ed52c","messageTitle":"Add support for tracking ToDo, Deadline and Event type tasks","messageBody":"","tags":["Level-4"],"fileTypesAndContributionMap":{"java":{"insertions":241,"deletions":106},"bat":{"insertions":1,"deletions":1},"md":{"insertions":2,"deletions":2}}}]},{"date":"2022-01-31","commitResults":[{"hash":"db12e4062dce8260f9e6213a8c2832a38f768eed","messageTitle":"Update exception handling for repeated inputs","messageBody":"","fileTypesAndContributionMap":{"java":{"insertions":70,"deletions":18}}},{"hash":"4e471fb263fee8c3feaf0847317677e972a6fdfd","messageTitle":"Edit Code to conform to code quality standards, i.e. used SLAP on functions where applicable","messageBody":"","fileTypesAndContributionMap":{"java":{"insertions":83,"deletions":78}}}]},{"date":"2022-02-03","commitResults":[{"hash":"3f332bc2fd07610405908bcedd123f8f2e815abf","messageTitle":"Add Text UI Testing case and renamed enum \"TaskType\" to PascelCase","messageBody":"","tags":["A-TextUiTesting"],"fileTypesAndContributionMap":{"txt":{"insertions":20,"deletions":0},"java":{"insertions":27,"deletions":28}}},{"hash":"f0c358b6d85d09d4771552a9c47803249733c8a9","messageTitle":"Fix the placement of \"+\" when wrapping lines, i.e. all \"+\" are on next line","messageBody":"","tags":["A-CodeQuality"],"fileTypesAndContributionMap":{"java":{"insertions":9,"deletions":9}}}]},{"date":"2022-02-05","commitResults":[{"hash":"b20ddb59ca614d5c1ee9b0a7987a000c78513b08","messageTitle":"Use exception classes to handle exceptions + update text-ui-testing","messageBody":"","fileTypesAndContributionMap":{"txt":{"insertions":11,"deletions":0},"java":{"insertions":103,"deletions":49}}},{"hash":"cdfe35a16d605d08d4f5177ee590896f443fcdc1","messageTitle":"Divide classes into packages","messageBody":"","fileTypesAndContributionMap":{"java":{"insertions":27,"deletions":0},"bat":{"insertions":2,"deletions":2},"sh":{"insertions":2,"deletions":2}}},{"hash":"4c32ac5f1601180e02e7b52445691cc681cc9680","messageTitle":"Add help feature","messageBody":"","fileTypesAndContributionMap":{"java":{"insertions":74,"deletions":5},"md":{"insertions":1,"deletions":1}}}]},{"date":"2022-02-13","commitResults":[{"hash":"9f6a2c7b9e5e23d74fffa8864a8144d9846ba676","messageTitle":"Replace fixed array of tasks with ArrayList and update mark/unmark exception handling","messageBody":"","tags":["A-Collections"],"fileTypesAndContributionMap":{"java":{"insertions":88,"deletions":106}}},{"hash":"00a1d06c986351d991d068e1b7209a730ef9cc47","messageTitle":"Update mark/unmark exception handling","messageBody":"Add exception handling for empty mark index input\n","fileTypesAndContributionMap":{"txt":{"insertions":1,"deletions":0},"java":{"insertions":9,"deletions":3}}},{"hash":"1ea4a8c8b8a4e94b9bd83fc109ca992b83efeae7","messageTitle":"Add delete feature","messageBody":"","fileTypesAndContributionMap":{"java":{"insertions":47,"deletions":10}}},{"hash":"e2039b4c6bed1ab85a2c0a57e414832a7e7b3ff3","messageTitle":"Add save feature","messageBody":"","fileTypesAndContributionMap":{"txt":{"insertions":0,"deletions":0},"java":{"insertions":201,"deletions":33}}},{"hash":"c153ce331ce2a61abd67f7bcdf35dc49daa5108a","messageTitle":"Update delete feature to implement save function","messageBody":"","fileTypesAndContributionMap":{"java":{"insertions":3,"deletions":1}}}]},{"date":"2022-02-14","commitResults":[{"hash":"84ccdbe9d181638c45f03bd2009cc017e0a58548","messageTitle":"Refactor loadSaveState function","messageBody":"Extract into smaller methods\n","tags":["Level-7","Level-6"],"fileTypesAndContributionMap":{"txt":{"insertions":2,"deletions":4},"java":{"insertions":64,"deletions":50}}},{"hash":"ad096b0fc0d4efc38ee83f9ae544273d85cf7ee5","messageTitle":"Update help feature","messageBody":"Add help to exit program\n","fileTypesAndContributionMap":{"java":{"insertions":5,"deletions":1}}},{"hash":"dd885a96fe46f5ace1535fa170aeb1aa7c302864","messageTitle":"Update showHelpList function to show bye command","messageBody":"","fileTypesAndContributionMap":{"java":{"insertions":2,"deletions":2}}},{"hash":"d755b7ac2f50f4cfab237d0aeb539df19375de04","messageTitle":"Update exception handling for loading saved Data  function","messageBody":"","fileTypesAndContributionMap":{"java":{"insertions":25,"deletions":8}}}]},{"date":"2022-02-21","commitResults":[{"hash":"454a2f98bef59e8c0b4460b09ed462a3000e89e3","messageTitle":"Refactor code to make it more OOP","messageBody":"","tags":["A-MoreOOP"],"fileTypesAndContributionMap":{"txt":{"insertions":12,"deletions":4},"java":{"insertions":936,"deletions":552}}}]},{"date":"2022-02-23","commitResults":[{"hash":"3cf84b8770a310b7c0d96b3c8575100ae346f74a","messageTitle":"Add task status checker in parseSavedData method","messageBody":"Check if a task in the saved file has the correct format for the \u0027isDone\u0027 status\n","fileTypesAndContributionMap":{"txt":{"insertions":2,"deletions":4},"java":{"insertions":7,"deletions":0}}}]},{"date":"2022-02-24","commitResults":[{"hash":"61b768ed4b5c9b47ad6d7a515bcfe0a2fd90a074","messageTitle":"Add system dependent save directory input","messageBody":"","fileTypesAndContributionMap":{"java":{"insertions":3,"deletions":1}}},{"hash":"dcf0883a83b32d81b3e9277fc1491715e3caf5f9","messageTitle":"Update welcome and goodbye message","messageBody":"","fileTypesAndContributionMap":{"java":{"insertions":2,"deletions":2}}},{"hash":"252dcb14185e7ac37f144efb8a61d2453425b4f4","messageTitle":"update text-ui-test cases for level 8","messageBody":"","fileTypesAndContributionMap":{"txt":{"insertions":9,"deletions":5},"bat":{"insertions":1,"deletions":1},"sh":{"insertions":1,"deletions":1}}},{"hash":"097025cfa19c5a75d01daf7ef901cfdeb7ae3794","messageTitle":"Add date and time recognition feature","messageBody":"","fileTypesAndContributionMap":{"txt":{"insertions":1,"deletions":0},"java":{"insertions":150,"deletions":37}}},{"hash":"78a9532e129a7903aa1e6882a14ae62812521a82","messageTitle":"Fix printing of message","messageBody":"Remove the to.string() calls in showToUser where some to.string calls prints brackets at the start and end\n","fileTypesAndContributionMap":{"java":{"insertions":6,"deletions":6}}},{"hash":"d91c81d46e0efcbe35588e6e6361cfbe83762c4d","messageTitle":"Add search task feature","messageBody":"","fileTypesAndContributionMap":{"txt":{"insertions":7,"deletions":1},"java":{"insertions":47,"deletions":4},"bat":{"insertions":1,"deletions":1}}}]}]},"authorFileTypeContributionMap":{"jltha":{"java":1258,"md":1,"fxml":0,"sh":2,"bat":2,"gradle":0,"txt":50}},"authorContributionVariance":{"jltha":62946.844},"authorDisplayNameMap":{"jltha":"CS2113T-T09-1 THA .. LIM"}}
