{"authorDailyContributionsMap":{"Ch40gRv1-Mu":[{"date":"2022-01-21","commitResults":[{"hash":"ea9f7dcba0025f843a404c24aea1ea2965621f4a","messageTitle":"Implement an initial skeletal version of the Duke that simply greets the user and exits.","messageBody":"","tags":["Level-0"],"fileTypesAndContributionMap":{"java":{"insertions":129,"deletions":6}}}]},{"date":"2022-01-22","commitResults":[{"hash":"ada70c4a26dddb72fed442d15e074c78eba03736","messageTitle":"Add the ability to store whatever text entered by the user and display them back to the user when requested.","messageBody":"","tags":["Level-1"],"fileTypesAndContributionMap":{"java":{"insertions":175,"deletions":11}}}]},{"date":"2022-01-23","commitResults":[{"hash":"81359d601a99f0ca972c03c8b6cb6f56892c802d","messageTitle":"Add the ability to store whatever text entered by the user and display them back to the user when requested.","messageBody":"","fileTypesAndContributionMap":{"java":{"insertions":173,"deletions":6}}},{"hash":"e4146fa6ed78e1c30aea7af49097ead56c9929fc","messageTitle":"1. fix bug on Task; 2. add getReport in Task","messageBody":"","tags":["Level-2"],"fileTypesAndContributionMap":{"java":{"insertions":10,"deletions":3}}},{"hash":"e6c9924882f4cfe329d6ab3badf29c6c1256ac29","messageTitle":"1. Add the ability to mark tasks as done. Optionally, add the ability to change the status back to not done.;  2.Tweak the code to comply with a given coding standard. From this point onward, ensure any new code added are compliant with the given coding standard.; 3. package the classes","messageBody":"","tags":["Level-3"],"fileTypesAndContributionMap":{"java":{"insertions":397,"deletions":368}}}]},{"date":"2022-01-25","commitResults":[{"hash":"80e6336b37428dde1372d9141cc4d8149e4ce6b6","messageTitle":"Fix some variable name to meet the code standard","messageBody":"","tags":["A-CodingStandard"],"fileTypesAndContributionMap":{"java":{"insertions":4,"deletions":4}}},{"hash":"85ac048ba2c620880ba2be130f5b2b87bac11698","messageTitle":"Add ToDo, Event, Deadline","messageBody":"1. ToDos: tasks without any date/time attached to it e.g., visit new theme park\n2. Deadlines: tasks that need to be done before a specific date/time e.g., submit report by 11/10/2019 5pm\n3. Events: tasks that start at a specific time and ends at a specific time e.g., team project meeting on 2/10/2019 2-4pm\n","tags":["Level-4"],"fileTypesAndContributionMap":{"java":{"insertions":330,"deletions":25}}}]},{"date":"2022-01-28","commitResults":[{"hash":"4b4ecd210577fc82a8cb93d0f9c17e8c41b02c77","messageTitle":"A-TextUiTesting","messageBody":"Use the input/output redirection technique to semi-automate the testing of Duke.\n","tags":["A-TextUiTesting","A-CodeQuality"],"fileTypesAndContributionMap":{"txt":{"insertions":22,"deletions":0},"java":{"insertions":30,"deletions":30},"sh":{"insertions":1,"deletions":4}}}]},{"date":"2022-01-31","commitResults":[{"hash":"9dada07e69461ecaf25973bf549e8fd670b8849f","messageTitle":"1. Add DukeException; 2. Add ToDoDukeException; 3. Add UnknownOrderException","messageBody":"1. Minimal requirement: todo and unknown order exception\n2. DukeException is super class of all exceptions in Duke\n","fileTypesAndContributionMap":{"java":{"insertions":929,"deletions":6}}},{"hash":"1b5579903a49db5117175e2b1304a760549426d9","messageTitle":"1. Resolve merge conflicts","messageBody":"","tags":["Level-5","A-Packages"],"fileTypesAndContributionMap":{"java":{"insertions":2,"deletions":330}}}]},{"date":"2022-02-04","commitResults":[{"hash":"cec8376da8e77f0fa095740d4484fca09ba8ae87","messageTitle":"Fix the Coding Style","messageBody":"","fileTypesAndContributionMap":{"java":{"insertions":75,"deletions":70}}}]}]},"authorFileTypeContributionMap":{"Ch40gRv1-Mu":{"java":936,"md":0,"fxml":0,"sh":1,"bat":0,"gradle":0,"txt":22}},"authorContributionVariance":{"Ch40gRv1-Mu":103916.27},"authorDisplayNameMap":{"Ch40gRv1-Mu":"T10-3 MU C..GRUI"}}
