[{"path":"docs/README.md","fileType":"md","lines":[{"lineNumber":1,"author":{"gitId":"-"},"content":"# User Guide","lastModifiedDate":"2019-07-29"},{"lineNumber":2,"author":{"gitId":"-"},"content":"","lastModifiedDate":"2019-07-29"},{"lineNumber":3,"author":{"gitId":"-"},"content":"## Features ","lastModifiedDate":"2019-07-29"},{"lineNumber":4,"author":{"gitId":"-"},"content":"","lastModifiedDate":"2019-07-29"},{"lineNumber":5,"author":{"gitId":"shunyao643"},"content":"### Add, Remove and Mark Tasks","lastModifiedDate":"2022-03-02"},{"lineNumber":6,"author":{"gitId":"-"},"content":"","lastModifiedDate":"2021-07-17"},{"lineNumber":7,"author":{"gitId":"shunyao643"},"content":"Duke allows for one to keep track of tasks by allowing one to add, remove and mark tasks as done. For each task, one can also set it to be a simple To-Do task, an Event task with an associated date and/or time as well as a Deadline task that can store an associated date and/or time. Once a task is added, it can then be set as completed with an option to set it as pending afterwards. Additionally, should tasks be addded by mistake, the task can be deleted entirely.","lastModifiedDate":"2022-03-02"},{"lineNumber":8,"author":{"gitId":"-"},"content":"","lastModifiedDate":"2021-07-17"},{"lineNumber":9,"author":{"gitId":"shunyao643"},"content":"### Local Storage","lastModifiedDate":"2022-03-02"},{"lineNumber":10,"author":{"gitId":"-"},"content":"","lastModifiedDate":"2021-07-17"},{"lineNumber":11,"author":{"gitId":"shunyao643"},"content":"Duke also allows for the local storage of the associated tasks. Every update to the existing task list will be backed up locally such that one need not keep Duke running in the background. Along with storage, Duke can also recall past tasks saved from a previous session. As the files are stored in exactly the same format as what is displayed to the user, modification of the task backup file is easy.","lastModifiedDate":"2022-03-02"},{"lineNumber":12,"author":{"gitId":"-"},"content":"","lastModifiedDate":"2019-07-29"},{"lineNumber":13,"author":{"gitId":"shunyao643"},"content":"### Search Task","lastModifiedDate":"2022-03-03"},{"lineNumber":14,"author":{"gitId":"shunyao643"},"content":"","lastModifiedDate":"2022-03-03"},{"lineNumber":15,"author":{"gitId":"shunyao643"},"content":"Duke allows for one to query if a specific string is found within the task information (excludes event/deadline information). Duke returns a view of the subset returned. To perform operations on this, access the index as given by Duke.","lastModifiedDate":"2022-03-03"},{"lineNumber":16,"author":{"gitId":"-"},"content":"","lastModifiedDate":"2022-03-03"},{"lineNumber":17,"author":{"gitId":"-"},"content":"## Usage","lastModifiedDate":"2019-07-29"},{"lineNumber":18,"author":{"gitId":"-"},"content":"","lastModifiedDate":"2019-07-29"},{"lineNumber":19,"author":{"gitId":"-"},"content":"### `Keyword` - Describe action","lastModifiedDate":"2019-07-29"},{"lineNumber":20,"author":{"gitId":"-"},"content":"","lastModifiedDate":"2019-07-29"},{"lineNumber":21,"author":{"gitId":"-"},"content":"Describe the action and its outcome.","lastModifiedDate":"2021-07-17"},{"lineNumber":22,"author":{"gitId":"-"},"content":"","lastModifiedDate":"2019-07-29"},{"lineNumber":23,"author":{"gitId":"-"},"content":"Example of usage: ","lastModifiedDate":"2019-07-29"},{"lineNumber":24,"author":{"gitId":"-"},"content":"","lastModifiedDate":"2019-07-29"},{"lineNumber":25,"author":{"gitId":"-"},"content":"`keyword (optional arguments)`","lastModifiedDate":"2019-07-29"},{"lineNumber":26,"author":{"gitId":"-"},"content":"","lastModifiedDate":"2019-07-29"},{"lineNumber":27,"author":{"gitId":"-"},"content":"Expected outcome:","lastModifiedDate":"2019-07-29"},{"lineNumber":28,"author":{"gitId":"-"},"content":"","lastModifiedDate":"2019-07-29"},{"lineNumber":29,"author":{"gitId":"-"},"content":"Description of the outcome.","lastModifiedDate":"2021-07-17"},{"lineNumber":30,"author":{"gitId":"-"},"content":"","lastModifiedDate":"2021-07-17"},{"lineNumber":31,"author":{"gitId":"-"},"content":"```","lastModifiedDate":"2021-07-17"},{"lineNumber":32,"author":{"gitId":"-"},"content":"expected output","lastModifiedDate":"2021-07-17"},{"lineNumber":33,"author":{"gitId":"-"},"content":"```","lastModifiedDate":"2021-07-17"}],"authorContributionMap":{"shunyao643":7,"-":26}},{"path":"src/main/java/Duke.java","fileType":"java","lines":[{"lineNumber":1,"author":{"gitId":"shunyao643"},"content":"import duke.task.TaskList;","lastModifiedDate":"2022-02-06"},{"lineNumber":2,"author":{"gitId":"shunyao643"},"content":"","lastModifiedDate":"2022-02-06"},{"lineNumber":3,"author":{"gitId":"shunyao643"},"content":"import java.util.Scanner;","lastModifiedDate":"2022-01-26"},{"lineNumber":4,"author":{"gitId":"shunyao643"},"content":"","lastModifiedDate":"2022-01-26"},{"lineNumber":5,"author":{"gitId":"-"},"content":"public class Duke {","lastModifiedDate":"2019-07-29"},{"lineNumber":6,"author":{"gitId":"shunyao643"},"content":"","lastModifiedDate":"2022-01-16"},{"lineNumber":7,"author":{"gitId":"-"},"content":"    public static void main(String[] args) {","lastModifiedDate":"2022-01-26"},{"lineNumber":8,"author":{"gitId":"shunyao643"},"content":"","lastModifiedDate":"2022-01-26"},{"lineNumber":9,"author":{"gitId":"shunyao643"},"content":"        Scanner scanner \u003d new Scanner(System.in);","lastModifiedDate":"2022-03-01"},{"lineNumber":10,"author":{"gitId":"shunyao643"},"content":"        Parser parser \u003d new Parser();","lastModifiedDate":"2022-03-01"},{"lineNumber":11,"author":{"gitId":"shunyao643"},"content":"        Storage storage \u003d new Storage();","lastModifiedDate":"2022-03-01"},{"lineNumber":12,"author":{"gitId":"shunyao643"},"content":"        TaskList taskList \u003d new TaskList();","lastModifiedDate":"2022-02-17"},{"lineNumber":13,"author":{"gitId":"shunyao643"},"content":"","lastModifiedDate":"2022-02-06"},{"lineNumber":14,"author":{"gitId":"shunyao643"},"content":"        Ui.greet();","lastModifiedDate":"2022-03-01"},{"lineNumber":15,"author":{"gitId":"shunyao643"},"content":"","lastModifiedDate":"2022-02-06"},{"lineNumber":16,"author":{"gitId":"shunyao643"},"content":"        storage.loadPastTasks(parser, storage, taskList);","lastModifiedDate":"2022-03-01"},{"lineNumber":17,"author":{"gitId":"shunyao643"},"content":"","lastModifiedDate":"2022-01-30"},{"lineNumber":18,"author":{"gitId":"shunyao643"},"content":"        Ui.askForInput(scanner, parser, storage, taskList);","lastModifiedDate":"2022-03-01"},{"lineNumber":19,"author":{"gitId":"shunyao643"},"content":"","lastModifiedDate":"2022-02-15"},{"lineNumber":20,"author":{"gitId":"shunyao643"},"content":"        Ui.bye();","lastModifiedDate":"2022-03-01"},{"lineNumber":21,"author":{"gitId":"shunyao643"},"content":"","lastModifiedDate":"2022-01-30"},{"lineNumber":22,"author":{"gitId":"-"},"content":"    }","lastModifiedDate":"2022-01-30"},{"lineNumber":23,"author":{"gitId":"shunyao643"},"content":"","lastModifiedDate":"2022-01-30"},{"lineNumber":24,"author":{"gitId":"shunyao643"},"content":"","lastModifiedDate":"2022-01-30"},{"lineNumber":25,"author":{"gitId":"-"},"content":"}","lastModifiedDate":"2019-07-29"}],"authorContributionMap":{"shunyao643":21,"-":4}},{"path":"src/main/java/Parser.java","fileType":"java","lines":[{"lineNumber":1,"author":{"gitId":"shunyao643"},"content":"import duke.exception.IncompleteCommandException;","lastModifiedDate":"2022-02-06"},{"lineNumber":2,"author":{"gitId":"shunyao643"},"content":"import duke.exception.MissingIndexException;","lastModifiedDate":"2022-02-15"},{"lineNumber":3,"author":{"gitId":"shunyao643"},"content":"","lastModifiedDate":"2022-02-06"},{"lineNumber":4,"author":{"gitId":"shunyao643"},"content":"import java.util.ArrayList;","lastModifiedDate":"2022-02-15"},{"lineNumber":5,"author":{"gitId":"shunyao643"},"content":"","lastModifiedDate":"2022-02-15"},{"lineNumber":6,"author":{"gitId":"shunyao643"},"content":"/**","lastModifiedDate":"2022-01-30"},{"lineNumber":7,"author":{"gitId":"shunyao643"},"content":" *","lastModifiedDate":"2022-01-30"},{"lineNumber":8,"author":{"gitId":"shunyao643"},"content":" */","lastModifiedDate":"2022-01-30"},{"lineNumber":9,"author":{"gitId":"shunyao643"},"content":"public class Parser {","lastModifiedDate":"2022-03-01"},{"lineNumber":10,"author":{"gitId":"shunyao643"},"content":"","lastModifiedDate":"2022-01-30"},{"lineNumber":11,"author":{"gitId":"shunyao643"},"content":"    public Parser() {","lastModifiedDate":"2022-03-01"},{"lineNumber":12,"author":{"gitId":"shunyao643"},"content":"    }","lastModifiedDate":"2022-02-04"},{"lineNumber":13,"author":{"gitId":"shunyao643"},"content":"","lastModifiedDate":"2022-01-30"},{"lineNumber":14,"author":{"gitId":"shunyao643"},"content":"    /**","lastModifiedDate":"2022-01-30"},{"lineNumber":15,"author":{"gitId":"shunyao643"},"content":"     * Uses Regex to replace all instances of non digit characters to be parsed as int","lastModifiedDate":"2022-01-30"},{"lineNumber":16,"author":{"gitId":"shunyao643"},"content":"     *","lastModifiedDate":"2022-02-04"},{"lineNumber":17,"author":{"gitId":"shunyao643"},"content":"     * @param input","lastModifiedDate":"2022-01-30"},{"lineNumber":18,"author":{"gitId":"shunyao643"},"content":"     * @return int for the task index","lastModifiedDate":"2022-01-30"},{"lineNumber":19,"author":{"gitId":"shunyao643"},"content":"     */","lastModifiedDate":"2022-01-30"},{"lineNumber":20,"author":{"gitId":"shunyao643"},"content":"    public int extractTaskIndexNo(String input) throws MissingIndexException {","lastModifiedDate":"2022-02-15"},{"lineNumber":21,"author":{"gitId":"shunyao643"},"content":"        String taskIndexString \u003d input.replaceAll(\"\\\\D+\", \"\");","lastModifiedDate":"2022-02-15"},{"lineNumber":22,"author":{"gitId":"shunyao643"},"content":"        try {","lastModifiedDate":"2022-02-15"},{"lineNumber":23,"author":{"gitId":"shunyao643"},"content":"            return Integer.parseInt(taskIndexString) - 1;","lastModifiedDate":"2022-02-15"},{"lineNumber":24,"author":{"gitId":"shunyao643"},"content":"        } catch (NumberFormatException e) {","lastModifiedDate":"2022-02-15"},{"lineNumber":25,"author":{"gitId":"shunyao643"},"content":"            throw new MissingIndexException();","lastModifiedDate":"2022-02-15"},{"lineNumber":26,"author":{"gitId":"shunyao643"},"content":"        }","lastModifiedDate":"2022-02-15"},{"lineNumber":27,"author":{"gitId":"shunyao643"},"content":"    }","lastModifiedDate":"2022-01-30"},{"lineNumber":28,"author":{"gitId":"shunyao643"},"content":"","lastModifiedDate":"2022-01-30"},{"lineNumber":29,"author":{"gitId":"shunyao643"},"content":"    /**","lastModifiedDate":"2022-01-30"},{"lineNumber":30,"author":{"gitId":"shunyao643"},"content":"     * Reformats string to remove todo substring from user input","lastModifiedDate":"2022-03-01"},{"lineNumber":31,"author":{"gitId":"shunyao643"},"content":"     *","lastModifiedDate":"2022-02-04"},{"lineNumber":32,"author":{"gitId":"shunyao643"},"content":"     * @param input","lastModifiedDate":"2022-01-30"},{"lineNumber":33,"author":{"gitId":"shunyao643"},"content":"     * @return input less todo substring","lastModifiedDate":"2022-03-01"},{"lineNumber":34,"author":{"gitId":"shunyao643"},"content":"     * @throws IncompleteCommandException","lastModifiedDate":"2022-03-01"},{"lineNumber":35,"author":{"gitId":"shunyao643"},"content":"     */","lastModifiedDate":"2022-01-30"},{"lineNumber":36,"author":{"gitId":"shunyao643"},"content":"    public String extractToDoTask(String input) throws IncompleteCommandException {","lastModifiedDate":"2022-02-06"},{"lineNumber":37,"author":{"gitId":"shunyao643"},"content":"        String returnString \u003d input.replace(\"todo\", \"\").trim();","lastModifiedDate":"2022-02-06"},{"lineNumber":38,"author":{"gitId":"shunyao643"},"content":"        if (returnString.equals(\"\")) {","lastModifiedDate":"2022-02-06"},{"lineNumber":39,"author":{"gitId":"shunyao643"},"content":"            throw new IncompleteCommandException();","lastModifiedDate":"2022-02-06"},{"lineNumber":40,"author":{"gitId":"shunyao643"},"content":"        }","lastModifiedDate":"2022-02-06"},{"lineNumber":41,"author":{"gitId":"shunyao643"},"content":"        return returnString;","lastModifiedDate":"2022-02-06"},{"lineNumber":42,"author":{"gitId":"shunyao643"},"content":"    }","lastModifiedDate":"2022-01-30"},{"lineNumber":43,"author":{"gitId":"shunyao643"},"content":"","lastModifiedDate":"2022-01-30"},{"lineNumber":44,"author":{"gitId":"shunyao643"},"content":"    /**","lastModifiedDate":"2022-01-30"},{"lineNumber":45,"author":{"gitId":"shunyao643"},"content":"     * Reformats string to remove find substring from user input","lastModifiedDate":"2022-03-01"},{"lineNumber":46,"author":{"gitId":"shunyao643"},"content":"     * @param input","lastModifiedDate":"2022-03-01"},{"lineNumber":47,"author":{"gitId":"shunyao643"},"content":"     * @return input less find substring","lastModifiedDate":"2022-03-01"},{"lineNumber":48,"author":{"gitId":"shunyao643"},"content":"     * @throws IncompleteCommandException","lastModifiedDate":"2022-03-01"},{"lineNumber":49,"author":{"gitId":"shunyao643"},"content":"     */","lastModifiedDate":"2022-03-01"},{"lineNumber":50,"author":{"gitId":"shunyao643"},"content":"    public String extractFindTerm(String input) throws IncompleteCommandException {","lastModifiedDate":"2022-03-01"},{"lineNumber":51,"author":{"gitId":"shunyao643"},"content":"        String returnString \u003d input.replace(\"find\", \"\").trim();","lastModifiedDate":"2022-03-01"},{"lineNumber":52,"author":{"gitId":"shunyao643"},"content":"        if (returnString.equals(\"\")) {","lastModifiedDate":"2022-03-01"},{"lineNumber":53,"author":{"gitId":"shunyao643"},"content":"            throw new IncompleteCommandException();","lastModifiedDate":"2022-03-01"},{"lineNumber":54,"author":{"gitId":"shunyao643"},"content":"        }","lastModifiedDate":"2022-03-01"},{"lineNumber":55,"author":{"gitId":"shunyao643"},"content":"        return returnString;","lastModifiedDate":"2022-03-01"},{"lineNumber":56,"author":{"gitId":"shunyao643"},"content":"    }","lastModifiedDate":"2022-03-01"},{"lineNumber":57,"author":{"gitId":"shunyao643"},"content":"","lastModifiedDate":"2022-03-01"},{"lineNumber":58,"author":{"gitId":"shunyao643"},"content":"    /**","lastModifiedDate":"2022-03-01"},{"lineNumber":59,"author":{"gitId":"shunyao643"},"content":"     * Reformats string to remove deadline substring from user input, then","lastModifiedDate":"2022-03-01"},{"lineNumber":60,"author":{"gitId":"shunyao643"},"content":"     * splits into task name and deadline.","lastModifiedDate":"2022-01-30"},{"lineNumber":61,"author":{"gitId":"shunyao643"},"content":"     *","lastModifiedDate":"2022-02-04"},{"lineNumber":62,"author":{"gitId":"shunyao643"},"content":"     * @param input","lastModifiedDate":"2022-01-30"},{"lineNumber":63,"author":{"gitId":"shunyao643"},"content":"     * @return String array of task and deadline, size 2","lastModifiedDate":"2022-02-06"},{"lineNumber":64,"author":{"gitId":"shunyao643"},"content":"     */","lastModifiedDate":"2022-01-30"},{"lineNumber":65,"author":{"gitId":"shunyao643"},"content":"    public String[] extractDeadlineTask(String input) throws IncompleteCommandException {","lastModifiedDate":"2022-02-06"},{"lineNumber":66,"author":{"gitId":"shunyao643"},"content":"        String[] returnString \u003d trimAll(input.replace(\"deadline\", \"\").split(\"/by\"));","lastModifiedDate":"2022-02-06"},{"lineNumber":67,"author":{"gitId":"shunyao643"},"content":"        if (returnString.length !\u003d 2 || checkNotEmpty(returnString)) {","lastModifiedDate":"2022-02-06"},{"lineNumber":68,"author":{"gitId":"shunyao643"},"content":"            throw new IncompleteCommandException();","lastModifiedDate":"2022-02-06"},{"lineNumber":69,"author":{"gitId":"shunyao643"},"content":"        }","lastModifiedDate":"2022-02-06"},{"lineNumber":70,"author":{"gitId":"shunyao643"},"content":"        return returnString;","lastModifiedDate":"2022-02-06"},{"lineNumber":71,"author":{"gitId":"shunyao643"},"content":"    }","lastModifiedDate":"2022-01-30"},{"lineNumber":72,"author":{"gitId":"shunyao643"},"content":"","lastModifiedDate":"2022-01-30"},{"lineNumber":73,"author":{"gitId":"shunyao643"},"content":"    /**","lastModifiedDate":"2022-01-30"},{"lineNumber":74,"author":{"gitId":"shunyao643"},"content":"     * Reformats string to remove event substring from user input, then","lastModifiedDate":"2022-03-01"},{"lineNumber":75,"author":{"gitId":"shunyao643"},"content":"     * splits into task name and event time.","lastModifiedDate":"2022-01-30"},{"lineNumber":76,"author":{"gitId":"shunyao643"},"content":"     *","lastModifiedDate":"2022-02-04"},{"lineNumber":77,"author":{"gitId":"shunyao643"},"content":"     * @param input","lastModifiedDate":"2022-01-30"},{"lineNumber":78,"author":{"gitId":"shunyao643"},"content":"     * @return String array of task and event time, size 2","lastModifiedDate":"2022-02-06"},{"lineNumber":79,"author":{"gitId":"shunyao643"},"content":"     */","lastModifiedDate":"2022-01-30"},{"lineNumber":80,"author":{"gitId":"shunyao643"},"content":"    public String[] extractEventTask(String input) throws IncompleteCommandException {","lastModifiedDate":"2022-02-06"},{"lineNumber":81,"author":{"gitId":"shunyao643"},"content":"        String[] returnString \u003d trimAll(input.replace(\"event\", \"\").split(\"/at\"));","lastModifiedDate":"2022-02-06"},{"lineNumber":82,"author":{"gitId":"shunyao643"},"content":"        if (returnString.length !\u003d 2 || checkNotEmpty(returnString)) {","lastModifiedDate":"2022-02-06"},{"lineNumber":83,"author":{"gitId":"shunyao643"},"content":"            throw new IncompleteCommandException();","lastModifiedDate":"2022-02-06"},{"lineNumber":84,"author":{"gitId":"shunyao643"},"content":"        }","lastModifiedDate":"2022-02-06"},{"lineNumber":85,"author":{"gitId":"shunyao643"},"content":"        return returnString;","lastModifiedDate":"2022-02-06"},{"lineNumber":86,"author":{"gitId":"shunyao643"},"content":"    }","lastModifiedDate":"2022-02-06"},{"lineNumber":87,"author":{"gitId":"shunyao643"},"content":"","lastModifiedDate":"2022-02-06"},{"lineNumber":88,"author":{"gitId":"shunyao643"},"content":"    /**","lastModifiedDate":"2022-02-06"},{"lineNumber":89,"author":{"gitId":"shunyao643"},"content":"     * Iterates through String array to trim all whitespace.","lastModifiedDate":"2022-02-06"},{"lineNumber":90,"author":{"gitId":"shunyao643"},"content":"     *","lastModifiedDate":"2022-02-17"},{"lineNumber":91,"author":{"gitId":"shunyao643"},"content":"     * @param input","lastModifiedDate":"2022-02-06"},{"lineNumber":92,"author":{"gitId":"shunyao643"},"content":"     * @return String[] with whitespace trimmed","lastModifiedDate":"2022-02-06"},{"lineNumber":93,"author":{"gitId":"shunyao643"},"content":"     */","lastModifiedDate":"2022-02-06"},{"lineNumber":94,"author":{"gitId":"shunyao643"},"content":"    public String[] trimAll(String[] input) {","lastModifiedDate":"2022-02-06"},{"lineNumber":95,"author":{"gitId":"shunyao643"},"content":"        for (int i \u003d 0; i \u003c input.length; i++) {","lastModifiedDate":"2022-02-06"},{"lineNumber":96,"author":{"gitId":"shunyao643"},"content":"            input[i] \u003d input[i].trim();","lastModifiedDate":"2022-02-06"},{"lineNumber":97,"author":{"gitId":"shunyao643"},"content":"        }","lastModifiedDate":"2022-02-06"},{"lineNumber":98,"author":{"gitId":"shunyao643"},"content":"        return input;","lastModifiedDate":"2022-02-06"},{"lineNumber":99,"author":{"gitId":"shunyao643"},"content":"    }","lastModifiedDate":"2022-02-06"},{"lineNumber":100,"author":{"gitId":"shunyao643"},"content":"","lastModifiedDate":"2022-02-06"},{"lineNumber":101,"author":{"gitId":"shunyao643"},"content":"    /**","lastModifiedDate":"2022-02-06"},{"lineNumber":102,"author":{"gitId":"shunyao643"},"content":"     * Ensures that after whitespace is trimmed, there is no empty String left","lastModifiedDate":"2022-02-06"},{"lineNumber":103,"author":{"gitId":"shunyao643"},"content":"     *","lastModifiedDate":"2022-02-17"},{"lineNumber":104,"author":{"gitId":"shunyao643"},"content":"     * @param input","lastModifiedDate":"2022-02-06"},{"lineNumber":105,"author":{"gitId":"shunyao643"},"content":"     * @return boolean if there is any empty string","lastModifiedDate":"2022-02-06"},{"lineNumber":106,"author":{"gitId":"shunyao643"},"content":"     */","lastModifiedDate":"2022-02-06"},{"lineNumber":107,"author":{"gitId":"shunyao643"},"content":"    public boolean checkNotEmpty(String[] input) {","lastModifiedDate":"2022-02-06"},{"lineNumber":108,"author":{"gitId":"shunyao643"},"content":"        for (int i \u003d 0; i \u003c input.length; i++) {","lastModifiedDate":"2022-02-06"},{"lineNumber":109,"author":{"gitId":"shunyao643"},"content":"            if (input[i].equals(\"\")) {","lastModifiedDate":"2022-02-06"},{"lineNumber":110,"author":{"gitId":"shunyao643"},"content":"                return true;","lastModifiedDate":"2022-02-06"},{"lineNumber":111,"author":{"gitId":"shunyao643"},"content":"            }","lastModifiedDate":"2022-02-06"},{"lineNumber":112,"author":{"gitId":"shunyao643"},"content":"        }","lastModifiedDate":"2022-02-06"},{"lineNumber":113,"author":{"gitId":"shunyao643"},"content":"        return false;","lastModifiedDate":"2022-02-06"},{"lineNumber":114,"author":{"gitId":"shunyao643"},"content":"    }","lastModifiedDate":"2022-01-30"},{"lineNumber":115,"author":{"gitId":"shunyao643"},"content":"","lastModifiedDate":"2022-01-30"},{"lineNumber":116,"author":{"gitId":"shunyao643"},"content":"    /**","lastModifiedDate":"2022-02-15"},{"lineNumber":117,"author":{"gitId":"shunyao643"},"content":"     * Convert string from stored file to ArrayList of elements. If the type tag is recognised, items returned will be in the order:","lastModifiedDate":"2022-02-17"},{"lineNumber":118,"author":{"gitId":"shunyao643"},"content":"     *","lastModifiedDate":"2022-03-01"},{"lineNumber":119,"author":{"gitId":"shunyao643"},"content":"     * 1. type tag, character \u0027T\u0027, \u0027D\u0027 or \u0027E\u0027","lastModifiedDate":"2022-02-17"},{"lineNumber":120,"author":{"gitId":"shunyao643"},"content":"     * 2. completion string, \u0027true\u0027 or \u0027false\u0027","lastModifiedDate":"2022-02-17"},{"lineNumber":121,"author":{"gitId":"shunyao643"},"content":"     * 3. task information","lastModifiedDate":"2022-02-17"},{"lineNumber":122,"author":{"gitId":"shunyao643"},"content":"     * 4. deadline/event time as indicated within the brackets","lastModifiedDate":"2022-02-17"},{"lineNumber":123,"author":{"gitId":"shunyao643"},"content":"     *","lastModifiedDate":"2022-02-17"},{"lineNumber":124,"author":{"gitId":"shunyao643"},"content":"     * @param oldString","lastModifiedDate":"2022-02-15"},{"lineNumber":125,"author":{"gitId":"shunyao643"},"content":"     * @return","lastModifiedDate":"2022-02-15"},{"lineNumber":126,"author":{"gitId":"shunyao643"},"content":"     */","lastModifiedDate":"2022-02-15"},{"lineNumber":127,"author":{"gitId":"shunyao643"},"content":"    public ArrayList\u003cString\u003e parseSavedString(String oldString) {","lastModifiedDate":"2022-02-15"},{"lineNumber":128,"author":{"gitId":"shunyao643"},"content":"        ArrayList\u003cString\u003e returnArray \u003d new ArrayList\u003c\u003e();","lastModifiedDate":"2022-02-17"},{"lineNumber":129,"author":{"gitId":"shunyao643"},"content":"        switch (oldString.charAt(1)) {","lastModifiedDate":"2022-02-17"},{"lineNumber":130,"author":{"gitId":"shunyao643"},"content":"        case \u0027T\u0027:","lastModifiedDate":"2022-02-17"},{"lineNumber":131,"author":{"gitId":"shunyao643"},"content":"            returnArray.add(String.valueOf(oldString.charAt(1))); // for the type tag","lastModifiedDate":"2022-02-17"},{"lineNumber":132,"author":{"gitId":"shunyao643"},"content":"            returnArray.add((oldString.charAt(5) \u003d\u003d \u0027 \u0027) ? \"false\" : \"true\"); // for the completion tag","lastModifiedDate":"2022-02-17"},{"lineNumber":133,"author":{"gitId":"shunyao643"},"content":"            returnArray.add(oldString.substring(8));","lastModifiedDate":"2022-02-17"},{"lineNumber":134,"author":{"gitId":"shunyao643"},"content":"            break;","lastModifiedDate":"2022-02-17"},{"lineNumber":135,"author":{"gitId":"shunyao643"},"content":"        case \u0027E\u0027:","lastModifiedDate":"2022-02-17"},{"lineNumber":136,"author":{"gitId":"shunyao643"},"content":"            returnArray.add(String.valueOf(oldString.charAt(1))); // for the type tag","lastModifiedDate":"2022-02-17"},{"lineNumber":137,"author":{"gitId":"shunyao643"},"content":"            returnArray.add((oldString.charAt(5) \u003d\u003d \u0027 \u0027) ? \"false\" : \"true\"); // for the completion tag","lastModifiedDate":"2022-02-17"},{"lineNumber":138,"author":{"gitId":"shunyao643"},"content":"            int eventDiv \u003d oldString.indexOf(\"(at:\");","lastModifiedDate":"2022-02-17"},{"lineNumber":139,"author":{"gitId":"shunyao643"},"content":"            returnArray.add(oldString.substring(8, (eventDiv - 1)));","lastModifiedDate":"2022-02-17"},{"lineNumber":140,"author":{"gitId":"shunyao643"},"content":"            returnArray.add(oldString.substring(eventDiv + 5, (oldString.length() - 1)));","lastModifiedDate":"2022-02-17"},{"lineNumber":141,"author":{"gitId":"shunyao643"},"content":"            break;","lastModifiedDate":"2022-02-17"},{"lineNumber":142,"author":{"gitId":"shunyao643"},"content":"        case \u0027D\u0027:","lastModifiedDate":"2022-02-17"},{"lineNumber":143,"author":{"gitId":"shunyao643"},"content":"            returnArray.add(String.valueOf(oldString.charAt(1))); // for the type tag","lastModifiedDate":"2022-02-17"},{"lineNumber":144,"author":{"gitId":"shunyao643"},"content":"            returnArray.add((oldString.charAt(5) \u003d\u003d \u0027 \u0027) ? \"false\" : \"true\"); // for the completion tag","lastModifiedDate":"2022-02-17"},{"lineNumber":145,"author":{"gitId":"shunyao643"},"content":"            int deadlineDiv \u003d oldString.indexOf(\"(by:\");","lastModifiedDate":"2022-02-17"},{"lineNumber":146,"author":{"gitId":"shunyao643"},"content":"            returnArray.add(oldString.substring(8, (deadlineDiv - 1)));","lastModifiedDate":"2022-02-17"},{"lineNumber":147,"author":{"gitId":"shunyao643"},"content":"            returnArray.add(oldString.substring(deadlineDiv + 5, (oldString.length() - 1)));","lastModifiedDate":"2022-02-17"},{"lineNumber":148,"author":{"gitId":"shunyao643"},"content":"            break;","lastModifiedDate":"2022-02-17"},{"lineNumber":149,"author":{"gitId":"shunyao643"},"content":"        default:","lastModifiedDate":"2022-02-17"},{"lineNumber":150,"author":{"gitId":"shunyao643"},"content":"            return returnArray;","lastModifiedDate":"2022-02-17"},{"lineNumber":151,"author":{"gitId":"shunyao643"},"content":"        }","lastModifiedDate":"2022-02-17"},{"lineNumber":152,"author":{"gitId":"shunyao643"},"content":"        return returnArray;","lastModifiedDate":"2022-02-17"},{"lineNumber":153,"author":{"gitId":"shunyao643"},"content":"    }","lastModifiedDate":"2022-02-15"},{"lineNumber":154,"author":{"gitId":"shunyao643"},"content":"}","lastModifiedDate":"2022-02-15"}],"authorContributionMap":{"shunyao643":154}},{"path":"src/main/java/Storage.java","fileType":"java","lines":[{"lineNumber":1,"author":{"gitId":"shunyao643"},"content":"import java.io.File;","lastModifiedDate":"2022-02-15"},{"lineNumber":2,"author":{"gitId":"shunyao643"},"content":"import java.io.FileNotFoundException;","lastModifiedDate":"2022-02-15"},{"lineNumber":3,"author":{"gitId":"shunyao643"},"content":"import java.io.FileWriter;","lastModifiedDate":"2022-02-15"},{"lineNumber":4,"author":{"gitId":"shunyao643"},"content":"import java.io.IOException;","lastModifiedDate":"2022-02-15"},{"lineNumber":5,"author":{"gitId":"shunyao643"},"content":"import java.util.ArrayList;","lastModifiedDate":"2022-02-15"},{"lineNumber":6,"author":{"gitId":"shunyao643"},"content":"","lastModifiedDate":"2022-02-15"},{"lineNumber":7,"author":{"gitId":"shunyao643"},"content":"import duke.task.Task;","lastModifiedDate":"2022-02-15"},{"lineNumber":8,"author":{"gitId":"shunyao643"},"content":"import duke.task.TaskList;","lastModifiedDate":"2022-03-01"},{"lineNumber":9,"author":{"gitId":"shunyao643"},"content":"","lastModifiedDate":"2022-02-15"},{"lineNumber":10,"author":{"gitId":"shunyao643"},"content":"import java.util.Scanner;","lastModifiedDate":"2022-02-15"},{"lineNumber":11,"author":{"gitId":"shunyao643"},"content":"","lastModifiedDate":"2022-02-15"},{"lineNumber":12,"author":{"gitId":"shunyao643"},"content":"public class Storage {","lastModifiedDate":"2022-03-01"},{"lineNumber":13,"author":{"gitId":"shunyao643"},"content":"","lastModifiedDate":"2022-02-15"},{"lineNumber":14,"author":{"gitId":"shunyao643"},"content":"    private static final String FILE_NAME \u003d \"tasks.txt\";","lastModifiedDate":"2022-02-15"},{"lineNumber":15,"author":{"gitId":"shunyao643"},"content":"","lastModifiedDate":"2022-02-15"},{"lineNumber":16,"author":{"gitId":"shunyao643"},"content":"    /**","lastModifiedDate":"2022-02-15"},{"lineNumber":17,"author":{"gitId":"shunyao643"},"content":"     * Writes to a file the current representation of tasks in the same format as `list` prompt.","lastModifiedDate":"2022-02-15"},{"lineNumber":18,"author":{"gitId":"shunyao643"},"content":"     *","lastModifiedDate":"2022-02-15"},{"lineNumber":19,"author":{"gitId":"shunyao643"},"content":"     * @param taskList, an ArrayList of current tasks.","lastModifiedDate":"2022-02-15"},{"lineNumber":20,"author":{"gitId":"shunyao643"},"content":"     */","lastModifiedDate":"2022-02-15"},{"lineNumber":21,"author":{"gitId":"shunyao643"},"content":"    public static void writeToFile(ArrayList\u003cTask\u003e taskList) {","lastModifiedDate":"2022-02-15"},{"lineNumber":22,"author":{"gitId":"shunyao643"},"content":"        try {","lastModifiedDate":"2022-02-15"},{"lineNumber":23,"author":{"gitId":"shunyao643"},"content":"            FileWriter fileWriter \u003d new FileWriter(FILE_NAME);","lastModifiedDate":"2022-03-01"},{"lineNumber":24,"author":{"gitId":"shunyao643"},"content":"            for (Task task : taskList) {","lastModifiedDate":"2022-02-15"},{"lineNumber":25,"author":{"gitId":"shunyao643"},"content":"                fileWriter.write(task.toString() + System.lineSeparator());","lastModifiedDate":"2022-03-01"},{"lineNumber":26,"author":{"gitId":"shunyao643"},"content":"            }","lastModifiedDate":"2022-02-15"},{"lineNumber":27,"author":{"gitId":"shunyao643"},"content":"            fileWriter.close();","lastModifiedDate":"2022-03-01"},{"lineNumber":28,"author":{"gitId":"shunyao643"},"content":"        } catch (IOException exception) {","lastModifiedDate":"2022-03-01"},{"lineNumber":29,"author":{"gitId":"shunyao643"},"content":"            System.out.println(\"Something went wrong: \" + exception.getMessage());","lastModifiedDate":"2022-03-01"},{"lineNumber":30,"author":{"gitId":"shunyao643"},"content":"        }","lastModifiedDate":"2022-02-15"},{"lineNumber":31,"author":{"gitId":"shunyao643"},"content":"    }","lastModifiedDate":"2022-02-15"},{"lineNumber":32,"author":{"gitId":"shunyao643"},"content":"","lastModifiedDate":"2022-02-15"},{"lineNumber":33,"author":{"gitId":"shunyao643"},"content":"    /**","lastModifiedDate":"2022-02-15"},{"lineNumber":34,"author":{"gitId":"shunyao643"},"content":"     * Reads in a file \"tasks.txt\" line by line and returns each line as a String in an ArrayList for further processing","lastModifiedDate":"2022-02-15"},{"lineNumber":35,"author":{"gitId":"shunyao643"},"content":"     *","lastModifiedDate":"2022-02-15"},{"lineNumber":36,"author":{"gitId":"shunyao643"},"content":"     * @return ArrayList\u003cString\u003e","lastModifiedDate":"2022-02-15"},{"lineNumber":37,"author":{"gitId":"shunyao643"},"content":"     */","lastModifiedDate":"2022-02-15"},{"lineNumber":38,"author":{"gitId":"shunyao643"},"content":"    public static ArrayList\u003cString\u003e readFromFile() {","lastModifiedDate":"2022-02-15"},{"lineNumber":39,"author":{"gitId":"shunyao643"},"content":"        ArrayList\u003cString\u003e oldList \u003d new ArrayList\u003c\u003e();","lastModifiedDate":"2022-02-15"},{"lineNumber":40,"author":{"gitId":"shunyao643"},"content":"        try {","lastModifiedDate":"2022-02-15"},{"lineNumber":41,"author":{"gitId":"shunyao643"},"content":"            File file \u003d new File(FILE_NAME);","lastModifiedDate":"2022-03-01"},{"lineNumber":42,"author":{"gitId":"shunyao643"},"content":"            Scanner scanner \u003d new Scanner(file);","lastModifiedDate":"2022-03-01"},{"lineNumber":43,"author":{"gitId":"shunyao643"},"content":"            while (scanner.hasNext()) {","lastModifiedDate":"2022-03-01"},{"lineNumber":44,"author":{"gitId":"shunyao643"},"content":"                String line \u003d scanner.nextLine();","lastModifiedDate":"2022-03-01"},{"lineNumber":45,"author":{"gitId":"shunyao643"},"content":"                if (!line.equals(\"\")) {","lastModifiedDate":"2022-02-17"},{"lineNumber":46,"author":{"gitId":"shunyao643"},"content":"                    oldList.add(line);","lastModifiedDate":"2022-02-15"},{"lineNumber":47,"author":{"gitId":"shunyao643"},"content":"                }","lastModifiedDate":"2022-02-15"},{"lineNumber":48,"author":{"gitId":"shunyao643"},"content":"            }","lastModifiedDate":"2022-02-17"},{"lineNumber":49,"author":{"gitId":"shunyao643"},"content":"        } catch (FileNotFoundException exception) {","lastModifiedDate":"2022-03-01"},{"lineNumber":50,"author":{"gitId":"shunyao643"},"content":"            System.out.println(\"File not found!\");","lastModifiedDate":"2022-02-17"},{"lineNumber":51,"author":{"gitId":"shunyao643"},"content":"            return oldList;","lastModifiedDate":"2022-02-15"},{"lineNumber":52,"author":{"gitId":"shunyao643"},"content":"        }","lastModifiedDate":"2022-02-15"},{"lineNumber":53,"author":{"gitId":"shunyao643"},"content":"        return oldList;","lastModifiedDate":"2022-02-15"},{"lineNumber":54,"author":{"gitId":"shunyao643"},"content":"    }","lastModifiedDate":"2022-02-15"},{"lineNumber":55,"author":{"gitId":"shunyao643"},"content":"","lastModifiedDate":"2022-02-15"},{"lineNumber":56,"author":{"gitId":"shunyao643"},"content":"    /**","lastModifiedDate":"2022-03-01"},{"lineNumber":57,"author":{"gitId":"shunyao643"},"content":"     * Load tasks from \"tasks.txt\" prior to taking in new commands .","lastModifiedDate":"2022-03-01"},{"lineNumber":58,"author":{"gitId":"shunyao643"},"content":"     * @param parser","lastModifiedDate":"2022-03-01"},{"lineNumber":59,"author":{"gitId":"shunyao643"},"content":"     * @param storage","lastModifiedDate":"2022-03-01"},{"lineNumber":60,"author":{"gitId":"shunyao643"},"content":"     * @param taskList","lastModifiedDate":"2022-03-01"},{"lineNumber":61,"author":{"gitId":"shunyao643"},"content":"     */","lastModifiedDate":"2022-03-01"},{"lineNumber":62,"author":{"gitId":"shunyao643"},"content":"    public static void loadPastTasks(Parser parser, Storage storage, TaskList taskList) {","lastModifiedDate":"2022-03-01"},{"lineNumber":63,"author":{"gitId":"shunyao643"},"content":"        ArrayList\u003cString\u003e oldTaskStrings \u003d storage.readFromFile();","lastModifiedDate":"2022-03-01"},{"lineNumber":64,"author":{"gitId":"shunyao643"},"content":"        for (String taskString : oldTaskStrings) {","lastModifiedDate":"2022-03-01"},{"lineNumber":65,"author":{"gitId":"shunyao643"},"content":"","lastModifiedDate":"2022-03-01"},{"lineNumber":66,"author":{"gitId":"shunyao643"},"content":"            ArrayList\u003cString\u003e splitString \u003d parser.parseSavedString(taskString);","lastModifiedDate":"2022-03-01"},{"lineNumber":67,"author":{"gitId":"shunyao643"},"content":"            if (splitString.size() \u003d\u003d 0) {","lastModifiedDate":"2022-03-01"},{"lineNumber":68,"author":{"gitId":"shunyao643"},"content":"                continue;","lastModifiedDate":"2022-03-01"},{"lineNumber":69,"author":{"gitId":"shunyao643"},"content":"            }","lastModifiedDate":"2022-03-01"},{"lineNumber":70,"author":{"gitId":"shunyao643"},"content":"            switch (splitString.get(0)) {","lastModifiedDate":"2022-03-01"},{"lineNumber":71,"author":{"gitId":"shunyao643"},"content":"            case \"T\":","lastModifiedDate":"2022-03-01"},{"lineNumber":72,"author":{"gitId":"shunyao643"},"content":"                taskList.addToDo(splitString.get(2), Boolean.parseBoolean(splitString.get(1)));","lastModifiedDate":"2022-03-01"},{"lineNumber":73,"author":{"gitId":"shunyao643"},"content":"                break;","lastModifiedDate":"2022-03-01"},{"lineNumber":74,"author":{"gitId":"shunyao643"},"content":"            case \"D\":","lastModifiedDate":"2022-03-01"},{"lineNumber":75,"author":{"gitId":"shunyao643"},"content":"                taskList.addDeadline(splitString.get(2), Boolean.parseBoolean(splitString.get(1)), splitString.get(3));","lastModifiedDate":"2022-03-01"},{"lineNumber":76,"author":{"gitId":"shunyao643"},"content":"                break;","lastModifiedDate":"2022-03-01"},{"lineNumber":77,"author":{"gitId":"shunyao643"},"content":"            case \"E\":","lastModifiedDate":"2022-03-01"},{"lineNumber":78,"author":{"gitId":"shunyao643"},"content":"                taskList.addEvent(splitString.get(2), Boolean.parseBoolean(splitString.get(1)), splitString.get(3));","lastModifiedDate":"2022-03-01"},{"lineNumber":79,"author":{"gitId":"shunyao643"},"content":"                break;","lastModifiedDate":"2022-03-01"},{"lineNumber":80,"author":{"gitId":"shunyao643"},"content":"            default:","lastModifiedDate":"2022-03-01"},{"lineNumber":81,"author":{"gitId":"shunyao643"},"content":"                System.out.println(\"not an acceptable task string!\" + System.lineSeparator() + taskString);","lastModifiedDate":"2022-03-01"},{"lineNumber":82,"author":{"gitId":"shunyao643"},"content":"            }","lastModifiedDate":"2022-03-01"},{"lineNumber":83,"author":{"gitId":"shunyao643"},"content":"        }","lastModifiedDate":"2022-03-01"},{"lineNumber":84,"author":{"gitId":"shunyao643"},"content":"    }","lastModifiedDate":"2022-03-01"},{"lineNumber":85,"author":{"gitId":"shunyao643"},"content":"}","lastModifiedDate":"2022-02-15"}],"authorContributionMap":{"shunyao643":85}},{"path":"src/main/java/Ui.java","fileType":"java","lines":[{"lineNumber":1,"author":{"gitId":"shunyao643"},"content":"import duke.exception.IncompleteCommandException;","lastModifiedDate":"2022-03-01"},{"lineNumber":2,"author":{"gitId":"shunyao643"},"content":"import duke.exception.MissingIndexException;","lastModifiedDate":"2022-03-01"},{"lineNumber":3,"author":{"gitId":"shunyao643"},"content":"import duke.task.TaskList;","lastModifiedDate":"2022-03-01"},{"lineNumber":4,"author":{"gitId":"shunyao643"},"content":"","lastModifiedDate":"2022-03-01"},{"lineNumber":5,"author":{"gitId":"shunyao643"},"content":"import java.util.Scanner;","lastModifiedDate":"2022-03-01"},{"lineNumber":6,"author":{"gitId":"shunyao643"},"content":"","lastModifiedDate":"2022-03-01"},{"lineNumber":7,"author":{"gitId":"shunyao643"},"content":"public class Ui {","lastModifiedDate":"2022-03-01"},{"lineNumber":8,"author":{"gitId":"shunyao643"},"content":"    private static final String GREET_STRING \u003d \"Hello! I\u0027m Duke\" + System.lineSeparator() + \"What can I do for you?\";","lastModifiedDate":"2022-03-01"},{"lineNumber":9,"author":{"gitId":"shunyao643"},"content":"    private static final String BYE_STRING \u003d \"Bye. Hope to see you again soon!\";","lastModifiedDate":"2022-03-01"},{"lineNumber":10,"author":{"gitId":"shunyao643"},"content":"    private static final String PROMPT_GENERIC_INVALID_COMMAND \u003d \"I don\u0027t understand what you are saying. Please follow this syntax:\";","lastModifiedDate":"2022-03-01"},{"lineNumber":11,"author":{"gitId":"shunyao643"},"content":"    private static final String PROMPT_ALL_FEATURES \u003d \"Recognised Commands:\" + System.lineSeparator() +","lastModifiedDate":"2022-03-01"},{"lineNumber":12,"author":{"gitId":"shunyao643"},"content":"            \"\u0027list\u0027     | show you all your tasks\" + System.lineSeparator() +","lastModifiedDate":"2022-03-01"},{"lineNumber":13,"author":{"gitId":"shunyao643"},"content":"            \"\u0027mark\u0027     | mark tasks by index once completed\" + System.lineSeparator() +","lastModifiedDate":"2022-03-01"},{"lineNumber":14,"author":{"gitId":"shunyao643"},"content":"            \"\u0027unmark\u0027   | unmark tasks by index to undo \u0027mark\u0027\" + System.lineSeparator() +","lastModifiedDate":"2022-03-01"},{"lineNumber":15,"author":{"gitId":"shunyao643"},"content":"            \"\u0027delete\u0027   | delete tasks by index (irreversible!)\" + System.lineSeparator() +","lastModifiedDate":"2022-03-01"},{"lineNumber":16,"author":{"gitId":"shunyao643"},"content":"            \"\u0027todo\u0027     | create general task\" + System.lineSeparator() +","lastModifiedDate":"2022-03-01"},{"lineNumber":17,"author":{"gitId":"shunyao643"},"content":"            \"\u0027deadline\u0027 | create task with deadline: include \u0027/by\u0027 for deadline\" + System.lineSeparator() +","lastModifiedDate":"2022-03-01"},{"lineNumber":18,"author":{"gitId":"shunyao643"},"content":"            \"\u0027event\u0027    | create task as event: include \u0027/at\u0027 for the date/time\" + System.lineSeparator() +","lastModifiedDate":"2022-03-01"},{"lineNumber":19,"author":{"gitId":"shunyao643"},"content":"            \"\u0027find\u0027     | find tasks that include a short string\" + System.lineSeparator() +","lastModifiedDate":"2022-03-01"},{"lineNumber":20,"author":{"gitId":"shunyao643"},"content":"            \"\u0027bye\u0027      | exit Duke\";","lastModifiedDate":"2022-03-01"},{"lineNumber":21,"author":{"gitId":"shunyao643"},"content":"    private static final String PROMPT_CORRECT_DEADLINE \u003d \"example: `deadline Rush CS2113 Assignment /by today`\";","lastModifiedDate":"2022-03-01"},{"lineNumber":22,"author":{"gitId":"shunyao643"},"content":"    private static final String PROMPT_CORRECT_EVENT \u003d \"example: `event Watch CS2113 Lecture /at 4-6pm on Friday`\";","lastModifiedDate":"2022-03-01"},{"lineNumber":23,"author":{"gitId":"shunyao643"},"content":"    private static final String PROMPT_CORRECT_TODO \u003d \"example: `todo Make sure that the user knows I need some text here!`\";","lastModifiedDate":"2022-03-01"},{"lineNumber":24,"author":{"gitId":"shunyao643"},"content":"    private static final String PROMPT_CORRECT_FIND \u003d \"example: `find try`\";","lastModifiedDate":"2022-03-01"},{"lineNumber":25,"author":{"gitId":"shunyao643"},"content":"    private static final String PROMPT_CORRECT_INDEX_USE \u003d \"when marking, unmarking or deleting, use syntax like: `delete 2` for task #2\" + System.lineSeparator() + \"you can do so for any of the tasks in `list`\";","lastModifiedDate":"2022-03-01"},{"lineNumber":26,"author":{"gitId":"shunyao643"},"content":"","lastModifiedDate":"2022-03-01"},{"lineNumber":27,"author":{"gitId":"shunyao643"},"content":"    private static void promptToDo() {","lastModifiedDate":"2022-03-01"},{"lineNumber":28,"author":{"gitId":"shunyao643"},"content":"        System.out.println(PROMPT_CORRECT_TODO);","lastModifiedDate":"2022-03-01"},{"lineNumber":29,"author":{"gitId":"shunyao643"},"content":"    }","lastModifiedDate":"2022-03-01"},{"lineNumber":30,"author":{"gitId":"shunyao643"},"content":"","lastModifiedDate":"2022-03-01"},{"lineNumber":31,"author":{"gitId":"shunyao643"},"content":"    private static void promptCommandList() {","lastModifiedDate":"2022-03-01"},{"lineNumber":32,"author":{"gitId":"shunyao643"},"content":"        System.out.println(PROMPT_ALL_FEATURES);","lastModifiedDate":"2022-03-01"},{"lineNumber":33,"author":{"gitId":"shunyao643"},"content":"    }","lastModifiedDate":"2022-03-01"},{"lineNumber":34,"author":{"gitId":"shunyao643"},"content":"","lastModifiedDate":"2022-03-01"},{"lineNumber":35,"author":{"gitId":"shunyao643"},"content":"    private static void promptDeadline() {","lastModifiedDate":"2022-03-01"},{"lineNumber":36,"author":{"gitId":"shunyao643"},"content":"        System.out.println(PROMPT_CORRECT_DEADLINE);","lastModifiedDate":"2022-03-01"},{"lineNumber":37,"author":{"gitId":"shunyao643"},"content":"    }","lastModifiedDate":"2022-03-01"},{"lineNumber":38,"author":{"gitId":"shunyao643"},"content":"","lastModifiedDate":"2022-03-01"},{"lineNumber":39,"author":{"gitId":"shunyao643"},"content":"    private static void promptEvent() {","lastModifiedDate":"2022-03-01"},{"lineNumber":40,"author":{"gitId":"shunyao643"},"content":"        System.out.println(PROMPT_CORRECT_EVENT);","lastModifiedDate":"2022-03-01"},{"lineNumber":41,"author":{"gitId":"shunyao643"},"content":"    }","lastModifiedDate":"2022-03-01"},{"lineNumber":42,"author":{"gitId":"shunyao643"},"content":"","lastModifiedDate":"2022-03-01"},{"lineNumber":43,"author":{"gitId":"shunyao643"},"content":"    private static void promptFind(){","lastModifiedDate":"2022-03-01"},{"lineNumber":44,"author":{"gitId":"shunyao643"},"content":"        System.out.println(PROMPT_CORRECT_FIND);","lastModifiedDate":"2022-03-01"},{"lineNumber":45,"author":{"gitId":"shunyao643"},"content":"    }","lastModifiedDate":"2022-03-01"},{"lineNumber":46,"author":{"gitId":"shunyao643"},"content":"","lastModifiedDate":"2022-03-01"},{"lineNumber":47,"author":{"gitId":"shunyao643"},"content":"    private static void promptAgain() {","lastModifiedDate":"2022-03-01"},{"lineNumber":48,"author":{"gitId":"shunyao643"},"content":"        System.out.println(PROMPT_GENERIC_INVALID_COMMAND);","lastModifiedDate":"2022-03-01"},{"lineNumber":49,"author":{"gitId":"shunyao643"},"content":"    }","lastModifiedDate":"2022-03-01"},{"lineNumber":50,"author":{"gitId":"shunyao643"},"content":"","lastModifiedDate":"2022-03-01"},{"lineNumber":51,"author":{"gitId":"shunyao643"},"content":"    private static void promptIndexSyntax() {","lastModifiedDate":"2022-03-01"},{"lineNumber":52,"author":{"gitId":"shunyao643"},"content":"        System.out.println(PROMPT_CORRECT_INDEX_USE);","lastModifiedDate":"2022-03-01"},{"lineNumber":53,"author":{"gitId":"shunyao643"},"content":"    }","lastModifiedDate":"2022-03-01"},{"lineNumber":54,"author":{"gitId":"shunyao643"},"content":"","lastModifiedDate":"2022-03-01"},{"lineNumber":55,"author":{"gitId":"shunyao643"},"content":"    /**","lastModifiedDate":"2022-03-01"},{"lineNumber":56,"author":{"gitId":"shunyao643"},"content":"     * Greet user upon startup","lastModifiedDate":"2022-03-01"},{"lineNumber":57,"author":{"gitId":"shunyao643"},"content":"     */","lastModifiedDate":"2022-03-01"},{"lineNumber":58,"author":{"gitId":"shunyao643"},"content":"    static void greet() {","lastModifiedDate":"2022-03-01"},{"lineNumber":59,"author":{"gitId":"shunyao643"},"content":"        System.out.println(GREET_STRING);","lastModifiedDate":"2022-03-01"},{"lineNumber":60,"author":{"gitId":"shunyao643"},"content":"    }","lastModifiedDate":"2022-03-01"},{"lineNumber":61,"author":{"gitId":"shunyao643"},"content":"","lastModifiedDate":"2022-03-01"},{"lineNumber":62,"author":{"gitId":"shunyao643"},"content":"    /**","lastModifiedDate":"2022-03-01"},{"lineNumber":63,"author":{"gitId":"shunyao643"},"content":"     * Print exit string when user exits","lastModifiedDate":"2022-03-01"},{"lineNumber":64,"author":{"gitId":"shunyao643"},"content":"     */","lastModifiedDate":"2022-03-01"},{"lineNumber":65,"author":{"gitId":"shunyao643"},"content":"    static void bye() {","lastModifiedDate":"2022-03-01"},{"lineNumber":66,"author":{"gitId":"shunyao643"},"content":"        System.out.println(BYE_STRING);","lastModifiedDate":"2022-03-01"},{"lineNumber":67,"author":{"gitId":"shunyao643"},"content":"    }","lastModifiedDate":"2022-03-01"},{"lineNumber":68,"author":{"gitId":"shunyao643"},"content":"","lastModifiedDate":"2022-03-01"},{"lineNumber":69,"author":{"gitId":"shunyao643"},"content":"    /**","lastModifiedDate":"2022-03-01"},{"lineNumber":70,"author":{"gitId":"shunyao643"},"content":"     * Continually get input from the user till user terminates program.","lastModifiedDate":"2022-03-01"},{"lineNumber":71,"author":{"gitId":"shunyao643"},"content":"     * @param scanner","lastModifiedDate":"2022-03-01"},{"lineNumber":72,"author":{"gitId":"shunyao643"},"content":"     * @param parser","lastModifiedDate":"2022-03-01"},{"lineNumber":73,"author":{"gitId":"shunyao643"},"content":"     * @param storage","lastModifiedDate":"2022-03-01"},{"lineNumber":74,"author":{"gitId":"shunyao643"},"content":"     * @param taskList","lastModifiedDate":"2022-03-01"},{"lineNumber":75,"author":{"gitId":"shunyao643"},"content":"     */","lastModifiedDate":"2022-03-01"},{"lineNumber":76,"author":{"gitId":"shunyao643"},"content":"    static void askForInput(Scanner scanner, Parser parser, Storage storage, TaskList taskList) {","lastModifiedDate":"2022-03-01"},{"lineNumber":77,"author":{"gitId":"shunyao643"},"content":"        while (true) {","lastModifiedDate":"2022-03-01"},{"lineNumber":78,"author":{"gitId":"shunyao643"},"content":"","lastModifiedDate":"2022-03-01"},{"lineNumber":79,"author":{"gitId":"shunyao643"},"content":"            String input \u003d scanner.nextLine().trim();","lastModifiedDate":"2022-03-01"},{"lineNumber":80,"author":{"gitId":"shunyao643"},"content":"","lastModifiedDate":"2022-03-01"},{"lineNumber":81,"author":{"gitId":"shunyao643"},"content":"            if (input.equals(\"bye\")) {","lastModifiedDate":"2022-03-01"},{"lineNumber":82,"author":{"gitId":"shunyao643"},"content":"                return;","lastModifiedDate":"2022-03-01"},{"lineNumber":83,"author":{"gitId":"shunyao643"},"content":"            } else if (input.equals(\"list\")) {","lastModifiedDate":"2022-03-01"},{"lineNumber":84,"author":{"gitId":"shunyao643"},"content":"                taskList.displayTasks();","lastModifiedDate":"2022-03-01"},{"lineNumber":85,"author":{"gitId":"shunyao643"},"content":"            } else if (input.startsWith(\"unmark\")) {","lastModifiedDate":"2022-03-01"},{"lineNumber":86,"author":{"gitId":"shunyao643"},"content":"                try {","lastModifiedDate":"2022-03-01"},{"lineNumber":87,"author":{"gitId":"shunyao643"},"content":"                    int index \u003d parser.extractTaskIndexNo(input);","lastModifiedDate":"2022-03-01"},{"lineNumber":88,"author":{"gitId":"shunyao643"},"content":"                    taskList.setTaskStatus(index, false);","lastModifiedDate":"2022-03-01"},{"lineNumber":89,"author":{"gitId":"shunyao643"},"content":"                } catch (MissingIndexException | IndexOutOfBoundsException e) {","lastModifiedDate":"2022-03-01"},{"lineNumber":90,"author":{"gitId":"shunyao643"},"content":"                    promptIndexSyntax();","lastModifiedDate":"2022-03-01"},{"lineNumber":91,"author":{"gitId":"shunyao643"},"content":"                }","lastModifiedDate":"2022-03-01"},{"lineNumber":92,"author":{"gitId":"shunyao643"},"content":"            } else if (input.startsWith(\"mark\")) {","lastModifiedDate":"2022-03-01"},{"lineNumber":93,"author":{"gitId":"shunyao643"},"content":"                try {","lastModifiedDate":"2022-03-01"},{"lineNumber":94,"author":{"gitId":"shunyao643"},"content":"                    int index \u003d parser.extractTaskIndexNo(input);","lastModifiedDate":"2022-03-01"},{"lineNumber":95,"author":{"gitId":"shunyao643"},"content":"                    taskList.setTaskStatus(index, true);","lastModifiedDate":"2022-03-01"},{"lineNumber":96,"author":{"gitId":"shunyao643"},"content":"                } catch (MissingIndexException | IndexOutOfBoundsException e) {","lastModifiedDate":"2022-03-01"},{"lineNumber":97,"author":{"gitId":"shunyao643"},"content":"                    promptIndexSyntax();","lastModifiedDate":"2022-03-01"},{"lineNumber":98,"author":{"gitId":"shunyao643"},"content":"                }","lastModifiedDate":"2022-03-01"},{"lineNumber":99,"author":{"gitId":"shunyao643"},"content":"            } else if (input.startsWith(\"delete\")) {","lastModifiedDate":"2022-03-01"},{"lineNumber":100,"author":{"gitId":"shunyao643"},"content":"                try {","lastModifiedDate":"2022-03-01"},{"lineNumber":101,"author":{"gitId":"shunyao643"},"content":"                    int index \u003d parser.extractTaskIndexNo(input);","lastModifiedDate":"2022-03-01"},{"lineNumber":102,"author":{"gitId":"shunyao643"},"content":"                    taskList.deleteTask(index);","lastModifiedDate":"2022-03-01"},{"lineNumber":103,"author":{"gitId":"shunyao643"},"content":"                } catch (MissingIndexException | IndexOutOfBoundsException e) {","lastModifiedDate":"2022-03-01"},{"lineNumber":104,"author":{"gitId":"shunyao643"},"content":"                    promptIndexSyntax();","lastModifiedDate":"2022-03-01"},{"lineNumber":105,"author":{"gitId":"shunyao643"},"content":"                }","lastModifiedDate":"2022-03-01"},{"lineNumber":106,"author":{"gitId":"shunyao643"},"content":"            } else if (input.startsWith(\"todo\")) {","lastModifiedDate":"2022-03-01"},{"lineNumber":107,"author":{"gitId":"shunyao643"},"content":"                try {","lastModifiedDate":"2022-03-01"},{"lineNumber":108,"author":{"gitId":"shunyao643"},"content":"                    String toDoTask \u003d parser.extractToDoTask(input);","lastModifiedDate":"2022-03-01"},{"lineNumber":109,"author":{"gitId":"shunyao643"},"content":"                    taskList.addToDo(toDoTask);","lastModifiedDate":"2022-03-01"},{"lineNumber":110,"author":{"gitId":"shunyao643"},"content":"                } catch (IncompleteCommandException e) {","lastModifiedDate":"2022-03-01"},{"lineNumber":111,"author":{"gitId":"shunyao643"},"content":"                    promptAgain();","lastModifiedDate":"2022-03-01"},{"lineNumber":112,"author":{"gitId":"shunyao643"},"content":"                    promptToDo();","lastModifiedDate":"2022-03-01"},{"lineNumber":113,"author":{"gitId":"shunyao643"},"content":"                }","lastModifiedDate":"2022-03-01"},{"lineNumber":114,"author":{"gitId":"shunyao643"},"content":"            } else if (input.startsWith(\"find\")){","lastModifiedDate":"2022-03-01"},{"lineNumber":115,"author":{"gitId":"shunyao643"},"content":"                try {","lastModifiedDate":"2022-03-01"},{"lineNumber":116,"author":{"gitId":"shunyao643"},"content":"                    String findTerm \u003d parser.extractFindTerm(input);","lastModifiedDate":"2022-03-01"},{"lineNumber":117,"author":{"gitId":"shunyao643"},"content":"                    taskList.showResults(findTerm);","lastModifiedDate":"2022-03-01"},{"lineNumber":118,"author":{"gitId":"shunyao643"},"content":"                } catch (IncompleteCommandException e) {","lastModifiedDate":"2022-03-01"},{"lineNumber":119,"author":{"gitId":"shunyao643"},"content":"                    promptAgain();","lastModifiedDate":"2022-03-01"},{"lineNumber":120,"author":{"gitId":"shunyao643"},"content":"                    promptFind();","lastModifiedDate":"2022-03-01"},{"lineNumber":121,"author":{"gitId":"shunyao643"},"content":"                }","lastModifiedDate":"2022-03-01"},{"lineNumber":122,"author":{"gitId":"shunyao643"},"content":"            } else if (input.startsWith(\"deadline\")) {","lastModifiedDate":"2022-03-01"},{"lineNumber":123,"author":{"gitId":"shunyao643"},"content":"                try {","lastModifiedDate":"2022-03-01"},{"lineNumber":124,"author":{"gitId":"shunyao643"},"content":"                    String[] deadlineTask \u003d parser.extractDeadlineTask(input);","lastModifiedDate":"2022-03-01"},{"lineNumber":125,"author":{"gitId":"shunyao643"},"content":"                    taskList.addDeadline(deadlineTask[0], deadlineTask[1]);","lastModifiedDate":"2022-03-01"},{"lineNumber":126,"author":{"gitId":"shunyao643"},"content":"                } catch (IncompleteCommandException e) {","lastModifiedDate":"2022-03-01"},{"lineNumber":127,"author":{"gitId":"shunyao643"},"content":"                    promptAgain();","lastModifiedDate":"2022-03-01"},{"lineNumber":128,"author":{"gitId":"shunyao643"},"content":"                    promptDeadline();","lastModifiedDate":"2022-03-01"},{"lineNumber":129,"author":{"gitId":"shunyao643"},"content":"                }","lastModifiedDate":"2022-03-01"},{"lineNumber":130,"author":{"gitId":"shunyao643"},"content":"            } else if (input.startsWith(\"event\")) {","lastModifiedDate":"2022-03-01"},{"lineNumber":131,"author":{"gitId":"shunyao643"},"content":"                try {","lastModifiedDate":"2022-03-01"},{"lineNumber":132,"author":{"gitId":"shunyao643"},"content":"                    String[] eventTask \u003d parser.extractEventTask(input);","lastModifiedDate":"2022-03-01"},{"lineNumber":133,"author":{"gitId":"shunyao643"},"content":"                    taskList.addEvent(eventTask[0], eventTask[1]);","lastModifiedDate":"2022-03-01"},{"lineNumber":134,"author":{"gitId":"shunyao643"},"content":"","lastModifiedDate":"2022-03-01"},{"lineNumber":135,"author":{"gitId":"shunyao643"},"content":"                } catch (IncompleteCommandException e) {","lastModifiedDate":"2022-03-01"},{"lineNumber":136,"author":{"gitId":"shunyao643"},"content":"                    promptAgain();","lastModifiedDate":"2022-03-01"},{"lineNumber":137,"author":{"gitId":"shunyao643"},"content":"                    promptEvent();","lastModifiedDate":"2022-03-01"},{"lineNumber":138,"author":{"gitId":"shunyao643"},"content":"                }","lastModifiedDate":"2022-03-01"},{"lineNumber":139,"author":{"gitId":"shunyao643"},"content":"            } else {","lastModifiedDate":"2022-03-01"},{"lineNumber":140,"author":{"gitId":"shunyao643"},"content":"                promptAgain();","lastModifiedDate":"2022-03-01"},{"lineNumber":141,"author":{"gitId":"shunyao643"},"content":"                promptCommandList();","lastModifiedDate":"2022-03-01"},{"lineNumber":142,"author":{"gitId":"shunyao643"},"content":"                continue;","lastModifiedDate":"2022-03-01"},{"lineNumber":143,"author":{"gitId":"shunyao643"},"content":"            }","lastModifiedDate":"2022-03-01"},{"lineNumber":144,"author":{"gitId":"shunyao643"},"content":"            storage.writeToFile(taskList.getTaskList());","lastModifiedDate":"2022-03-01"},{"lineNumber":145,"author":{"gitId":"shunyao643"},"content":"","lastModifiedDate":"2022-03-01"},{"lineNumber":146,"author":{"gitId":"shunyao643"},"content":"        }","lastModifiedDate":"2022-03-01"},{"lineNumber":147,"author":{"gitId":"shunyao643"},"content":"    }","lastModifiedDate":"2022-03-01"},{"lineNumber":148,"author":{"gitId":"shunyao643"},"content":"}","lastModifiedDate":"2022-03-01"}],"authorContributionMap":{"shunyao643":148}},{"path":"src/main/java/duke.task/Deadline.java","fileType":"java","lines":[{"lineNumber":1,"author":{"gitId":"shunyao643"},"content":"package duke.task;","lastModifiedDate":"2022-02-06"},{"lineNumber":2,"author":{"gitId":"shunyao643"},"content":"","lastModifiedDate":"2022-02-06"},{"lineNumber":3,"author":{"gitId":"shunyao643"},"content":"public class Deadline extends Task {","lastModifiedDate":"2022-01-30"},{"lineNumber":4,"author":{"gitId":"shunyao643"},"content":"    private String dueTime;","lastModifiedDate":"2022-01-30"},{"lineNumber":5,"author":{"gitId":"shunyao643"},"content":"","lastModifiedDate":"2022-01-30"},{"lineNumber":6,"author":{"gitId":"shunyao643"},"content":"    public Deadline(String taskInfo, String dueTime) {","lastModifiedDate":"2022-01-30"},{"lineNumber":7,"author":{"gitId":"shunyao643"},"content":"        super(taskInfo);","lastModifiedDate":"2022-01-30"},{"lineNumber":8,"author":{"gitId":"shunyao643"},"content":"        this.dueTime \u003d dueTime;","lastModifiedDate":"2022-01-30"},{"lineNumber":9,"author":{"gitId":"shunyao643"},"content":"    }","lastModifiedDate":"2022-01-30"},{"lineNumber":10,"author":{"gitId":"shunyao643"},"content":"","lastModifiedDate":"2022-01-30"},{"lineNumber":11,"author":{"gitId":"shunyao643"},"content":"    public Deadline(String taskInfo, boolean isDone, String dueTime) {","lastModifiedDate":"2022-02-15"},{"lineNumber":12,"author":{"gitId":"shunyao643"},"content":"        super(taskInfo,isDone);","lastModifiedDate":"2022-02-15"},{"lineNumber":13,"author":{"gitId":"shunyao643"},"content":"        this.dueTime \u003d dueTime;","lastModifiedDate":"2022-02-15"},{"lineNumber":14,"author":{"gitId":"shunyao643"},"content":"    }","lastModifiedDate":"2022-02-15"},{"lineNumber":15,"author":{"gitId":"shunyao643"},"content":"","lastModifiedDate":"2022-02-15"},{"lineNumber":16,"author":{"gitId":"shunyao643"},"content":"    @Override","lastModifiedDate":"2022-01-30"},{"lineNumber":17,"author":{"gitId":"shunyao643"},"content":"    public String toString() {","lastModifiedDate":"2022-01-30"},{"lineNumber":18,"author":{"gitId":"shunyao643"},"content":"        // ternary operator adapted from John McMonigle https://github.com/nus-cs2113-AY2122S2/ip/pull/56","lastModifiedDate":"2022-02-06"},{"lineNumber":19,"author":{"gitId":"shunyao643"},"content":"        // rewrote return statement based on Clarence Chua Ying How\u0027s implementation https://github.com/nus-cs2113-AY2122S2/ip/pull/84","lastModifiedDate":"2022-02-06"},{"lineNumber":20,"author":{"gitId":"shunyao643"},"content":"        String completion \u003d (super.isDone() ? \"X\" : \" \");","lastModifiedDate":"2022-02-06"},{"lineNumber":21,"author":{"gitId":"shunyao643"},"content":"        return String.format(\"[D] [%s] %s (by: %s)\", completion, super.getTaskInfo(), dueTime);","lastModifiedDate":"2022-02-06"},{"lineNumber":22,"author":{"gitId":"shunyao643"},"content":"    }","lastModifiedDate":"2022-01-30"},{"lineNumber":23,"author":{"gitId":"shunyao643"},"content":"","lastModifiedDate":"2022-01-30"},{"lineNumber":24,"author":{"gitId":"shunyao643"},"content":"}","lastModifiedDate":"2022-01-30"}],"authorContributionMap":{"shunyao643":24}},{"path":"src/main/java/duke.task/Event.java","fileType":"java","lines":[{"lineNumber":1,"author":{"gitId":"shunyao643"},"content":"package duke.task;","lastModifiedDate":"2022-02-06"},{"lineNumber":2,"author":{"gitId":"shunyao643"},"content":"","lastModifiedDate":"2022-02-06"},{"lineNumber":3,"author":{"gitId":"shunyao643"},"content":"public class Event extends Task {","lastModifiedDate":"2022-01-30"},{"lineNumber":4,"author":{"gitId":"shunyao643"},"content":"    private String eventTime;","lastModifiedDate":"2022-01-30"},{"lineNumber":5,"author":{"gitId":"shunyao643"},"content":"","lastModifiedDate":"2022-01-30"},{"lineNumber":6,"author":{"gitId":"shunyao643"},"content":"    public Event(String taskInfo, String eventTime) {","lastModifiedDate":"2022-01-30"},{"lineNumber":7,"author":{"gitId":"shunyao643"},"content":"        super(taskInfo);","lastModifiedDate":"2022-01-30"},{"lineNumber":8,"author":{"gitId":"shunyao643"},"content":"        this.eventTime \u003d eventTime;","lastModifiedDate":"2022-01-30"},{"lineNumber":9,"author":{"gitId":"shunyao643"},"content":"    }","lastModifiedDate":"2022-01-30"},{"lineNumber":10,"author":{"gitId":"shunyao643"},"content":"","lastModifiedDate":"2022-01-30"},{"lineNumber":11,"author":{"gitId":"shunyao643"},"content":"    public Event(String taskInfo, boolean isDone, String eventTime) {","lastModifiedDate":"2022-02-15"},{"lineNumber":12,"author":{"gitId":"shunyao643"},"content":"        super(taskInfo);","lastModifiedDate":"2022-02-15"},{"lineNumber":13,"author":{"gitId":"shunyao643"},"content":"        this.eventTime \u003d eventTime;","lastModifiedDate":"2022-02-15"},{"lineNumber":14,"author":{"gitId":"shunyao643"},"content":"    }","lastModifiedDate":"2022-02-15"},{"lineNumber":15,"author":{"gitId":"shunyao643"},"content":"","lastModifiedDate":"2022-02-15"},{"lineNumber":16,"author":{"gitId":"shunyao643"},"content":"    @Override","lastModifiedDate":"2022-01-30"},{"lineNumber":17,"author":{"gitId":"shunyao643"},"content":"    public String toString() {","lastModifiedDate":"2022-01-30"},{"lineNumber":18,"author":{"gitId":"shunyao643"},"content":"        // ternary operator adapted from John McMonigle https://github.com/nus-cs2113-AY2122S2/ip/pull/56","lastModifiedDate":"2022-02-06"},{"lineNumber":19,"author":{"gitId":"shunyao643"},"content":"        // rewrote return statement based on Clarence Chua Ying How\u0027s implementation https://github.com/nus-cs2113-AY2122S2/ip/pull/84","lastModifiedDate":"2022-02-06"},{"lineNumber":20,"author":{"gitId":"shunyao643"},"content":"        String completion \u003d (super.isDone() ? \"X\" : \" \");","lastModifiedDate":"2022-02-06"},{"lineNumber":21,"author":{"gitId":"shunyao643"},"content":"        return String.format(\"[E] [%s] %s (at: %s)\", completion, super.getTaskInfo(), eventTime);","lastModifiedDate":"2022-02-06"},{"lineNumber":22,"author":{"gitId":"shunyao643"},"content":"    }","lastModifiedDate":"2022-01-30"},{"lineNumber":23,"author":{"gitId":"shunyao643"},"content":"","lastModifiedDate":"2022-01-30"},{"lineNumber":24,"author":{"gitId":"shunyao643"},"content":"}","lastModifiedDate":"2022-01-30"}],"authorContributionMap":{"shunyao643":24}},{"path":"src/main/java/duke.task/Task.java","fileType":"java","lines":[{"lineNumber":1,"author":{"gitId":"shunyao643"},"content":"package duke.task;","lastModifiedDate":"2022-02-06"},{"lineNumber":2,"author":{"gitId":"shunyao643"},"content":"","lastModifiedDate":"2022-02-06"},{"lineNumber":3,"author":{"gitId":"shunyao643"},"content":"/**","lastModifiedDate":"2022-01-28"},{"lineNumber":4,"author":{"gitId":"shunyao643"},"content":" * Represents a task with task information stored as a string and a boolean for whether it is completed.","lastModifiedDate":"2022-01-28"},{"lineNumber":5,"author":{"gitId":"shunyao643"},"content":" */","lastModifiedDate":"2022-01-28"},{"lineNumber":6,"author":{"gitId":"shunyao643"},"content":"public class Task {","lastModifiedDate":"2022-01-26"},{"lineNumber":7,"author":{"gitId":"shunyao643"},"content":"    private String taskInfo;","lastModifiedDate":"2022-01-26"},{"lineNumber":8,"author":{"gitId":"shunyao643"},"content":"    private boolean isDone;","lastModifiedDate":"2022-01-26"},{"lineNumber":9,"author":{"gitId":"shunyao643"},"content":"","lastModifiedDate":"2022-01-26"},{"lineNumber":10,"author":{"gitId":"shunyao643"},"content":"    /**","lastModifiedDate":"2022-02-15"},{"lineNumber":11,"author":{"gitId":"shunyao643"},"content":"     * Constructor for a new Task, with option to indicate Task completion status.","lastModifiedDate":"2022-02-15"},{"lineNumber":12,"author":{"gitId":"shunyao643"},"content":"     *","lastModifiedDate":"2022-02-15"},{"lineNumber":13,"author":{"gitId":"shunyao643"},"content":"     * @param String  representing taskInfo","lastModifiedDate":"2022-02-15"},{"lineNumber":14,"author":{"gitId":"shunyao643"},"content":"     * @param boolean representing if Task is done","lastModifiedDate":"2022-02-15"},{"lineNumber":15,"author":{"gitId":"shunyao643"},"content":"     */","lastModifiedDate":"2022-02-15"},{"lineNumber":16,"author":{"gitId":"shunyao643"},"content":"    public Task(String taskInfo, boolean isDone) {","lastModifiedDate":"2022-02-15"},{"lineNumber":17,"author":{"gitId":"shunyao643"},"content":"        this.taskInfo \u003d taskInfo;","lastModifiedDate":"2022-02-15"},{"lineNumber":18,"author":{"gitId":"shunyao643"},"content":"        this.isDone \u003d isDone;","lastModifiedDate":"2022-02-15"},{"lineNumber":19,"author":{"gitId":"shunyao643"},"content":"    }","lastModifiedDate":"2022-02-15"},{"lineNumber":20,"author":{"gitId":"shunyao643"},"content":"","lastModifiedDate":"2022-02-15"},{"lineNumber":21,"author":{"gitId":"shunyao643"},"content":"    /**","lastModifiedDate":"2022-01-28"},{"lineNumber":22,"author":{"gitId":"shunyao643"},"content":"     * Constructor for a new Task, assumes that the Task is not completed.","lastModifiedDate":"2022-01-28"},{"lineNumber":23,"author":{"gitId":"shunyao643"},"content":"     *","lastModifiedDate":"2022-02-04"},{"lineNumber":24,"author":{"gitId":"shunyao643"},"content":"     * @param String representing taskInfo","lastModifiedDate":"2022-02-06"},{"lineNumber":25,"author":{"gitId":"shunyao643"},"content":"     */","lastModifiedDate":"2022-01-28"},{"lineNumber":26,"author":{"gitId":"shunyao643"},"content":"    public Task(String taskInfo) {","lastModifiedDate":"2022-01-28"},{"lineNumber":27,"author":{"gitId":"shunyao643"},"content":"        this(taskInfo, false);","lastModifiedDate":"2022-02-15"},{"lineNumber":28,"author":{"gitId":"shunyao643"},"content":"    }","lastModifiedDate":"2022-01-26"},{"lineNumber":29,"author":{"gitId":"shunyao643"},"content":"","lastModifiedDate":"2022-01-26"},{"lineNumber":30,"author":{"gitId":"shunyao643"},"content":"    public String getTaskInfo() {","lastModifiedDate":"2022-01-26"},{"lineNumber":31,"author":{"gitId":"shunyao643"},"content":"        return taskInfo;","lastModifiedDate":"2022-01-26"},{"lineNumber":32,"author":{"gitId":"shunyao643"},"content":"    }","lastModifiedDate":"2022-01-26"},{"lineNumber":33,"author":{"gitId":"shunyao643"},"content":"","lastModifiedDate":"2022-01-26"},{"lineNumber":34,"author":{"gitId":"shunyao643"},"content":"    public void setTaskInfo(String taskInfo) {","lastModifiedDate":"2022-01-26"},{"lineNumber":35,"author":{"gitId":"shunyao643"},"content":"        this.taskInfo \u003d taskInfo;","lastModifiedDate":"2022-01-26"},{"lineNumber":36,"author":{"gitId":"shunyao643"},"content":"    }","lastModifiedDate":"2022-01-26"},{"lineNumber":37,"author":{"gitId":"shunyao643"},"content":"","lastModifiedDate":"2022-01-26"},{"lineNumber":38,"author":{"gitId":"shunyao643"},"content":"    public boolean isDone() {","lastModifiedDate":"2022-01-26"},{"lineNumber":39,"author":{"gitId":"shunyao643"},"content":"        return isDone;","lastModifiedDate":"2022-01-26"},{"lineNumber":40,"author":{"gitId":"shunyao643"},"content":"    }","lastModifiedDate":"2022-01-26"},{"lineNumber":41,"author":{"gitId":"shunyao643"},"content":"","lastModifiedDate":"2022-01-26"},{"lineNumber":42,"author":{"gitId":"shunyao643"},"content":"    public void setDone(boolean isDone) {","lastModifiedDate":"2022-02-04"},{"lineNumber":43,"author":{"gitId":"shunyao643"},"content":"        this.isDone \u003d isDone;","lastModifiedDate":"2022-02-04"},{"lineNumber":44,"author":{"gitId":"shunyao643"},"content":"    }","lastModifiedDate":"2022-01-26"},{"lineNumber":45,"author":{"gitId":"shunyao643"},"content":"","lastModifiedDate":"2022-01-26"},{"lineNumber":46,"author":{"gitId":"shunyao643"},"content":"    @Override","lastModifiedDate":"2022-01-26"},{"lineNumber":47,"author":{"gitId":"shunyao643"},"content":"    public String toString() {","lastModifiedDate":"2022-01-26"},{"lineNumber":48,"author":{"gitId":"shunyao643"},"content":"        // ternary operator adapted from John McMonigle https://github.com/nus-cs2113-AY2122S2/ip/pull/56","lastModifiedDate":"2022-02-06"},{"lineNumber":49,"author":{"gitId":"shunyao643"},"content":"        // rewrote return statement based on Clarence Chua Ying How\u0027s implementation https://github.com/nus-cs2113-AY2122S2/ip/pull/84","lastModifiedDate":"2022-02-06"},{"lineNumber":50,"author":{"gitId":"shunyao643"},"content":"        String completion \u003d (isDone ? \"X\" : \" \");","lastModifiedDate":"2022-02-06"},{"lineNumber":51,"author":{"gitId":"shunyao643"},"content":"        return String.format(\"[%s] %s\", completion, taskInfo);","lastModifiedDate":"2022-02-06"},{"lineNumber":52,"author":{"gitId":"shunyao643"},"content":"    }","lastModifiedDate":"2022-01-26"},{"lineNumber":53,"author":{"gitId":"shunyao643"},"content":"}","lastModifiedDate":"2022-01-26"}],"authorContributionMap":{"shunyao643":53}},{"path":"src/main/java/duke.task/TaskList.java","fileType":"java","lines":[{"lineNumber":1,"author":{"gitId":"shunyao643"},"content":"package duke.task;","lastModifiedDate":"2022-02-06"},{"lineNumber":2,"author":{"gitId":"shunyao643"},"content":"","lastModifiedDate":"2022-02-06"},{"lineNumber":3,"author":{"gitId":"shunyao643"},"content":"import java.lang.reflect.Array;","lastModifiedDate":"2022-03-01"},{"lineNumber":4,"author":{"gitId":"shunyao643"},"content":"import java.util.ArrayList;","lastModifiedDate":"2022-01-26"},{"lineNumber":5,"author":{"gitId":"shunyao643"},"content":"","lastModifiedDate":"2022-01-26"},{"lineNumber":6,"author":{"gitId":"shunyao643"},"content":"/**","lastModifiedDate":"2022-01-28"},{"lineNumber":7,"author":{"gitId":"shunyao643"},"content":" * Manages an ArrayList of Tasks. Tasks can have an associated deadline, event or nothing at all.","lastModifiedDate":"2022-02-06"},{"lineNumber":8,"author":{"gitId":"shunyao643"},"content":" */","lastModifiedDate":"2022-01-28"},{"lineNumber":9,"author":{"gitId":"shunyao643"},"content":"public class TaskList {","lastModifiedDate":"2022-01-26"},{"lineNumber":10,"author":{"gitId":"shunyao643"},"content":"","lastModifiedDate":"2022-01-26"},{"lineNumber":11,"author":{"gitId":"shunyao643"},"content":"    private ArrayList\u003cTask\u003e taskList;","lastModifiedDate":"2022-01-26"},{"lineNumber":12,"author":{"gitId":"shunyao643"},"content":"","lastModifiedDate":"2022-01-26"},{"lineNumber":13,"author":{"gitId":"shunyao643"},"content":"    public TaskList() {","lastModifiedDate":"2022-01-26"},{"lineNumber":14,"author":{"gitId":"shunyao643"},"content":"        this.taskList \u003d new ArrayList\u003cTask\u003e();","lastModifiedDate":"2022-01-26"},{"lineNumber":15,"author":{"gitId":"shunyao643"},"content":"    }","lastModifiedDate":"2022-01-26"},{"lineNumber":16,"author":{"gitId":"shunyao643"},"content":"","lastModifiedDate":"2022-01-26"},{"lineNumber":17,"author":{"gitId":"shunyao643"},"content":"    /**","lastModifiedDate":"2022-01-28"},{"lineNumber":18,"author":{"gitId":"shunyao643"},"content":"     * Adds a new string as ToDo to the ArrayList and prints the Task added.","lastModifiedDate":"2022-01-30"},{"lineNumber":19,"author":{"gitId":"shunyao643"},"content":"     *","lastModifiedDate":"2022-02-04"},{"lineNumber":20,"author":{"gitId":"shunyao643"},"content":"     * @param taskName","lastModifiedDate":"2022-01-28"},{"lineNumber":21,"author":{"gitId":"shunyao643"},"content":"     */","lastModifiedDate":"2022-01-28"},{"lineNumber":22,"author":{"gitId":"shunyao643"},"content":"    public void addToDo(String taskName) {","lastModifiedDate":"2022-01-30"},{"lineNumber":23,"author":{"gitId":"shunyao643"},"content":"        Task newTask \u003d new ToDo(taskName);","lastModifiedDate":"2022-02-15"},{"lineNumber":24,"author":{"gitId":"shunyao643"},"content":"        printAndAddTask(newTask);","lastModifiedDate":"2022-02-15"},{"lineNumber":25,"author":{"gitId":"shunyao643"},"content":"    }","lastModifiedDate":"2022-01-30"},{"lineNumber":26,"author":{"gitId":"shunyao643"},"content":"","lastModifiedDate":"2022-01-30"},{"lineNumber":27,"author":{"gitId":"shunyao643"},"content":"    /**","lastModifiedDate":"2022-01-30"},{"lineNumber":28,"author":{"gitId":"shunyao643"},"content":"     * Adds a new string as Deadline to the ArrayList and prints the Task added.","lastModifiedDate":"2022-01-30"},{"lineNumber":29,"author":{"gitId":"shunyao643"},"content":"     *","lastModifiedDate":"2022-02-04"},{"lineNumber":30,"author":{"gitId":"shunyao643"},"content":"     * @param taskName","lastModifiedDate":"2022-01-30"},{"lineNumber":31,"author":{"gitId":"shunyao643"},"content":"     * @param deadline","lastModifiedDate":"2022-01-30"},{"lineNumber":32,"author":{"gitId":"shunyao643"},"content":"     */","lastModifiedDate":"2022-01-30"},{"lineNumber":33,"author":{"gitId":"shunyao643"},"content":"    public void addDeadline(String taskName, String deadline) {","lastModifiedDate":"2022-01-30"},{"lineNumber":34,"author":{"gitId":"shunyao643"},"content":"        Task newTask \u003d new Deadline(taskName, deadline);","lastModifiedDate":"2022-02-15"},{"lineNumber":35,"author":{"gitId":"shunyao643"},"content":"        printAndAddTask(newTask);","lastModifiedDate":"2022-02-15"},{"lineNumber":36,"author":{"gitId":"shunyao643"},"content":"    }","lastModifiedDate":"2022-01-30"},{"lineNumber":37,"author":{"gitId":"shunyao643"},"content":"","lastModifiedDate":"2022-01-30"},{"lineNumber":38,"author":{"gitId":"shunyao643"},"content":"","lastModifiedDate":"2022-02-15"},{"lineNumber":39,"author":{"gitId":"shunyao643"},"content":"    /**","lastModifiedDate":"2022-01-30"},{"lineNumber":40,"author":{"gitId":"shunyao643"},"content":"     * Adds a new string as Event to the ArrayList and prints the Task added.","lastModifiedDate":"2022-01-30"},{"lineNumber":41,"author":{"gitId":"shunyao643"},"content":"     *","lastModifiedDate":"2022-02-04"},{"lineNumber":42,"author":{"gitId":"shunyao643"},"content":"     * @param taskName","lastModifiedDate":"2022-01-30"},{"lineNumber":43,"author":{"gitId":"shunyao643"},"content":"     * @param eventTime","lastModifiedDate":"2022-01-30"},{"lineNumber":44,"author":{"gitId":"shunyao643"},"content":"     */","lastModifiedDate":"2022-01-30"},{"lineNumber":45,"author":{"gitId":"shunyao643"},"content":"    public void addEvent(String taskName, String eventTime) {","lastModifiedDate":"2022-01-30"},{"lineNumber":46,"author":{"gitId":"shunyao643"},"content":"        Task newTask \u003d new Event(taskName, eventTime);","lastModifiedDate":"2022-02-15"},{"lineNumber":47,"author":{"gitId":"shunyao643"},"content":"        printAndAddTask(newTask);","lastModifiedDate":"2022-02-15"},{"lineNumber":48,"author":{"gitId":"shunyao643"},"content":"    }","lastModifiedDate":"2022-02-15"},{"lineNumber":49,"author":{"gitId":"shunyao643"},"content":"","lastModifiedDate":"2022-02-15"},{"lineNumber":50,"author":{"gitId":"shunyao643"},"content":"    /**","lastModifiedDate":"2022-02-15"},{"lineNumber":51,"author":{"gitId":"shunyao643"},"content":"     * Adds a new string as ToDo to the ArrayList and prints the Task added.","lastModifiedDate":"2022-02-15"},{"lineNumber":52,"author":{"gitId":"shunyao643"},"content":"     *","lastModifiedDate":"2022-02-15"},{"lineNumber":53,"author":{"gitId":"shunyao643"},"content":"     * @param taskName","lastModifiedDate":"2022-02-15"},{"lineNumber":54,"author":{"gitId":"shunyao643"},"content":"     * @param isDone","lastModifiedDate":"2022-02-15"},{"lineNumber":55,"author":{"gitId":"shunyao643"},"content":"     */","lastModifiedDate":"2022-02-15"},{"lineNumber":56,"author":{"gitId":"shunyao643"},"content":"    public void addToDo(String taskName, boolean isDone) {","lastModifiedDate":"2022-02-15"},{"lineNumber":57,"author":{"gitId":"shunyao643"},"content":"        Task newTask \u003d new ToDo(taskName, isDone);","lastModifiedDate":"2022-02-15"},{"lineNumber":58,"author":{"gitId":"shunyao643"},"content":"        printAndAddTask(newTask);","lastModifiedDate":"2022-02-15"},{"lineNumber":59,"author":{"gitId":"shunyao643"},"content":"    }","lastModifiedDate":"2022-02-15"},{"lineNumber":60,"author":{"gitId":"shunyao643"},"content":"","lastModifiedDate":"2022-02-15"},{"lineNumber":61,"author":{"gitId":"shunyao643"},"content":"    /**","lastModifiedDate":"2022-02-15"},{"lineNumber":62,"author":{"gitId":"shunyao643"},"content":"     * Adds a new string as Deadline to the ArrayList and prints the Task added.","lastModifiedDate":"2022-02-15"},{"lineNumber":63,"author":{"gitId":"shunyao643"},"content":"     *","lastModifiedDate":"2022-02-15"},{"lineNumber":64,"author":{"gitId":"shunyao643"},"content":"     * @param taskName","lastModifiedDate":"2022-02-15"},{"lineNumber":65,"author":{"gitId":"shunyao643"},"content":"     * @param isDone","lastModifiedDate":"2022-02-15"},{"lineNumber":66,"author":{"gitId":"shunyao643"},"content":"     * @param deadline","lastModifiedDate":"2022-02-15"},{"lineNumber":67,"author":{"gitId":"shunyao643"},"content":"     */","lastModifiedDate":"2022-02-15"},{"lineNumber":68,"author":{"gitId":"shunyao643"},"content":"    public void addDeadline(String taskName, boolean isDone, String deadline) {","lastModifiedDate":"2022-02-15"},{"lineNumber":69,"author":{"gitId":"shunyao643"},"content":"        Task newTask \u003d new Deadline(taskName, isDone, deadline);","lastModifiedDate":"2022-02-15"},{"lineNumber":70,"author":{"gitId":"shunyao643"},"content":"        printAndAddTask(newTask);","lastModifiedDate":"2022-02-15"},{"lineNumber":71,"author":{"gitId":"shunyao643"},"content":"    }","lastModifiedDate":"2022-02-15"},{"lineNumber":72,"author":{"gitId":"shunyao643"},"content":"","lastModifiedDate":"2022-02-15"},{"lineNumber":73,"author":{"gitId":"shunyao643"},"content":"","lastModifiedDate":"2022-02-15"},{"lineNumber":74,"author":{"gitId":"shunyao643"},"content":"    /**","lastModifiedDate":"2022-02-15"},{"lineNumber":75,"author":{"gitId":"shunyao643"},"content":"     * Adds a new string as Event to the ArrayList and prints the Task added.","lastModifiedDate":"2022-02-15"},{"lineNumber":76,"author":{"gitId":"shunyao643"},"content":"     *","lastModifiedDate":"2022-02-15"},{"lineNumber":77,"author":{"gitId":"shunyao643"},"content":"     * @param taskName","lastModifiedDate":"2022-02-15"},{"lineNumber":78,"author":{"gitId":"shunyao643"},"content":"     * @param eventTime","lastModifiedDate":"2022-02-15"},{"lineNumber":79,"author":{"gitId":"shunyao643"},"content":"     */","lastModifiedDate":"2022-02-15"},{"lineNumber":80,"author":{"gitId":"shunyao643"},"content":"    public void addEvent(String taskName, boolean isDone, String eventTime) {","lastModifiedDate":"2022-02-15"},{"lineNumber":81,"author":{"gitId":"shunyao643"},"content":"        Task newTask \u003d new Event(taskName, isDone, eventTime);","lastModifiedDate":"2022-02-15"},{"lineNumber":82,"author":{"gitId":"shunyao643"},"content":"        printAndAddTask(newTask);","lastModifiedDate":"2022-02-15"},{"lineNumber":83,"author":{"gitId":"shunyao643"},"content":"    }","lastModifiedDate":"2022-02-15"},{"lineNumber":84,"author":{"gitId":"shunyao643"},"content":"","lastModifiedDate":"2022-02-15"},{"lineNumber":85,"author":{"gitId":"shunyao643"},"content":"    /**","lastModifiedDate":"2022-02-15"},{"lineNumber":86,"author":{"gitId":"shunyao643"},"content":"     * Helper function to print and add new task","lastModifiedDate":"2022-02-15"},{"lineNumber":87,"author":{"gitId":"shunyao643"},"content":"     *","lastModifiedDate":"2022-02-17"},{"lineNumber":88,"author":{"gitId":"shunyao643"},"content":"     * @param newTask","lastModifiedDate":"2022-02-15"},{"lineNumber":89,"author":{"gitId":"shunyao643"},"content":"     */","lastModifiedDate":"2022-02-15"},{"lineNumber":90,"author":{"gitId":"shunyao643"},"content":"    private void printAndAddTask(Task newTask) {","lastModifiedDate":"2022-02-15"},{"lineNumber":91,"author":{"gitId":"shunyao643"},"content":"        taskList.add(newTask);","lastModifiedDate":"2022-02-15"},{"lineNumber":92,"author":{"gitId":"shunyao643"},"content":"        System.out.println(\"Added: \" + newTask);","lastModifiedDate":"2022-02-15"},{"lineNumber":93,"author":{"gitId":"shunyao643"},"content":"    }","lastModifiedDate":"2022-01-26"},{"lineNumber":94,"author":{"gitId":"shunyao643"},"content":"","lastModifiedDate":"2022-01-26"},{"lineNumber":95,"author":{"gitId":"shunyao643"},"content":"    /**","lastModifiedDate":"2022-02-15"},{"lineNumber":96,"author":{"gitId":"shunyao643"},"content":"     * Removes a task from the TaskList. Note this is irreversible!","lastModifiedDate":"2022-02-15"},{"lineNumber":97,"author":{"gitId":"shunyao643"},"content":"     *","lastModifiedDate":"2022-02-15"},{"lineNumber":98,"author":{"gitId":"shunyao643"},"content":"     * @param index Index of task to be removed, as displayed to the user","lastModifiedDate":"2022-02-15"},{"lineNumber":99,"author":{"gitId":"shunyao643"},"content":"     */","lastModifiedDate":"2022-02-15"},{"lineNumber":100,"author":{"gitId":"shunyao643"},"content":"    public void deleteTask(int index) {","lastModifiedDate":"2022-02-15"},{"lineNumber":101,"author":{"gitId":"shunyao643"},"content":"        System.out.println(\"Task removed: \" + System.lineSeparator() + taskList.remove(index));","lastModifiedDate":"2022-02-15"},{"lineNumber":102,"author":{"gitId":"shunyao643"},"content":"    }","lastModifiedDate":"2022-02-15"},{"lineNumber":103,"author":{"gitId":"shunyao643"},"content":"","lastModifiedDate":"2022-02-15"},{"lineNumber":104,"author":{"gitId":"shunyao643"},"content":"    /**","lastModifiedDate":"2022-01-28"},{"lineNumber":105,"author":{"gitId":"shunyao643"},"content":"     * Prints out the list of Tasks.","lastModifiedDate":"2022-01-28"},{"lineNumber":106,"author":{"gitId":"shunyao643"},"content":"     */","lastModifiedDate":"2022-01-28"},{"lineNumber":107,"author":{"gitId":"shunyao643"},"content":"    public void displayTasks() {","lastModifiedDate":"2022-01-26"},{"lineNumber":108,"author":{"gitId":"shunyao643"},"content":"        if (taskList.size() \u003d\u003d 0) {","lastModifiedDate":"2022-02-15"},{"lineNumber":109,"author":{"gitId":"shunyao643"},"content":"            System.out.println(\"no tasks to be found!\");","lastModifiedDate":"2022-02-15"},{"lineNumber":110,"author":{"gitId":"shunyao643"},"content":"        }","lastModifiedDate":"2022-02-15"},{"lineNumber":111,"author":{"gitId":"shunyao643"},"content":"        System.out.println(\"total \" + taskList.size() + \" tasks to be completed:\");","lastModifiedDate":"2022-02-15"},{"lineNumber":112,"author":{"gitId":"shunyao643"},"content":"        for (int i \u003d 0; i \u003c taskList.size(); i++) {","lastModifiedDate":"2022-01-26"},{"lineNumber":113,"author":{"gitId":"shunyao643"},"content":"            System.out.println((i + 1) + \". \" + taskList.get(i));","lastModifiedDate":"2022-01-26"},{"lineNumber":114,"author":{"gitId":"shunyao643"},"content":"        }","lastModifiedDate":"2022-01-26"},{"lineNumber":115,"author":{"gitId":"shunyao643"},"content":"    }","lastModifiedDate":"2022-01-26"},{"lineNumber":116,"author":{"gitId":"shunyao643"},"content":"","lastModifiedDate":"2022-01-26"},{"lineNumber":117,"author":{"gitId":"shunyao643"},"content":"    /**","lastModifiedDate":"2022-01-28"},{"lineNumber":118,"author":{"gitId":"shunyao643"},"content":"     * Sets the completion status of a Task using its index (as displayed to the user).","lastModifiedDate":"2022-01-28"},{"lineNumber":119,"author":{"gitId":"shunyao643"},"content":"     *","lastModifiedDate":"2022-02-04"},{"lineNumber":120,"author":{"gitId":"shunyao643"},"content":"     * @param index","lastModifiedDate":"2022-01-28"},{"lineNumber":121,"author":{"gitId":"shunyao643"},"content":"     * @param status","lastModifiedDate":"2022-01-28"},{"lineNumber":122,"author":{"gitId":"shunyao643"},"content":"     */","lastModifiedDate":"2022-01-28"},{"lineNumber":123,"author":{"gitId":"shunyao643"},"content":"    public void setTaskStatus(int index, boolean status) {","lastModifiedDate":"2022-01-28"},{"lineNumber":124,"author":{"gitId":"shunyao643"},"content":"        Task task \u003d taskList.get(index);","lastModifiedDate":"2022-01-28"},{"lineNumber":125,"author":{"gitId":"shunyao643"},"content":"        task.setDone(status);","lastModifiedDate":"2022-01-26"},{"lineNumber":126,"author":{"gitId":"shunyao643"},"content":"        if (status) {","lastModifiedDate":"2022-01-26"},{"lineNumber":127,"author":{"gitId":"shunyao643"},"content":"            System.out.println(\"Ok, task done!\");","lastModifiedDate":"2022-01-26"},{"lineNumber":128,"author":{"gitId":"shunyao643"},"content":"        } else {","lastModifiedDate":"2022-01-26"},{"lineNumber":129,"author":{"gitId":"shunyao643"},"content":"            System.out.println(\"Ok, you didn\u0027t actually do the task!\");","lastModifiedDate":"2022-01-26"},{"lineNumber":130,"author":{"gitId":"shunyao643"},"content":"        }","lastModifiedDate":"2022-01-26"},{"lineNumber":131,"author":{"gitId":"shunyao643"},"content":"        System.out.println(\"   \" + task);","lastModifiedDate":"2022-01-26"},{"lineNumber":132,"author":{"gitId":"shunyao643"},"content":"    }","lastModifiedDate":"2022-01-26"},{"lineNumber":133,"author":{"gitId":"shunyao643"},"content":"","lastModifiedDate":"2022-01-26"},{"lineNumber":134,"author":{"gitId":"shunyao643"},"content":"    /**","lastModifiedDate":"2022-03-01"},{"lineNumber":135,"author":{"gitId":"shunyao643"},"content":"     * Given a string, print all strings that are found in a particular task","lastModifiedDate":"2022-03-01"},{"lineNumber":136,"author":{"gitId":"shunyao643"},"content":"     * @param keyword","lastModifiedDate":"2022-03-01"},{"lineNumber":137,"author":{"gitId":"shunyao643"},"content":"     */","lastModifiedDate":"2022-03-01"},{"lineNumber":138,"author":{"gitId":"shunyao643"},"content":"    public void showResults(String keyword){","lastModifiedDate":"2022-03-01"},{"lineNumber":139,"author":{"gitId":"shunyao643"},"content":"        System.out.println(\"The matching tasks are as follows:\");","lastModifiedDate":"2022-03-01"},{"lineNumber":140,"author":{"gitId":"shunyao643"},"content":"        int returnNum \u003d 1;","lastModifiedDate":"2022-03-01"},{"lineNumber":141,"author":{"gitId":"shunyao643"},"content":"        for (Task task: taskList){","lastModifiedDate":"2022-03-01"},{"lineNumber":142,"author":{"gitId":"shunyao643"},"content":"            if (task.getTaskInfo().contains(keyword)) {","lastModifiedDate":"2022-03-01"},{"lineNumber":143,"author":{"gitId":"shunyao643"},"content":"                System.out.println(returnNum+\". \"+task);","lastModifiedDate":"2022-03-01"},{"lineNumber":144,"author":{"gitId":"shunyao643"},"content":"                returnNum++;","lastModifiedDate":"2022-03-01"},{"lineNumber":145,"author":{"gitId":"shunyao643"},"content":"            }","lastModifiedDate":"2022-03-01"},{"lineNumber":146,"author":{"gitId":"shunyao643"},"content":"        }","lastModifiedDate":"2022-03-01"},{"lineNumber":147,"author":{"gitId":"shunyao643"},"content":"    }","lastModifiedDate":"2022-03-01"},{"lineNumber":148,"author":{"gitId":"shunyao643"},"content":"","lastModifiedDate":"2022-02-15"},{"lineNumber":149,"author":{"gitId":"shunyao643"},"content":"    public ArrayList\u003cTask\u003e getTaskList() {","lastModifiedDate":"2022-02-15"},{"lineNumber":150,"author":{"gitId":"shunyao643"},"content":"        return taskList;","lastModifiedDate":"2022-02-15"},{"lineNumber":151,"author":{"gitId":"shunyao643"},"content":"    }","lastModifiedDate":"2022-02-15"},{"lineNumber":152,"author":{"gitId":"shunyao643"},"content":"","lastModifiedDate":"2022-02-15"},{"lineNumber":153,"author":{"gitId":"shunyao643"},"content":"","lastModifiedDate":"2022-02-15"},{"lineNumber":154,"author":{"gitId":"shunyao643"},"content":"}","lastModifiedDate":"2022-01-26"}],"authorContributionMap":{"shunyao643":154}},{"path":"src/main/java/duke.task/ToDo.java","fileType":"java","lines":[{"lineNumber":1,"author":{"gitId":"shunyao643"},"content":"package duke.task;","lastModifiedDate":"2022-02-06"},{"lineNumber":2,"author":{"gitId":"shunyao643"},"content":"","lastModifiedDate":"2022-02-06"},{"lineNumber":3,"author":{"gitId":"shunyao643"},"content":"public class ToDo extends Task {","lastModifiedDate":"2022-01-30"},{"lineNumber":4,"author":{"gitId":"shunyao643"},"content":"    public ToDo(String taskInfo) {","lastModifiedDate":"2022-01-30"},{"lineNumber":5,"author":{"gitId":"shunyao643"},"content":"        super(taskInfo);","lastModifiedDate":"2022-01-30"},{"lineNumber":6,"author":{"gitId":"shunyao643"},"content":"    }","lastModifiedDate":"2022-01-30"},{"lineNumber":7,"author":{"gitId":"shunyao643"},"content":"","lastModifiedDate":"2022-01-30"},{"lineNumber":8,"author":{"gitId":"shunyao643"},"content":"    public ToDo(String taskInfo, boolean isDone) {","lastModifiedDate":"2022-02-15"},{"lineNumber":9,"author":{"gitId":"shunyao643"},"content":"        super(taskInfo, isDone);","lastModifiedDate":"2022-02-15"},{"lineNumber":10,"author":{"gitId":"shunyao643"},"content":"    }","lastModifiedDate":"2022-02-15"},{"lineNumber":11,"author":{"gitId":"shunyao643"},"content":"","lastModifiedDate":"2022-02-15"},{"lineNumber":12,"author":{"gitId":"shunyao643"},"content":"    @Override","lastModifiedDate":"2022-01-30"},{"lineNumber":13,"author":{"gitId":"shunyao643"},"content":"    public String toString() {","lastModifiedDate":"2022-01-30"},{"lineNumber":14,"author":{"gitId":"shunyao643"},"content":"        // rewrote return statement based on Clarence Chua Ying How\u0027s implementation https://github.com/nus-cs2113-AY2122S2/ip/pull/84","lastModifiedDate":"2022-02-06"},{"lineNumber":15,"author":{"gitId":"shunyao643"},"content":"        return String.format(\"[T] %s\", super.toString());","lastModifiedDate":"2022-02-06"},{"lineNumber":16,"author":{"gitId":"shunyao643"},"content":"    }","lastModifiedDate":"2022-01-30"},{"lineNumber":17,"author":{"gitId":"shunyao643"},"content":"}","lastModifiedDate":"2022-01-30"}],"authorContributionMap":{"shunyao643":17}},{"path":"src/main/java/duke/exception/DukeException.java","fileType":"java","lines":[{"lineNumber":1,"author":{"gitId":"shunyao643"},"content":"package duke.exception;","lastModifiedDate":"2022-02-06"},{"lineNumber":2,"author":{"gitId":"shunyao643"},"content":"","lastModifiedDate":"2022-02-06"},{"lineNumber":3,"author":{"gitId":"shunyao643"},"content":"public class DukeException extends Exception {","lastModifiedDate":"2022-02-06"},{"lineNumber":4,"author":{"gitId":"shunyao643"},"content":"}","lastModifiedDate":"2022-02-06"}],"authorContributionMap":{"shunyao643":4}},{"path":"src/main/java/duke/exception/IncompleteCommandException.java","fileType":"java","lines":[{"lineNumber":1,"author":{"gitId":"shunyao643"},"content":"package duke.exception;","lastModifiedDate":"2022-02-06"},{"lineNumber":2,"author":{"gitId":"shunyao643"},"content":"","lastModifiedDate":"2022-02-06"},{"lineNumber":3,"author":{"gitId":"shunyao643"},"content":"public class IncompleteCommandException extends DukeException {","lastModifiedDate":"2022-02-06"},{"lineNumber":4,"author":{"gitId":"shunyao643"},"content":"}","lastModifiedDate":"2022-02-06"}],"authorContributionMap":{"shunyao643":4}},{"path":"src/main/java/duke/exception/MissingIndexException.java","fileType":"java","lines":[{"lineNumber":1,"author":{"gitId":"shunyao643"},"content":"package duke.exception;","lastModifiedDate":"2022-02-15"},{"lineNumber":2,"author":{"gitId":"shunyao643"},"content":"","lastModifiedDate":"2022-02-15"},{"lineNumber":3,"author":{"gitId":"shunyao643"},"content":"public class MissingIndexException extends DukeException {","lastModifiedDate":"2022-02-15"},{"lineNumber":4,"author":{"gitId":"shunyao643"},"content":"}","lastModifiedDate":"2022-02-15"}],"authorContributionMap":{"shunyao643":4}}]
