[{"path":"src/main/java/Deadline.java","fileType":"java","lines":[{"lineNumber":1,"author":{"gitId":"shunyao643"},"content":"public class Deadline extends Task {","lastModifiedDate":"2022-01-30"},{"lineNumber":2,"author":{"gitId":"shunyao643"},"content":"    private String dueTime;","lastModifiedDate":"2022-01-30"},{"lineNumber":3,"author":{"gitId":"shunyao643"},"content":"","lastModifiedDate":"2022-01-30"},{"lineNumber":4,"author":{"gitId":"shunyao643"},"content":"    public Deadline(String taskInfo, String dueTime){","lastModifiedDate":"2022-01-30"},{"lineNumber":5,"author":{"gitId":"shunyao643"},"content":"        super(taskInfo);","lastModifiedDate":"2022-01-30"},{"lineNumber":6,"author":{"gitId":"shunyao643"},"content":"        this.dueTime \u003d dueTime;","lastModifiedDate":"2022-01-30"},{"lineNumber":7,"author":{"gitId":"shunyao643"},"content":"    }","lastModifiedDate":"2022-01-30"},{"lineNumber":8,"author":{"gitId":"shunyao643"},"content":"","lastModifiedDate":"2022-01-30"},{"lineNumber":9,"author":{"gitId":"shunyao643"},"content":"    @Override","lastModifiedDate":"2022-01-30"},{"lineNumber":10,"author":{"gitId":"shunyao643"},"content":"    public String toString() {","lastModifiedDate":"2022-01-30"},{"lineNumber":11,"author":{"gitId":"shunyao643"},"content":"        String completion \u003d \" \";","lastModifiedDate":"2022-01-30"},{"lineNumber":12,"author":{"gitId":"shunyao643"},"content":"        if (super.isDone()){","lastModifiedDate":"2022-01-30"},{"lineNumber":13,"author":{"gitId":"shunyao643"},"content":"            completion \u003d \"X\";","lastModifiedDate":"2022-01-30"},{"lineNumber":14,"author":{"gitId":"shunyao643"},"content":"        }","lastModifiedDate":"2022-01-30"},{"lineNumber":15,"author":{"gitId":"shunyao643"},"content":"        return \"[D][\"+completion+\"] \"+super.getTaskInfo()+\"(by: \"+dueTime+\")\";","lastModifiedDate":"2022-01-30"},{"lineNumber":16,"author":{"gitId":"shunyao643"},"content":"    }","lastModifiedDate":"2022-01-30"},{"lineNumber":17,"author":{"gitId":"shunyao643"},"content":"","lastModifiedDate":"2022-01-30"},{"lineNumber":18,"author":{"gitId":"shunyao643"},"content":"}","lastModifiedDate":"2022-01-30"}],"authorContributionMap":{"shunyao643":18}},{"path":"src/main/java/Duke.java","fileType":"java","lines":[{"lineNumber":1,"author":{"gitId":"shunyao643"},"content":"import java.util.Scanner;","lastModifiedDate":"2022-01-26"},{"lineNumber":2,"author":{"gitId":"shunyao643"},"content":"","lastModifiedDate":"2022-01-26"},{"lineNumber":3,"author":{"gitId":"-"},"content":"public class Duke {","lastModifiedDate":"2019-07-29"},{"lineNumber":4,"author":{"gitId":"shunyao643"},"content":"","lastModifiedDate":"2022-01-16"},{"lineNumber":5,"author":{"gitId":"shunyao643"},"content":"    public static String GREET_STRING \u003d \"Hello! I\u0027m Duke\" + System.lineSeparator() + \"What can I do for you?\";","lastModifiedDate":"2022-01-30"},{"lineNumber":6,"author":{"gitId":"shunyao643"},"content":"    public static String BYE_STRING \u003d \"Bye. Hope to see you again soon!\";","lastModifiedDate":"2022-01-26"},{"lineNumber":7,"author":{"gitId":"shunyao643"},"content":"","lastModifiedDate":"2022-01-26"},{"lineNumber":8,"author":{"gitId":"-"},"content":"    public static void main(String[] args) {","lastModifiedDate":"2022-01-26"},{"lineNumber":9,"author":{"gitId":"shunyao643"},"content":"","lastModifiedDate":"2022-01-26"},{"lineNumber":10,"author":{"gitId":"shunyao643"},"content":"        Scanner s \u003d new Scanner(System.in);","lastModifiedDate":"2022-01-26"},{"lineNumber":11,"author":{"gitId":"shunyao643"},"content":"        InputReader inputReader \u003d new InputReader();","lastModifiedDate":"2022-01-30"},{"lineNumber":12,"author":{"gitId":"shunyao643"},"content":"        TaskList taskList \u003d new TaskList();","lastModifiedDate":"2022-01-26"},{"lineNumber":13,"author":{"gitId":"shunyao643"},"content":"","lastModifiedDate":"2022-01-26"},{"lineNumber":14,"author":{"gitId":"shunyao643"},"content":"        greet();","lastModifiedDate":"2022-01-30"},{"lineNumber":15,"author":{"gitId":"shunyao643"},"content":"","lastModifiedDate":"2022-01-26"},{"lineNumber":16,"author":{"gitId":"shunyao643"},"content":"        String input \u003d s.nextLine();","lastModifiedDate":"2022-01-30"},{"lineNumber":17,"author":{"gitId":"shunyao643"},"content":"","lastModifiedDate":"2022-01-30"},{"lineNumber":18,"author":{"gitId":"shunyao643"},"content":"        while (true) {","lastModifiedDate":"2022-01-26"},{"lineNumber":19,"author":{"gitId":"shunyao643"},"content":"            if (input.equals(\"bye\")) {","lastModifiedDate":"2022-01-26"},{"lineNumber":20,"author":{"gitId":"shunyao643"},"content":"                break;","lastModifiedDate":"2022-01-26"},{"lineNumber":21,"author":{"gitId":"shunyao643"},"content":"            } else if (input.equals(\"list\")) {","lastModifiedDate":"2022-01-26"},{"lineNumber":22,"author":{"gitId":"shunyao643"},"content":"                taskList.displayTasks();","lastModifiedDate":"2022-01-26"},{"lineNumber":23,"author":{"gitId":"shunyao643"},"content":"            } else if (input.startsWith(\"unmark\")) {","lastModifiedDate":"2022-01-30"},{"lineNumber":24,"author":{"gitId":"shunyao643"},"content":"                int index \u003d inputReader.extractTaskIndexNo(input);","lastModifiedDate":"2022-01-30"},{"lineNumber":25,"author":{"gitId":"shunyao643"},"content":"                taskList.setTaskStatus(index, false);","lastModifiedDate":"2022-01-26"},{"lineNumber":26,"author":{"gitId":"shunyao643"},"content":"            } else if (input.startsWith(\"mark\")) {","lastModifiedDate":"2022-01-30"},{"lineNumber":27,"author":{"gitId":"shunyao643"},"content":"                int index \u003d inputReader.extractTaskIndexNo(input);","lastModifiedDate":"2022-01-30"},{"lineNumber":28,"author":{"gitId":"shunyao643"},"content":"                taskList.setTaskStatus(index, true);","lastModifiedDate":"2022-01-26"},{"lineNumber":29,"author":{"gitId":"shunyao643"},"content":"            } else if (input.startsWith(\"todo\")) {","lastModifiedDate":"2022-01-30"},{"lineNumber":30,"author":{"gitId":"shunyao643"},"content":"                String toDoTask \u003d inputReader.extractToDoTask(input);","lastModifiedDate":"2022-01-30"},{"lineNumber":31,"author":{"gitId":"shunyao643"},"content":"                taskList.addToDo(toDoTask);","lastModifiedDate":"2022-01-30"},{"lineNumber":32,"author":{"gitId":"shunyao643"},"content":"            } else if (input.startsWith(\"deadline\")) {","lastModifiedDate":"2022-01-30"},{"lineNumber":33,"author":{"gitId":"shunyao643"},"content":"                String[] deadlineTask \u003d inputReader.extractDeadlineTask(input);","lastModifiedDate":"2022-01-30"},{"lineNumber":34,"author":{"gitId":"shunyao643"},"content":"                taskList.addDeadline(deadlineTask[0],deadlineTask[1]);","lastModifiedDate":"2022-01-30"},{"lineNumber":35,"author":{"gitId":"shunyao643"},"content":"            } else if (input.startsWith(\"event\")) {","lastModifiedDate":"2022-01-30"},{"lineNumber":36,"author":{"gitId":"shunyao643"},"content":"                String[] eventTask \u003d inputReader.extractEventTask(input);","lastModifiedDate":"2022-01-30"},{"lineNumber":37,"author":{"gitId":"shunyao643"},"content":"                taskList.addEvent(eventTask[0],eventTask[1]);","lastModifiedDate":"2022-01-30"},{"lineNumber":38,"author":{"gitId":"shunyao643"},"content":"            } else {","lastModifiedDate":"2022-01-26"},{"lineNumber":39,"author":{"gitId":"shunyao643"},"content":"                promptAgain();","lastModifiedDate":"2022-01-30"},{"lineNumber":40,"author":{"gitId":"shunyao643"},"content":"            }","lastModifiedDate":"2022-01-26"},{"lineNumber":41,"author":{"gitId":"shunyao643"},"content":"            input \u003d s.nextLine();","lastModifiedDate":"2022-01-26"},{"lineNumber":42,"author":{"gitId":"shunyao643"},"content":"        }","lastModifiedDate":"2022-01-26"},{"lineNumber":43,"author":{"gitId":"shunyao643"},"content":"        bye();","lastModifiedDate":"2022-01-30"},{"lineNumber":44,"author":{"gitId":"shunyao643"},"content":"","lastModifiedDate":"2022-01-26"},{"lineNumber":45,"author":{"gitId":"-"},"content":"    }","lastModifiedDate":"2022-01-26"},{"lineNumber":46,"author":{"gitId":"shunyao643"},"content":"","lastModifiedDate":"2022-01-26"},{"lineNumber":47,"author":{"gitId":"shunyao643"},"content":"    private static void promptAgain() {","lastModifiedDate":"2022-01-30"},{"lineNumber":48,"author":{"gitId":"shunyao643"},"content":"        System.out.println(\"Try again!\");","lastModifiedDate":"2022-01-30"},{"lineNumber":49,"author":{"gitId":"shunyao643"},"content":"    }","lastModifiedDate":"2022-01-30"},{"lineNumber":50,"author":{"gitId":"shunyao643"},"content":"","lastModifiedDate":"2022-01-30"},{"lineNumber":51,"author":{"gitId":"shunyao643"},"content":"    private static void greet(){","lastModifiedDate":"2022-01-30"},{"lineNumber":52,"author":{"gitId":"shunyao643"},"content":"        System.out.println(GREET_STRING);","lastModifiedDate":"2022-01-30"},{"lineNumber":53,"author":{"gitId":"shunyao643"},"content":"    }","lastModifiedDate":"2022-01-30"},{"lineNumber":54,"author":{"gitId":"shunyao643"},"content":"","lastModifiedDate":"2022-01-30"},{"lineNumber":55,"author":{"gitId":"shunyao643"},"content":"    private static void bye(){","lastModifiedDate":"2022-01-30"},{"lineNumber":56,"author":{"gitId":"shunyao643"},"content":"        System.out.println(BYE_STRING);","lastModifiedDate":"2022-01-30"},{"lineNumber":57,"author":{"gitId":"shunyao643"},"content":"    }","lastModifiedDate":"2022-01-30"},{"lineNumber":58,"author":{"gitId":"shunyao643"},"content":"","lastModifiedDate":"2022-01-30"},{"lineNumber":59,"author":{"gitId":"shunyao643"},"content":"","lastModifiedDate":"2022-01-30"},{"lineNumber":60,"author":{"gitId":"shunyao643"},"content":"","lastModifiedDate":"2022-01-26"},{"lineNumber":61,"author":{"gitId":"-"},"content":"}","lastModifiedDate":"2019-07-29"}],"authorContributionMap":{"shunyao643":57,"-":4}},{"path":"src/main/java/Event.java","fileType":"java","lines":[{"lineNumber":1,"author":{"gitId":"shunyao643"},"content":"public class Event extends Task {","lastModifiedDate":"2022-01-30"},{"lineNumber":2,"author":{"gitId":"shunyao643"},"content":"    private String eventTime;","lastModifiedDate":"2022-01-30"},{"lineNumber":3,"author":{"gitId":"shunyao643"},"content":"","lastModifiedDate":"2022-01-30"},{"lineNumber":4,"author":{"gitId":"shunyao643"},"content":"    public Event(String taskInfo, String eventTime){","lastModifiedDate":"2022-01-30"},{"lineNumber":5,"author":{"gitId":"shunyao643"},"content":"        super(taskInfo);","lastModifiedDate":"2022-01-30"},{"lineNumber":6,"author":{"gitId":"shunyao643"},"content":"        this.eventTime \u003d eventTime;","lastModifiedDate":"2022-01-30"},{"lineNumber":7,"author":{"gitId":"shunyao643"},"content":"    }","lastModifiedDate":"2022-01-30"},{"lineNumber":8,"author":{"gitId":"shunyao643"},"content":"","lastModifiedDate":"2022-01-30"},{"lineNumber":9,"author":{"gitId":"shunyao643"},"content":"    @Override","lastModifiedDate":"2022-01-30"},{"lineNumber":10,"author":{"gitId":"shunyao643"},"content":"    public String toString() {","lastModifiedDate":"2022-01-30"},{"lineNumber":11,"author":{"gitId":"shunyao643"},"content":"        String completion \u003d \" \";","lastModifiedDate":"2022-01-30"},{"lineNumber":12,"author":{"gitId":"shunyao643"},"content":"        if (super.isDone()){","lastModifiedDate":"2022-01-30"},{"lineNumber":13,"author":{"gitId":"shunyao643"},"content":"            completion \u003d \"X\";","lastModifiedDate":"2022-01-30"},{"lineNumber":14,"author":{"gitId":"shunyao643"},"content":"        }","lastModifiedDate":"2022-01-30"},{"lineNumber":15,"author":{"gitId":"shunyao643"},"content":"        return \"[E][\"+completion+\"] \"+super.getTaskInfo()+\"(at: \"+eventTime+\")\";","lastModifiedDate":"2022-01-30"},{"lineNumber":16,"author":{"gitId":"shunyao643"},"content":"    }","lastModifiedDate":"2022-01-30"},{"lineNumber":17,"author":{"gitId":"shunyao643"},"content":"","lastModifiedDate":"2022-01-30"},{"lineNumber":18,"author":{"gitId":"shunyao643"},"content":"}","lastModifiedDate":"2022-01-30"}],"authorContributionMap":{"shunyao643":18}},{"path":"src/main/java/InputReader.java","fileType":"java","lines":[{"lineNumber":1,"author":{"gitId":"shunyao643"},"content":"/**","lastModifiedDate":"2022-01-30"},{"lineNumber":2,"author":{"gitId":"shunyao643"},"content":" *","lastModifiedDate":"2022-01-30"},{"lineNumber":3,"author":{"gitId":"shunyao643"},"content":" */","lastModifiedDate":"2022-01-30"},{"lineNumber":4,"author":{"gitId":"shunyao643"},"content":"public class InputReader {","lastModifiedDate":"2022-01-30"},{"lineNumber":5,"author":{"gitId":"shunyao643"},"content":"","lastModifiedDate":"2022-01-30"},{"lineNumber":6,"author":{"gitId":"shunyao643"},"content":"    public InputReader(){}","lastModifiedDate":"2022-01-30"},{"lineNumber":7,"author":{"gitId":"shunyao643"},"content":"","lastModifiedDate":"2022-01-30"},{"lineNumber":8,"author":{"gitId":"shunyao643"},"content":"    /**","lastModifiedDate":"2022-01-30"},{"lineNumber":9,"author":{"gitId":"shunyao643"},"content":"     * Uses Regex to replace all instances of non digit characters to be parsed as int","lastModifiedDate":"2022-01-30"},{"lineNumber":10,"author":{"gitId":"shunyao643"},"content":"     * @param input","lastModifiedDate":"2022-01-30"},{"lineNumber":11,"author":{"gitId":"shunyao643"},"content":"     * @return int for the task index","lastModifiedDate":"2022-01-30"},{"lineNumber":12,"author":{"gitId":"shunyao643"},"content":"     */","lastModifiedDate":"2022-01-30"},{"lineNumber":13,"author":{"gitId":"shunyao643"},"content":"    public int extractTaskIndexNo(String input) {","lastModifiedDate":"2022-01-30"},{"lineNumber":14,"author":{"gitId":"shunyao643"},"content":"        return Integer.parseInt(input.replaceAll(\"\\\\D+\", \"\")) - 1;","lastModifiedDate":"2022-01-30"},{"lineNumber":15,"author":{"gitId":"shunyao643"},"content":"    }","lastModifiedDate":"2022-01-30"},{"lineNumber":16,"author":{"gitId":"shunyao643"},"content":"","lastModifiedDate":"2022-01-30"},{"lineNumber":17,"author":{"gitId":"shunyao643"},"content":"    /**","lastModifiedDate":"2022-01-30"},{"lineNumber":18,"author":{"gitId":"shunyao643"},"content":"     * Reformats string to remove \"todo \" substring from user input","lastModifiedDate":"2022-01-30"},{"lineNumber":19,"author":{"gitId":"shunyao643"},"content":"     * @param input","lastModifiedDate":"2022-01-30"},{"lineNumber":20,"author":{"gitId":"shunyao643"},"content":"     * @return input less \"todo \" substring","lastModifiedDate":"2022-01-30"},{"lineNumber":21,"author":{"gitId":"shunyao643"},"content":"     */","lastModifiedDate":"2022-01-30"},{"lineNumber":22,"author":{"gitId":"shunyao643"},"content":"    public String extractToDoTask(String input){","lastModifiedDate":"2022-01-30"},{"lineNumber":23,"author":{"gitId":"shunyao643"},"content":"        return input.replace(\"todo \",\"\");","lastModifiedDate":"2022-01-30"},{"lineNumber":24,"author":{"gitId":"shunyao643"},"content":"    }","lastModifiedDate":"2022-01-30"},{"lineNumber":25,"author":{"gitId":"shunyao643"},"content":"","lastModifiedDate":"2022-01-30"},{"lineNumber":26,"author":{"gitId":"shunyao643"},"content":"    /**","lastModifiedDate":"2022-01-30"},{"lineNumber":27,"author":{"gitId":"shunyao643"},"content":"     * Reformats string to remove \"deadline \" substring from user input, then","lastModifiedDate":"2022-01-30"},{"lineNumber":28,"author":{"gitId":"shunyao643"},"content":"     * splits into task name and deadline.","lastModifiedDate":"2022-01-30"},{"lineNumber":29,"author":{"gitId":"shunyao643"},"content":"     * @param input","lastModifiedDate":"2022-01-30"},{"lineNumber":30,"author":{"gitId":"shunyao643"},"content":"     * @return String array of task and deadline","lastModifiedDate":"2022-01-30"},{"lineNumber":31,"author":{"gitId":"shunyao643"},"content":"     */","lastModifiedDate":"2022-01-30"},{"lineNumber":32,"author":{"gitId":"shunyao643"},"content":"    public String[] extractDeadlineTask(String input){","lastModifiedDate":"2022-01-30"},{"lineNumber":33,"author":{"gitId":"shunyao643"},"content":"        String temp \u003d input.replace(\"deadline \",\"\");","lastModifiedDate":"2022-01-30"},{"lineNumber":34,"author":{"gitId":"shunyao643"},"content":"        return temp.split(\"/by \");","lastModifiedDate":"2022-01-30"},{"lineNumber":35,"author":{"gitId":"shunyao643"},"content":"    }","lastModifiedDate":"2022-01-30"},{"lineNumber":36,"author":{"gitId":"shunyao643"},"content":"","lastModifiedDate":"2022-01-30"},{"lineNumber":37,"author":{"gitId":"shunyao643"},"content":"    /**","lastModifiedDate":"2022-01-30"},{"lineNumber":38,"author":{"gitId":"shunyao643"},"content":"     * Reformats string to remove \"event \" substring from user input, then","lastModifiedDate":"2022-01-30"},{"lineNumber":39,"author":{"gitId":"shunyao643"},"content":"     * splits into task name and event time.","lastModifiedDate":"2022-01-30"},{"lineNumber":40,"author":{"gitId":"shunyao643"},"content":"     * @param input","lastModifiedDate":"2022-01-30"},{"lineNumber":41,"author":{"gitId":"shunyao643"},"content":"     * @return String array of task and event time","lastModifiedDate":"2022-01-30"},{"lineNumber":42,"author":{"gitId":"shunyao643"},"content":"     */","lastModifiedDate":"2022-01-30"},{"lineNumber":43,"author":{"gitId":"shunyao643"},"content":"    public String[] extractEventTask(String input){","lastModifiedDate":"2022-01-30"},{"lineNumber":44,"author":{"gitId":"shunyao643"},"content":"        String temp \u003d input.replace(\"event \",\"\");","lastModifiedDate":"2022-01-30"},{"lineNumber":45,"author":{"gitId":"shunyao643"},"content":"        return temp.split(\"/at \");","lastModifiedDate":"2022-01-30"},{"lineNumber":46,"author":{"gitId":"shunyao643"},"content":"    }","lastModifiedDate":"2022-01-30"},{"lineNumber":47,"author":{"gitId":"shunyao643"},"content":"","lastModifiedDate":"2022-01-30"},{"lineNumber":48,"author":{"gitId":"shunyao643"},"content":"}","lastModifiedDate":"2022-01-30"}],"authorContributionMap":{"shunyao643":48}},{"path":"src/main/java/Task.java","fileType":"java","lines":[{"lineNumber":1,"author":{"gitId":"shunyao643"},"content":"/**","lastModifiedDate":"2022-01-28"},{"lineNumber":2,"author":{"gitId":"shunyao643"},"content":" * Represents a task with task information stored as a string and a boolean for whether it is completed.","lastModifiedDate":"2022-01-28"},{"lineNumber":3,"author":{"gitId":"shunyao643"},"content":" */","lastModifiedDate":"2022-01-28"},{"lineNumber":4,"author":{"gitId":"shunyao643"},"content":"public class Task {","lastModifiedDate":"2022-01-26"},{"lineNumber":5,"author":{"gitId":"shunyao643"},"content":"    private String taskInfo;","lastModifiedDate":"2022-01-26"},{"lineNumber":6,"author":{"gitId":"shunyao643"},"content":"    private boolean isDone;","lastModifiedDate":"2022-01-26"},{"lineNumber":7,"author":{"gitId":"shunyao643"},"content":"","lastModifiedDate":"2022-01-26"},{"lineNumber":8,"author":{"gitId":"shunyao643"},"content":"    /**","lastModifiedDate":"2022-01-28"},{"lineNumber":9,"author":{"gitId":"shunyao643"},"content":"     * Constructor for a new Task, assumes that the Task is not completed.","lastModifiedDate":"2022-01-28"},{"lineNumber":10,"author":{"gitId":"shunyao643"},"content":"     * @param taskInfo","lastModifiedDate":"2022-01-28"},{"lineNumber":11,"author":{"gitId":"shunyao643"},"content":"     */","lastModifiedDate":"2022-01-28"},{"lineNumber":12,"author":{"gitId":"shunyao643"},"content":"    public Task(String taskInfo){","lastModifiedDate":"2022-01-28"},{"lineNumber":13,"author":{"gitId":"shunyao643"},"content":"        this.taskInfo \u003d taskInfo;","lastModifiedDate":"2022-01-28"},{"lineNumber":14,"author":{"gitId":"shunyao643"},"content":"        this.isDone \u003d false;","lastModifiedDate":"2022-01-28"},{"lineNumber":15,"author":{"gitId":"shunyao643"},"content":"    }","lastModifiedDate":"2022-01-26"},{"lineNumber":16,"author":{"gitId":"shunyao643"},"content":"","lastModifiedDate":"2022-01-26"},{"lineNumber":17,"author":{"gitId":"shunyao643"},"content":"    public String getTaskInfo() {","lastModifiedDate":"2022-01-26"},{"lineNumber":18,"author":{"gitId":"shunyao643"},"content":"        return taskInfo;","lastModifiedDate":"2022-01-26"},{"lineNumber":19,"author":{"gitId":"shunyao643"},"content":"    }","lastModifiedDate":"2022-01-26"},{"lineNumber":20,"author":{"gitId":"shunyao643"},"content":"","lastModifiedDate":"2022-01-26"},{"lineNumber":21,"author":{"gitId":"shunyao643"},"content":"    public void setTaskInfo(String taskInfo) {","lastModifiedDate":"2022-01-26"},{"lineNumber":22,"author":{"gitId":"shunyao643"},"content":"        this.taskInfo \u003d taskInfo;","lastModifiedDate":"2022-01-26"},{"lineNumber":23,"author":{"gitId":"shunyao643"},"content":"    }","lastModifiedDate":"2022-01-26"},{"lineNumber":24,"author":{"gitId":"shunyao643"},"content":"","lastModifiedDate":"2022-01-26"},{"lineNumber":25,"author":{"gitId":"shunyao643"},"content":"    public boolean isDone() {","lastModifiedDate":"2022-01-26"},{"lineNumber":26,"author":{"gitId":"shunyao643"},"content":"        return isDone;","lastModifiedDate":"2022-01-26"},{"lineNumber":27,"author":{"gitId":"shunyao643"},"content":"    }","lastModifiedDate":"2022-01-26"},{"lineNumber":28,"author":{"gitId":"shunyao643"},"content":"","lastModifiedDate":"2022-01-26"},{"lineNumber":29,"author":{"gitId":"shunyao643"},"content":"    public void setDone(boolean done) {","lastModifiedDate":"2022-01-26"},{"lineNumber":30,"author":{"gitId":"shunyao643"},"content":"        isDone \u003d done;","lastModifiedDate":"2022-01-26"},{"lineNumber":31,"author":{"gitId":"shunyao643"},"content":"    }","lastModifiedDate":"2022-01-26"},{"lineNumber":32,"author":{"gitId":"shunyao643"},"content":"","lastModifiedDate":"2022-01-26"},{"lineNumber":33,"author":{"gitId":"shunyao643"},"content":"    @Override","lastModifiedDate":"2022-01-26"},{"lineNumber":34,"author":{"gitId":"shunyao643"},"content":"    public String toString() {","lastModifiedDate":"2022-01-26"},{"lineNumber":35,"author":{"gitId":"shunyao643"},"content":"        String completion \u003d \" \";","lastModifiedDate":"2022-01-26"},{"lineNumber":36,"author":{"gitId":"shunyao643"},"content":"        if (isDone){","lastModifiedDate":"2022-01-26"},{"lineNumber":37,"author":{"gitId":"shunyao643"},"content":"            completion \u003d \"X\";","lastModifiedDate":"2022-01-26"},{"lineNumber":38,"author":{"gitId":"shunyao643"},"content":"        }","lastModifiedDate":"2022-01-26"},{"lineNumber":39,"author":{"gitId":"shunyao643"},"content":"        return \"[\"+completion+\"] \"+taskInfo;","lastModifiedDate":"2022-01-26"},{"lineNumber":40,"author":{"gitId":"shunyao643"},"content":"    }","lastModifiedDate":"2022-01-26"},{"lineNumber":41,"author":{"gitId":"shunyao643"},"content":"}","lastModifiedDate":"2022-01-26"}],"authorContributionMap":{"shunyao643":41}},{"path":"src/main/java/TaskList.java","fileType":"java","lines":[{"lineNumber":1,"author":{"gitId":"shunyao643"},"content":"import java.util.ArrayList;","lastModifiedDate":"2022-01-26"},{"lineNumber":2,"author":{"gitId":"shunyao643"},"content":"","lastModifiedDate":"2022-01-26"},{"lineNumber":3,"author":{"gitId":"shunyao643"},"content":"/**","lastModifiedDate":"2022-01-28"},{"lineNumber":4,"author":{"gitId":"shunyao643"},"content":" * Manages an ArrayList of Tasks.","lastModifiedDate":"2022-01-28"},{"lineNumber":5,"author":{"gitId":"shunyao643"},"content":" */","lastModifiedDate":"2022-01-28"},{"lineNumber":6,"author":{"gitId":"shunyao643"},"content":"public class TaskList {","lastModifiedDate":"2022-01-26"},{"lineNumber":7,"author":{"gitId":"shunyao643"},"content":"","lastModifiedDate":"2022-01-26"},{"lineNumber":8,"author":{"gitId":"shunyao643"},"content":"    private ArrayList\u003cTask\u003e taskList;","lastModifiedDate":"2022-01-26"},{"lineNumber":9,"author":{"gitId":"shunyao643"},"content":"","lastModifiedDate":"2022-01-26"},{"lineNumber":10,"author":{"gitId":"shunyao643"},"content":"    public TaskList(){","lastModifiedDate":"2022-01-26"},{"lineNumber":11,"author":{"gitId":"shunyao643"},"content":"        this.taskList \u003d new ArrayList\u003cTask\u003e();","lastModifiedDate":"2022-01-26"},{"lineNumber":12,"author":{"gitId":"shunyao643"},"content":"    }","lastModifiedDate":"2022-01-26"},{"lineNumber":13,"author":{"gitId":"shunyao643"},"content":"","lastModifiedDate":"2022-01-26"},{"lineNumber":14,"author":{"gitId":"shunyao643"},"content":"    /**","lastModifiedDate":"2022-01-28"},{"lineNumber":15,"author":{"gitId":"shunyao643"},"content":"     * Adds a new string as ToDo to the ArrayList and prints the Task added.","lastModifiedDate":"2022-01-30"},{"lineNumber":16,"author":{"gitId":"shunyao643"},"content":"     * @param taskName","lastModifiedDate":"2022-01-28"},{"lineNumber":17,"author":{"gitId":"shunyao643"},"content":"     */","lastModifiedDate":"2022-01-28"},{"lineNumber":18,"author":{"gitId":"shunyao643"},"content":"    public void addToDo(String taskName){","lastModifiedDate":"2022-01-30"},{"lineNumber":19,"author":{"gitId":"shunyao643"},"content":"        Task newToDo \u003d new ToDo(taskName);","lastModifiedDate":"2022-01-30"},{"lineNumber":20,"author":{"gitId":"shunyao643"},"content":"        taskList.add(newToDo);","lastModifiedDate":"2022-01-30"},{"lineNumber":21,"author":{"gitId":"shunyao643"},"content":"        System.out.println(\"Added:\" + System.lineSeparator() + \"   \" + newToDo);","lastModifiedDate":"2022-01-30"},{"lineNumber":22,"author":{"gitId":"shunyao643"},"content":"    }","lastModifiedDate":"2022-01-30"},{"lineNumber":23,"author":{"gitId":"shunyao643"},"content":"","lastModifiedDate":"2022-01-30"},{"lineNumber":24,"author":{"gitId":"shunyao643"},"content":"    /**","lastModifiedDate":"2022-01-30"},{"lineNumber":25,"author":{"gitId":"shunyao643"},"content":"     * Adds a new string as Deadline to the ArrayList and prints the Task added.","lastModifiedDate":"2022-01-30"},{"lineNumber":26,"author":{"gitId":"shunyao643"},"content":"     * @param taskName","lastModifiedDate":"2022-01-30"},{"lineNumber":27,"author":{"gitId":"shunyao643"},"content":"     * @param deadline","lastModifiedDate":"2022-01-30"},{"lineNumber":28,"author":{"gitId":"shunyao643"},"content":"     */","lastModifiedDate":"2022-01-30"},{"lineNumber":29,"author":{"gitId":"shunyao643"},"content":"    public void addDeadline(String taskName, String deadline){","lastModifiedDate":"2022-01-30"},{"lineNumber":30,"author":{"gitId":"shunyao643"},"content":"        Task newDeadline \u003d new Deadline(taskName, deadline);","lastModifiedDate":"2022-01-30"},{"lineNumber":31,"author":{"gitId":"shunyao643"},"content":"        taskList.add(newDeadline);","lastModifiedDate":"2022-01-30"},{"lineNumber":32,"author":{"gitId":"shunyao643"},"content":"        System.out.println(\"Added:\" + System.lineSeparator() + \"   \" + newDeadline);","lastModifiedDate":"2022-01-30"},{"lineNumber":33,"author":{"gitId":"shunyao643"},"content":"    }","lastModifiedDate":"2022-01-30"},{"lineNumber":34,"author":{"gitId":"shunyao643"},"content":"","lastModifiedDate":"2022-01-30"},{"lineNumber":35,"author":{"gitId":"shunyao643"},"content":"    /**","lastModifiedDate":"2022-01-30"},{"lineNumber":36,"author":{"gitId":"shunyao643"},"content":"     * Adds a new string as Event to the ArrayList and prints the Task added.","lastModifiedDate":"2022-01-30"},{"lineNumber":37,"author":{"gitId":"shunyao643"},"content":"     * @param taskName","lastModifiedDate":"2022-01-30"},{"lineNumber":38,"author":{"gitId":"shunyao643"},"content":"     * @param eventTime","lastModifiedDate":"2022-01-30"},{"lineNumber":39,"author":{"gitId":"shunyao643"},"content":"     */","lastModifiedDate":"2022-01-30"},{"lineNumber":40,"author":{"gitId":"shunyao643"},"content":"    public void addEvent(String taskName, String eventTime){","lastModifiedDate":"2022-01-30"},{"lineNumber":41,"author":{"gitId":"shunyao643"},"content":"        Task newEvent \u003d new Event(taskName, eventTime);","lastModifiedDate":"2022-01-30"},{"lineNumber":42,"author":{"gitId":"shunyao643"},"content":"        taskList.add(newEvent);","lastModifiedDate":"2022-01-30"},{"lineNumber":43,"author":{"gitId":"shunyao643"},"content":"        System.out.println(\"Added:\" + System.lineSeparator() + \"   \" + newEvent);","lastModifiedDate":"2022-01-30"},{"lineNumber":44,"author":{"gitId":"shunyao643"},"content":"    }","lastModifiedDate":"2022-01-26"},{"lineNumber":45,"author":{"gitId":"shunyao643"},"content":"","lastModifiedDate":"2022-01-26"},{"lineNumber":46,"author":{"gitId":"shunyao643"},"content":"    /**","lastModifiedDate":"2022-01-28"},{"lineNumber":47,"author":{"gitId":"shunyao643"},"content":"     * Prints out the list of Tasks.","lastModifiedDate":"2022-01-28"},{"lineNumber":48,"author":{"gitId":"shunyao643"},"content":"     */","lastModifiedDate":"2022-01-28"},{"lineNumber":49,"author":{"gitId":"shunyao643"},"content":"    public void displayTasks(){","lastModifiedDate":"2022-01-26"},{"lineNumber":50,"author":{"gitId":"shunyao643"},"content":"        System.out.println(\"Total \"+taskList.size()+ \" tasks to be completed:\");","lastModifiedDate":"2022-01-30"},{"lineNumber":51,"author":{"gitId":"shunyao643"},"content":"        for (int i \u003d 0; i \u003c taskList.size(); i++){","lastModifiedDate":"2022-01-26"},{"lineNumber":52,"author":{"gitId":"shunyao643"},"content":"            System.out.println((i+1)+\". \"+taskList.get(i));","lastModifiedDate":"2022-01-26"},{"lineNumber":53,"author":{"gitId":"shunyao643"},"content":"        }","lastModifiedDate":"2022-01-26"},{"lineNumber":54,"author":{"gitId":"shunyao643"},"content":"    }","lastModifiedDate":"2022-01-26"},{"lineNumber":55,"author":{"gitId":"shunyao643"},"content":"","lastModifiedDate":"2022-01-26"},{"lineNumber":56,"author":{"gitId":"shunyao643"},"content":"    /**","lastModifiedDate":"2022-01-28"},{"lineNumber":57,"author":{"gitId":"shunyao643"},"content":"     * Sets the completion status of a Task using its index (as displayed to the user).","lastModifiedDate":"2022-01-28"},{"lineNumber":58,"author":{"gitId":"shunyao643"},"content":"     * @param index","lastModifiedDate":"2022-01-28"},{"lineNumber":59,"author":{"gitId":"shunyao643"},"content":"     * @param status","lastModifiedDate":"2022-01-28"},{"lineNumber":60,"author":{"gitId":"shunyao643"},"content":"     */","lastModifiedDate":"2022-01-28"},{"lineNumber":61,"author":{"gitId":"shunyao643"},"content":"    public void setTaskStatus(int index, boolean status){","lastModifiedDate":"2022-01-28"},{"lineNumber":62,"author":{"gitId":"shunyao643"},"content":"        Task task \u003d taskList.get(index);","lastModifiedDate":"2022-01-28"},{"lineNumber":63,"author":{"gitId":"shunyao643"},"content":"        task.setDone(status);","lastModifiedDate":"2022-01-26"},{"lineNumber":64,"author":{"gitId":"shunyao643"},"content":"        if (status){","lastModifiedDate":"2022-01-26"},{"lineNumber":65,"author":{"gitId":"shunyao643"},"content":"            System.out.println(\"Ok, task done!\");","lastModifiedDate":"2022-01-26"},{"lineNumber":66,"author":{"gitId":"shunyao643"},"content":"        } else {","lastModifiedDate":"2022-01-26"},{"lineNumber":67,"author":{"gitId":"shunyao643"},"content":"            System.out.println(\"Ok, you didn\u0027t actually do the task!\");","lastModifiedDate":"2022-01-26"},{"lineNumber":68,"author":{"gitId":"shunyao643"},"content":"        }","lastModifiedDate":"2022-01-26"},{"lineNumber":69,"author":{"gitId":"shunyao643"},"content":"        System.out.println(\"   \"+task);","lastModifiedDate":"2022-01-26"},{"lineNumber":70,"author":{"gitId":"shunyao643"},"content":"    }","lastModifiedDate":"2022-01-26"},{"lineNumber":71,"author":{"gitId":"shunyao643"},"content":"","lastModifiedDate":"2022-01-26"},{"lineNumber":72,"author":{"gitId":"shunyao643"},"content":"}","lastModifiedDate":"2022-01-26"}],"authorContributionMap":{"shunyao643":72}},{"path":"src/main/java/ToDo.java","fileType":"java","lines":[{"lineNumber":1,"author":{"gitId":"shunyao643"},"content":"public class ToDo extends Task{","lastModifiedDate":"2022-01-30"},{"lineNumber":2,"author":{"gitId":"shunyao643"},"content":"    public ToDo(String taskInfo) {","lastModifiedDate":"2022-01-30"},{"lineNumber":3,"author":{"gitId":"shunyao643"},"content":"        super(taskInfo);","lastModifiedDate":"2022-01-30"},{"lineNumber":4,"author":{"gitId":"shunyao643"},"content":"    }","lastModifiedDate":"2022-01-30"},{"lineNumber":5,"author":{"gitId":"shunyao643"},"content":"","lastModifiedDate":"2022-01-30"},{"lineNumber":6,"author":{"gitId":"shunyao643"},"content":"    @Override","lastModifiedDate":"2022-01-30"},{"lineNumber":7,"author":{"gitId":"shunyao643"},"content":"    public String toString() {","lastModifiedDate":"2022-01-30"},{"lineNumber":8,"author":{"gitId":"shunyao643"},"content":"        return \"[T]\"+super.toString();","lastModifiedDate":"2022-01-30"},{"lineNumber":9,"author":{"gitId":"shunyao643"},"content":"    }","lastModifiedDate":"2022-01-30"},{"lineNumber":10,"author":{"gitId":"shunyao643"},"content":"}","lastModifiedDate":"2022-01-30"}],"authorContributionMap":{"shunyao643":10}}]
