{"authorDailyContributionsMap":{"aiman-imtiaz":[{"date":"2022-01-23","commitResults":[{"hash":"105a3975cdc4281150c3c64c2c75c3d6fcad7288","messageTitle":"level-1","messageBody":"","tags":["Level-1"],"fileTypesAndContributionMap":{"java":{"insertions":32,"deletions":0}}},{"hash":"7305ab45630e143285180cbe086794244875d1b5","messageTitle":"level-2","messageBody":"","tags":["Level-2"],"fileTypesAndContributionMap":{"java":{"insertions":27,"deletions":10}}},{"hash":"f9f6090931b18dd7dc912aa66c5052254c677160","messageTitle":"level-3","messageBody":"","tags":["Level-3"],"fileTypesAndContributionMap":{"java":{"insertions":34,"deletions":3}}},{"hash":"def2ed71816647defd302f580e307129b6c734f3","messageTitle":"A-Classes","messageBody":"","fileTypesAndContributionMap":{"java":{"insertions":2,"deletions":0}}},{"hash":"dc8f9394c2e0845dbc6b14d1bb703bf985f37bf3","messageTitle":"A-Classes","messageBody":"","tags":["A-Classes"],"fileTypesAndContributionMap":{"java":{"insertions":11,"deletions":6}}},{"hash":"85317bb43f5bf16c94ec1a9f5ea493ba1eff57b2","messageTitle":"A-CodingStandard","messageBody":"","tags":["A-CodingStandard"],"fileTypesAndContributionMap":{"java":{"insertions":2,"deletions":2}}}]},{"date":"2022-02-05","commitResults":[{"hash":"45b8d57139b05a3194ebad55d31885673a858e1b","messageTitle":"Level-4 commit","messageBody":"","tags":["Level-4"],"fileTypesAndContributionMap":{"java":{"insertions":6,"deletions":0}}},{"hash":"0b3eff583d7ddb2291c515436bd126ca61503a26","messageTitle":"A-CodeQuality","messageBody":"","tags":["A-CodeQuality"],"fileTypesAndContributionMap":{"java":{"insertions":145,"deletions":38}}}]},{"date":"2022-02-06","commitResults":[{"hash":"e342d67bf305c68e8cfc3ea0c7cb6c62ae9a976e","messageTitle":"Level-5 changes","messageBody":"","fileTypesAndContributionMap":{"java":{"insertions":4,"deletions":0}}},{"hash":"f966812f154e9bf06f2ca16684f4bfb38fc1362b","messageTitle":"Level-5 changes","messageBody":"","tags":["Level-5"],"fileTypesAndContributionMap":{"java":{"insertions":60,"deletions":37}}},{"hash":"65e343e7e43d7550469ab701b7cbadd6217a068b","messageTitle":"A-Packages","messageBody":"","fileTypesAndContributionMap":{"java":{"insertions":2,"deletions":0}}},{"hash":"4075505bd8c43a4755edf77dcdfc83fbca953063","messageTitle":"A-Packages","messageBody":"","tags":["A-Packages"],"fileTypesAndContributionMap":{"java":{"insertions":29,"deletions":3}}}]},{"date":"2022-02-10","commitResults":[{"hash":"358bfbb83ba37ef224835a662b8871b56445cf40","messageTitle":"A-Exceptions","messageBody":"","tags":["A-Exceptions"],"fileTypesAndContributionMap":{"java":{"insertions":13,"deletions":13}}}]},{"date":"2022-02-12","commitResults":[{"hash":"8cf48ca42b78474fe8c38574e4cae2a141989882","messageTitle":"A-Collections","messageBody":"","tags":["A-Collections"],"fileTypesAndContributionMap":{"java":{"insertions":16,"deletions":15}}},{"hash":"e94392e3b373dacc91bd7e24ad177ab352adbe14","messageTitle":"Level-6","messageBody":"","tags":["Level-6"],"fileTypesAndContributionMap":{"java":{"insertions":18,"deletions":0}}},{"hash":"583ad592573f8661077ca71a6b534a3b9cabc170","messageTitle":"Level-7","messageBody":"","tags":["Level-7"],"fileTypesAndContributionMap":{"java":{"insertions":121,"deletions":3}}},{"hash":"ad34576179d52926c91e520f250d567af5a8f7ed","messageTitle":"fixed some errors","messageBody":"","tags":["A-Jar"],"fileTypesAndContributionMap":{"java":{"insertions":10,"deletions":10}}}]},{"date":"2022-03-04","commitResults":[{"hash":"c249ac66f5264ef8909db5d8fba9cb861f6728e8","messageTitle":"A-MoreOOP","messageBody":"","tags":["A-MoreOOP"],"fileTypesAndContributionMap":{"txt":{"insertions":1,"deletions":0},"java":{"insertions":182,"deletions":167}}},{"hash":"a9f60b21dfe5211c84edf832dc090ae2af82ba28","messageTitle":"Level-8","messageBody":"","tags":["Level-8"],"fileTypesAndContributionMap":{"java":{"insertions":38,"deletions":23}}}]},{"date":"2022-03-05","commitResults":[{"hash":"817a229572fac3faadb1b79b98f30cf11a8243e7","messageTitle":"Level-9","messageBody":"","tags":["Level-9"],"fileTypesAndContributionMap":{"txt":{"insertions":0,"deletions":1},"java":{"insertions":166,"deletions":137}}},{"hash":"27f788f5f30dfdaac18a325fc22c4c2501fb4597","messageTitle":"merged Level-9 with master","messageBody":"","fileTypesAndContributionMap":{"txt":{"insertions":4,"deletions":0},"java":{"insertions":6,"deletions":4}}}]}]},"authorFileTypeContributionMap":{"aiman-imtiaz":{"java":451,"md":0,"fxml":0,"sh":0,"bat":0,"gradle":0,"txt":4}},"authorContributionVariance":{"aiman-imtiaz":6668.053},"authorDisplayNameMap":{"aiman-imtiaz":"CS2113-T11-1 HAFI..TIAZ"}}
