[{"path":"src/main/java/Duke.java","fileType":"java","lines":[{"lineNumber":1,"author":{"gitId":"Yzkkk"},"content":"import java.util.Scanner;","lastModifiedDate":"2022-01-29"},{"lineNumber":2,"author":{"gitId":"Yzkkk"},"content":"","lastModifiedDate":"2022-01-29"},{"lineNumber":3,"author":{"gitId":"-"},"content":"public class Duke {","lastModifiedDate":"2019-07-29"},{"lineNumber":4,"author":{"gitId":"Yzkkk"},"content":"","lastModifiedDate":"2022-01-29"},{"lineNumber":5,"author":{"gitId":"-"},"content":"    public static void main(String[] args) {","lastModifiedDate":"2019-07-29"},{"lineNumber":6,"author":{"gitId":"-"},"content":"        String logo \u003d \" ____        _        \\n\"","lastModifiedDate":"2019-07-29"},{"lineNumber":7,"author":{"gitId":"-"},"content":"                + \"|  _ \\\\ _   _| | _____ \\n\"","lastModifiedDate":"2019-07-29"},{"lineNumber":8,"author":{"gitId":"-"},"content":"                + \"| | | | | | | |/ / _ \\\\\\n\"","lastModifiedDate":"2019-07-29"},{"lineNumber":9,"author":{"gitId":"-"},"content":"                + \"| |_| | |_| |   \u003c  __/\\n\"","lastModifiedDate":"2019-07-29"},{"lineNumber":10,"author":{"gitId":"-"},"content":"                + \"|____/ \\\\__,_|_|\\\\_\\\\___|\\n\";","lastModifiedDate":"2019-07-29"},{"lineNumber":11,"author":{"gitId":"Yzkkk"},"content":"        //System.out.println(\"Hello from\\n\" + logo);","lastModifiedDate":"2022-01-25"},{"lineNumber":12,"author":{"gitId":"Yzkkk"},"content":"        String greet \u003d \"Hello! I\u0027m Duke\\n\" +","lastModifiedDate":"2022-01-25"},{"lineNumber":13,"author":{"gitId":"Yzkkk"},"content":"                \"What can I do for you?\\n\";","lastModifiedDate":"2022-01-29"},{"lineNumber":14,"author":{"gitId":"Yzkkk"},"content":"        String exit \u003d \"Bye. Hope to see you again soon!\\n\";","lastModifiedDate":"2022-01-29"},{"lineNumber":15,"author":{"gitId":"Yzkkk"},"content":"        String bye \u003d \"bye\";","lastModifiedDate":"2022-01-29"},{"lineNumber":16,"author":{"gitId":"Yzkkk"},"content":"        String list \u003d \"list\";","lastModifiedDate":"2022-01-29"},{"lineNumber":17,"author":{"gitId":"Yzkkk"},"content":"        System.out.println(greet);","lastModifiedDate":"2022-01-25"},{"lineNumber":18,"author":{"gitId":"Yzkkk"},"content":"","lastModifiedDate":"2022-01-29"},{"lineNumber":19,"author":{"gitId":"Yzkkk"},"content":"        String instruction;","lastModifiedDate":"2022-01-29"},{"lineNumber":20,"author":{"gitId":"Yzkkk"},"content":"        String[] instructions \u003d new String[100];","lastModifiedDate":"2022-01-29"},{"lineNumber":21,"author":{"gitId":"Yzkkk"},"content":"","lastModifiedDate":"2022-01-29"},{"lineNumber":22,"author":{"gitId":"Yzkkk"},"content":"        for (int i \u003d 0; i \u003c 100; i++) { // can have 100 tasks","lastModifiedDate":"2022-01-29"},{"lineNumber":23,"author":{"gitId":"Yzkkk"},"content":"            Scanner in \u003d new Scanner(System.in);","lastModifiedDate":"2022-01-29"},{"lineNumber":24,"author":{"gitId":"Yzkkk"},"content":"            //System.out.print(\"Type something: \");","lastModifiedDate":"2022-01-29"},{"lineNumber":25,"author":{"gitId":"Yzkkk"},"content":"            instruction \u003d in.nextLine();","lastModifiedDate":"2022-01-29"},{"lineNumber":26,"author":{"gitId":"Yzkkk"},"content":"","lastModifiedDate":"2022-01-29"},{"lineNumber":27,"author":{"gitId":"Yzkkk"},"content":"            boolean isBye \u003d instruction.equals(bye); //if true then exit","lastModifiedDate":"2022-01-29"},{"lineNumber":28,"author":{"gitId":"Yzkkk"},"content":"            boolean isList \u003d instruction.equals(list);","lastModifiedDate":"2022-01-29"},{"lineNumber":29,"author":{"gitId":"Yzkkk"},"content":"            instructions[i] \u003d instruction;","lastModifiedDate":"2022-01-29"},{"lineNumber":30,"author":{"gitId":"Yzkkk"},"content":"            String instructionNum \u003d \"\";","lastModifiedDate":"2022-02-02"},{"lineNumber":31,"author":{"gitId":"Yzkkk"},"content":"","lastModifiedDate":"2022-02-02"},{"lineNumber":32,"author":{"gitId":"Yzkkk"},"content":"            Task t \u003d new Task(\"read book\");","lastModifiedDate":"2022-02-02"},{"lineNumber":33,"author":{"gitId":"Yzkkk"},"content":"            String[] arrOfStr \u003d instruction.split(\" \", 2);","lastModifiedDate":"2022-02-02"},{"lineNumber":34,"author":{"gitId":"Yzkkk"},"content":"","lastModifiedDate":"2022-02-02"},{"lineNumber":35,"author":{"gitId":"Yzkkk"},"content":"","lastModifiedDate":"2022-01-29"},{"lineNumber":36,"author":{"gitId":"Yzkkk"},"content":"            if (isBye) {","lastModifiedDate":"2022-01-29"},{"lineNumber":37,"author":{"gitId":"Yzkkk"},"content":"                System.out.println(exit);","lastModifiedDate":"2022-01-29"},{"lineNumber":38,"author":{"gitId":"Yzkkk"},"content":"                break;","lastModifiedDate":"2022-01-29"},{"lineNumber":39,"author":{"gitId":"Yzkkk"},"content":"            } else if (isList) {","lastModifiedDate":"2022-01-29"},{"lineNumber":40,"author":{"gitId":"Yzkkk"},"content":"                System.out.println(\"Here are the tasks in your list:\");","lastModifiedDate":"2022-02-02"},{"lineNumber":41,"author":{"gitId":"Yzkkk"},"content":"                for (int j \u003d 0; j \u003c 100 \u0026\u0026 instructions[j + 1] !\u003d null; j++) {","lastModifiedDate":"2022-01-29"},{"lineNumber":42,"author":{"gitId":"Yzkkk"},"content":"                    /*if(Integer.parseInt(instructionNum) \u003d\u003d (j + 1)){","lastModifiedDate":"2022-02-02"},{"lineNumber":43,"author":{"gitId":"Yzkkk"},"content":"                        t.setStatusIcon(true);","lastModifiedDate":"2022-02-02"},{"lineNumber":44,"author":{"gitId":"Yzkkk"},"content":"                    }*/","lastModifiedDate":"2022-02-02"},{"lineNumber":45,"author":{"gitId":"Yzkkk"},"content":"                    System.out.println((j + 1) + \". \" + \"[\" + t.getStatusIcon() + \"]\" + instructions[j]);","lastModifiedDate":"2022-02-02"},{"lineNumber":46,"author":{"gitId":"Yzkkk"},"content":"                }","lastModifiedDate":"2022-01-29"},{"lineNumber":47,"author":{"gitId":"Yzkkk"},"content":"            } else if (arrOfStr[0] \u003d\u003d \"mark\") {","lastModifiedDate":"2022-02-02"},{"lineNumber":48,"author":{"gitId":"Yzkkk"},"content":"                System.out.println(\"Nice! I\u0027ve marked this task as done:\");","lastModifiedDate":"2022-02-02"},{"lineNumber":49,"author":{"gitId":"Yzkkk"},"content":"                instructionNum \u003d arrOfStr[1];","lastModifiedDate":"2022-02-02"},{"lineNumber":50,"author":{"gitId":"Yzkkk"},"content":"                t.setStatusIcon(true);","lastModifiedDate":"2022-02-02"},{"lineNumber":51,"author":{"gitId":"Yzkkk"},"content":"","lastModifiedDate":"2022-02-02"},{"lineNumber":52,"author":{"gitId":"Yzkkk"},"content":"            } else {","lastModifiedDate":"2022-01-29"},{"lineNumber":53,"author":{"gitId":"Yzkkk"},"content":"                //instructions[i] \u003d instruction;","lastModifiedDate":"2022-01-29"},{"lineNumber":54,"author":{"gitId":"Yzkkk"},"content":"                System.out.println(\"added: \" + instruction);","lastModifiedDate":"2022-01-29"},{"lineNumber":55,"author":{"gitId":"Yzkkk"},"content":"            }","lastModifiedDate":"2022-01-29"},{"lineNumber":56,"author":{"gitId":"Yzkkk"},"content":"        }","lastModifiedDate":"2022-01-29"},{"lineNumber":57,"author":{"gitId":"-"},"content":"    }","lastModifiedDate":"2019-07-29"},{"lineNumber":58,"author":{"gitId":"-"},"content":"}","lastModifiedDate":"2019-07-29"}],"authorContributionMap":{"Yzkkk":49,"-":9}},{"path":"src/main/java/Task.java","fileType":"java","lines":[{"lineNumber":1,"author":{"gitId":"Yzkkk"},"content":"public class Task {","lastModifiedDate":"2022-02-02"},{"lineNumber":2,"author":{"gitId":"Yzkkk"},"content":"    protected String description;","lastModifiedDate":"2022-02-02"},{"lineNumber":3,"author":{"gitId":"Yzkkk"},"content":"    protected boolean isDone;","lastModifiedDate":"2022-02-02"},{"lineNumber":4,"author":{"gitId":"Yzkkk"},"content":"","lastModifiedDate":"2022-02-02"},{"lineNumber":5,"author":{"gitId":"Yzkkk"},"content":"    public Task(String description) {","lastModifiedDate":"2022-02-02"},{"lineNumber":6,"author":{"gitId":"Yzkkk"},"content":"        this.description \u003d description;","lastModifiedDate":"2022-02-02"},{"lineNumber":7,"author":{"gitId":"Yzkkk"},"content":"        this.isDone \u003d false;","lastModifiedDate":"2022-02-02"},{"lineNumber":8,"author":{"gitId":"Yzkkk"},"content":"    }","lastModifiedDate":"2022-02-02"},{"lineNumber":9,"author":{"gitId":"Yzkkk"},"content":"","lastModifiedDate":"2022-02-02"},{"lineNumber":10,"author":{"gitId":"Yzkkk"},"content":"    public String getStatusIcon() {","lastModifiedDate":"2022-02-02"},{"lineNumber":11,"author":{"gitId":"Yzkkk"},"content":"        return (isDone ? \"X\" : \" \"); // mark done task with X","lastModifiedDate":"2022-02-02"},{"lineNumber":12,"author":{"gitId":"Yzkkk"},"content":"    }","lastModifiedDate":"2022-02-02"},{"lineNumber":13,"author":{"gitId":"Yzkkk"},"content":"","lastModifiedDate":"2022-02-02"},{"lineNumber":14,"author":{"gitId":"Yzkkk"},"content":"    public void setStatusIcon(Boolean isDone){","lastModifiedDate":"2022-02-02"},{"lineNumber":15,"author":{"gitId":"Yzkkk"},"content":"        this.isDone \u003d isDone;","lastModifiedDate":"2022-02-02"},{"lineNumber":16,"author":{"gitId":"Yzkkk"},"content":"    }","lastModifiedDate":"2022-02-02"},{"lineNumber":17,"author":{"gitId":"Yzkkk"},"content":"}","lastModifiedDate":"2022-02-02"}],"authorContributionMap":{"Yzkkk":17}}]
