{"authorDailyContributionsMap":{"shxr3f":[{"date":"2022-01-22","commitResults":[{"hash":"9c24bb0056f9f0604754cb0d4429095a0519f53f","messageTitle":"Created a Greet Class that holds methods pertaining to greetings.","messageBody":"","tags":["Level-0"],"fileTypesAndContributionMap":{"java":{"insertions":17,"deletions":6}}}]},{"date":"2022-01-27","commitResults":[{"hash":"c3faf1ee047b2e9d5feb324e066f1e753459634a","messageTitle":"Greet, Echo and Exit. Implemented an echo function that exits upon \"bye\".","messageBody":"","tags":["Level-1"],"fileTypesAndContributionMap":{"java":{"insertions":21,"deletions":1}}},{"hash":"95e3c6928562ce6aeaaa1ba4db9d14eeece1032d","messageTitle":"Chatbot can now add and list tasks. Added Task and Task Manager Classes.","messageBody":"","tags":["Level-2","A-Classes"],"fileTypesAndContributionMap":{"java":{"insertions":67,"deletions":5}}},{"hash":"1e063ab0fb8dd54d2e9985da48d890e0f4d106db","messageTitle":"Added feature to mark and unmark tasks","messageBody":"","tags":["Level-3","A-CodingStandard"],"fileTypesAndContributionMap":{"java":{"insertions":73,"deletions":13}}}]},{"date":"2022-01-30","commitResults":[{"hash":"9fde5d648a5f60a91b861c90f037209913c5af32","messageTitle":"Created Todo,Deadline and Event classes. Now you can add specific tasks by using \"todo\",\"deadline\" and \"event\" commands.","messageBody":"","tags":["Level-4"],"fileTypesAndContributionMap":{"java":{"insertions":123,"deletions":18}}},{"hash":"3a4f95c2a0675e8cc9b463336f30a086507318c8","messageTitle":"Did testing using Automated Text UI Testing","messageBody":"","tags":["A-TextUiTesting"],"fileTypesAndContributionMap":{"txt":{"insertions":8,"deletions":0}}}]},{"date":"2022-02-02","commitResults":[{"hash":"f2a4b519f7e07d19c48f41b6d7c2ccf93c4ecaf3","messageTitle":"main some minor changes to code style","messageBody":"","fileTypesAndContributionMap":{"java":{"insertions":19,"deletions":16}}},{"hash":"2ecdf8eaf38a39227b00c53ddc913e184079d7c6","messageTitle":"initialised Scanner globally, to reduce reinitialisation","messageBody":"","tags":["A-CodeQuality"],"fileTypesAndContributionMap":{"java":{"insertions":1,"deletions":2}}}]},{"date":"2022-02-05","commitResults":[{"hash":"1a4463ebb5277fbdaf4afd339854b8c7e8d7271f","messageTitle":"Made some adjustments to \"if-else\" statements and loops to adhere to coding standards.","messageBody":"","tags":["A-CodeQuality-V2"],"fileTypesAndContributionMap":{"java":{"insertions":37,"deletions":50}}},{"hash":"81190bb29439a32eb4e281ba1771c8fe7f4c2275","messageTitle":"Just some testing done.","messageBody":"","fileTypesAndContributionMap":{"txt":{"insertions":4,"deletions":6}}}]},{"date":"2022-02-08","commitResults":[{"hash":"b621e3e8da60e99126aacbf2048c1ddbde001af2","messageTitle":"Implemented an Exception to catch unwanted inputs from user.","messageBody":"","fileTypesAndContributionMap":{"java":{"insertions":2,"deletions":0}}},{"hash":"8a21391256e9c7c97df8c7bb230dfbe0df3ec182","messageTitle":"Edited code for todo, deadline, event, mark and unmark commands to include exception handling.","messageBody":"","tags":["A-Exceptions"],"fileTypesAndContributionMap":{"java":{"insertions":59,"deletions":14}}},{"hash":"1f142816cfb8ea72cd616e4949b0ecf02b47c5ea","messageTitle":"You can now ask for help by calling for \"help\".","messageBody":"","fileTypesAndContributionMap":{"java":{"insertions":6,"deletions":0}}},{"hash":"f0c546bc743908977007b705ef4f74c6f8db4c73","messageTitle":"Created new packages for better organisation of source code.","messageBody":"","fileTypesAndContributionMap":{"java":{"insertions":0,"deletions":0}}},{"hash":"26fb580ad8c8d5024ed27ffc7c533f5109cd58c9","messageTitle":"Included import functions due to new packages.","messageBody":"","tags":["A-Packages"],"fileTypesAndContributionMap":{"java":{"insertions":26,"deletions":2}}}]},{"date":"2022-02-15","commitResults":[{"hash":"a3da8385ac3039fe46f4b9d5a8e7ae2c6463b265","messageTitle":"Changed from static array to ArrayList to hold Task objects","messageBody":"","fileTypesAndContributionMap":{"java":{"insertions":15,"deletions":13}}},{"hash":"a878e40eb8e2e115f18c446ec0f5e5a07e01ffdb","messageTitle":"Implemented a delete function, that moves requested tasks to the bin. You can view deleted tasks by using the \"bin\" command","messageBody":"","tags":["Level-6","A-Collections"],"fileTypesAndContributionMap":{"java":{"insertions":52,"deletions":1}}},{"hash":"3ee104ac27e4657892556277753c53be3ef112c2","messageTitle":"Made Task an abstract class","messageBody":"","fileTypesAndContributionMap":{"java":{"insertions":33,"deletions":10}}},{"hash":"501ca818708bb682a1041fb0a71ef820952b90dc","messageTitle":"Just some formatting updates","messageBody":"","fileTypesAndContributionMap":{"java":{"insertions":2,"deletions":2}}},{"hash":"1a6115d1fdd32f3d10776b42110a3fcea34fc60f","messageTitle":"Included functions to save and load data from text files. Text files are saved in CSV format","messageBody":"","tags":["Level-7"],"fileTypesAndContributionMap":{"java":{"insertions":122,"deletions":3}}},{"hash":"6826fbc40e240155c2bfc47e129d4ffcc9c124c9","messageTitle":"Updated Readme","messageBody":"","fileTypesAndContributionMap":{"md":{"insertions":4,"deletions":3}}}]},{"date":"2022-02-23","commitResults":[{"hash":"52fa7c851420d4276a0a9b8c36435f62f7a3fde5","messageTitle":"Added new TaskList Class","messageBody":"","fileTypesAndContributionMap":{"java":{"insertions":64,"deletions":47}}},{"hash":"78612bf43c32a50d38e2b2213c615352d75034db","messageTitle":"Created a Storage Class that manages loading and saving of files","messageBody":"","fileTypesAndContributionMap":{"java":{"insertions":108,"deletions":118}}},{"hash":"b1537f57a766e79e829cba33e7aa97d79ddd83a0","messageTitle":"Created Ui Class as well as a Parser Class","messageBody":"","fileTypesAndContributionMap":{"java":{"insertions":128,"deletions":88}}},{"hash":"2f1a901236113bebc6e3de80a65a09980f2cf427","messageTitle":"Just removing space","messageBody":"","fileTypesAndContributionMap":{"java":{"insertions":0,"deletions":1}}}]},{"date":"2022-02-24","commitResults":[{"hash":"5657689ff5a61d8313556cb9e9f5db78a0a32ead","messageTitle":"Updated UI. Moved Ui, Storage and Parser to a helper package","messageBody":"","tags":["A-MoreOOP"],"fileTypesAndContributionMap":{"java":{"insertions":107,"deletions":83}}}]},{"date":"2022-02-26","commitResults":[{"hash":"863a4ce0036e74fd0fcfd92abacd46c35967a2ce","messageTitle":"Created feature to capture and understand date and time.","messageBody":"","tags":["Level-8"],"fileTypesAndContributionMap":{"java":{"insertions":116,"deletions":22}}}]},{"date":"2022-02-27","commitResults":[{"hash":"d1bd8552f9f08f0feb342959338d8349e7f9ceaf","messageTitle":"Implemented a find function That allows user to search for tasks of a given name","messageBody":"","tags":["Level-9"],"fileTypesAndContributionMap":{"java":{"insertions":17,"deletions":0}}},{"hash":"06425737e8deef059515c4223ce4b1f12a9dca9e","messageTitle":"Added header and method comments for Duke Class","messageBody":"","fileTypesAndContributionMap":{"java":{"insertions":7,"deletions":1}}},{"hash":"d02d4c5179e223ae666cf56944862e2bfb9bac85","messageTitle":"Added header and method comments for TaskManager Class","messageBody":"","fileTypesAndContributionMap":{"java":{"insertions":21,"deletions":0}}},{"hash":"f081202fb05b613efa857099a98e12f17c5d53a0","messageTitle":"Added header and method comments for helper classes","messageBody":"","tags":["A-JavaDoc"],"fileTypesAndContributionMap":{"java":{"insertions":34,"deletions":3}}},{"hash":"aa6e45dbc6d1ba6dfd40ef2f7590e1da776187ac","messageTitle":"Updated reply for help function.","messageBody":"","fileTypesAndContributionMap":{"java":{"insertions":38,"deletions":2}}}]},{"date":"2022-03-01","commitResults":[{"hash":"de90c6bf0448b2fcc923787e679da2c1748a5b40","messageTitle":"Created a retreive function. Allows users to recover tasks deleted in a session.","messageBody":"","fileTypesAndContributionMap":{"java":{"insertions":30,"deletions":3}}},{"hash":"687fbc27078958d2efb725b34c88dc73bf09a55e","messageTitle":"Just some touch up","messageBody":"","fileTypesAndContributionMap":{"java":{"insertions":6,"deletions":2}}}]},{"date":"2022-03-02","commitResults":[{"hash":"1617cd57909843ac6aaa8d21ef38c5ad45e68442","messageTitle":"Updated ReadME","messageBody":"","tags":["A-UserGuide"],"fileTypesAndContributionMap":{"md":{"insertions":79,"deletions":25}}},{"hash":"f143945be49aa439ddf5808e622805ea589643f5","messageTitle":"Some changes to readme file","messageBody":"","fileTypesAndContributionMap":{"md":{"insertions":5,"deletions":5}}},{"hash":"b54d7d2f16081ab302e7328dade167ef79d24298","messageTitle":"Updated docs/README","messageBody":"","fileTypesAndContributionMap":{"md":{"insertions":59,"deletions":21}}},{"hash":"2cd2d2c06ac7a878589fd6f4d23751f66683c5b9","messageTitle":"Some Changes to Readme","messageBody":"","fileTypesAndContributionMap":{"md":{"insertions":1,"deletions":1}}},{"hash":"3a7565cdd8a8f761238572644667668113bb62ed","messageTitle":"Removed extra quotation mark","messageBody":"","fileTypesAndContributionMap":{"java":{"insertions":1,"deletions":1}}},{"hash":"b867aadbe9fd8f85a203f84a05dde9a983c98bf6","messageTitle":"Included saveData method after task retrieval. Forgot to save data after retrieval.","messageBody":"","tags":["A-Release"],"fileTypesAndContributionMap":{"java":{"insertions":1,"deletions":0}}}]}]},"authorFileTypeContributionMap":{"shxr3f":{"java":831,"md":138,"fxml":0,"sh":0,"bat":0,"gradle":0,"txt":6}},"authorContributionVariance":{"shxr3f":9832.759},"authorDisplayNameMap":{"shxr3f":"CS2113T-T09-3 MOHA..ARIF"}}
