{"authorDailyContributionsMap":{"Demonshaha":[{"date":"2022-01-27","commitResults":[{"hash":"8aec32fa21205a82f42225b8b45241c01dac2785","messageTitle":"Level-1","messageBody":"","tags":["Level-1"],"fileTypesAndContributionMap":{"java":{"insertions":70,"deletions":6}}},{"hash":"6b08eb5269c180db05f91907ba9b1bfa62e7fa46","messageTitle":"Level-2","messageBody":"","tags":["Level-2"],"fileTypesAndContributionMap":{"java":{"insertions":61,"deletions":4}}},{"hash":"5a06d1570d8331ce0b4d102a24d94c73fc6452b2","messageTitle":"Level-3","messageBody":"","tags":["Level-3"],"fileTypesAndContributionMap":{"java":{"insertions":68,"deletions":14}}}]},{"date":"2022-01-30","commitResults":[{"hash":"dd5948a16a4bf5b23164bb19ef9878ad4d7987c7","messageTitle":"Level-4","messageBody":"","tags":["Level-4"],"fileTypesAndContributionMap":{"java":{"insertions":95,"deletions":13}}}]},{"date":"2022-02-06","commitResults":[{"hash":"ea0f83e59a720b071dd94dc48a5ccc75ab176084","messageTitle":"Level-5","messageBody":"","tags":["Level-5"],"fileTypesAndContributionMap":{"java":{"insertions":63,"deletions":13}}}]},{"date":"2022-02-11","commitResults":[{"hash":"dcad671b2b699d41f214a51edc35988f40c784fd","messageTitle":"Level-6","messageBody":"","fileTypesAndContributionMap":{"java":{"insertions":26,"deletions":12}}},{"hash":"811a6be0f2fb7f3b87150b152b1e4ad4e063ec86","messageTitle":"Level-6","messageBody":"","fileTypesAndContributionMap":{"java":{"insertions":13,"deletions":13}}},{"hash":"7fe7e161473e0f7f2f916b12cf42472b511974ad","messageTitle":"Level-6","messageBody":"","fileTypesAndContributionMap":{"java":{"insertions":1,"deletions":1}}}]},{"date":"2022-02-13","commitResults":[{"hash":"43fd02fbb3782397e89092bab1809f1e4d51a15f","messageTitle":"Level-7","messageBody":"","fileTypesAndContributionMap":{"java":{"insertions":181,"deletions":2}}}]},{"date":"2022-02-16","commitResults":[{"hash":"be2c66c8866a9753f7386f9e1d223287fbcb9298","messageTitle":"More-oop","messageBody":"","fileTypesAndContributionMap":{"txt":{"insertions":1,"deletions":0},"java":{"insertions":318,"deletions":117}}},{"hash":"3132bcde0ba9094280bd8ba2dfef5ec95b2d96e4","messageTitle":"Level-8","messageBody":"","fileTypesAndContributionMap":{"txt":{"insertions":4,"deletions":1},"java":{"insertions":23,"deletions":5}}},{"hash":"4466253737da9ca6d805ed6da4ac79f49d96667c","messageTitle":"Level-9","messageBody":"","fileTypesAndContributionMap":{"txt":{"insertions":0,"deletions":1},"java":{"insertions":40,"deletions":0}}}]},{"date":"2022-02-19","commitResults":[{"hash":"b870ee8d3265288e49c16a03293ceb6521451813","messageTitle":"documents added","messageBody":"","tags":["documents"],"fileTypesAndContributionMap":{"txt":{"insertions":7,"deletions":0},"java":{"insertions":226,"deletions":119}}},{"hash":"dffde3655b653f2b01d8dc215c1783c9f2ac0e5f","messageTitle":"debug storage","messageBody":"","fileTypesAndContributionMap":{"txt":{"insertions":0,"deletions":7},"java":{"insertions":11,"deletions":8}}},{"hash":"be18061fe53a6da76c816be1db79b6b14bba983d","messageTitle":"Readme updated","messageBody":"","tags":["v0.2"],"fileTypesAndContributionMap":{"md":{"insertions":103,"deletions":11}}},{"hash":"4d48f6f4ae6221914fea9d16db503f09a2bbc1a2","messageTitle":"update jar website","messageBody":"","fileTypesAndContributionMap":{"md":{"insertions":1,"deletions":1}}}]},{"date":"2022-02-20","commitResults":[{"hash":"0f6f6429b4e5fbb60a51f284c7afbc895b896161","messageTitle":"Update README.md","messageBody":"","fileTypesAndContributionMap":{"md":{"insertions":3,"deletions":2}}}]}]},"authorFileTypeContributionMap":{"Demonshaha":{"java":876,"md":98,"fxml":0,"sh":0,"bat":0,"gradle":0,"txt":0}},"authorContributionVariance":{"Demonshaha":14111.097},"authorDisplayNameMap":{"Demonshaha":"T11-2 ZHOU..NGXU"}}
