{"authorDailyContributionsMap":{"Demonshaha":[{"date":"2022-01-27","commitResults":[{"hash":"8aec32fa21205a82f42225b8b45241c01dac2785","isMergeCommit":false,"messageTitle":"Level-1","messageBody":"","tags":["Level-1"],"fileTypesAndContributionMap":{"java":{"insertions":70,"deletions":6}}},{"hash":"6b08eb5269c180db05f91907ba9b1bfa62e7fa46","isMergeCommit":false,"messageTitle":"Level-2","messageBody":"","tags":["Level-2"],"fileTypesAndContributionMap":{"java":{"insertions":61,"deletions":4}}},{"hash":"5a06d1570d8331ce0b4d102a24d94c73fc6452b2","isMergeCommit":false,"messageTitle":"Level-3","messageBody":"","tags":["Level-3"],"fileTypesAndContributionMap":{"java":{"insertions":68,"deletions":14}}}]},{"date":"2022-01-30","commitResults":[{"hash":"dd5948a16a4bf5b23164bb19ef9878ad4d7987c7","isMergeCommit":false,"messageTitle":"Level-4","messageBody":"","tags":["Level-4"],"fileTypesAndContributionMap":{"java":{"insertions":95,"deletions":13}}}]},{"date":"2022-02-06","commitResults":[{"hash":"ea0f83e59a720b071dd94dc48a5ccc75ab176084","isMergeCommit":false,"messageTitle":"Level-5","messageBody":"","tags":["Level-5"],"fileTypesAndContributionMap":{"java":{"insertions":63,"deletions":13}}}]},{"date":"2022-02-11","commitResults":[{"hash":"dcad671b2b699d41f214a51edc35988f40c784fd","isMergeCommit":false,"messageTitle":"Level-6","messageBody":"","fileTypesAndContributionMap":{"java":{"insertions":26,"deletions":12}}},{"hash":"811a6be0f2fb7f3b87150b152b1e4ad4e063ec86","isMergeCommit":false,"messageTitle":"Level-6","messageBody":"","fileTypesAndContributionMap":{"java":{"insertions":13,"deletions":13}}},{"hash":"7fe7e161473e0f7f2f916b12cf42472b511974ad","isMergeCommit":false,"messageTitle":"Level-6","messageBody":"","fileTypesAndContributionMap":{"java":{"insertions":1,"deletions":1}}}]},{"date":"2022-02-13","commitResults":[{"hash":"43fd02fbb3782397e89092bab1809f1e4d51a15f","isMergeCommit":false,"messageTitle":"Level-7","messageBody":"","fileTypesAndContributionMap":{"java":{"insertions":181,"deletions":2}}},{"hash":"64d3cf7f1dd587f9f2c63a483e1c1c7cd86ed91e","isMergeCommit":true,"messageTitle":"Merge branch \u0027branch-Level-6\u0027","messageBody":"# Conflicts:\n#\tsrc/main/java/duke/Command.java\n","tags":["v0.1"],"fileTypesAndContributionMap":{}}]},{"date":"2022-02-16","commitResults":[{"hash":"be2c66c8866a9753f7386f9e1d223287fbcb9298","isMergeCommit":false,"messageTitle":"More-oop","messageBody":"","fileTypesAndContributionMap":{"txt":{"insertions":1,"deletions":0},"java":{"insertions":318,"deletions":117}}},{"hash":"3132bcde0ba9094280bd8ba2dfef5ec95b2d96e4","isMergeCommit":false,"messageTitle":"Level-8","messageBody":"","fileTypesAndContributionMap":{"txt":{"insertions":4,"deletions":1},"java":{"insertions":23,"deletions":5}}},{"hash":"4466253737da9ca6d805ed6da4ac79f49d96667c","isMergeCommit":false,"messageTitle":"Level-9","messageBody":"","fileTypesAndContributionMap":{"txt":{"insertions":0,"deletions":1},"java":{"insertions":40,"deletions":0}}},{"hash":"b9a488676528a077bfd26f61fec016d252d3607a","isMergeCommit":true,"messageTitle":"Merge pull request #2 from Demonshaha/branch-Level-9","messageBody":"branch-Level-9","fileTypesAndContributionMap":{}},{"hash":"b46cec2af26a10302badf7e1f60b78192b1a164a","isMergeCommit":true,"messageTitle":"Merge branch \u0027master\u0027 into branch-Level-8","messageBody":"","fileTypesAndContributionMap":{}},{"hash":"87d5ef87b1190752fceee5907c523217a30193a0","isMergeCommit":true,"messageTitle":"Merge pull request #1 from Demonshaha/branch-Level-8","messageBody":"branch-Level-8","fileTypesAndContributionMap":{}}]},{"date":"2022-02-19","commitResults":[{"hash":"b870ee8d3265288e49c16a03293ceb6521451813","isMergeCommit":false,"messageTitle":"documents added","messageBody":"","tags":["documents"],"fileTypesAndContributionMap":{"txt":{"insertions":7,"deletions":0},"java":{"insertions":226,"deletions":119}}},{"hash":"9d43590bef0ee2a50d163f0ddcb25a28a3979570","isMergeCommit":false,"messageTitle":"Delete duke.txt","messageBody":"","fileTypesAndContributionMap":{"txt":{"insertions":0,"deletions":7}}},{"hash":"dffde3655b653f2b01d8dc215c1783c9f2ac0e5f","isMergeCommit":false,"messageTitle":"debug storage","messageBody":"","fileTypesAndContributionMap":{"txt":{"insertions":0,"deletions":7},"java":{"insertions":11,"deletions":8}}},{"hash":"78b0706979737712a31111567a92d569f3a3a161","isMergeCommit":true,"messageTitle":"Merge remote-tracking branch \u0027origin/master\u0027","messageBody":"","fileTypesAndContributionMap":{}},{"hash":"be18061fe53a6da76c816be1db79b6b14bba983d","isMergeCommit":false,"messageTitle":"Readme updated","messageBody":"","tags":["v0.2"],"fileTypesAndContributionMap":{"md":{"insertions":103,"deletions":11}}},{"hash":"4d48f6f4ae6221914fea9d16db503f09a2bbc1a2","isMergeCommit":false,"messageTitle":"update jar website","messageBody":"","fileTypesAndContributionMap":{"md":{"insertions":1,"deletions":1}}}]},{"date":"2022-02-20","commitResults":[{"hash":"0f6f6429b4e5fbb60a51f284c7afbc895b896161","isMergeCommit":false,"messageTitle":"Update README.md","messageBody":"","fileTypesAndContributionMap":{"md":{"insertions":3,"deletions":2}}}]}]},"authorFileTypeContributionMap":{"Demonshaha":{"java":876,"md":98,"fxml":0,"sh":0,"bat":0,"gradle":0,"txt":0}},"authorContributionVariance":{"Demonshaha":14278.211},"authorDisplayNameMap":{"Demonshaha":"CS2113-T11-2 ZHOU..NGXU"}}
