{"authorDailyContributionsMap":{"ibrahimisramos":[{"date":"2022-01-26","commitResults":[{"hash":"ee508707a6b66cfc35eb5d9004c9d65c19f91c6f","messageTitle":"Level-0: Greet","messageBody":"","tags":["Level-0"],"fileTypesAndContributionMap":{"java":{"insertions":3,"deletions":0}}},{"hash":"d876f2469163550f9d4e11b1a2ff3540a3b6238a","messageTitle":"Level-1: Greet","messageBody":"","fileTypesAndContributionMap":{"java":{"insertions":11,"deletions":1}}},{"hash":"89ef1fa53edbd53d873a05515e343a97a746b9d4","messageTitle":"Level-2","messageBody":"","fileTypesAndContributionMap":{"java":{"insertions":20,"deletions":1}}},{"hash":"3bab354191f83fdf3c85a0105c4bf8eb22707d5e","messageTitle":"Level-2","messageBody":"","tags":["Level-2"],"fileTypesAndContributionMap":{"java":{"insertions":63,"deletions":7}}},{"hash":"e190c7e4b345b3ed13de8eccbceeb2e9ac06639e","messageTitle":"Level-3: Mark as Done","messageBody":"","tags":["Level-3","Level-1"],"fileTypesAndContributionMap":{"java":{"insertions":3,"deletions":2}}}]},{"date":"2022-02-03","commitResults":[{"hash":"b428c06b4deddcb8fbb760ebb9c7ffaeb7bb4d63","messageTitle":"Level-4: ToDo, Event, Deadline","messageBody":"","tags":["A-CodingStandard"],"fileTypesAndContributionMap":{"java":{"insertions":182,"deletions":36}}},{"hash":"0db82b36792e327df56adb717c494a9596bc6ec2","messageTitle":"Level-4: ToDo, Event, Deadline","messageBody":"","tags":["Level-4"],"fileTypesAndContributionMap":{"java":{"insertions":48,"deletions":0}}},{"hash":"1185846c46def9b8c31852989ea5d967c475863b","messageTitle":"Level A-CodeQuality: Did SLAB and method abstraction as much as possible","messageBody":"","tags":["A-CodeQuality"],"fileTypesAndContributionMap":{"txt":{"insertions":9,"deletions":0},"java":{"insertions":60,"deletions":38}}}]},{"date":"2022-02-09","commitResults":[{"hash":"bd4c331fe94ae2987dec330c89c5df3cbe6876ba","messageTitle":"Adding Error Validation (but not complete) for invalid invalid input","messageBody":"","fileTypesAndContributionMap":{"java":{"insertions":99,"deletions":75}}},{"hash":"e244dca1e620263129b582e28085c1d94acf83d8","messageTitle":"Added NumberFormat Exception","messageBody":"","tags":["A-Exceptions"],"fileTypesAndContributionMap":{"java":{"insertions":2,"deletions":2}}},{"hash":"3cc36e533ef5d95e1a258f9ab86f7a5200f1e590","messageTitle":"removed numberformat exception","messageBody":"","fileTypesAndContributionMap":{"java":{"insertions":0,"deletions":2}}},{"hash":"238e3059168f3adc74d15b293f3a90e5d9b612b2","messageTitle":"Added error handling for adding different tasks(String Index Out of Bounds)","messageBody":"","tags":["A-Packages"],"fileTypesAndContributionMap":{"java":{"insertions":88,"deletions":45}}},{"hash":"44981a7785e6e3793f03904b0e0417747a439a58","messageTitle":"Changed packages","messageBody":"","fileTypesAndContributionMap":{"java":{"insertions":0,"deletions":3}}},{"hash":"5c72cd0eaaac7a63565e5b1fea3b568403ad5be0","messageTitle":"Improved code quality","messageBody":"","tags":["Level-7"],"fileTypesAndContributionMap":{"java":{"insertions":9,"deletions":11}}}]},{"date":"2022-02-15","commitResults":[{"hash":"7cdf7c1321fdc4ec0ad78b9b254940d68f222c8c","messageTitle":"Changed list to ArrayList to conform to new content in lecture","messageBody":"","fileTypesAndContributionMap":{"java":{"insertions":13,"deletions":10}}},{"hash":"2447a7c759cd049d067ff9713c0a89c08a6af80e","messageTitle":"Changed list to ArrayList to conform to new content in lecture Did up Delete function for level 6","messageBody":"","tags":["Level-6"],"fileTypesAndContributionMap":{"java":{"insertions":22,"deletions":7}}}]},{"date":"2022-02-16","commitResults":[{"hash":"3b2513302fc0875ea7779304d50cad1c453cab1e","messageTitle":"Added save function properly and retrieve from file","messageBody":"","fileTypesAndContributionMap":{"java":{"insertions":90,"deletions":5}}},{"hash":"8956c029af944fb9b15bc3c4dc8cf28a7b76649c","messageTitle":"Added save function properly and retrieve from file","messageBody":"","fileTypesAndContributionMap":{}}]},{"date":"2022-02-24","commitResults":[{"hash":"d20fb144c2377fd83f5762ff9b8fba4bc83ee3c3","messageTitle":"Made code more oop, added relevant classes as required","messageBody":"","tags":["A-MoreOOP"],"fileTypesAndContributionMap":{"txt":{"insertions":1,"deletions":1},"java":{"insertions":224,"deletions":157}}}]},{"date":"2022-02-25","commitResults":[{"hash":"728d37462874fc38b4ca45f1eb28d4b7b0649452","messageTitle":"Made Deadline by into Date Object","messageBody":"","tags":["Level-8"],"fileTypesAndContributionMap":{"txt":{"insertions":1,"deletions":0},"java":{"insertions":35,"deletions":17}}},{"hash":"72272f01c3ae3510f3217d6653b9bcabe8f3433d","messageTitle":"Added Find Command Functionality","messageBody":"","tags":["Level-9"],"fileTypesAndContributionMap":{"java":{"insertions":50,"deletions":22}}}]}]},"authorFileTypeContributionMap":{"ibrahimisramos":{"java":576,"md":0,"fxml":0,"sh":0,"bat":0,"gradle":0,"txt":10}},"authorContributionVariance":{"ibrahimisramos":9018.445},"authorDisplayNameMap":{"ibrahimisramos":"CS2113-T11-3 IBRA..ARUL"}}
