{"authorDailyContributionsMap":{"angyongming":[{"date":"2022-01-26","commitResults":[{"hash":"9ef082340e3910f2a1335ffa3da6546e72232506","messageTitle":"add message to greet user and exit","messageBody":"","fileTypesAndContributionMap":{"java":{"insertions":2,"deletions":1}}}]},{"date":"2022-01-28","commitResults":[{"hash":"a571204131088e6af3d66a53946ff70148af5a3a","messageTitle":"Implement Greet,Echo,Exit","messageBody":"","tags":["Level-1"],"fileTypesAndContributionMap":{"java":{"insertions":13,"deletions":1}}},{"hash":"5f12f60898d8462630b08fb5b19eb40561f0fb62","messageTitle":"Implement Add,List","messageBody":"","tags":["Level-2"],"fileTypesAndContributionMap":{"java":{"insertions":22,"deletions":1}}}]},{"date":"2022-01-30","commitResults":[{"hash":"8b5ea02c91a7928b8b8c9b8a584cef84a296e101","messageTitle":"Implement Mark as Done and Task Class","messageBody":"","tags":["Level-3"],"fileTypesAndContributionMap":{"java":{"insertions":41,"deletions":5}}},{"hash":"6025acaed7d59897d02c4d770e1370ced05db7df","messageTitle":"Follow coding standard","messageBody":"","tags":["A-CodingStandard"],"fileTypesAndContributionMap":{"java":{"insertions":48,"deletions":37}}}]},{"date":"2022-02-02","commitResults":[{"hash":"5381c518eb992653073b5af71dfb9c4831f5d04a","messageTitle":"Implement Todo, Event, Deadline with Inheritance","messageBody":"","tags":["Level-4"],"fileTypesAndContributionMap":{"java":{"insertions":68,"deletions":6}}}]}]},"authorFileTypeContributionMap":{"angyongming":{"java":145,"md":0,"fxml":0,"sh":0,"bat":0,"gradle":0,"txt":0}},"authorContributionVariance":{"angyongming":1050.6875},"authorDisplayNameMap":{"angyongming":"T11-3 ANG ..MING"}}
