{"authorDailyContributionsMap":{"DolphXty":[{"date":"2021-12-08","commitResults":[{"hash":"9738d0c7f143a5b348a605e21983d756b8f017cc","messageTitle":"delete task","messageBody":"","tags":["level-7","level-6","A-jar","A-Exceptions","A-Collections","A-CodingStandard"],"fileTypesAndContributionMap":{"java":{"insertions":34,"deletions":12}}}]},{"date":"2022-01-30","commitResults":[{"hash":"ce308dabd3609908b3e61ad2aea93476cb5d154e","messageTitle":"nice","messageBody":"","tags":["level-4","level-3","level-2","level-1","level-0","exceptions","A-coding-standard","A-codeQuality"],"fileTypesAndContributionMap":{"java":{"insertions":113,"deletions":30}}}]},{"date":"2022-02-08","commitResults":[{"hash":"d78943c1aa554553d802a3836f8b80f74e2c519a","messageTitle":"save and exception","messageBody":"","fileTypesAndContributionMap":{"java":{"insertions":90,"deletions":1}}},{"hash":"8fadbe8956bce38786304ac4fda5fd2ead5b12cc","messageTitle":"save and exception","messageBody":"","fileTypesAndContributionMap":{"java":{"insertions":10,"deletions":6}}}]},{"date":"2022-02-15","commitResults":[{"hash":"ea962f8bc50e2b49e82f590b704c883db93e9798","messageTitle":"delete task","messageBody":"","tags":["A-MoreOOP"],"fileTypesAndContributionMap":{"java":{"insertions":299,"deletions":0}}},{"hash":"e02b5df30c50c3b3f48370cdd6802578b5a3a4e4","messageTitle":"delete task","messageBody":"","tags":["Level-9","Level-8","A-UserGuide"],"fileTypesAndContributionMap":{"java":{"insertions":18,"deletions":9}}},{"hash":"d948258b5079f3782aa84e806b685080cc536a22","messageTitle":"delete task","messageBody":"","tags":["A-JavaDoc"],"fileTypesAndContributionMap":{"java":{"insertions":207,"deletions":27}}}]},{"date":"2024-08-30","commitResults":[{"hash":"d17c816b9dbe9d86dd9843638429584aba47588b","messageTitle":"nice","messageBody":"","fileTypesAndContributionMap":{"java":{"insertions":73,"deletions":1}}}]}]},"authorFileTypeContributionMap":{"DolphXty":{"java":759,"md":0,"fxml":0,"sh":0,"bat":0,"gradle":0,"txt":0}},"authorContributionVariance":{"DolphXty":0.93847656},"authorDisplayNameMap":{"DolphXty":"T11-2 XIA ..ANYI"}}
