{"authorDailyContributionsMap":{"kktai1512":[{"date":"2022-01-21","commitResults":[{"hash":"e1b96e264f551f9ef3547856bbd28250b8e42ae2","messageTitle":"add greeting","messageBody":"","tags":["Level-0"],"fileTypesAndContributionMap":{"java":{"insertions":7,"deletions":0}}}]},{"date":"2022-01-27","commitResults":[{"hash":"9a8829044c4258c9a986846cc1e43f4ade4fec2d","messageTitle":"refactored level_0","messageBody":"","fileTypesAndContributionMap":{"java":{"insertions":8,"deletions":6}}},{"hash":"f35f63daf2cf44011d2f5e7ece0aac955076e83a","messageTitle":"add greet echo exit, and abstracted out print with divider","messageBody":"","tags":["Level-1"],"fileTypesAndContributionMap":{"java":{"insertions":21,"deletions":7}}},{"hash":"ca00879d65eb6d39b555918601d6ca5e1429a831","messageTitle":"add list ability using arraylist","messageBody":"","tags":["Level-2"],"fileTypesAndContributionMap":{"java":{"insertions":27,"deletions":1}}},{"hash":"212f360b9a948822a6e367538f09870fabaea5ca","messageTitle":"add toggle complete","messageBody":"","tags":["Level-3","A-CodingStandard"],"fileTypesAndContributionMap":{"java":{"insertions":72,"deletions":11}}}]},{"date":"2022-02-02","commitResults":[{"hash":"47cce8f140de8138369674d7023fcdb318e5cccb","messageTitle":"add todo, deadline and event subclass (level 4)","messageBody":"","tags":["Level-4"],"fileTypesAndContributionMap":{"java":{"insertions":87,"deletions":9}}},{"hash":"85f8d739f8b9049f4602ad4cd5501566b6d5606d","messageTitle":"add automated testing","messageBody":"","tags":["A-TextUiTesting"],"fileTypesAndContributionMap":{"txt":{"insertions":9,"deletions":0}}},{"hash":"bebd84da358c0db128260d8d2546775965c89e54","messageTitle":"abstract run function from main, clean up code, fix event toString typo","messageBody":"","tags":["A-CodeQuality"],"fileTypesAndContributionMap":{"java":{"insertions":64,"deletions":68}}}]}]},"authorFileTypeContributionMap":{"kktai1512":{"java":185,"md":0,"fxml":0,"sh":0,"bat":0,"gradle":0,"txt":9}},"authorContributionVariance":{"kktai1512":3587.3274},"authorDisplayNameMap":{"kktai1512":"T09-3 TAI ..IANG"}}
