{"authorDailyContributionsMap":{"Musfirahe0556596":[{"date":"2022-01-24","commitResults":[{"hash":"4dc0317dcbe793a1b3106992dafd9f32707fc7fe","messageTitle":"Add increment Level-0","messageBody":"","tags":["Level-0"],"fileTypesAndContributionMap":{"java":{"insertions":18,"deletions":6}}},{"hash":"c986bcdfc918c0b965e3f55ac6f19ed07c20c59b","messageTitle":"Add increment Level-1","messageBody":"","tags":["Level-1"],"fileTypesAndContributionMap":{"java":{"insertions":15,"deletions":2}}}]},{"date":"2022-01-25","commitResults":[{"hash":"7394ea36005514f836fd021b0c933ad37414e244","messageTitle":"Add increment Level-2","messageBody":"","tags":["Level-2"],"fileTypesAndContributionMap":{"java":{"insertions":19,"deletions":5}}},{"hash":"ad22bdb46df03b3129d570a29e0251887d5f7c90","messageTitle":"Add increment Level-3","messageBody":"","tags":["Level-3"],"fileTypesAndContributionMap":{"java":{"insertions":27,"deletions":1}}},{"hash":"2bca67c9d977aa460f3bca92400dc38b819c14e9","messageTitle":"Add A-Classes","messageBody":"","tags":["A-Classes"],"fileTypesAndContributionMap":{"java":{"insertions":52,"deletions":17}}},{"hash":"4b16c2126b1dd4d8d19bee7df200fe2194da10a3","messageTitle":"Add A-CodingStandard","messageBody":"","tags":["A-CodingStandard"],"fileTypesAndContributionMap":{"java":{"insertions":28,"deletions":29}}}]},{"date":"2022-02-01","commitResults":[{"hash":"891f6f97ed56b511489e3327d5080cda3f85e443","messageTitle":"Add Level-4","messageBody":"","tags":["Level-4"],"fileTypesAndContributionMap":{"java":{"insertions":104,"deletions":17}}},{"hash":"d0b01a917ff0c219127b5b79c5f07afc5e32f928","messageTitle":"Add A-TextUiTesting","messageBody":"","tags":["A-TextUiTesting"],"fileTypesAndContributionMap":{"txt":{"insertions":28,"deletions":0}}},{"hash":"a3cce825cc7aaa28ac737171668f75ca97ab4e67","messageTitle":"Add increment A-CodeQuality","messageBody":"","tags":["A-CodeQuality"],"fileTypesAndContributionMap":{"java":{"insertions":102,"deletions":87}}}]},{"date":"2022-02-07","commitResults":[{"hash":"ecf6ecac2bbd7988cdd6e1eeba2b2f274f3c9441","messageTitle":"Improve code based on peer review","messageBody":"","fileTypesAndContributionMap":{"java":{"insertions":27,"deletions":25}}},{"hash":"911c9106b707917df7bbe51786e11a796b1f24fe","messageTitle":"Revert \"Improve code based on peer review\"","messageBody":"This reverts commit ecf6ecac2bbd7988cdd6e1eeba2b2f274f3c9441.\n","fileTypesAndContributionMap":{"java":{"insertions":25,"deletions":27}}},{"hash":"5e7f62f5b728dff696da98acb5dc159804bc7b96","messageTitle":"Revert \"Revert \"Improve code based on peer review\"\"","messageBody":"This reverts commit 911c9106b707917df7bbe51786e11a796b1f24fe.\n","fileTypesAndContributionMap":{"java":{"insertions":27,"deletions":25}}},{"hash":"56f1559b4f3f0807aee233f1ed527ff2595feb30","messageTitle":"Revert \"Revert \"Revert \"Improve code based on peer review\"\"\"","messageBody":"This reverts commit 5e7f62f5b728dff696da98acb5dc159804bc7b96.\n","fileTypesAndContributionMap":{"java":{"insertions":25,"deletions":27}}},{"hash":"12afbe121be06ceeebc06a8a1a43e9bf16dff65b","messageTitle":"Improve code based on peer review","messageBody":"","fileTypesAndContributionMap":{"java":{"insertions":16,"deletions":14}}},{"hash":"5417bb5a5444eaedc62b1f36fdaf0b96841579f2","messageTitle":"Add exception for empty description","messageBody":"","fileTypesAndContributionMap":{"java":{"insertions":45,"deletions":9}}},{"hash":"1696c339178fadd79fdad89a6e86e94f44d03a18","messageTitle":"Add exception for max task","messageBody":"","fileTypesAndContributionMap":{"java":{"insertions":29,"deletions":13}}}]},{"date":"2022-02-08","commitResults":[{"hash":"7a0be207d17da320b976667615a76623b9c1c05d","messageTitle":"Add number format exception","messageBody":"","fileTypesAndContributionMap":{"java":{"insertions":8,"deletions":5}}},{"hash":"4b309f87e7931d92d867dca47fe739ad9592c927","messageTitle":"Add exception for marking task out of range","messageBody":"","fileTypesAndContributionMap":{"java":{"insertions":19,"deletions":12}}},{"hash":"4e6b6b8f86a3c58693cebc69303fe662be3308ca","messageTitle":"Add exception for missing time separator","messageBody":"","fileTypesAndContributionMap":{"java":{"insertions":11,"deletions":1}}},{"hash":"672150c521877bb6d949af2ad0613e73d81e2689","messageTitle":"Modify test files for level-5 inputs","messageBody":"","fileTypesAndContributionMap":{"txt":{"insertions":8,"deletions":18}}},{"hash":"a44f619ba622d505bf23a0d4e60bd1187c5b6be3","messageTitle":"Divide classes into packages","messageBody":"","tags":["A-Packages"],"fileTypesAndContributionMap":{"java":{"insertions":27,"deletions":1},"bat":{"insertions":2,"deletions":2},"sh":{"insertions":2,"deletions":2}}},{"hash":"6e85b1c2c607a8f81632622ebc0212becf8c8a09","messageTitle":"Improve code quality after adding Level-5","messageBody":"","fileTypesAndContributionMap":{"java":{"insertions":145,"deletions":139}}}]},{"date":"2022-02-15","commitResults":[{"hash":"516b53fd0a2b7231995750aba00eb2468756ddbd","messageTitle":"Add increment A-Collections","messageBody":"","fileTypesAndContributionMap":{"java":{"insertions":14,"deletions":30}}},{"hash":"301445d4ef0c3f7defd2b26146da47fe8b172546","messageTitle":"Add increment Level-6","messageBody":"","fileTypesAndContributionMap":{"txt":{"insertions":7,"deletions":0},"java":{"insertions":35,"deletions":0}}},{"hash":"8751aaa4ac7066b0ccabee56b6e7849bf1bf6fac","messageTitle":"Add increment Level-7","messageBody":"","fileTypesAndContributionMap":{"java":{"insertions":208,"deletions":13}}}]},{"date":"2022-02-16","commitResults":[{"hash":"0fb5d66dc06f5132939c37052edcd13460b4e7a1","messageTitle":"Modify deleteTask method","messageBody":"Removed NumberFormat exception\n","fileTypesAndContributionMap":{"java":{"insertions":1,"deletions":1}}},{"hash":"dcfdf7d1ee21fe50ce9dbf5d9056f9f9b9f91e61","messageTitle":"Revert \"Modify deleteTask method\"","messageBody":"This reverts commit 0fb5d66dc06f5132939c37052edcd13460b4e7a1.\n","fileTypesAndContributionMap":{"java":{"insertions":1,"deletions":1}}},{"hash":"cd43e539c745c874bf805b5ff1ed7ea3bc24dbf4","messageTitle":"Revert \"Revert \"Modify deleteTask method\"\"","messageBody":"This reverts commit dcfdf7d1ee21fe50ce9dbf5d9056f9f9b9f91e61.\n","fileTypesAndContributionMap":{"java":{"insertions":1,"deletions":1}}},{"hash":"9de86b0513ee75ed85dc839d192fe07d53345a3f","messageTitle":"Modify deleteTask method","messageBody":"","fileTypesAndContributionMap":{"java":{"insertions":1,"deletions":1}}},{"hash":"277ddb9ef509c6012084160f77c6b5b866928689","messageTitle":"Modify deleteTask method","messageBody":"Removed NumberFormatException\n","fileTypesAndContributionMap":{"java":{"insertions":1,"deletions":1}}}]}]},"authorFileTypeContributionMap":{"Musfirahe0556596":{"java":549,"md":0,"fxml":0,"sh":2,"bat":2,"gradle":0,"txt":25}},"authorContributionVariance":{"Musfirahe0556596":12908.23},"authorDisplayNameMap":{"Musfirahe0556596":"T09-2 MUSF..AHIM"}}
