{"authorDailyContributionsMap":{"cristoforows":[{"date":"2022-01-27","commitResults":[{"hash":"51c7e496dbf5f2620cc204f3240a7dbd46951837","messageTitle":"Level 0. Greet","messageBody":"","tags":["Level-1"],"fileTypesAndContributionMap":{"java":{"insertions":10,"deletions":6}}}]},{"date":"2022-02-03","commitResults":[{"hash":"fa453ad34b66b489d7c45a175740d6ef390516ae","messageTitle":"the bot now talking back alr","messageBody":"","tags":["Level-2"],"fileTypesAndContributionMap":{"java":{"insertions":86,"deletions":5}}}]},{"date":"2022-02-04","commitResults":[{"hash":"67e74b857b8fc8fe2c2f1df6669ad7c51fc412ea","messageTitle":"level 4","messageBody":"","tags":["Level-4","Level-3","A-CodeQuality"],"fileTypesAndContributionMap":{"java":{"insertions":100,"deletions":29}}}]},{"date":"2022-02-10","commitResults":[{"hash":"103895791da09eda4318b0c31c4dd61b56fede75","messageTitle":"prettiered","messageBody":"","fileTypesAndContributionMap":{"java":{"insertions":67,"deletions":68}}},{"hash":"4a61021a7b62588444789eea313350baff9c38bc","messageTitle":"Update Duke.java","messageBody":"","fileTypesAndContributionMap":{"java":{"insertions":1,"deletions":0}}},{"hash":"8da2a8fa805e69f98d724fc697572bf4d03fc5f1","messageTitle":"level 5","messageBody":"","tags":["Level-5","A-Exceptions","A-Exception","A-CodingStandard"],"fileTypesAndContributionMap":{"java":{"insertions":92,"deletions":70}}}]},{"date":"2022-02-17","commitResults":[{"hash":"272db193512db8201d1f5c068efce489b58d9bdc","messageTitle":"add level 6","messageBody":"","fileTypesAndContributionMap":{"java":{"insertions":30,"deletions":19}}},{"hash":"488176a27945369cce7556ad7c99ada2ce3eb285","messageTitle":"add : level-7","messageBody":"","tags":["Level-7"],"fileTypesAndContributionMap":{"java":{"insertions":16,"deletions":0}}},{"hash":"2f5c530fce9053d170da5a410eea5fcdbcb3eb95","messageTitle":"merged branch 6 \u0026 branch 7","messageBody":"","fileTypesAndContributionMap":{"java":{"insertions":43,"deletions":7}}},{"hash":"ec2e388b52a0c39aea556fc0cb2c0e6c61fc37f9","messageTitle":"revised level-6 and level-7","messageBody":"","tags":["Level-6"],"fileTypesAndContributionMap":{"txt":{"insertions":3,"deletions":0},"java":{"insertions":20,"deletions":12}}}]},{"date":"2022-03-02","commitResults":[{"hash":"d0e3d548a022a9f8bfe0fffaeb25e0425f444ca1","messageTitle":"Added :A-Jar","messageBody":"","tags":["A-Jar"],"fileTypesAndContributionMap":{"txt":{"insertions":1,"deletions":0}}}]},{"date":"2022-03-04","commitResults":[{"hash":"81327285d444af4831555aa664b39766cf180e23","messageTitle":"added: A-MoreOOP","messageBody":"","tags":["A-MoreOOP"],"fileTypesAndContributionMap":{"txt":{"insertions":2,"deletions":0},"java":{"insertions":301,"deletions":190}}},{"hash":"2767dda52a7879dca1a71eaff63b2b8a18193991","messageTitle":"Added: level-9 Find","messageBody":"","fileTypesAndContributionMap":{"java":{"insertions":31,"deletions":11}}}]}]},"authorFileTypeContributionMap":{"cristoforows":{"java":387,"md":0,"fxml":0,"sh":0,"bat":0,"gradle":0,"txt":6}},"authorContributionVariance":{"cristoforows":7858.8},"authorDisplayNameMap":{"cristoforows":"CS2113-F12-1 WESL..ANTO"}}
