[{"path":"docs/README.md","fileType":"md","lines":[{"lineNumber":1,"author":{"gitId":"-"},"content":"# User Guide","lastModifiedDate":"2019-07-29"},{"lineNumber":2,"author":{"gitId":"-"},"content":"","lastModifiedDate":"2019-07-29"},{"lineNumber":3,"author":{"gitId":"cczhouqi"},"content":"Duke is a desktop app for managing tasks, optimized for use via a Command Line Interface (CLI).","lastModifiedDate":"2022-03-02"},{"lineNumber":4,"author":{"gitId":"cczhouqi"},"content":"","lastModifiedDate":"2022-03-02"},{"lineNumber":5,"author":{"gitId":"cczhouqi"},"content":"## Quick Start","lastModifiedDate":"2022-03-02"},{"lineNumber":6,"author":{"gitId":"cczhouqi"},"content":"","lastModifiedDate":"2022-03-02"},{"lineNumber":7,"author":{"gitId":"cczhouqi"},"content":"1. Ensure you have Java `11` or above installed in your Computer.","lastModifiedDate":"2022-03-02"},{"lineNumber":8,"author":{"gitId":"cczhouqi"},"content":"2. Download the latest duke.jar from [here](https://github.com/cczhouqi/ip/releases).","lastModifiedDate":"2022-03-02"},{"lineNumber":9,"author":{"gitId":"cczhouqi"},"content":"3. Copy the file to the folder you want to use as the home folder for your Duke.","lastModifiedDate":"2022-03-02"},{"lineNumber":10,"author":{"gitId":"cczhouqi"},"content":"4. Run the command `java -jar ip.jar` in the same folder as the jar file.","lastModifiedDate":"2022-03-02"},{"lineNumber":11,"author":{"gitId":"cczhouqi"},"content":"","lastModifiedDate":"2022-03-02"},{"lineNumber":12,"author":{"gitId":"-"},"content":"## Features ","lastModifiedDate":"2019-07-29"},{"lineNumber":13,"author":{"gitId":"-"},"content":"","lastModifiedDate":"2019-07-29"},{"lineNumber":14,"author":{"gitId":"cczhouqi"},"content":"### Add task","lastModifiedDate":"2022-03-02"},{"lineNumber":15,"author":{"gitId":"-"},"content":"","lastModifiedDate":"2021-07-17"},{"lineNumber":16,"author":{"gitId":"cczhouqi"},"content":"Add different type of tasks by using `todo`, `deadline`, and `event`.","lastModifiedDate":"2022-03-02"},{"lineNumber":17,"author":{"gitId":"-"},"content":"","lastModifiedDate":"2021-07-17"},{"lineNumber":18,"author":{"gitId":"cczhouqi"},"content":"### Delete task","lastModifiedDate":"2022-03-02"},{"lineNumber":19,"author":{"gitId":"-"},"content":"","lastModifiedDate":"2021-07-17"},{"lineNumber":20,"author":{"gitId":"cczhouqi"},"content":"Delete existing task by using `delete`","lastModifiedDate":"2022-03-02"},{"lineNumber":21,"author":{"gitId":"cczhouqi"},"content":"","lastModifiedDate":"2022-03-02"},{"lineNumber":22,"author":{"gitId":"cczhouqi"},"content":"### View task","lastModifiedDate":"2022-03-02"},{"lineNumber":23,"author":{"gitId":"cczhouqi"},"content":"","lastModifiedDate":"2022-03-02"},{"lineNumber":24,"author":{"gitId":"cczhouqi"},"content":"View existing tasks by using `list`","lastModifiedDate":"2022-03-02"},{"lineNumber":25,"author":{"gitId":"cczhouqi"},"content":"","lastModifiedDate":"2022-03-02"},{"lineNumber":26,"author":{"gitId":"cczhouqi"},"content":"### Find task","lastModifiedDate":"2022-03-02"},{"lineNumber":27,"author":{"gitId":"-"},"content":"","lastModifiedDate":"2022-03-02"},{"lineNumber":28,"author":{"gitId":"cczhouqi"},"content":"Search for tasks with a keyword by using `find`","lastModifiedDate":"2022-03-02"},{"lineNumber":29,"author":{"gitId":"-"},"content":"","lastModifiedDate":"2019-07-29"},{"lineNumber":30,"author":{"gitId":"cczhouqi"},"content":"### Mark task","lastModifiedDate":"2022-03-02"},{"lineNumber":31,"author":{"gitId":"-"},"content":"","lastModifiedDate":"2022-03-02"},{"lineNumber":32,"author":{"gitId":"cczhouqi"},"content":"Mark a task as finished/unfinished by using `mark` and `unmark`","lastModifiedDate":"2022-03-02"},{"lineNumber":33,"author":{"gitId":"-"},"content":"","lastModifiedDate":"2022-03-02"},{"lineNumber":34,"author":{"gitId":"-"},"content":"## Usage","lastModifiedDate":"2019-07-29"},{"lineNumber":35,"author":{"gitId":"-"},"content":"","lastModifiedDate":"2019-07-29"},{"lineNumber":36,"author":{"gitId":"cczhouqi"},"content":"### `list` - View current task list","lastModifiedDate":"2022-03-02"},{"lineNumber":37,"author":{"gitId":"cczhouqi"},"content":"","lastModifiedDate":"2022-03-02"},{"lineNumber":38,"author":{"gitId":"cczhouqi"},"content":"Example of usage:","lastModifiedDate":"2022-03-02"},{"lineNumber":39,"author":{"gitId":"cczhouqi"},"content":"","lastModifiedDate":"2022-03-02"},{"lineNumber":40,"author":{"gitId":"cczhouqi"},"content":"`list`","lastModifiedDate":"2022-03-02"},{"lineNumber":41,"author":{"gitId":"cczhouqi"},"content":"","lastModifiedDate":"2022-03-02"},{"lineNumber":42,"author":{"gitId":"cczhouqi"},"content":"Expected outcome:","lastModifiedDate":"2022-03-02"},{"lineNumber":43,"author":{"gitId":"cczhouqi"},"content":"The tasks you have in your current task list.","lastModifiedDate":"2022-03-02"},{"lineNumber":44,"author":{"gitId":"cczhouqi"},"content":"```","lastModifiedDate":"2022-03-02"},{"lineNumber":45,"author":{"gitId":"cczhouqi"},"content":"____________________________________________________________","lastModifiedDate":"2022-03-02"},{"lineNumber":46,"author":{"gitId":"cczhouqi"},"content":"Here are the tasks in your list:","lastModifiedDate":"2022-03-02"},{"lineNumber":47,"author":{"gitId":"cczhouqi"},"content":"1. [E][X] that event (at: this time)","lastModifiedDate":"2022-03-02"},{"lineNumber":48,"author":{"gitId":"cczhouqi"},"content":"2. [T][ ] something","lastModifiedDate":"2022-03-02"},{"lineNumber":49,"author":{"gitId":"cczhouqi"},"content":"3. [D][ ] java practice (by: Sep 1 2023)","lastModifiedDate":"2022-03-02"},{"lineNumber":50,"author":{"gitId":"cczhouqi"},"content":"Now you have 3 tasks in the list.","lastModifiedDate":"2022-03-02"},{"lineNumber":51,"author":{"gitId":"cczhouqi"},"content":"____________________________________________________________","lastModifiedDate":"2022-03-02"},{"lineNumber":52,"author":{"gitId":"cczhouqi"},"content":"```","lastModifiedDate":"2022-03-02"},{"lineNumber":53,"author":{"gitId":"cczhouqi"},"content":"","lastModifiedDate":"2022-03-02"},{"lineNumber":54,"author":{"gitId":"cczhouqi"},"content":"### `todo` - Add a Todo task","lastModifiedDate":"2022-03-02"},{"lineNumber":55,"author":{"gitId":"cczhouqi"},"content":"","lastModifiedDate":"2022-03-02"},{"lineNumber":56,"author":{"gitId":"cczhouqi"},"content":"Add a Todo task with description to the task list.","lastModifiedDate":"2022-03-02"},{"lineNumber":57,"author":{"gitId":"cczhouqi"},"content":"","lastModifiedDate":"2022-03-02"},{"lineNumber":58,"author":{"gitId":"cczhouqi"},"content":"Format: `todo DESCRIPTION`","lastModifiedDate":"2022-03-02"},{"lineNumber":59,"author":{"gitId":"cczhouqi"},"content":"","lastModifiedDate":"2022-03-02"},{"lineNumber":60,"author":{"gitId":"cczhouqi"},"content":"Example of usage:","lastModifiedDate":"2022-03-02"},{"lineNumber":61,"author":{"gitId":"cczhouqi"},"content":"","lastModifiedDate":"2022-03-02"},{"lineNumber":62,"author":{"gitId":"cczhouqi"},"content":"`todo CS2113 assignment`","lastModifiedDate":"2022-03-02"},{"lineNumber":63,"author":{"gitId":"cczhouqi"},"content":"","lastModifiedDate":"2022-03-02"},{"lineNumber":64,"author":{"gitId":"cczhouqi"},"content":"Expected outcome:","lastModifiedDate":"2022-03-02"},{"lineNumber":65,"author":{"gitId":"cczhouqi"},"content":"Message showing the task is added successfully.","lastModifiedDate":"2022-03-02"},{"lineNumber":66,"author":{"gitId":"cczhouqi"},"content":"```","lastModifiedDate":"2022-03-02"},{"lineNumber":67,"author":{"gitId":"cczhouqi"},"content":"____________________________________________________________","lastModifiedDate":"2022-03-02"},{"lineNumber":68,"author":{"gitId":"cczhouqi"},"content":"Got it. I\u0027ve added this task: ","lastModifiedDate":"2022-03-02"},{"lineNumber":69,"author":{"gitId":"cczhouqi"},"content":"[T][ ] CS2113 assignment","lastModifiedDate":"2022-03-02"},{"lineNumber":70,"author":{"gitId":"cczhouqi"},"content":"Now you have 4 tasks in the list.","lastModifiedDate":"2022-03-02"},{"lineNumber":71,"author":{"gitId":"cczhouqi"},"content":"____________________________________________________________","lastModifiedDate":"2022-03-02"},{"lineNumber":72,"author":{"gitId":"cczhouqi"},"content":"```","lastModifiedDate":"2022-03-02"},{"lineNumber":73,"author":{"gitId":"cczhouqi"},"content":"","lastModifiedDate":"2022-03-02"},{"lineNumber":74,"author":{"gitId":"cczhouqi"},"content":"### `event` - Add an Event","lastModifiedDate":"2022-03-02"},{"lineNumber":75,"author":{"gitId":"cczhouqi"},"content":"","lastModifiedDate":"2022-03-02"},{"lineNumber":76,"author":{"gitId":"cczhouqi"},"content":"Add an Event task with description and event time.","lastModifiedDate":"2022-03-02"},{"lineNumber":77,"author":{"gitId":"cczhouqi"},"content":"","lastModifiedDate":"2022-03-02"},{"lineNumber":78,"author":{"gitId":"cczhouqi"},"content":"Format: `event EVENTDESCRIPTION /at TIMEDESCRIPTION`","lastModifiedDate":"2022-03-02"},{"lineNumber":79,"author":{"gitId":"cczhouqi"},"content":"","lastModifiedDate":"2022-03-02"},{"lineNumber":80,"author":{"gitId":"cczhouqi"},"content":"Example of usage:","lastModifiedDate":"2022-03-02"},{"lineNumber":81,"author":{"gitId":"cczhouqi"},"content":"","lastModifiedDate":"2022-03-02"},{"lineNumber":82,"author":{"gitId":"cczhouqi"},"content":"`event CS2113 lecture /at this afternoon`","lastModifiedDate":"2022-03-02"},{"lineNumber":83,"author":{"gitId":"cczhouqi"},"content":"","lastModifiedDate":"2022-03-02"},{"lineNumber":84,"author":{"gitId":"cczhouqi"},"content":"Expected outcome:","lastModifiedDate":"2022-03-02"},{"lineNumber":85,"author":{"gitId":"cczhouqi"},"content":"Message showing the task is added successfully.","lastModifiedDate":"2022-03-02"},{"lineNumber":86,"author":{"gitId":"cczhouqi"},"content":"```","lastModifiedDate":"2022-03-02"},{"lineNumber":87,"author":{"gitId":"cczhouqi"},"content":"____________________________________________________________","lastModifiedDate":"2022-03-02"},{"lineNumber":88,"author":{"gitId":"cczhouqi"},"content":"Got it. I\u0027ve added this task: ","lastModifiedDate":"2022-03-02"},{"lineNumber":89,"author":{"gitId":"cczhouqi"},"content":"[E][ ] CS2113 lecture (at: this afternoon)","lastModifiedDate":"2022-03-02"},{"lineNumber":90,"author":{"gitId":"cczhouqi"},"content":"Now you have 5 tasks in the list.","lastModifiedDate":"2022-03-02"},{"lineNumber":91,"author":{"gitId":"cczhouqi"},"content":"____________________________________________________________","lastModifiedDate":"2022-03-02"},{"lineNumber":92,"author":{"gitId":"cczhouqi"},"content":"```","lastModifiedDate":"2022-03-02"},{"lineNumber":93,"author":{"gitId":"cczhouqi"},"content":"","lastModifiedDate":"2022-03-02"},{"lineNumber":94,"author":{"gitId":"cczhouqi"},"content":"### `deadline` - Add a deadline","lastModifiedDate":"2022-03-02"},{"lineNumber":95,"author":{"gitId":"cczhouqi"},"content":"","lastModifiedDate":"2022-03-02"},{"lineNumber":96,"author":{"gitId":"cczhouqi"},"content":"Add a deadline task with description and due date.","lastModifiedDate":"2022-03-02"},{"lineNumber":97,"author":{"gitId":"cczhouqi"},"content":"","lastModifiedDate":"2022-03-02"},{"lineNumber":98,"author":{"gitId":"cczhouqi"},"content":"Format: `deadline DESCRIPTION /by YYYY-MM-DD`","lastModifiedDate":"2022-03-02"},{"lineNumber":99,"author":{"gitId":"-"},"content":"","lastModifiedDate":"2022-03-02"},{"lineNumber":100,"author":{"gitId":"cczhouqi"},"content":"Example of usage:","lastModifiedDate":"2022-03-02"},{"lineNumber":101,"author":{"gitId":"-"},"content":"","lastModifiedDate":"2022-03-02"},{"lineNumber":102,"author":{"gitId":"cczhouqi"},"content":"`deadline CS2113 quiz /by 2022-3-5`","lastModifiedDate":"2022-03-02"},{"lineNumber":103,"author":{"gitId":"-"},"content":"","lastModifiedDate":"2019-07-29"},{"lineNumber":104,"author":{"gitId":"cczhouqi"},"content":"Expected outcome:","lastModifiedDate":"2022-03-02"},{"lineNumber":105,"author":{"gitId":"cczhouqi"},"content":"Message showing the task is added successfully.","lastModifiedDate":"2022-03-02"},{"lineNumber":106,"author":{"gitId":"cczhouqi"},"content":"```","lastModifiedDate":"2022-03-02"},{"lineNumber":107,"author":{"gitId":"cczhouqi"},"content":"____________________________________________________________","lastModifiedDate":"2022-03-02"},{"lineNumber":108,"author":{"gitId":"cczhouqi"},"content":"Got it. I\u0027ve added this task: ","lastModifiedDate":"2022-03-02"},{"lineNumber":109,"author":{"gitId":"cczhouqi"},"content":"[D][ ] CS2113 quiz (by: Mar 5 2022)","lastModifiedDate":"2022-03-02"},{"lineNumber":110,"author":{"gitId":"cczhouqi"},"content":"Now you have 6 tasks in the list.","lastModifiedDate":"2022-03-02"},{"lineNumber":111,"author":{"gitId":"cczhouqi"},"content":"____________________________________________________________","lastModifiedDate":"2022-03-02"},{"lineNumber":112,"author":{"gitId":"cczhouqi"},"content":"```","lastModifiedDate":"2022-03-02"},{"lineNumber":113,"author":{"gitId":"cczhouqi"},"content":"","lastModifiedDate":"2022-03-02"},{"lineNumber":114,"author":{"gitId":"cczhouqi"},"content":"### `mark` - Mark a task as done","lastModifiedDate":"2022-03-02"},{"lineNumber":115,"author":{"gitId":"cczhouqi"},"content":"","lastModifiedDate":"2022-03-02"},{"lineNumber":116,"author":{"gitId":"cczhouqi"},"content":"Mark the task with the given index as finished.","lastModifiedDate":"2022-03-02"},{"lineNumber":117,"author":{"gitId":"cczhouqi"},"content":"","lastModifiedDate":"2022-03-02"},{"lineNumber":118,"author":{"gitId":"cczhouqi"},"content":"Format: `mark INDEX`","lastModifiedDate":"2022-03-02"},{"lineNumber":119,"author":{"gitId":"-"},"content":"","lastModifiedDate":"2019-07-29"},{"lineNumber":120,"author":{"gitId":"-"},"content":"Example of usage:","lastModifiedDate":"2019-07-29"},{"lineNumber":121,"author":{"gitId":"-"},"content":"","lastModifiedDate":"2019-07-29"},{"lineNumber":122,"author":{"gitId":"cczhouqi"},"content":"`mark 6`","lastModifiedDate":"2022-03-02"},{"lineNumber":123,"author":{"gitId":"-"},"content":"","lastModifiedDate":"2019-07-29"},{"lineNumber":124,"author":{"gitId":"-"},"content":"Expected outcome:","lastModifiedDate":"2019-07-29"},{"lineNumber":125,"author":{"gitId":"cczhouqi"},"content":"Message showing the task is marked as done.","lastModifiedDate":"2022-03-02"},{"lineNumber":126,"author":{"gitId":"cczhouqi"},"content":"```","lastModifiedDate":"2022-03-02"},{"lineNumber":127,"author":{"gitId":"cczhouqi"},"content":"____________________________________________________________","lastModifiedDate":"2022-03-02"},{"lineNumber":128,"author":{"gitId":"cczhouqi"},"content":"Nice! I\u0027ve marked this task as done:","lastModifiedDate":"2022-03-02"},{"lineNumber":129,"author":{"gitId":"cczhouqi"},"content":"[D][X] CS2113 quiz (by: Mar 5 2022)","lastModifiedDate":"2022-03-02"},{"lineNumber":130,"author":{"gitId":"cczhouqi"},"content":"____________________________________________________________","lastModifiedDate":"2022-03-02"},{"lineNumber":131,"author":{"gitId":"cczhouqi"},"content":"```","lastModifiedDate":"2022-03-02"},{"lineNumber":132,"author":{"gitId":"cczhouqi"},"content":"","lastModifiedDate":"2022-03-02"},{"lineNumber":133,"author":{"gitId":"cczhouqi"},"content":"### `unmark` - Mark a task as not done yet","lastModifiedDate":"2022-03-02"},{"lineNumber":134,"author":{"gitId":"cczhouqi"},"content":"","lastModifiedDate":"2022-03-02"},{"lineNumber":135,"author":{"gitId":"cczhouqi"},"content":"Mark the task with the given index as not finished.","lastModifiedDate":"2022-03-02"},{"lineNumber":136,"author":{"gitId":"-"},"content":"","lastModifiedDate":"2019-07-29"},{"lineNumber":137,"author":{"gitId":"cczhouqi"},"content":"Format: `unmark INDEX`","lastModifiedDate":"2022-03-02"},{"lineNumber":138,"author":{"gitId":"-"},"content":"","lastModifiedDate":"2021-07-17"},{"lineNumber":139,"author":{"gitId":"cczhouqi"},"content":"Example of usage:","lastModifiedDate":"2022-03-02"},{"lineNumber":140,"author":{"gitId":"cczhouqi"},"content":"","lastModifiedDate":"2022-03-02"},{"lineNumber":141,"author":{"gitId":"cczhouqi"},"content":"`unmark 6`","lastModifiedDate":"2022-03-02"},{"lineNumber":142,"author":{"gitId":"cczhouqi"},"content":"","lastModifiedDate":"2022-03-02"},{"lineNumber":143,"author":{"gitId":"cczhouqi"},"content":"Expected outcome:","lastModifiedDate":"2022-03-02"},{"lineNumber":144,"author":{"gitId":"cczhouqi"},"content":"Message showing the task is marked as not done yet.","lastModifiedDate":"2022-03-02"},{"lineNumber":145,"author":{"gitId":"-"},"content":"```","lastModifiedDate":"2021-07-17"},{"lineNumber":146,"author":{"gitId":"cczhouqi"},"content":"____________________________________________________________","lastModifiedDate":"2022-03-02"},{"lineNumber":147,"author":{"gitId":"cczhouqi"},"content":"OK, I\u0027ve marked this task as not done yet:","lastModifiedDate":"2022-03-02"},{"lineNumber":148,"author":{"gitId":"cczhouqi"},"content":"[D][ ] CS2113 quiz (by: Mar 5 2022)","lastModifiedDate":"2022-03-02"},{"lineNumber":149,"author":{"gitId":"cczhouqi"},"content":"____________________________________________________________","lastModifiedDate":"2022-03-02"},{"lineNumber":150,"author":{"gitId":"-"},"content":"```","lastModifiedDate":"2021-07-17"},{"lineNumber":151,"author":{"gitId":"cczhouqi"},"content":"","lastModifiedDate":"2022-03-02"},{"lineNumber":152,"author":{"gitId":"cczhouqi"},"content":"### `find` - Find tasks with keyword","lastModifiedDate":"2022-03-02"},{"lineNumber":153,"author":{"gitId":"cczhouqi"},"content":"","lastModifiedDate":"2022-03-02"},{"lineNumber":154,"author":{"gitId":"cczhouqi"},"content":"Find tasks by searching for a keyword.","lastModifiedDate":"2022-03-02"},{"lineNumber":155,"author":{"gitId":"cczhouqi"},"content":"","lastModifiedDate":"2022-03-02"},{"lineNumber":156,"author":{"gitId":"cczhouqi"},"content":"Format: `find KEYWORD`","lastModifiedDate":"2022-03-02"},{"lineNumber":157,"author":{"gitId":"cczhouqi"},"content":"","lastModifiedDate":"2022-03-02"},{"lineNumber":158,"author":{"gitId":"cczhouqi"},"content":"Example of usage:","lastModifiedDate":"2022-03-02"},{"lineNumber":159,"author":{"gitId":"cczhouqi"},"content":"","lastModifiedDate":"2022-03-02"},{"lineNumber":160,"author":{"gitId":"cczhouqi"},"content":"`find 2113`","lastModifiedDate":"2022-03-02"},{"lineNumber":161,"author":{"gitId":"-"},"content":"","lastModifiedDate":"2022-03-02"},{"lineNumber":162,"author":{"gitId":"-"},"content":"Expected outcome:","lastModifiedDate":"2022-03-02"},{"lineNumber":163,"author":{"gitId":"cczhouqi"},"content":"The list of matching tasks in current task list.","lastModifiedDate":"2022-03-02"},{"lineNumber":164,"author":{"gitId":"cczhouqi"},"content":"```","lastModifiedDate":"2022-03-02"},{"lineNumber":165,"author":{"gitId":"cczhouqi"},"content":"____________________________________________________________","lastModifiedDate":"2022-03-02"},{"lineNumber":166,"author":{"gitId":"cczhouqi"},"content":"Here are the matching tasks in your list:","lastModifiedDate":"2022-03-02"},{"lineNumber":167,"author":{"gitId":"cczhouqi"},"content":"[T][ ] CS2113 assignment","lastModifiedDate":"2022-03-02"},{"lineNumber":168,"author":{"gitId":"cczhouqi"},"content":"[E][ ] CS2113 lecture (at: this afternoon)","lastModifiedDate":"2022-03-02"},{"lineNumber":169,"author":{"gitId":"cczhouqi"},"content":"[D][ ] CS2113 quiz (by: Mar 5 2022)","lastModifiedDate":"2022-03-02"},{"lineNumber":170,"author":{"gitId":"cczhouqi"},"content":"____________________________________________________________","lastModifiedDate":"2022-03-02"},{"lineNumber":171,"author":{"gitId":"cczhouqi"},"content":"```","lastModifiedDate":"2022-03-02"},{"lineNumber":172,"author":{"gitId":"cczhouqi"},"content":"","lastModifiedDate":"2022-03-02"},{"lineNumber":173,"author":{"gitId":"cczhouqi"},"content":"### `delete` - Delete a task","lastModifiedDate":"2022-03-02"},{"lineNumber":174,"author":{"gitId":"cczhouqi"},"content":"","lastModifiedDate":"2022-03-02"},{"lineNumber":175,"author":{"gitId":"cczhouqi"},"content":"Delete the task with the given index.","lastModifiedDate":"2022-03-02"},{"lineNumber":176,"author":{"gitId":"cczhouqi"},"content":"","lastModifiedDate":"2022-03-02"},{"lineNumber":177,"author":{"gitId":"cczhouqi"},"content":"Format: `delete INDEX`","lastModifiedDate":"2022-03-02"},{"lineNumber":178,"author":{"gitId":"cczhouqi"},"content":"","lastModifiedDate":"2022-03-02"},{"lineNumber":179,"author":{"gitId":"cczhouqi"},"content":"Example of usage:","lastModifiedDate":"2022-03-02"},{"lineNumber":180,"author":{"gitId":"-"},"content":"","lastModifiedDate":"2022-03-02"},{"lineNumber":181,"author":{"gitId":"cczhouqi"},"content":"`delete 3`","lastModifiedDate":"2022-03-02"},{"lineNumber":182,"author":{"gitId":"-"},"content":"","lastModifiedDate":"2022-03-02"},{"lineNumber":183,"author":{"gitId":"cczhouqi"},"content":"Expected outcome:","lastModifiedDate":"2022-03-02"},{"lineNumber":184,"author":{"gitId":"cczhouqi"},"content":"Message showing the task is deleted successfully.","lastModifiedDate":"2022-03-02"},{"lineNumber":185,"author":{"gitId":"-"},"content":"```","lastModifiedDate":"2022-03-02"},{"lineNumber":186,"author":{"gitId":"cczhouqi"},"content":"____________________________________________________________","lastModifiedDate":"2022-03-02"},{"lineNumber":187,"author":{"gitId":"cczhouqi"},"content":"Noted. I\u0027ve removed this task:","lastModifiedDate":"2022-03-02"},{"lineNumber":188,"author":{"gitId":"cczhouqi"},"content":"[T][ ] something","lastModifiedDate":"2022-03-02"},{"lineNumber":189,"author":{"gitId":"cczhouqi"},"content":"Now you have 5 tasks in the list.","lastModifiedDate":"2022-03-02"},{"lineNumber":190,"author":{"gitId":"cczhouqi"},"content":"____________________________________________________________","lastModifiedDate":"2022-03-02"},{"lineNumber":191,"author":{"gitId":"-"},"content":"```","lastModifiedDate":"2022-03-02"},{"lineNumber":192,"author":{"gitId":"cczhouqi"},"content":"","lastModifiedDate":"2022-03-02"},{"lineNumber":193,"author":{"gitId":"cczhouqi"},"content":"### `bye` - Exit","lastModifiedDate":"2022-03-02"},{"lineNumber":194,"author":{"gitId":"cczhouqi"},"content":"","lastModifiedDate":"2022-03-02"},{"lineNumber":195,"author":{"gitId":"cczhouqi"},"content":"Exit the program.","lastModifiedDate":"2022-03-02"},{"lineNumber":196,"author":{"gitId":"cczhouqi"},"content":"","lastModifiedDate":"2022-03-02"},{"lineNumber":197,"author":{"gitId":"cczhouqi"},"content":"Format: `bye`","lastModifiedDate":"2022-03-02"}],"authorContributionMap":{"cczhouqi":166,"-":31}},{"path":"src/main/java/duke/Duke.java","fileType":"java","lines":[{"lineNumber":1,"author":{"gitId":"cczhouqi"},"content":"package duke;","lastModifiedDate":"2022-02-09"},{"lineNumber":2,"author":{"gitId":"cczhouqi"},"content":"","lastModifiedDate":"2022-02-09"},{"lineNumber":3,"author":{"gitId":"cczhouqi"},"content":"import java.io.FileNotFoundException;","lastModifiedDate":"2022-02-20"},{"lineNumber":4,"author":{"gitId":"cczhouqi"},"content":"import java.text.ParseException;","lastModifiedDate":"2022-02-26"},{"lineNumber":5,"author":{"gitId":"cczhouqi"},"content":"","lastModifiedDate":"2022-01-27"},{"lineNumber":6,"author":{"gitId":"-"},"content":"public class Duke {","lastModifiedDate":"2019-07-29"},{"lineNumber":7,"author":{"gitId":"cczhouqi"},"content":"    private final TaskList tasks;","lastModifiedDate":"2022-02-21"},{"lineNumber":8,"author":{"gitId":"cczhouqi"},"content":"    private final Ui ui;","lastModifiedDate":"2022-02-21"},{"lineNumber":9,"author":{"gitId":"cczhouqi"},"content":"","lastModifiedDate":"2022-02-02"},{"lineNumber":10,"author":{"gitId":"cczhouqi"},"content":"    public Duke() {","lastModifiedDate":"2022-02-21"},{"lineNumber":11,"author":{"gitId":"cczhouqi"},"content":"        tasks \u003d new TaskList();","lastModifiedDate":"2022-02-21"},{"lineNumber":12,"author":{"gitId":"cczhouqi"},"content":"        ui \u003d new Ui();","lastModifiedDate":"2022-02-21"},{"lineNumber":13,"author":{"gitId":"cczhouqi"},"content":"","lastModifiedDate":"2022-02-02"},{"lineNumber":14,"author":{"gitId":"cczhouqi"},"content":"        try {","lastModifiedDate":"2022-02-09"},{"lineNumber":15,"author":{"gitId":"cczhouqi"},"content":"            Storage.readToList(tasks);","lastModifiedDate":"2022-02-21"},{"lineNumber":16,"author":{"gitId":"cczhouqi"},"content":"        } catch (FileNotFoundException e) {","lastModifiedDate":"2022-02-21"},{"lineNumber":17,"author":{"gitId":"cczhouqi"},"content":"            System.out.println(\"Hmm...I think I need to create a new data file.\");","lastModifiedDate":"2022-03-02"},{"lineNumber":18,"author":{"gitId":"cczhouqi"},"content":"        } catch (ParseException e) {","lastModifiedDate":"2022-02-26"},{"lineNumber":19,"author":{"gitId":"cczhouqi"},"content":"            System.out.println(\"Hmm...There\u0027s something wrong with Deadlines in your data file.\");","lastModifiedDate":"2022-02-26"},{"lineNumber":20,"author":{"gitId":"cczhouqi"},"content":"        }","lastModifiedDate":"2022-02-09"},{"lineNumber":21,"author":{"gitId":"cczhouqi"},"content":"    }","lastModifiedDate":"2022-02-02"},{"lineNumber":22,"author":{"gitId":"cczhouqi"},"content":"","lastModifiedDate":"2022-02-02"},{"lineNumber":23,"author":{"gitId":"cczhouqi"},"content":"    // Runs the Duke program from start","lastModifiedDate":"2022-03-03"},{"lineNumber":24,"author":{"gitId":"cczhouqi"},"content":"    public void run() {","lastModifiedDate":"2022-02-21"},{"lineNumber":25,"author":{"gitId":"cczhouqi"},"content":"        Storage dataFile \u003d new Storage();","lastModifiedDate":"2022-02-21"},{"lineNumber":26,"author":{"gitId":"cczhouqi"},"content":"        ui.sayHello();","lastModifiedDate":"2022-02-21"},{"lineNumber":27,"author":{"gitId":"cczhouqi"},"content":"","lastModifiedDate":"2022-02-20"},{"lineNumber":28,"author":{"gitId":"cczhouqi"},"content":"        ui.interact(tasks);","lastModifiedDate":"2022-02-21"},{"lineNumber":29,"author":{"gitId":"cczhouqi"},"content":"","lastModifiedDate":"2022-02-16"},{"lineNumber":30,"author":{"gitId":"cczhouqi"},"content":"        Storage.writeData(dataFile, tasks);","lastModifiedDate":"2022-02-21"},{"lineNumber":31,"author":{"gitId":"cczhouqi"},"content":"        ui.sayGoodbye();","lastModifiedDate":"2022-02-21"},{"lineNumber":32,"author":{"gitId":"cczhouqi"},"content":"    }","lastModifiedDate":"2022-02-09"},{"lineNumber":33,"author":{"gitId":"cczhouqi"},"content":"","lastModifiedDate":"2022-02-09"},{"lineNumber":34,"author":{"gitId":"cczhouqi"},"content":"    public static void main(String[] args) {","lastModifiedDate":"2022-02-09"},{"lineNumber":35,"author":{"gitId":"cczhouqi"},"content":"        new Duke().run();","lastModifiedDate":"2022-02-21"},{"lineNumber":36,"author":{"gitId":"cczhouqi"},"content":"    }","lastModifiedDate":"2022-02-20"},{"lineNumber":37,"author":{"gitId":"cczhouqi"},"content":"","lastModifiedDate":"2022-02-20"},{"lineNumber":38,"author":{"gitId":"-"},"content":"}","lastModifiedDate":"2019-07-29"}],"authorContributionMap":{"cczhouqi":36,"-":2}},{"path":"src/main/java/duke/Parser.java","fileType":"java","lines":[{"lineNumber":1,"author":{"gitId":"cczhouqi"},"content":"package duke;","lastModifiedDate":"2022-02-21"},{"lineNumber":2,"author":{"gitId":"cczhouqi"},"content":"","lastModifiedDate":"2022-02-21"},{"lineNumber":3,"author":{"gitId":"cczhouqi"},"content":"import duke.exceptions.*;","lastModifiedDate":"2022-02-21"},{"lineNumber":4,"author":{"gitId":"cczhouqi"},"content":"","lastModifiedDate":"2022-02-21"},{"lineNumber":5,"author":{"gitId":"cczhouqi"},"content":"import java.time.format.DateTimeParseException;","lastModifiedDate":"2022-02-26"},{"lineNumber":6,"author":{"gitId":"cczhouqi"},"content":"","lastModifiedDate":"2022-02-26"},{"lineNumber":7,"author":{"gitId":"cczhouqi"},"content":"public class Parser {","lastModifiedDate":"2022-02-21"},{"lineNumber":8,"author":{"gitId":"cczhouqi"},"content":"    public static String boundary \u003d \"____________________________________________________________\" + System.lineSeparator();","lastModifiedDate":"2022-02-21"},{"lineNumber":9,"author":{"gitId":"cczhouqi"},"content":"","lastModifiedDate":"2022-02-21"},{"lineNumber":10,"author":{"gitId":"cczhouqi"},"content":"    /* Reports error to user if he/she did not put task description.","lastModifiedDate":"2022-03-03"},{"lineNumber":11,"author":{"gitId":"cczhouqi"},"content":"     *","lastModifiedDate":"2022-03-03"},{"lineNumber":12,"author":{"gitId":"cczhouqi"},"content":"     * @param request The request by user.","lastModifiedDate":"2022-02-26"},{"lineNumber":13,"author":{"gitId":"cczhouqi"},"content":"     * @throws TaskEmptyException If user request only contains task type but no task description.","lastModifiedDate":"2022-02-26"},{"lineNumber":14,"author":{"gitId":"cczhouqi"},"content":"     */","lastModifiedDate":"2022-02-26"},{"lineNumber":15,"author":{"gitId":"cczhouqi"},"content":"    public void checkDescription(String request) throws TaskEmptyException {","lastModifiedDate":"2022-02-21"},{"lineNumber":16,"author":{"gitId":"cczhouqi"},"content":"        if (request.toLowerCase().endsWith(\"deadline\") ||","lastModifiedDate":"2022-02-21"},{"lineNumber":17,"author":{"gitId":"cczhouqi"},"content":"                    request.toLowerCase().endsWith(\"event\") ||","lastModifiedDate":"2022-02-21"},{"lineNumber":18,"author":{"gitId":"cczhouqi"},"content":"                    request.toLowerCase().endsWith(\"todo\")) {","lastModifiedDate":"2022-02-21"},{"lineNumber":19,"author":{"gitId":"cczhouqi"},"content":"            throw new TaskEmptyException();","lastModifiedDate":"2022-02-21"},{"lineNumber":20,"author":{"gitId":"cczhouqi"},"content":"        }","lastModifiedDate":"2022-02-21"},{"lineNumber":21,"author":{"gitId":"cczhouqi"},"content":"    }","lastModifiedDate":"2022-02-21"},{"lineNumber":22,"author":{"gitId":"cczhouqi"},"content":"","lastModifiedDate":"2022-02-21"},{"lineNumber":23,"author":{"gitId":"cczhouqi"},"content":"    /* Reports error if the user did not give an index of task to delete.","lastModifiedDate":"2022-03-03"},{"lineNumber":24,"author":{"gitId":"cczhouqi"},"content":"     *","lastModifiedDate":"2022-03-03"},{"lineNumber":25,"author":{"gitId":"cczhouqi"},"content":"     * @param request The request by user.","lastModifiedDate":"2022-02-26"},{"lineNumber":26,"author":{"gitId":"cczhouqi"},"content":"     * @throws DeleteIndexException If user request only contains \"delete\" but no index.","lastModifiedDate":"2022-02-26"},{"lineNumber":27,"author":{"gitId":"cczhouqi"},"content":"     */","lastModifiedDate":"2022-02-26"},{"lineNumber":28,"author":{"gitId":"cczhouqi"},"content":"    public void checkDeleteIndex(String request) throws DeleteIndexException {","lastModifiedDate":"2022-02-21"},{"lineNumber":29,"author":{"gitId":"cczhouqi"},"content":"        if (request.toLowerCase().endsWith(\"delete\")) {","lastModifiedDate":"2022-02-21"},{"lineNumber":30,"author":{"gitId":"cczhouqi"},"content":"            throw new DeleteIndexException();","lastModifiedDate":"2022-02-21"},{"lineNumber":31,"author":{"gitId":"cczhouqi"},"content":"        }","lastModifiedDate":"2022-02-21"},{"lineNumber":32,"author":{"gitId":"cczhouqi"},"content":"    }","lastModifiedDate":"2022-02-21"},{"lineNumber":33,"author":{"gitId":"cczhouqi"},"content":"","lastModifiedDate":"2022-02-21"},{"lineNumber":34,"author":{"gitId":"cczhouqi"},"content":"    /* Reports error if the user did not give a keyword to search.","lastModifiedDate":"2022-03-03"},{"lineNumber":35,"author":{"gitId":"cczhouqi"},"content":"     *","lastModifiedDate":"2022-03-03"},{"lineNumber":36,"author":{"gitId":"cczhouqi"},"content":"     * @param request The request by user.","lastModifiedDate":"2022-02-26"},{"lineNumber":37,"author":{"gitId":"cczhouqi"},"content":"     * @throws FindKeywordException If user request only contains \"find\" but no keyword.","lastModifiedDate":"2022-02-26"},{"lineNumber":38,"author":{"gitId":"cczhouqi"},"content":"     */","lastModifiedDate":"2022-02-26"},{"lineNumber":39,"author":{"gitId":"cczhouqi"},"content":"    public void checkFindKeyword (String request) throws FindKeywordException {","lastModifiedDate":"2022-02-26"},{"lineNumber":40,"author":{"gitId":"cczhouqi"},"content":"        if (request.toLowerCase().endsWith(\"find\")) {","lastModifiedDate":"2022-02-26"},{"lineNumber":41,"author":{"gitId":"cczhouqi"},"content":"            throw new FindKeywordException();","lastModifiedDate":"2022-02-26"},{"lineNumber":42,"author":{"gitId":"cczhouqi"},"content":"        }","lastModifiedDate":"2022-02-26"},{"lineNumber":43,"author":{"gitId":"cczhouqi"},"content":"    }","lastModifiedDate":"2022-02-26"},{"lineNumber":44,"author":{"gitId":"cczhouqi"},"content":"","lastModifiedDate":"2022-02-26"},{"lineNumber":45,"author":{"gitId":"cczhouqi"},"content":"    // Tries adding a task and print error message when user\u0027s add request is not in correct format","lastModifiedDate":"2022-03-03"},{"lineNumber":46,"author":{"gitId":"cczhouqi"},"content":"    public void tryAddTask(TaskList tasks, String request) {","lastModifiedDate":"2022-02-21"},{"lineNumber":47,"author":{"gitId":"cczhouqi"},"content":"        try {","lastModifiedDate":"2022-02-21"},{"lineNumber":48,"author":{"gitId":"cczhouqi"},"content":"            checkDescription(request);","lastModifiedDate":"2022-02-21"},{"lineNumber":49,"author":{"gitId":"cczhouqi"},"content":"            tasks.addTask(request.trim());","lastModifiedDate":"2022-02-21"},{"lineNumber":50,"author":{"gitId":"cczhouqi"},"content":"        } catch (GeneralException e) {","lastModifiedDate":"2022-02-21"},{"lineNumber":51,"author":{"gitId":"cczhouqi"},"content":"            System.out.print(boundary + \"Hmm...I\u0027m sorry but I cannot understand this :(\"","lastModifiedDate":"2022-02-21"},{"lineNumber":52,"author":{"gitId":"cczhouqi"},"content":"                                     + System.lineSeparator() + boundary);","lastModifiedDate":"2022-02-21"},{"lineNumber":53,"author":{"gitId":"cczhouqi"},"content":"        } catch (TaskEmptyException e) {","lastModifiedDate":"2022-02-21"},{"lineNumber":54,"author":{"gitId":"cczhouqi"},"content":"            System.out.print(boundary + \"Hmm...hi dear, remember to put in your task description~\"","lastModifiedDate":"2022-02-21"},{"lineNumber":55,"author":{"gitId":"cczhouqi"},"content":"                                     + System.lineSeparator() + boundary);","lastModifiedDate":"2022-02-21"},{"lineNumber":56,"author":{"gitId":"cczhouqi"},"content":"        } catch (DeadlineFormatException e) {","lastModifiedDate":"2022-02-21"},{"lineNumber":57,"author":{"gitId":"cczhouqi"},"content":"            System.out.print(boundary + \"Hmm...hi dear, when do u want to finish this by?\"","lastModifiedDate":"2022-02-21"},{"lineNumber":58,"author":{"gitId":"cczhouqi"},"content":"                                     + System.lineSeparator() + boundary);","lastModifiedDate":"2022-02-21"},{"lineNumber":59,"author":{"gitId":"cczhouqi"},"content":"        } catch (DateTimeParseException e) {","lastModifiedDate":"2022-02-26"},{"lineNumber":60,"author":{"gitId":"cczhouqi"},"content":"            System.out.print(boundary + \"Hmm...hi dear, please input your Deadline in \\\"deadline DESCRIPTION /by yyyy-mm-dd\\\" format\"","lastModifiedDate":"2022-03-02"},{"lineNumber":61,"author":{"gitId":"cczhouqi"},"content":"                                     + System.lineSeparator() + boundary);","lastModifiedDate":"2022-02-26"},{"lineNumber":62,"author":{"gitId":"cczhouqi"},"content":"        } catch (EventFormatException e) {","lastModifiedDate":"2022-02-21"},{"lineNumber":63,"author":{"gitId":"cczhouqi"},"content":"            System.out.print(boundary + \"Hmm...hi dear, when is this event happening?\"","lastModifiedDate":"2022-02-21"},{"lineNumber":64,"author":{"gitId":"cczhouqi"},"content":"                                     + System.lineSeparator() + boundary);","lastModifiedDate":"2022-02-21"},{"lineNumber":65,"author":{"gitId":"cczhouqi"},"content":"        }","lastModifiedDate":"2022-02-21"},{"lineNumber":66,"author":{"gitId":"cczhouqi"},"content":"    }","lastModifiedDate":"2022-02-21"},{"lineNumber":67,"author":{"gitId":"cczhouqi"},"content":"","lastModifiedDate":"2022-02-21"},{"lineNumber":68,"author":{"gitId":"cczhouqi"},"content":"    // Tries deleting a task and print error message when user\u0027s delete request is not in correct format","lastModifiedDate":"2022-03-03"},{"lineNumber":69,"author":{"gitId":"cczhouqi"},"content":"    public void tryDeleteTask(TaskList tasks, String request) {","lastModifiedDate":"2022-02-21"},{"lineNumber":70,"author":{"gitId":"cczhouqi"},"content":"        try {","lastModifiedDate":"2022-02-21"},{"lineNumber":71,"author":{"gitId":"cczhouqi"},"content":"            checkDeleteIndex(request);","lastModifiedDate":"2022-02-21"},{"lineNumber":72,"author":{"gitId":"cczhouqi"},"content":"            tasks.deleteTask(Integer.parseInt(request.substring(7)) - 1);","lastModifiedDate":"2022-02-21"},{"lineNumber":73,"author":{"gitId":"cczhouqi"},"content":"        } catch (DeleteIndexException e) {","lastModifiedDate":"2022-02-21"},{"lineNumber":74,"author":{"gitId":"cczhouqi"},"content":"            System.out.print(boundary + \"Hmm...hi dear, which task do you want to delete?\"","lastModifiedDate":"2022-02-21"},{"lineNumber":75,"author":{"gitId":"cczhouqi"},"content":"                                     + System.lineSeparator() + boundary);","lastModifiedDate":"2022-02-21"},{"lineNumber":76,"author":{"gitId":"cczhouqi"},"content":"        }","lastModifiedDate":"2022-02-21"},{"lineNumber":77,"author":{"gitId":"cczhouqi"},"content":"    }","lastModifiedDate":"2022-02-21"},{"lineNumber":78,"author":{"gitId":"cczhouqi"},"content":"","lastModifiedDate":"2022-02-21"},{"lineNumber":79,"author":{"gitId":"cczhouqi"},"content":"    // Tries finding a task and print error message when user\u0027s find request is not in correct format","lastModifiedDate":"2022-03-03"},{"lineNumber":80,"author":{"gitId":"cczhouqi"},"content":"    public void tryFindTask(TaskList tasks, String request) {","lastModifiedDate":"2022-02-26"},{"lineNumber":81,"author":{"gitId":"cczhouqi"},"content":"        try {","lastModifiedDate":"2022-02-26"},{"lineNumber":82,"author":{"gitId":"cczhouqi"},"content":"            checkFindKeyword(request);","lastModifiedDate":"2022-02-26"},{"lineNumber":83,"author":{"gitId":"cczhouqi"},"content":"            tasks.findTask(request.substring(5));","lastModifiedDate":"2022-02-26"},{"lineNumber":84,"author":{"gitId":"cczhouqi"},"content":"        } catch (FindKeywordException e) {","lastModifiedDate":"2022-02-26"},{"lineNumber":85,"author":{"gitId":"cczhouqi"},"content":"            System.out.print(boundary + \"Hmm...hi dear, please give me a keyword to search.\"","lastModifiedDate":"2022-02-26"},{"lineNumber":86,"author":{"gitId":"cczhouqi"},"content":"                                     + System.lineSeparator() + boundary);","lastModifiedDate":"2022-02-26"},{"lineNumber":87,"author":{"gitId":"cczhouqi"},"content":"        }","lastModifiedDate":"2022-02-26"},{"lineNumber":88,"author":{"gitId":"cczhouqi"},"content":"    }","lastModifiedDate":"2022-02-26"},{"lineNumber":89,"author":{"gitId":"cczhouqi"},"content":"}","lastModifiedDate":"2022-02-21"}],"authorContributionMap":{"cczhouqi":89}},{"path":"src/main/java/duke/Storage.java","fileType":"java","lines":[{"lineNumber":1,"author":{"gitId":"cczhouqi"},"content":"package duke;","lastModifiedDate":"2022-02-21"},{"lineNumber":2,"author":{"gitId":"cczhouqi"},"content":"","lastModifiedDate":"2022-02-21"},{"lineNumber":3,"author":{"gitId":"cczhouqi"},"content":"import java.io.File;","lastModifiedDate":"2022-02-21"},{"lineNumber":4,"author":{"gitId":"cczhouqi"},"content":"import java.io.FileNotFoundException;","lastModifiedDate":"2022-02-21"},{"lineNumber":5,"author":{"gitId":"cczhouqi"},"content":"import java.io.FileWriter;","lastModifiedDate":"2022-02-21"},{"lineNumber":6,"author":{"gitId":"cczhouqi"},"content":"import java.io.IOException;","lastModifiedDate":"2022-02-21"},{"lineNumber":7,"author":{"gitId":"cczhouqi"},"content":"import java.nio.file.Files;","lastModifiedDate":"2022-02-21"},{"lineNumber":8,"author":{"gitId":"cczhouqi"},"content":"import java.nio.file.Paths;","lastModifiedDate":"2022-02-21"},{"lineNumber":9,"author":{"gitId":"cczhouqi"},"content":"import java.text.ParseException;","lastModifiedDate":"2022-02-26"},{"lineNumber":10,"author":{"gitId":"cczhouqi"},"content":"import java.time.LocalDate;","lastModifiedDate":"2022-02-26"},{"lineNumber":11,"author":{"gitId":"cczhouqi"},"content":"import java.time.format.DateTimeFormatter;","lastModifiedDate":"2022-02-26"},{"lineNumber":12,"author":{"gitId":"cczhouqi"},"content":"import java.util.Locale;","lastModifiedDate":"2022-03-02"},{"lineNumber":13,"author":{"gitId":"cczhouqi"},"content":"import java.util.Scanner;","lastModifiedDate":"2022-02-21"},{"lineNumber":14,"author":{"gitId":"cczhouqi"},"content":"","lastModifiedDate":"2022-02-21"},{"lineNumber":15,"author":{"gitId":"cczhouqi"},"content":"public class Storage {","lastModifiedDate":"2022-02-21"},{"lineNumber":16,"author":{"gitId":"cczhouqi"},"content":"    public static String boundary \u003d \"____________________________________________________________\" + System.lineSeparator();","lastModifiedDate":"2022-02-21"},{"lineNumber":17,"author":{"gitId":"cczhouqi"},"content":"","lastModifiedDate":"2022-02-21"},{"lineNumber":18,"author":{"gitId":"cczhouqi"},"content":"    // Creates data directory and dukeData.txt if they don\u0027t exist.","lastModifiedDate":"2022-03-03"},{"lineNumber":19,"author":{"gitId":"cczhouqi"},"content":"    public Storage() {","lastModifiedDate":"2022-02-21"},{"lineNumber":20,"author":{"gitId":"cczhouqi"},"content":"        File dataDirectory \u003d new File(\"./data\");","lastModifiedDate":"2022-02-21"},{"lineNumber":21,"author":{"gitId":"cczhouqi"},"content":"        if (!dataDirectory.exists()) {","lastModifiedDate":"2022-02-21"},{"lineNumber":22,"author":{"gitId":"cczhouqi"},"content":"            try {","lastModifiedDate":"2022-02-21"},{"lineNumber":23,"author":{"gitId":"cczhouqi"},"content":"                Files.createDirectory(Paths.get(\"./data\"));","lastModifiedDate":"2022-02-21"},{"lineNumber":24,"author":{"gitId":"cczhouqi"},"content":"            } catch (IOException e) {","lastModifiedDate":"2022-02-21"},{"lineNumber":25,"author":{"gitId":"cczhouqi"},"content":"                System.out.println(\"Hmm...I cannot create the data directory.\");","lastModifiedDate":"2022-02-21"},{"lineNumber":26,"author":{"gitId":"cczhouqi"},"content":"            }","lastModifiedDate":"2022-02-21"},{"lineNumber":27,"author":{"gitId":"cczhouqi"},"content":"        }","lastModifiedDate":"2022-02-21"},{"lineNumber":28,"author":{"gitId":"cczhouqi"},"content":"","lastModifiedDate":"2022-02-21"},{"lineNumber":29,"author":{"gitId":"cczhouqi"},"content":"        File dukeData \u003d new File(\"./data/dukeData.txt\");","lastModifiedDate":"2022-02-21"},{"lineNumber":30,"author":{"gitId":"cczhouqi"},"content":"        try {","lastModifiedDate":"2022-02-21"},{"lineNumber":31,"author":{"gitId":"cczhouqi"},"content":"            if (dukeData.createNewFile()) {","lastModifiedDate":"2022-02-21"},{"lineNumber":32,"author":{"gitId":"cczhouqi"},"content":"                System.out.println(\"Creating a new data file...\");","lastModifiedDate":"2022-02-21"},{"lineNumber":33,"author":{"gitId":"cczhouqi"},"content":"            }","lastModifiedDate":"2022-02-21"},{"lineNumber":34,"author":{"gitId":"cczhouqi"},"content":"        } catch (IOException e) {","lastModifiedDate":"2022-02-21"},{"lineNumber":35,"author":{"gitId":"cczhouqi"},"content":"            System.out.println(\"Hmm... I cannot create the data file.\");","lastModifiedDate":"2022-02-21"},{"lineNumber":36,"author":{"gitId":"cczhouqi"},"content":"        }","lastModifiedDate":"2022-02-21"},{"lineNumber":37,"author":{"gitId":"cczhouqi"},"content":"    }","lastModifiedDate":"2022-02-21"},{"lineNumber":38,"author":{"gitId":"cczhouqi"},"content":"","lastModifiedDate":"2022-02-21"},{"lineNumber":39,"author":{"gitId":"cczhouqi"},"content":"    /* Writes the given string to dukeData.txt.","lastModifiedDate":"2022-03-03"},{"lineNumber":40,"author":{"gitId":"cczhouqi"},"content":"     *","lastModifiedDate":"2022-03-03"},{"lineNumber":41,"author":{"gitId":"cczhouqi"},"content":"     * @param textToWrite The String to be written into the file.","lastModifiedDate":"2022-02-26"},{"lineNumber":42,"author":{"gitId":"cczhouqi"},"content":"     * @throws IOException","lastModifiedDate":"2022-02-26"},{"lineNumber":43,"author":{"gitId":"cczhouqi"},"content":"     */","lastModifiedDate":"2022-02-26"},{"lineNumber":44,"author":{"gitId":"cczhouqi"},"content":"    public void writeToFile(String textToWrite) throws IOException {","lastModifiedDate":"2022-02-21"},{"lineNumber":45,"author":{"gitId":"cczhouqi"},"content":"        FileWriter fw \u003d new FileWriter(\"./data/dukeData.txt\"); // create a FileWriter in append mode","lastModifiedDate":"2022-02-21"},{"lineNumber":46,"author":{"gitId":"cczhouqi"},"content":"        fw.write(textToWrite);","lastModifiedDate":"2022-02-21"},{"lineNumber":47,"author":{"gitId":"cczhouqi"},"content":"        fw.close();","lastModifiedDate":"2022-02-21"},{"lineNumber":48,"author":{"gitId":"cczhouqi"},"content":"    }","lastModifiedDate":"2022-02-21"},{"lineNumber":49,"author":{"gitId":"cczhouqi"},"content":"","lastModifiedDate":"2022-02-21"},{"lineNumber":50,"author":{"gitId":"cczhouqi"},"content":"    /* Adds existing tasks from data file to the given task list.","lastModifiedDate":"2022-03-03"},{"lineNumber":51,"author":{"gitId":"cczhouqi"},"content":"     *","lastModifiedDate":"2022-03-03"},{"lineNumber":52,"author":{"gitId":"cczhouqi"},"content":"     * @param tasks The task list to be written to.","lastModifiedDate":"2022-02-26"},{"lineNumber":53,"author":{"gitId":"cczhouqi"},"content":"     * @throws FileNotFoundException If the data file cannot be found.","lastModifiedDate":"2022-02-26"},{"lineNumber":54,"author":{"gitId":"cczhouqi"},"content":"     */","lastModifiedDate":"2022-02-26"},{"lineNumber":55,"author":{"gitId":"cczhouqi"},"content":"    public static void readToList(TaskList tasks) throws FileNotFoundException, ParseException {","lastModifiedDate":"2022-02-26"},{"lineNumber":56,"author":{"gitId":"cczhouqi"},"content":"        File f \u003d new File(\"./data/dukeData.txt\");","lastModifiedDate":"2022-02-21"},{"lineNumber":57,"author":{"gitId":"cczhouqi"},"content":"        Scanner s \u003d new Scanner(f);","lastModifiedDate":"2022-02-21"},{"lineNumber":58,"author":{"gitId":"cczhouqi"},"content":"        while (s.hasNext()) {","lastModifiedDate":"2022-02-21"},{"lineNumber":59,"author":{"gitId":"cczhouqi"},"content":"            String currentLine \u003d s.nextLine();","lastModifiedDate":"2022-02-21"},{"lineNumber":60,"author":{"gitId":"cczhouqi"},"content":"            switch (currentLine.charAt(1)) {","lastModifiedDate":"2022-02-21"},{"lineNumber":61,"author":{"gitId":"cczhouqi"},"content":"            case \u0027T\u0027:","lastModifiedDate":"2022-02-21"},{"lineNumber":62,"author":{"gitId":"cczhouqi"},"content":"                tasks.addTodo(currentLine.substring(7));","lastModifiedDate":"2022-02-21"},{"lineNumber":63,"author":{"gitId":"cczhouqi"},"content":"                break;","lastModifiedDate":"2022-02-21"},{"lineNumber":64,"author":{"gitId":"cczhouqi"},"content":"            case \u0027D\u0027:","lastModifiedDate":"2022-02-21"},{"lineNumber":65,"author":{"gitId":"cczhouqi"},"content":"                int byIndex \u003d currentLine.indexOf(\"(\");","lastModifiedDate":"2022-02-21"},{"lineNumber":66,"author":{"gitId":"cczhouqi"},"content":"                String by \u003d currentLine.substring(byIndex + 5, currentLine.length() - 1);","lastModifiedDate":"2022-02-21"},{"lineNumber":67,"author":{"gitId":"cczhouqi"},"content":"                final DateTimeFormatter formatter \u003d DateTimeFormatter.ofPattern(\"MMM dd yyyy\", Locale.ENGLISH);","lastModifiedDate":"2022-03-02"},{"lineNumber":68,"author":{"gitId":"cczhouqi"},"content":"                tasks.addDeadline(currentLine.substring(7, byIndex - 1), String.valueOf(LocalDate.parse(by, formatter)));","lastModifiedDate":"2022-02-26"},{"lineNumber":69,"author":{"gitId":"cczhouqi"},"content":"                break;","lastModifiedDate":"2022-02-21"},{"lineNumber":70,"author":{"gitId":"cczhouqi"},"content":"            case \u0027E\u0027:","lastModifiedDate":"2022-02-21"},{"lineNumber":71,"author":{"gitId":"cczhouqi"},"content":"                int atIndex \u003d currentLine.indexOf(\"(\");","lastModifiedDate":"2022-02-21"},{"lineNumber":72,"author":{"gitId":"cczhouqi"},"content":"                String at \u003d currentLine.substring(atIndex + 5, currentLine.length() - 1);","lastModifiedDate":"2022-02-21"},{"lineNumber":73,"author":{"gitId":"cczhouqi"},"content":"                tasks.addEvent(currentLine.substring(7, atIndex - 1), at);","lastModifiedDate":"2022-02-21"},{"lineNumber":74,"author":{"gitId":"cczhouqi"},"content":"                break;","lastModifiedDate":"2022-02-21"},{"lineNumber":75,"author":{"gitId":"cczhouqi"},"content":"            default:","lastModifiedDate":"2022-02-21"},{"lineNumber":76,"author":{"gitId":"cczhouqi"},"content":"            }","lastModifiedDate":"2022-02-21"},{"lineNumber":77,"author":{"gitId":"cczhouqi"},"content":"            if (currentLine.charAt(4) \u003d\u003d \u0027X\u0027) {","lastModifiedDate":"2022-02-21"},{"lineNumber":78,"author":{"gitId":"cczhouqi"},"content":"                tasks.getTask(tasks.countTask).markDone();","lastModifiedDate":"2022-02-21"},{"lineNumber":79,"author":{"gitId":"cczhouqi"},"content":"            }","lastModifiedDate":"2022-02-21"},{"lineNumber":80,"author":{"gitId":"cczhouqi"},"content":"            tasks.countTask +\u003d 1;","lastModifiedDate":"2022-02-21"},{"lineNumber":81,"author":{"gitId":"cczhouqi"},"content":"        }","lastModifiedDate":"2022-02-21"},{"lineNumber":82,"author":{"gitId":"cczhouqi"},"content":"    }","lastModifiedDate":"2022-02-21"},{"lineNumber":83,"author":{"gitId":"cczhouqi"},"content":"","lastModifiedDate":"2022-02-21"},{"lineNumber":84,"author":{"gitId":"cczhouqi"},"content":"    /* Writes the tasks to the given file.","lastModifiedDate":"2022-03-03"},{"lineNumber":85,"author":{"gitId":"cczhouqi"},"content":"     *","lastModifiedDate":"2022-03-03"},{"lineNumber":86,"author":{"gitId":"cczhouqi"},"content":"     * @param dataFile The data file to be written to.","lastModifiedDate":"2022-02-26"},{"lineNumber":87,"author":{"gitId":"cczhouqi"},"content":"     * @param tasks The task list that is read from.","lastModifiedDate":"2022-02-26"},{"lineNumber":88,"author":{"gitId":"cczhouqi"},"content":"     */","lastModifiedDate":"2022-02-26"},{"lineNumber":89,"author":{"gitId":"cczhouqi"},"content":"    public static void writeData(Storage dataFile, TaskList tasks) {","lastModifiedDate":"2022-02-21"},{"lineNumber":90,"author":{"gitId":"cczhouqi"},"content":"        StringBuilder toWrite \u003d new StringBuilder();","lastModifiedDate":"2022-02-21"},{"lineNumber":91,"author":{"gitId":"cczhouqi"},"content":"        for (int i \u003d 0; i \u003c tasks.countTask; i++) {","lastModifiedDate":"2022-02-21"},{"lineNumber":92,"author":{"gitId":"cczhouqi"},"content":"            toWrite.append(tasks.getTask(i)).append(System.lineSeparator());","lastModifiedDate":"2022-02-21"},{"lineNumber":93,"author":{"gitId":"cczhouqi"},"content":"        }","lastModifiedDate":"2022-02-21"},{"lineNumber":94,"author":{"gitId":"cczhouqi"},"content":"","lastModifiedDate":"2022-02-21"},{"lineNumber":95,"author":{"gitId":"cczhouqi"},"content":"        try {","lastModifiedDate":"2022-02-21"},{"lineNumber":96,"author":{"gitId":"cczhouqi"},"content":"            dataFile.writeToFile(toWrite.toString());","lastModifiedDate":"2022-02-21"},{"lineNumber":97,"author":{"gitId":"cczhouqi"},"content":"        } catch (IOException e) {","lastModifiedDate":"2022-02-21"},{"lineNumber":98,"author":{"gitId":"cczhouqi"},"content":"            System.out.print(boundary + \"Hmm...I cannot write to the data file.\"","lastModifiedDate":"2022-02-21"},{"lineNumber":99,"author":{"gitId":"cczhouqi"},"content":"                                     + System.lineSeparator() + boundary);","lastModifiedDate":"2022-02-21"},{"lineNumber":100,"author":{"gitId":"cczhouqi"},"content":"        }","lastModifiedDate":"2022-02-21"},{"lineNumber":101,"author":{"gitId":"cczhouqi"},"content":"    }","lastModifiedDate":"2022-02-21"},{"lineNumber":102,"author":{"gitId":"cczhouqi"},"content":"}","lastModifiedDate":"2022-02-21"}],"authorContributionMap":{"cczhouqi":102}},{"path":"src/main/java/duke/TaskList.java","fileType":"java","lines":[{"lineNumber":1,"author":{"gitId":"cczhouqi"},"content":"package duke;","lastModifiedDate":"2022-02-21"},{"lineNumber":2,"author":{"gitId":"cczhouqi"},"content":"","lastModifiedDate":"2022-02-21"},{"lineNumber":3,"author":{"gitId":"cczhouqi"},"content":"import duke.exceptions.DeadlineFormatException;","lastModifiedDate":"2022-02-21"},{"lineNumber":4,"author":{"gitId":"cczhouqi"},"content":"import duke.exceptions.EventFormatException;","lastModifiedDate":"2022-02-21"},{"lineNumber":5,"author":{"gitId":"cczhouqi"},"content":"import duke.exceptions.GeneralException;","lastModifiedDate":"2022-02-21"},{"lineNumber":6,"author":{"gitId":"cczhouqi"},"content":"import duke.exceptions.TaskEmptyException;","lastModifiedDate":"2022-02-21"},{"lineNumber":7,"author":{"gitId":"cczhouqi"},"content":"import duke.task.Deadline;","lastModifiedDate":"2022-02-21"},{"lineNumber":8,"author":{"gitId":"cczhouqi"},"content":"import duke.task.Event;","lastModifiedDate":"2022-02-21"},{"lineNumber":9,"author":{"gitId":"cczhouqi"},"content":"import duke.task.Task;","lastModifiedDate":"2022-02-21"},{"lineNumber":10,"author":{"gitId":"cczhouqi"},"content":"import duke.task.Todo;","lastModifiedDate":"2022-02-21"},{"lineNumber":11,"author":{"gitId":"cczhouqi"},"content":"","lastModifiedDate":"2022-02-21"},{"lineNumber":12,"author":{"gitId":"cczhouqi"},"content":"import java.util.ArrayList;","lastModifiedDate":"2022-02-21"},{"lineNumber":13,"author":{"gitId":"cczhouqi"},"content":"","lastModifiedDate":"2022-02-21"},{"lineNumber":14,"author":{"gitId":"cczhouqi"},"content":"public class TaskList {","lastModifiedDate":"2022-02-21"},{"lineNumber":15,"author":{"gitId":"cczhouqi"},"content":"    public static String boundary \u003d \"____________________________________________________________\" + System.lineSeparator();","lastModifiedDate":"2022-02-21"},{"lineNumber":16,"author":{"gitId":"cczhouqi"},"content":"    protected ArrayList\u003cTask\u003e taskList \u003d new ArrayList\u003c\u003e();","lastModifiedDate":"2022-02-21"},{"lineNumber":17,"author":{"gitId":"cczhouqi"},"content":"    protected int countTask;","lastModifiedDate":"2022-02-21"},{"lineNumber":18,"author":{"gitId":"cczhouqi"},"content":"","lastModifiedDate":"2022-02-21"},{"lineNumber":19,"author":{"gitId":"cczhouqi"},"content":"    public TaskList() {","lastModifiedDate":"2022-02-21"},{"lineNumber":20,"author":{"gitId":"cczhouqi"},"content":"        countTask \u003d 0;","lastModifiedDate":"2022-02-21"},{"lineNumber":21,"author":{"gitId":"cczhouqi"},"content":"    }","lastModifiedDate":"2022-02-21"},{"lineNumber":22,"author":{"gitId":"cczhouqi"},"content":"","lastModifiedDate":"2022-02-21"},{"lineNumber":23,"author":{"gitId":"cczhouqi"},"content":"    /* Gets the task of the given index.","lastModifiedDate":"2022-03-03"},{"lineNumber":24,"author":{"gitId":"cczhouqi"},"content":"     *","lastModifiedDate":"2022-03-03"},{"lineNumber":25,"author":{"gitId":"cczhouqi"},"content":"     * @param index The index of the task to be returned.","lastModifiedDate":"2022-02-26"},{"lineNumber":26,"author":{"gitId":"cczhouqi"},"content":"     * @return The task of the index requested.","lastModifiedDate":"2022-02-26"},{"lineNumber":27,"author":{"gitId":"cczhouqi"},"content":"     */","lastModifiedDate":"2022-02-26"},{"lineNumber":28,"author":{"gitId":"cczhouqi"},"content":"    public Task getTask(int index) {","lastModifiedDate":"2022-02-21"},{"lineNumber":29,"author":{"gitId":"cczhouqi"},"content":"        return taskList.get(index);","lastModifiedDate":"2022-02-21"},{"lineNumber":30,"author":{"gitId":"cczhouqi"},"content":"    }","lastModifiedDate":"2022-02-21"},{"lineNumber":31,"author":{"gitId":"cczhouqi"},"content":"","lastModifiedDate":"2022-02-21"},{"lineNumber":32,"author":{"gitId":"cczhouqi"},"content":"    /* Adds the given task into the task list.","lastModifiedDate":"2022-03-03"},{"lineNumber":33,"author":{"gitId":"cczhouqi"},"content":"     *","lastModifiedDate":"2022-03-03"},{"lineNumber":34,"author":{"gitId":"cczhouqi"},"content":"     * @param request The input request given by user.","lastModifiedDate":"2022-02-26"},{"lineNumber":35,"author":{"gitId":"cczhouqi"},"content":"     */","lastModifiedDate":"2022-02-26"},{"lineNumber":36,"author":{"gitId":"cczhouqi"},"content":"    public void addTask(String request) throws GeneralException,","lastModifiedDate":"2022-02-21"},{"lineNumber":37,"author":{"gitId":"cczhouqi"},"content":"                                                              TaskEmptyException, DeadlineFormatException, EventFormatException {","lastModifiedDate":"2022-02-21"},{"lineNumber":38,"author":{"gitId":"cczhouqi"},"content":"        if (request.toLowerCase().startsWith(\"deadline\")) {","lastModifiedDate":"2022-02-21"},{"lineNumber":39,"author":{"gitId":"cczhouqi"},"content":"            if ((!request.contains(\"/by\"))) {","lastModifiedDate":"2022-02-21"},{"lineNumber":40,"author":{"gitId":"cczhouqi"},"content":"                throw new DeadlineFormatException();","lastModifiedDate":"2022-02-21"},{"lineNumber":41,"author":{"gitId":"cczhouqi"},"content":"            } else if (request.substring(9, (request.indexOf(\"/by\"))).trim().equals(\"\")) {","lastModifiedDate":"2022-02-21"},{"lineNumber":42,"author":{"gitId":"cczhouqi"},"content":"                throw new TaskEmptyException();","lastModifiedDate":"2022-02-21"},{"lineNumber":43,"author":{"gitId":"cczhouqi"},"content":"            }","lastModifiedDate":"2022-02-21"},{"lineNumber":44,"author":{"gitId":"cczhouqi"},"content":"            int byPosition \u003d request.indexOf(\"/\");","lastModifiedDate":"2022-02-21"},{"lineNumber":45,"author":{"gitId":"cczhouqi"},"content":"            taskList.add(new Deadline(request.substring(9, byPosition - 1), request.substring(byPosition + 4)));","lastModifiedDate":"2022-02-21"},{"lineNumber":46,"author":{"gitId":"cczhouqi"},"content":"        } else if (request.toLowerCase().startsWith(\"event\")) {","lastModifiedDate":"2022-02-21"},{"lineNumber":47,"author":{"gitId":"cczhouqi"},"content":"            if (!request.contains(\"/at\")) {","lastModifiedDate":"2022-02-21"},{"lineNumber":48,"author":{"gitId":"cczhouqi"},"content":"                throw new EventFormatException();","lastModifiedDate":"2022-02-21"},{"lineNumber":49,"author":{"gitId":"cczhouqi"},"content":"            } else if (request.substring(6, (request.indexOf(\"/at\"))).trim().equals(\"\")) {","lastModifiedDate":"2022-02-21"},{"lineNumber":50,"author":{"gitId":"cczhouqi"},"content":"                throw new TaskEmptyException();","lastModifiedDate":"2022-02-21"},{"lineNumber":51,"author":{"gitId":"cczhouqi"},"content":"            }","lastModifiedDate":"2022-02-21"},{"lineNumber":52,"author":{"gitId":"cczhouqi"},"content":"            int atPosition \u003d request.indexOf(\"/\");","lastModifiedDate":"2022-02-21"},{"lineNumber":53,"author":{"gitId":"cczhouqi"},"content":"            taskList.add(new Event(request.substring(6, atPosition - 1), request.substring(atPosition + 4)));","lastModifiedDate":"2022-02-21"},{"lineNumber":54,"author":{"gitId":"cczhouqi"},"content":"        } else if (request.toLowerCase().startsWith(\"todo\")) {","lastModifiedDate":"2022-02-21"},{"lineNumber":55,"author":{"gitId":"cczhouqi"},"content":"            taskList.add(new Todo(request.substring(5)));","lastModifiedDate":"2022-02-21"},{"lineNumber":56,"author":{"gitId":"cczhouqi"},"content":"        } else {","lastModifiedDate":"2022-02-21"},{"lineNumber":57,"author":{"gitId":"cczhouqi"},"content":"            throw new GeneralException();","lastModifiedDate":"2022-02-21"},{"lineNumber":58,"author":{"gitId":"cczhouqi"},"content":"        }","lastModifiedDate":"2022-02-21"},{"lineNumber":59,"author":{"gitId":"cczhouqi"},"content":"","lastModifiedDate":"2022-02-21"},{"lineNumber":60,"author":{"gitId":"cczhouqi"},"content":"        countTask++;","lastModifiedDate":"2022-02-21"},{"lineNumber":61,"author":{"gitId":"cczhouqi"},"content":"","lastModifiedDate":"2022-02-21"},{"lineNumber":62,"author":{"gitId":"cczhouqi"},"content":"        System.out.println(boundary + \"Got it. I\u0027ve added this task: \" + System.lineSeparator() + taskList.get(countTask - 1));","lastModifiedDate":"2022-02-21"},{"lineNumber":63,"author":{"gitId":"cczhouqi"},"content":"        System.out.print(\"Now you have \" + countTask + \" tasks in the list.\"+ System.lineSeparator() + boundary);","lastModifiedDate":"2022-02-21"},{"lineNumber":64,"author":{"gitId":"cczhouqi"},"content":"    }","lastModifiedDate":"2022-02-21"},{"lineNumber":65,"author":{"gitId":"cczhouqi"},"content":"","lastModifiedDate":"2022-02-21"},{"lineNumber":66,"author":{"gitId":"cczhouqi"},"content":"    public void addTodo(String description) {","lastModifiedDate":"2022-02-21"},{"lineNumber":67,"author":{"gitId":"cczhouqi"},"content":"        taskList.add(new Todo(description));","lastModifiedDate":"2022-02-21"},{"lineNumber":68,"author":{"gitId":"cczhouqi"},"content":"    }","lastModifiedDate":"2022-02-21"},{"lineNumber":69,"author":{"gitId":"cczhouqi"},"content":"","lastModifiedDate":"2022-02-21"},{"lineNumber":70,"author":{"gitId":"cczhouqi"},"content":"    public void addDeadline(String description, String by) {","lastModifiedDate":"2022-02-21"},{"lineNumber":71,"author":{"gitId":"cczhouqi"},"content":"        taskList.add(new Deadline(description, by));","lastModifiedDate":"2022-02-21"},{"lineNumber":72,"author":{"gitId":"cczhouqi"},"content":"    }","lastModifiedDate":"2022-02-21"},{"lineNumber":73,"author":{"gitId":"cczhouqi"},"content":"","lastModifiedDate":"2022-02-21"},{"lineNumber":74,"author":{"gitId":"cczhouqi"},"content":"    public void addEvent(String description, String at) {","lastModifiedDate":"2022-02-21"},{"lineNumber":75,"author":{"gitId":"cczhouqi"},"content":"        taskList.add(new Event(description, at));","lastModifiedDate":"2022-02-21"},{"lineNumber":76,"author":{"gitId":"cczhouqi"},"content":"    }","lastModifiedDate":"2022-02-21"},{"lineNumber":77,"author":{"gitId":"cczhouqi"},"content":"","lastModifiedDate":"2022-02-21"},{"lineNumber":78,"author":{"gitId":"cczhouqi"},"content":"    /* Marks the given task as done","lastModifiedDate":"2022-03-03"},{"lineNumber":79,"author":{"gitId":"cczhouqi"},"content":"     *","lastModifiedDate":"2022-03-03"},{"lineNumber":80,"author":{"gitId":"cczhouqi"},"content":"     * @param toMark The index of the task to be marked as done.","lastModifiedDate":"2022-02-26"},{"lineNumber":81,"author":{"gitId":"cczhouqi"},"content":"     */","lastModifiedDate":"2022-02-26"},{"lineNumber":82,"author":{"gitId":"cczhouqi"},"content":"    public void markTask(int toMark) {","lastModifiedDate":"2022-02-21"},{"lineNumber":83,"author":{"gitId":"cczhouqi"},"content":"        taskList.get(toMark).markDone();","lastModifiedDate":"2022-02-21"},{"lineNumber":84,"author":{"gitId":"cczhouqi"},"content":"        System.out.println(boundary + \"Nice! I\u0027ve marked this task as done:\"","lastModifiedDate":"2022-02-21"},{"lineNumber":85,"author":{"gitId":"cczhouqi"},"content":"                                   + System.lineSeparator() + taskList.get(toMark));","lastModifiedDate":"2022-02-21"},{"lineNumber":86,"author":{"gitId":"cczhouqi"},"content":"        System.out.print(boundary);","lastModifiedDate":"2022-02-21"},{"lineNumber":87,"author":{"gitId":"cczhouqi"},"content":"    }","lastModifiedDate":"2022-02-21"},{"lineNumber":88,"author":{"gitId":"cczhouqi"},"content":"","lastModifiedDate":"2022-02-21"},{"lineNumber":89,"author":{"gitId":"cczhouqi"},"content":"    /* Marks the given task as not done yet.","lastModifiedDate":"2022-03-03"},{"lineNumber":90,"author":{"gitId":"cczhouqi"},"content":"     *","lastModifiedDate":"2022-03-03"},{"lineNumber":91,"author":{"gitId":"cczhouqi"},"content":"     * @param toUnmark The index of the task to be unmarked.","lastModifiedDate":"2022-02-26"},{"lineNumber":92,"author":{"gitId":"cczhouqi"},"content":"     */","lastModifiedDate":"2022-02-26"},{"lineNumber":93,"author":{"gitId":"cczhouqi"},"content":"    public void unmarkTask(int toUnmark) {","lastModifiedDate":"2022-02-21"},{"lineNumber":94,"author":{"gitId":"cczhouqi"},"content":"        taskList.get(toUnmark).markNotDone();","lastModifiedDate":"2022-02-21"},{"lineNumber":95,"author":{"gitId":"cczhouqi"},"content":"        System.out.println(boundary + \"OK, I\u0027ve marked this task as not done yet:\"","lastModifiedDate":"2022-02-21"},{"lineNumber":96,"author":{"gitId":"cczhouqi"},"content":"                                   + System.lineSeparator() + taskList.get(toUnmark));","lastModifiedDate":"2022-02-21"},{"lineNumber":97,"author":{"gitId":"cczhouqi"},"content":"        System.out.print(boundary);","lastModifiedDate":"2022-02-21"},{"lineNumber":98,"author":{"gitId":"cczhouqi"},"content":"    }","lastModifiedDate":"2022-02-21"},{"lineNumber":99,"author":{"gitId":"cczhouqi"},"content":"","lastModifiedDate":"2022-02-21"},{"lineNumber":100,"author":{"gitId":"cczhouqi"},"content":"    // Print out the current tasks.","lastModifiedDate":"2022-02-26"},{"lineNumber":101,"author":{"gitId":"cczhouqi"},"content":"    public void printList() {","lastModifiedDate":"2022-02-21"},{"lineNumber":102,"author":{"gitId":"cczhouqi"},"content":"        System.out.println(boundary + \"Here are the tasks in your list:\");","lastModifiedDate":"2022-02-21"},{"lineNumber":103,"author":{"gitId":"cczhouqi"},"content":"        for (int i \u003d 0; i \u003c countTask; i++) {","lastModifiedDate":"2022-02-21"},{"lineNumber":104,"author":{"gitId":"cczhouqi"},"content":"            System.out.println((i + 1) + \". \" + getTask(i));","lastModifiedDate":"2022-02-21"},{"lineNumber":105,"author":{"gitId":"cczhouqi"},"content":"        }","lastModifiedDate":"2022-02-21"},{"lineNumber":106,"author":{"gitId":"cczhouqi"},"content":"        System.out.print(\"Now you have \" + countTask + \" tasks in the list.\"+ System.lineSeparator() + boundary);","lastModifiedDate":"2022-02-21"},{"lineNumber":107,"author":{"gitId":"cczhouqi"},"content":"    }","lastModifiedDate":"2022-02-21"},{"lineNumber":108,"author":{"gitId":"cczhouqi"},"content":"","lastModifiedDate":"2022-02-21"},{"lineNumber":109,"author":{"gitId":"cczhouqi"},"content":"    /* Finds the tasks with the given keyword and print them out.","lastModifiedDate":"2022-03-03"},{"lineNumber":110,"author":{"gitId":"cczhouqi"},"content":"     *","lastModifiedDate":"2022-03-03"},{"lineNumber":111,"author":{"gitId":"cczhouqi"},"content":"     * @param keyword The keyword to search for in existing tasks.","lastModifiedDate":"2022-02-26"},{"lineNumber":112,"author":{"gitId":"cczhouqi"},"content":"     */","lastModifiedDate":"2022-02-26"},{"lineNumber":113,"author":{"gitId":"cczhouqi"},"content":"    public void findTask(String keyword) {","lastModifiedDate":"2022-02-26"},{"lineNumber":114,"author":{"gitId":"cczhouqi"},"content":"        System.out.println(boundary + \"Here are the matching tasks in your list:\");","lastModifiedDate":"2022-02-26"},{"lineNumber":115,"author":{"gitId":"cczhouqi"},"content":"        for (int i \u003d 0; i \u003c countTask; i++) {","lastModifiedDate":"2022-02-26"},{"lineNumber":116,"author":{"gitId":"cczhouqi"},"content":"            if (taskList.get(i).getDescription().contains(keyword)) {","lastModifiedDate":"2022-02-26"},{"lineNumber":117,"author":{"gitId":"cczhouqi"},"content":"                System.out.println(taskList.get(i));","lastModifiedDate":"2022-02-26"},{"lineNumber":118,"author":{"gitId":"cczhouqi"},"content":"            }","lastModifiedDate":"2022-02-26"},{"lineNumber":119,"author":{"gitId":"cczhouqi"},"content":"        }","lastModifiedDate":"2022-02-26"},{"lineNumber":120,"author":{"gitId":"cczhouqi"},"content":"        System.out.print(boundary);","lastModifiedDate":"2022-02-26"},{"lineNumber":121,"author":{"gitId":"cczhouqi"},"content":"    }","lastModifiedDate":"2022-02-26"},{"lineNumber":122,"author":{"gitId":"cczhouqi"},"content":"","lastModifiedDate":"2022-02-26"},{"lineNumber":123,"author":{"gitId":"cczhouqi"},"content":"    /* Deletes the given task from task list.","lastModifiedDate":"2022-03-03"},{"lineNumber":124,"author":{"gitId":"cczhouqi"},"content":"     *","lastModifiedDate":"2022-03-03"},{"lineNumber":125,"author":{"gitId":"cczhouqi"},"content":"     * @param index The index of the task to be deleted.","lastModifiedDate":"2022-02-26"},{"lineNumber":126,"author":{"gitId":"cczhouqi"},"content":"     */","lastModifiedDate":"2022-02-26"},{"lineNumber":127,"author":{"gitId":"cczhouqi"},"content":"    public void deleteTask(int index) {","lastModifiedDate":"2022-02-21"},{"lineNumber":128,"author":{"gitId":"cczhouqi"},"content":"        System.out.println(boundary + \"Noted. I\u0027ve removed this task:\");","lastModifiedDate":"2022-02-21"},{"lineNumber":129,"author":{"gitId":"cczhouqi"},"content":"        System.out.println(taskList.get(index));","lastModifiedDate":"2022-02-21"},{"lineNumber":130,"author":{"gitId":"cczhouqi"},"content":"        System.out.print(\"Now you have \" + (countTask - 1) + \" tasks in the list.\" + System.lineSeparator() + boundary);","lastModifiedDate":"2022-02-21"},{"lineNumber":131,"author":{"gitId":"cczhouqi"},"content":"        taskList.remove(index);","lastModifiedDate":"2022-02-21"},{"lineNumber":132,"author":{"gitId":"cczhouqi"},"content":"        countTask -\u003d 1;","lastModifiedDate":"2022-02-21"},{"lineNumber":133,"author":{"gitId":"cczhouqi"},"content":"    }","lastModifiedDate":"2022-02-21"},{"lineNumber":134,"author":{"gitId":"cczhouqi"},"content":"}","lastModifiedDate":"2022-02-21"}],"authorContributionMap":{"cczhouqi":134}},{"path":"src/main/java/duke/Ui.java","fileType":"java","lines":[{"lineNumber":1,"author":{"gitId":"cczhouqi"},"content":"package duke;","lastModifiedDate":"2022-02-21"},{"lineNumber":2,"author":{"gitId":"cczhouqi"},"content":"","lastModifiedDate":"2022-02-21"},{"lineNumber":3,"author":{"gitId":"cczhouqi"},"content":"import java.util.Scanner;","lastModifiedDate":"2022-02-21"},{"lineNumber":4,"author":{"gitId":"cczhouqi"},"content":"","lastModifiedDate":"2022-02-21"},{"lineNumber":5,"author":{"gitId":"cczhouqi"},"content":"public class Ui {","lastModifiedDate":"2022-02-21"},{"lineNumber":6,"author":{"gitId":"cczhouqi"},"content":"    public static String boundary \u003d \"____________________________________________________________\" + System.lineSeparator();","lastModifiedDate":"2022-02-21"},{"lineNumber":7,"author":{"gitId":"cczhouqi"},"content":"    private static final Parser parser \u003d new Parser();","lastModifiedDate":"2022-02-21"},{"lineNumber":8,"author":{"gitId":"cczhouqi"},"content":"","lastModifiedDate":"2022-02-21"},{"lineNumber":9,"author":{"gitId":"cczhouqi"},"content":"    // Prints welcome message.","lastModifiedDate":"2022-03-03"},{"lineNumber":10,"author":{"gitId":"cczhouqi"},"content":"    public void sayHello() {","lastModifiedDate":"2022-02-21"},{"lineNumber":11,"author":{"gitId":"cczhouqi"},"content":"        String logo \u003d \" ____        _        \\n\"","lastModifiedDate":"2022-02-21"},{"lineNumber":12,"author":{"gitId":"cczhouqi"},"content":"                              + \"|  _ \\\\ _   _| | _____ \\n\"","lastModifiedDate":"2022-02-21"},{"lineNumber":13,"author":{"gitId":"cczhouqi"},"content":"                              + \"| | | | | | | |/ / _ \\\\\\n\"","lastModifiedDate":"2022-02-21"},{"lineNumber":14,"author":{"gitId":"cczhouqi"},"content":"                              + \"| |_| | |_| |   \u003c  __/\\n\"","lastModifiedDate":"2022-02-21"},{"lineNumber":15,"author":{"gitId":"cczhouqi"},"content":"                              + \"|____/ \\\\__,_|_|\\\\_\\\\___|\\n\";","lastModifiedDate":"2022-02-21"},{"lineNumber":16,"author":{"gitId":"cczhouqi"},"content":"        System.out.println(boundary + logo);","lastModifiedDate":"2022-02-21"},{"lineNumber":17,"author":{"gitId":"cczhouqi"},"content":"        System.out.println(\"Hello! I\u0027m Duke\");","lastModifiedDate":"2022-02-21"},{"lineNumber":18,"author":{"gitId":"cczhouqi"},"content":"        System.out.println(\"What can I do for you?\" + System.lineSeparator() + boundary);","lastModifiedDate":"2022-02-21"},{"lineNumber":19,"author":{"gitId":"cczhouqi"},"content":"    }","lastModifiedDate":"2022-02-21"},{"lineNumber":20,"author":{"gitId":"cczhouqi"},"content":"","lastModifiedDate":"2022-02-21"},{"lineNumber":21,"author":{"gitId":"cczhouqi"},"content":"    // Prints goodbye message.","lastModifiedDate":"2022-03-03"},{"lineNumber":22,"author":{"gitId":"cczhouqi"},"content":"    public void sayGoodbye() {","lastModifiedDate":"2022-02-21"},{"lineNumber":23,"author":{"gitId":"cczhouqi"},"content":"        System.out.print(boundary + \"Bye. Hope to see you again soon!\" + System.lineSeparator() + boundary);","lastModifiedDate":"2022-02-21"},{"lineNumber":24,"author":{"gitId":"cczhouqi"},"content":"    }","lastModifiedDate":"2022-02-21"},{"lineNumber":25,"author":{"gitId":"cczhouqi"},"content":"","lastModifiedDate":"2022-02-21"},{"lineNumber":26,"author":{"gitId":"cczhouqi"},"content":"    // Interacts with user and edit the given task list accordingly.","lastModifiedDate":"2022-03-03"},{"lineNumber":27,"author":{"gitId":"cczhouqi"},"content":"    public void interact(TaskList tasks) {","lastModifiedDate":"2022-02-21"},{"lineNumber":28,"author":{"gitId":"cczhouqi"},"content":"        Scanner in \u003d new Scanner(System.in);","lastModifiedDate":"2022-02-21"},{"lineNumber":29,"author":{"gitId":"cczhouqi"},"content":"        String line \u003d in.nextLine();","lastModifiedDate":"2022-02-21"},{"lineNumber":30,"author":{"gitId":"cczhouqi"},"content":"","lastModifiedDate":"2022-02-21"},{"lineNumber":31,"author":{"gitId":"cczhouqi"},"content":"        while (!line.equalsIgnoreCase(\"bye\")) {","lastModifiedDate":"2022-02-21"},{"lineNumber":32,"author":{"gitId":"cczhouqi"},"content":"            if (line.equalsIgnoreCase(\"list\")) {","lastModifiedDate":"2022-02-21"},{"lineNumber":33,"author":{"gitId":"cczhouqi"},"content":"                tasks.printList();","lastModifiedDate":"2022-02-21"},{"lineNumber":34,"author":{"gitId":"cczhouqi"},"content":"            } else if (line.toLowerCase().startsWith(\"mark\")) {","lastModifiedDate":"2022-02-21"},{"lineNumber":35,"author":{"gitId":"cczhouqi"},"content":"                tasks.markTask(Integer.parseInt(line.substring(5)) - 1);","lastModifiedDate":"2022-02-21"},{"lineNumber":36,"author":{"gitId":"cczhouqi"},"content":"            } else if (line.toLowerCase().startsWith(\"unmark\")) {","lastModifiedDate":"2022-02-21"},{"lineNumber":37,"author":{"gitId":"cczhouqi"},"content":"                tasks.unmarkTask(Integer.parseInt(line.substring(7)) - 1);","lastModifiedDate":"2022-02-21"},{"lineNumber":38,"author":{"gitId":"cczhouqi"},"content":"            } else if (line.toLowerCase().startsWith(\"delete\")) {","lastModifiedDate":"2022-02-21"},{"lineNumber":39,"author":{"gitId":"cczhouqi"},"content":"                parser.tryDeleteTask(tasks, line);","lastModifiedDate":"2022-02-21"},{"lineNumber":40,"author":{"gitId":"cczhouqi"},"content":"            } else if (line.toLowerCase().startsWith(\"find\")) {","lastModifiedDate":"2022-02-26"},{"lineNumber":41,"author":{"gitId":"cczhouqi"},"content":"                parser.tryFindTask(tasks, line);","lastModifiedDate":"2022-02-26"},{"lineNumber":42,"author":{"gitId":"cczhouqi"},"content":"            } else {","lastModifiedDate":"2022-02-21"},{"lineNumber":43,"author":{"gitId":"cczhouqi"},"content":"                parser.tryAddTask(tasks, line);","lastModifiedDate":"2022-02-21"},{"lineNumber":44,"author":{"gitId":"cczhouqi"},"content":"            }","lastModifiedDate":"2022-02-21"},{"lineNumber":45,"author":{"gitId":"cczhouqi"},"content":"            in \u003d new Scanner(System.in);","lastModifiedDate":"2022-02-21"},{"lineNumber":46,"author":{"gitId":"cczhouqi"},"content":"            line \u003d in.nextLine();","lastModifiedDate":"2022-02-21"},{"lineNumber":47,"author":{"gitId":"cczhouqi"},"content":"        }","lastModifiedDate":"2022-02-21"},{"lineNumber":48,"author":{"gitId":"cczhouqi"},"content":"    }","lastModifiedDate":"2022-02-21"},{"lineNumber":49,"author":{"gitId":"cczhouqi"},"content":"}","lastModifiedDate":"2022-02-21"}],"authorContributionMap":{"cczhouqi":49}},{"path":"src/main/java/duke/exceptions/DeadlineFormatException.java","fileType":"java","lines":[{"lineNumber":1,"author":{"gitId":"cczhouqi"},"content":"package duke.exceptions;","lastModifiedDate":"2022-02-09"},{"lineNumber":2,"author":{"gitId":"cczhouqi"},"content":"","lastModifiedDate":"2022-02-09"},{"lineNumber":3,"author":{"gitId":"cczhouqi"},"content":"public class DeadlineFormatException extends Exception {","lastModifiedDate":"2022-02-09"},{"lineNumber":4,"author":{"gitId":"cczhouqi"},"content":"}","lastModifiedDate":"2022-02-09"}],"authorContributionMap":{"cczhouqi":4}},{"path":"src/main/java/duke/exceptions/DeleteIndexException.java","fileType":"java","lines":[{"lineNumber":1,"author":{"gitId":"cczhouqi"},"content":"package duke.exceptions;","lastModifiedDate":"2022-02-21"},{"lineNumber":2,"author":{"gitId":"cczhouqi"},"content":"","lastModifiedDate":"2022-02-21"},{"lineNumber":3,"author":{"gitId":"cczhouqi"},"content":"public class DeleteIndexException extends Exception {","lastModifiedDate":"2022-02-21"},{"lineNumber":4,"author":{"gitId":"cczhouqi"},"content":"}","lastModifiedDate":"2022-02-21"}],"authorContributionMap":{"cczhouqi":4}},{"path":"src/main/java/duke/exceptions/EventFormatException.java","fileType":"java","lines":[{"lineNumber":1,"author":{"gitId":"cczhouqi"},"content":"package duke.exceptions;","lastModifiedDate":"2022-02-09"},{"lineNumber":2,"author":{"gitId":"cczhouqi"},"content":"","lastModifiedDate":"2022-02-09"},{"lineNumber":3,"author":{"gitId":"cczhouqi"},"content":"public class EventFormatException extends Exception {","lastModifiedDate":"2022-02-09"},{"lineNumber":4,"author":{"gitId":"cczhouqi"},"content":"}","lastModifiedDate":"2022-02-09"}],"authorContributionMap":{"cczhouqi":4}},{"path":"src/main/java/duke/exceptions/FindKeywordException.java","fileType":"java","lines":[{"lineNumber":1,"author":{"gitId":"cczhouqi"},"content":"package duke.exceptions;","lastModifiedDate":"2022-02-26"},{"lineNumber":2,"author":{"gitId":"cczhouqi"},"content":"","lastModifiedDate":"2022-02-26"},{"lineNumber":3,"author":{"gitId":"cczhouqi"},"content":"public class FindKeywordException extends Exception {","lastModifiedDate":"2022-02-26"},{"lineNumber":4,"author":{"gitId":"cczhouqi"},"content":"}","lastModifiedDate":"2022-02-26"}],"authorContributionMap":{"cczhouqi":4}},{"path":"src/main/java/duke/exceptions/GeneralException.java","fileType":"java","lines":[{"lineNumber":1,"author":{"gitId":"cczhouqi"},"content":"package duke.exceptions;","lastModifiedDate":"2022-02-09"},{"lineNumber":2,"author":{"gitId":"cczhouqi"},"content":"","lastModifiedDate":"2022-02-09"},{"lineNumber":3,"author":{"gitId":"cczhouqi"},"content":"public class GeneralException extends Exception {","lastModifiedDate":"2022-02-09"},{"lineNumber":4,"author":{"gitId":"cczhouqi"},"content":"}","lastModifiedDate":"2022-02-09"}],"authorContributionMap":{"cczhouqi":4}},{"path":"src/main/java/duke/exceptions/TaskEmptyException.java","fileType":"java","lines":[{"lineNumber":1,"author":{"gitId":"cczhouqi"},"content":"package duke.exceptions;","lastModifiedDate":"2022-02-09"},{"lineNumber":2,"author":{"gitId":"cczhouqi"},"content":"","lastModifiedDate":"2022-02-09"},{"lineNumber":3,"author":{"gitId":"cczhouqi"},"content":"public class TaskEmptyException extends Exception {","lastModifiedDate":"2022-02-09"},{"lineNumber":4,"author":{"gitId":"cczhouqi"},"content":"}","lastModifiedDate":"2022-02-09"}],"authorContributionMap":{"cczhouqi":4}},{"path":"src/main/java/duke/task/Deadline.java","fileType":"java","lines":[{"lineNumber":1,"author":{"gitId":"cczhouqi"},"content":"package duke.task;","lastModifiedDate":"2022-02-09"},{"lineNumber":2,"author":{"gitId":"cczhouqi"},"content":"","lastModifiedDate":"2022-02-09"},{"lineNumber":3,"author":{"gitId":"cczhouqi"},"content":"import java.time.LocalDate;","lastModifiedDate":"2022-02-26"},{"lineNumber":4,"author":{"gitId":"cczhouqi"},"content":"import java.time.format.DateTimeFormatter;","lastModifiedDate":"2022-02-26"},{"lineNumber":5,"author":{"gitId":"cczhouqi"},"content":"import java.util.Locale;","lastModifiedDate":"2022-03-02"},{"lineNumber":6,"author":{"gitId":"cczhouqi"},"content":"","lastModifiedDate":"2022-02-26"},{"lineNumber":7,"author":{"gitId":"cczhouqi"},"content":"public class Deadline extends Task {","lastModifiedDate":"2022-02-02"},{"lineNumber":8,"author":{"gitId":"cczhouqi"},"content":"    protected String by;","lastModifiedDate":"2022-02-02"},{"lineNumber":9,"author":{"gitId":"cczhouqi"},"content":"    protected LocalDate date;","lastModifiedDate":"2022-02-26"},{"lineNumber":10,"author":{"gitId":"cczhouqi"},"content":"","lastModifiedDate":"2022-02-02"},{"lineNumber":11,"author":{"gitId":"cczhouqi"},"content":"    public Deadline(String description, String by) {","lastModifiedDate":"2022-02-02"},{"lineNumber":12,"author":{"gitId":"cczhouqi"},"content":"        super(description);","lastModifiedDate":"2022-02-02"},{"lineNumber":13,"author":{"gitId":"cczhouqi"},"content":"        this.by \u003d by;","lastModifiedDate":"2022-02-02"},{"lineNumber":14,"author":{"gitId":"cczhouqi"},"content":"        this.date \u003d LocalDate.parse(by);","lastModifiedDate":"2022-02-26"},{"lineNumber":15,"author":{"gitId":"cczhouqi"},"content":"    }","lastModifiedDate":"2022-02-02"},{"lineNumber":16,"author":{"gitId":"cczhouqi"},"content":"","lastModifiedDate":"2022-02-02"},{"lineNumber":17,"author":{"gitId":"cczhouqi"},"content":"    // Prints Deadline in a fixed format","lastModifiedDate":"2022-03-03"},{"lineNumber":18,"author":{"gitId":"cczhouqi"},"content":"    @Override","lastModifiedDate":"2022-02-02"},{"lineNumber":19,"author":{"gitId":"cczhouqi"},"content":"    public String toString() {","lastModifiedDate":"2022-02-02"},{"lineNumber":20,"author":{"gitId":"cczhouqi"},"content":"        return \"[D]\" + super.toString() + \" (by: \"","lastModifiedDate":"2022-03-02"},{"lineNumber":21,"author":{"gitId":"cczhouqi"},"content":"                       + date.format(DateTimeFormatter.ofPattern(\"MMM dd yyyy\", Locale.ENGLISH)) + \")\";","lastModifiedDate":"2022-03-02"},{"lineNumber":22,"author":{"gitId":"cczhouqi"},"content":"    }","lastModifiedDate":"2022-02-02"},{"lineNumber":23,"author":{"gitId":"cczhouqi"},"content":"}","lastModifiedDate":"2022-02-02"}],"authorContributionMap":{"cczhouqi":23}},{"path":"src/main/java/duke/task/Event.java","fileType":"java","lines":[{"lineNumber":1,"author":{"gitId":"cczhouqi"},"content":"package duke.task;","lastModifiedDate":"2022-02-09"},{"lineNumber":2,"author":{"gitId":"cczhouqi"},"content":"","lastModifiedDate":"2022-02-09"},{"lineNumber":3,"author":{"gitId":"cczhouqi"},"content":"public class Event extends Task {","lastModifiedDate":"2022-02-02"},{"lineNumber":4,"author":{"gitId":"cczhouqi"},"content":"    protected String at;","lastModifiedDate":"2022-02-02"},{"lineNumber":5,"author":{"gitId":"cczhouqi"},"content":"","lastModifiedDate":"2022-02-02"},{"lineNumber":6,"author":{"gitId":"cczhouqi"},"content":"    public Event (String description, String at) {","lastModifiedDate":"2022-02-02"},{"lineNumber":7,"author":{"gitId":"cczhouqi"},"content":"        super(description);","lastModifiedDate":"2022-02-02"},{"lineNumber":8,"author":{"gitId":"cczhouqi"},"content":"        this.at \u003d at;","lastModifiedDate":"2022-02-02"},{"lineNumber":9,"author":{"gitId":"cczhouqi"},"content":"    }","lastModifiedDate":"2022-02-02"},{"lineNumber":10,"author":{"gitId":"cczhouqi"},"content":"","lastModifiedDate":"2022-02-02"},{"lineNumber":11,"author":{"gitId":"cczhouqi"},"content":"    // Prints event in a fixed format","lastModifiedDate":"2022-03-03"},{"lineNumber":12,"author":{"gitId":"cczhouqi"},"content":"    @Override","lastModifiedDate":"2022-02-02"},{"lineNumber":13,"author":{"gitId":"cczhouqi"},"content":"    public String toString() {","lastModifiedDate":"2022-02-02"},{"lineNumber":14,"author":{"gitId":"cczhouqi"},"content":"        return \"[E]\" + super.toString() + \" (at: \" + at + \")\";","lastModifiedDate":"2022-02-02"},{"lineNumber":15,"author":{"gitId":"cczhouqi"},"content":"    }","lastModifiedDate":"2022-02-02"},{"lineNumber":16,"author":{"gitId":"cczhouqi"},"content":"}","lastModifiedDate":"2022-02-02"}],"authorContributionMap":{"cczhouqi":16}},{"path":"src/main/java/duke/task/Task.java","fileType":"java","lines":[{"lineNumber":1,"author":{"gitId":"cczhouqi"},"content":"package duke.task;","lastModifiedDate":"2022-02-09"},{"lineNumber":2,"author":{"gitId":"cczhouqi"},"content":"","lastModifiedDate":"2022-02-09"},{"lineNumber":3,"author":{"gitId":"cczhouqi"},"content":"public class Task {","lastModifiedDate":"2022-01-27"},{"lineNumber":4,"author":{"gitId":"cczhouqi"},"content":"    protected String description;","lastModifiedDate":"2022-01-27"},{"lineNumber":5,"author":{"gitId":"cczhouqi"},"content":"    protected boolean isDone;","lastModifiedDate":"2022-01-27"},{"lineNumber":6,"author":{"gitId":"cczhouqi"},"content":"","lastModifiedDate":"2022-01-27"},{"lineNumber":7,"author":{"gitId":"cczhouqi"},"content":"    public Task(String description) {","lastModifiedDate":"2022-01-27"},{"lineNumber":8,"author":{"gitId":"cczhouqi"},"content":"        this.description \u003d description;","lastModifiedDate":"2022-01-27"},{"lineNumber":9,"author":{"gitId":"cczhouqi"},"content":"        this.isDone \u003d false;","lastModifiedDate":"2022-01-27"},{"lineNumber":10,"author":{"gitId":"cczhouqi"},"content":"    }","lastModifiedDate":"2022-01-27"},{"lineNumber":11,"author":{"gitId":"cczhouqi"},"content":"","lastModifiedDate":"2022-01-27"},{"lineNumber":12,"author":{"gitId":"cczhouqi"},"content":"    public void setTask(String description) {","lastModifiedDate":"2022-01-27"},{"lineNumber":13,"author":{"gitId":"cczhouqi"},"content":"        this.description \u003d description;","lastModifiedDate":"2022-01-27"},{"lineNumber":14,"author":{"gitId":"cczhouqi"},"content":"    }","lastModifiedDate":"2022-01-27"},{"lineNumber":15,"author":{"gitId":"cczhouqi"},"content":"","lastModifiedDate":"2022-01-27"},{"lineNumber":16,"author":{"gitId":"cczhouqi"},"content":"    public String getDescription() {","lastModifiedDate":"2022-02-26"},{"lineNumber":17,"author":{"gitId":"cczhouqi"},"content":"        return description;","lastModifiedDate":"2022-02-26"},{"lineNumber":18,"author":{"gitId":"cczhouqi"},"content":"    }","lastModifiedDate":"2022-02-26"},{"lineNumber":19,"author":{"gitId":"cczhouqi"},"content":"    public String getStatusIcon() {","lastModifiedDate":"2022-01-27"},{"lineNumber":20,"author":{"gitId":"cczhouqi"},"content":"        return (isDone ? \"X\" : \" \"); // mark done task with X","lastModifiedDate":"2022-01-27"},{"lineNumber":21,"author":{"gitId":"cczhouqi"},"content":"    }","lastModifiedDate":"2022-01-27"},{"lineNumber":22,"author":{"gitId":"cczhouqi"},"content":"","lastModifiedDate":"2022-01-27"},{"lineNumber":23,"author":{"gitId":"cczhouqi"},"content":"    public void markDone() {","lastModifiedDate":"2022-01-27"},{"lineNumber":24,"author":{"gitId":"cczhouqi"},"content":"        this.isDone \u003d true;","lastModifiedDate":"2022-01-27"},{"lineNumber":25,"author":{"gitId":"cczhouqi"},"content":"    }","lastModifiedDate":"2022-01-27"},{"lineNumber":26,"author":{"gitId":"cczhouqi"},"content":"","lastModifiedDate":"2022-01-27"},{"lineNumber":27,"author":{"gitId":"cczhouqi"},"content":"    public void markNotDone() {","lastModifiedDate":"2022-01-27"},{"lineNumber":28,"author":{"gitId":"cczhouqi"},"content":"        this.isDone \u003d false;","lastModifiedDate":"2022-01-27"},{"lineNumber":29,"author":{"gitId":"cczhouqi"},"content":"    }","lastModifiedDate":"2022-01-27"},{"lineNumber":30,"author":{"gitId":"cczhouqi"},"content":"","lastModifiedDate":"2022-02-02"},{"lineNumber":31,"author":{"gitId":"cczhouqi"},"content":"    @Override","lastModifiedDate":"2022-02-02"},{"lineNumber":32,"author":{"gitId":"cczhouqi"},"content":"    public String toString() {","lastModifiedDate":"2022-02-02"},{"lineNumber":33,"author":{"gitId":"cczhouqi"},"content":"        return (\"[\" + getStatusIcon() + \"] \" + description);","lastModifiedDate":"2022-02-02"},{"lineNumber":34,"author":{"gitId":"cczhouqi"},"content":"    }","lastModifiedDate":"2022-02-02"},{"lineNumber":35,"author":{"gitId":"cczhouqi"},"content":"}","lastModifiedDate":"2022-01-27"}],"authorContributionMap":{"cczhouqi":35}},{"path":"src/main/java/duke/task/Todo.java","fileType":"java","lines":[{"lineNumber":1,"author":{"gitId":"cczhouqi"},"content":"package duke.task;","lastModifiedDate":"2022-02-09"},{"lineNumber":2,"author":{"gitId":"cczhouqi"},"content":"","lastModifiedDate":"2022-02-09"},{"lineNumber":3,"author":{"gitId":"cczhouqi"},"content":"public class Todo extends Task {","lastModifiedDate":"2022-02-02"},{"lineNumber":4,"author":{"gitId":"cczhouqi"},"content":"    public Todo(String description) {","lastModifiedDate":"2022-02-02"},{"lineNumber":5,"author":{"gitId":"cczhouqi"},"content":"        super(description);","lastModifiedDate":"2022-02-02"},{"lineNumber":6,"author":{"gitId":"cczhouqi"},"content":"    }","lastModifiedDate":"2022-02-02"},{"lineNumber":7,"author":{"gitId":"cczhouqi"},"content":"","lastModifiedDate":"2022-02-02"},{"lineNumber":8,"author":{"gitId":"cczhouqi"},"content":"    // Prints the todo task in a fixed format","lastModifiedDate":"2022-03-03"},{"lineNumber":9,"author":{"gitId":"cczhouqi"},"content":"    @Override","lastModifiedDate":"2022-02-02"},{"lineNumber":10,"author":{"gitId":"cczhouqi"},"content":"    public String toString() {","lastModifiedDate":"2022-02-02"},{"lineNumber":11,"author":{"gitId":"cczhouqi"},"content":"        return \"[T]\" + super.toString();","lastModifiedDate":"2022-02-02"},{"lineNumber":12,"author":{"gitId":"cczhouqi"},"content":"    }","lastModifiedDate":"2022-02-02"},{"lineNumber":13,"author":{"gitId":"cczhouqi"},"content":"}","lastModifiedDate":"2022-02-02"}],"authorContributionMap":{"cczhouqi":13}}]
