{"authorDailyContributionsMap":{"cczhouqi":[{"date":"2022-01-21","commitResults":[{"hash":"e8e901973b751cf67fc8b96b5d201aa8b49095c0","messageTitle":"Implemented Level-0","messageBody":"","fileTypesAndContributionMap":{"java":{"insertions":6,"deletions":1}}}]},{"date":"2022-01-27","commitResults":[{"hash":"bd9a4462a00cfc2c95dc7f14211586f814fee5f1","messageTitle":"Week 3 tasks done (Level-1,2,3; A-CodingStandard)","messageBody":"","tags":["Level-3","Level-2","Level-1","A-CodingStandard"],"fileTypesAndContributionMap":{"java":{"insertions":59,"deletions":3}}}]},{"date":"2022-02-02","commitResults":[{"hash":"4005ee9852ccbb4469b80b4ef6d76f0b22ef6786","messageTitle":"Week 4 tasks done","messageBody":"","tags":["Level-4","A-CodeQuality"],"fileTypesAndContributionMap":{"java":{"insertions":97,"deletions":20}}}]},{"date":"2022-02-09","commitResults":[{"hash":"7bf526541a0a78dce5e0634bf0da54d2c03e8225","messageTitle":"Level-5 implemented","messageBody":"","tags":["A-Exceptions"],"fileTypesAndContributionMap":{"java":{"insertions":59,"deletions":17}}},{"hash":"79a0e83f63026e2a6510b14eb98adeba03401a8f","messageTitle":"A-Packages implemented","messageBody":"","tags":["A-Packages"],"fileTypesAndContributionMap":{"java":{"insertions":30,"deletions":0}}},{"hash":"8c52f17d477013133d298dd7ef3b9b225da99361","messageTitle":"Duke\u0027s words edited","messageBody":"","fileTypesAndContributionMap":{"java":{"insertions":1,"deletions":1}}}]},{"date":"2022-02-16","commitResults":[{"hash":"b98b2986cba1ff5e90941f0aad559097b7096525","messageTitle":"Level-6 implemented","messageBody":"","fileTypesAndContributionMap":{"java":{"insertions":21,"deletions":10}}}]},{"date":"2022-02-17","commitResults":[{"hash":"f589ba22467f53f60359851e58773ebded2b5d56","messageTitle":"Level-7 (to be completed)","messageBody":"","fileTypesAndContributionMap":{"txt":{"insertions":0,"deletions":0},"java":{"insertions":16,"deletions":0}}}]},{"date":"2022-02-20","commitResults":[{"hash":"8704bea8a005e7d43c56dee50a8973c901550785","messageTitle":"Level-7 implemented","messageBody":"","fileTypesAndContributionMap":{"txt":{"insertions":0,"deletions":0},"java":{"insertions":93,"deletions":14}}}]},{"date":"2022-02-21","commitResults":[{"hash":"ea1fc60986378435d41a7b5311ee065492263a8a","messageTitle":"A-MoreOOP implemented","messageBody":"","tags":["A-MoreOOP"],"fileTypesAndContributionMap":{"java":{"insertions":308,"deletions":216}}}]},{"date":"2022-02-26","commitResults":[{"hash":"c3fdf5e115ce8d67608fbdadd6af2705ea2bd7db","messageTitle":"Level-9 and A-JavaDoc implemented","messageBody":"","fileTypesAndContributionMap":{"java":{"insertions":85,"deletions":11}}},{"hash":"c0904098aee16fc5103f74548a9aa82f21d08bc6","messageTitle":"Level-8 implemented","messageBody":"","fileTypesAndContributionMap":{"java":{"insertions":21,"deletions":3}}}]},{"date":"2022-03-01","commitResults":[{"hash":"057cc7e779385155ef262e8da74d3ea2b7c096f3","messageTitle":"Some minor changes","messageBody":"","fileTypesAndContributionMap":{"java":{"insertions":0,"deletions":4}}}]},{"date":"2022-03-02","commitResults":[{"hash":"6880a0a76fe1ca9d2d1d90fdf9ea5875861bf796","messageTitle":"README updated","messageBody":"","tags":["A-UserGuide"],"fileTypesAndContributionMap":{"java":{"insertions":1,"deletions":1},"md":{"insertions":165,"deletions":10}}},{"hash":"59aebe28307ef01a6f350997075e5187036a3c56","messageTitle":"A-JavaDoc improved","messageBody":"","fileTypesAndContributionMap":{"java":{"insertions":4,"deletions":0}}},{"hash":"1784b96ac2582b4edb3e196c3f9f5bd74238cc2c","messageTitle":"Smoke test debug","messageBody":"","tags":["v0.2","A-Release"],"fileTypesAndContributionMap":{"java":{"insertions":6,"deletions":3},"md":{"insertions":13,"deletions":0}}}]},{"date":"2022-03-03","commitResults":[{"hash":"8ae885d7843c53e01b4314b58d7f9b4afb07085f","messageTitle":"Edit JavaDoc","messageBody":"","tags":["v0.3"],"fileTypesAndContributionMap":{"java":{"insertions":35,"deletions":23}}}]}]},"authorFileTypeContributionMap":{"cczhouqi":{"java":521,"md":166,"fxml":0,"sh":0,"bat":0,"gradle":0,"txt":0}},"authorContributionVariance":{"cczhouqi":6895.8438},"authorDisplayNameMap":{"cczhouqi":"CS2113-T11-2 ZHOU..U QI"}}
