[{"path":"src/main/java/Duke.java","fileType":"java","lines":[{"lineNumber":1,"author":{"gitId":"z0723-julie"},"content":"// import libraries here","lastModifiedDate":"2022-01-27"},{"lineNumber":2,"author":{"gitId":"z0723-julie"},"content":"","lastModifiedDate":"2022-01-27"},{"lineNumber":3,"author":{"gitId":"z0723-julie"},"content":"import java.util.ArrayList;","lastModifiedDate":"2022-01-27"},{"lineNumber":4,"author":{"gitId":"z0723-julie"},"content":"import java.util.Scanner;","lastModifiedDate":"2022-01-27"},{"lineNumber":5,"author":{"gitId":"z0723-julie"},"content":"","lastModifiedDate":"2022-01-27"},{"lineNumber":6,"author":{"gitId":"-"},"content":"public class Duke {","lastModifiedDate":"2019-07-29"},{"lineNumber":7,"author":{"gitId":"z0723-julie"},"content":"    private static ArrayList\u003cString\u003e descriptions \u003d new ArrayList\u003c\u003e();","lastModifiedDate":"2022-01-27"},{"lineNumber":8,"author":{"gitId":"z0723-julie"},"content":"    private static ArrayList\u003cBoolean\u003e done \u003d new ArrayList\u003c\u003e();","lastModifiedDate":"2022-01-27"},{"lineNumber":9,"author":{"gitId":"-"},"content":"    public static void main(String[] args) {","lastModifiedDate":"2019-07-29"},{"lineNumber":10,"author":{"gitId":"-"},"content":"        String logo \u003d \" ____        _        \\n\"","lastModifiedDate":"2019-07-29"},{"lineNumber":11,"author":{"gitId":"-"},"content":"                + \"|  _ \\\\ _   _| | _____ \\n\"","lastModifiedDate":"2019-07-29"},{"lineNumber":12,"author":{"gitId":"-"},"content":"                + \"| | | | | | | |/ / _ \\\\\\n\"","lastModifiedDate":"2019-07-29"},{"lineNumber":13,"author":{"gitId":"-"},"content":"                + \"| |_| | |_| |   \u003c  __/\\n\"","lastModifiedDate":"2019-07-29"},{"lineNumber":14,"author":{"gitId":"-"},"content":"                + \"|____/ \\\\__,_|_|\\\\_\\\\___|\\n\";","lastModifiedDate":"2019-07-29"},{"lineNumber":15,"author":{"gitId":"-"},"content":"        System.out.println(\"Hello from\\n\" + logo);","lastModifiedDate":"2019-07-29"},{"lineNumber":16,"author":{"gitId":"z0723-julie"},"content":"        greeting();","lastModifiedDate":"2022-01-27"},{"lineNumber":17,"author":{"gitId":"z0723-julie"},"content":"        echo();","lastModifiedDate":"2022-01-27"},{"lineNumber":18,"author":{"gitId":"-"},"content":"    }","lastModifiedDate":"2022-01-27"},{"lineNumber":19,"author":{"gitId":"z0723-julie"},"content":"","lastModifiedDate":"2022-01-27"},{"lineNumber":20,"author":{"gitId":"z0723-julie"},"content":"    private static void echo() {","lastModifiedDate":"2022-01-27"},{"lineNumber":21,"author":{"gitId":"z0723-julie"},"content":"        String line;","lastModifiedDate":"2022-01-27"},{"lineNumber":22,"author":{"gitId":"z0723-julie"},"content":"        Scanner in \u003d new Scanner(System.in);","lastModifiedDate":"2022-01-27"},{"lineNumber":23,"author":{"gitId":"z0723-julie"},"content":"        // get user input","lastModifiedDate":"2022-01-27"},{"lineNumber":24,"author":{"gitId":"z0723-julie"},"content":"        line \u003d in.nextLine();","lastModifiedDate":"2022-01-27"},{"lineNumber":25,"author":{"gitId":"z0723-julie"},"content":"        while (!line.equals(\"bye\")) {","lastModifiedDate":"2022-01-27"},{"lineNumber":26,"author":{"gitId":"z0723-julie"},"content":"            if (line.equals(\"list\")) {","lastModifiedDate":"2022-01-27"},{"lineNumber":27,"author":{"gitId":"z0723-julie"},"content":"                showList();","lastModifiedDate":"2022-01-27"},{"lineNumber":28,"author":{"gitId":"z0723-julie"},"content":"                line \u003d in.nextLine();","lastModifiedDate":"2022-01-27"},{"lineNumber":29,"author":{"gitId":"z0723-julie"},"content":"                continue;","lastModifiedDate":"2022-01-27"},{"lineNumber":30,"author":{"gitId":"z0723-julie"},"content":"            }","lastModifiedDate":"2022-01-27"},{"lineNumber":31,"author":{"gitId":"z0723-julie"},"content":"            if (line.startsWith(\"mark\")) {","lastModifiedDate":"2022-01-27"},{"lineNumber":32,"author":{"gitId":"z0723-julie"},"content":"                int number \u003d Integer.parseInt(line.substring(line.length() - 1));","lastModifiedDate":"2022-01-27"},{"lineNumber":33,"author":{"gitId":"z0723-julie"},"content":"                markAsDone(number);","lastModifiedDate":"2022-01-27"},{"lineNumber":34,"author":{"gitId":"z0723-julie"},"content":"                line \u003d in.nextLine();","lastModifiedDate":"2022-01-27"},{"lineNumber":35,"author":{"gitId":"z0723-julie"},"content":"                continue;","lastModifiedDate":"2022-01-27"},{"lineNumber":36,"author":{"gitId":"z0723-julie"},"content":"            }","lastModifiedDate":"2022-01-27"},{"lineNumber":37,"author":{"gitId":"z0723-julie"},"content":"            if (line.startsWith(\"unmark\")) {","lastModifiedDate":"2022-01-27"},{"lineNumber":38,"author":{"gitId":"z0723-julie"},"content":"                int number \u003d Integer.parseInt(line.substring(line.length() - 1));","lastModifiedDate":"2022-01-27"},{"lineNumber":39,"author":{"gitId":"z0723-julie"},"content":"                unmarkTask(number);","lastModifiedDate":"2022-01-27"},{"lineNumber":40,"author":{"gitId":"z0723-julie"},"content":"                line \u003d in.nextLine();","lastModifiedDate":"2022-01-27"},{"lineNumber":41,"author":{"gitId":"z0723-julie"},"content":"                continue;","lastModifiedDate":"2022-01-27"},{"lineNumber":42,"author":{"gitId":"z0723-julie"},"content":"            }","lastModifiedDate":"2022-01-27"},{"lineNumber":43,"author":{"gitId":"z0723-julie"},"content":"            System.out.println(\"    ____________________________________________________________\");","lastModifiedDate":"2022-01-27"},{"lineNumber":44,"author":{"gitId":"z0723-julie"},"content":"            System.out.println(\"added: \" + line);","lastModifiedDate":"2022-01-27"},{"lineNumber":45,"author":{"gitId":"z0723-julie"},"content":"            descriptions.add(line);","lastModifiedDate":"2022-01-27"},{"lineNumber":46,"author":{"gitId":"z0723-julie"},"content":"            done.add(false);","lastModifiedDate":"2022-01-27"},{"lineNumber":47,"author":{"gitId":"z0723-julie"},"content":"            System.out.println(\"    ____________________________________________________________\");","lastModifiedDate":"2022-01-27"},{"lineNumber":48,"author":{"gitId":"z0723-julie"},"content":"            line \u003d in.nextLine();","lastModifiedDate":"2022-01-27"},{"lineNumber":49,"author":{"gitId":"z0723-julie"},"content":"        }","lastModifiedDate":"2022-01-27"},{"lineNumber":50,"author":{"gitId":"z0723-julie"},"content":"        if (line.equals(\"bye\")) {","lastModifiedDate":"2022-01-27"},{"lineNumber":51,"author":{"gitId":"z0723-julie"},"content":"            System.out.println(\"    ____________________________________________________________\");","lastModifiedDate":"2022-01-27"},{"lineNumber":52,"author":{"gitId":"z0723-julie"},"content":"            System.out.println(\"     Bye. Hope to see you again soon!\");","lastModifiedDate":"2022-01-27"},{"lineNumber":53,"author":{"gitId":"z0723-julie"},"content":"            System.out.println(\"    ____________________________________________________________\");","lastModifiedDate":"2022-01-20"},{"lineNumber":54,"author":{"gitId":"z0723-julie"},"content":"        }","lastModifiedDate":"2022-01-27"},{"lineNumber":55,"author":{"gitId":"z0723-julie"},"content":"    }","lastModifiedDate":"2022-01-27"},{"lineNumber":56,"author":{"gitId":"z0723-julie"},"content":"","lastModifiedDate":"2022-01-27"},{"lineNumber":57,"author":{"gitId":"z0723-julie"},"content":"    private static void showList() {","lastModifiedDate":"2022-01-27"},{"lineNumber":58,"author":{"gitId":"z0723-julie"},"content":"        System.out.println(\"    ____________________________________________________________\");","lastModifiedDate":"2022-01-27"},{"lineNumber":59,"author":{"gitId":"z0723-julie"},"content":"        System.out.println(\"     Here are the tasks in your list:\");","lastModifiedDate":"2022-01-27"},{"lineNumber":60,"author":{"gitId":"z0723-julie"},"content":"        for (int i \u003d 0; i \u003c descriptions.size(); i++) {","lastModifiedDate":"2022-01-27"},{"lineNumber":61,"author":{"gitId":"z0723-julie"},"content":"            if(done.get(i)) {","lastModifiedDate":"2022-01-27"},{"lineNumber":62,"author":{"gitId":"z0723-julie"},"content":"                System.out.println(\"[X] \" + descriptions.get(i));","lastModifiedDate":"2022-01-27"},{"lineNumber":63,"author":{"gitId":"z0723-julie"},"content":"            }","lastModifiedDate":"2022-01-27"},{"lineNumber":64,"author":{"gitId":"z0723-julie"},"content":"            else {","lastModifiedDate":"2022-01-27"},{"lineNumber":65,"author":{"gitId":"z0723-julie"},"content":"                System.out.println(\"[ ] \" + descriptions.get(i));","lastModifiedDate":"2022-01-27"},{"lineNumber":66,"author":{"gitId":"z0723-julie"},"content":"            }","lastModifiedDate":"2022-01-27"},{"lineNumber":67,"author":{"gitId":"z0723-julie"},"content":"        }","lastModifiedDate":"2022-01-27"},{"lineNumber":68,"author":{"gitId":"z0723-julie"},"content":"        System.out.println(\"    ____________________________________________________________\");","lastModifiedDate":"2022-01-27"},{"lineNumber":69,"author":{"gitId":"z0723-julie"},"content":"    }","lastModifiedDate":"2022-01-27"},{"lineNumber":70,"author":{"gitId":"z0723-julie"},"content":"","lastModifiedDate":"2022-01-27"},{"lineNumber":71,"author":{"gitId":"z0723-julie"},"content":"    private static void unmarkTask(int number) {","lastModifiedDate":"2022-01-27"},{"lineNumber":72,"author":{"gitId":"z0723-julie"},"content":"        System.out.println(\"    ____________________________________________________________\");","lastModifiedDate":"2022-01-27"},{"lineNumber":73,"author":{"gitId":"z0723-julie"},"content":"        System.out.println(\"     Noted. I\u0027ve marked this task as not done yet:\");","lastModifiedDate":"2022-01-27"},{"lineNumber":74,"author":{"gitId":"z0723-julie"},"content":"        int index \u003d number - 1;","lastModifiedDate":"2022-01-27"},{"lineNumber":75,"author":{"gitId":"z0723-julie"},"content":"        String description \u003d descriptions.get(index);","lastModifiedDate":"2022-01-27"},{"lineNumber":76,"author":{"gitId":"z0723-julie"},"content":"        done.set(index, false);","lastModifiedDate":"2022-01-27"},{"lineNumber":77,"author":{"gitId":"z0723-julie"},"content":"        System.out.println(\"[ ] \" + description);","lastModifiedDate":"2022-01-27"},{"lineNumber":78,"author":{"gitId":"z0723-julie"},"content":"        System.out.println(\"    ____________________________________________________________\");","lastModifiedDate":"2022-01-27"},{"lineNumber":79,"author":{"gitId":"z0723-julie"},"content":"    }","lastModifiedDate":"2022-01-27"},{"lineNumber":80,"author":{"gitId":"z0723-julie"},"content":"","lastModifiedDate":"2022-01-27"},{"lineNumber":81,"author":{"gitId":"z0723-julie"},"content":"    private static void markAsDone(int number) {","lastModifiedDate":"2022-01-27"},{"lineNumber":82,"author":{"gitId":"z0723-julie"},"content":"        System.out.println(\"    ____________________________________________________________\");","lastModifiedDate":"2022-01-27"},{"lineNumber":83,"author":{"gitId":"z0723-julie"},"content":"        System.out.println(\"     Nice! I\u0027ve marked this task as done:\");","lastModifiedDate":"2022-01-27"},{"lineNumber":84,"author":{"gitId":"z0723-julie"},"content":"        int index \u003d number - 1;","lastModifiedDate":"2022-01-27"},{"lineNumber":85,"author":{"gitId":"z0723-julie"},"content":"        String description \u003d descriptions.get(index);","lastModifiedDate":"2022-01-27"},{"lineNumber":86,"author":{"gitId":"z0723-julie"},"content":"        done.set(index, true);","lastModifiedDate":"2022-01-27"},{"lineNumber":87,"author":{"gitId":"z0723-julie"},"content":"        System.out.println(\"[X] \" + description);","lastModifiedDate":"2022-01-27"},{"lineNumber":88,"author":{"gitId":"z0723-julie"},"content":"        System.out.println(\"    ____________________________________________________________\");","lastModifiedDate":"2022-01-27"},{"lineNumber":89,"author":{"gitId":"z0723-julie"},"content":"    }","lastModifiedDate":"2022-01-27"},{"lineNumber":90,"author":{"gitId":"z0723-julie"},"content":"","lastModifiedDate":"2022-01-27"},{"lineNumber":91,"author":{"gitId":"z0723-julie"},"content":"    private static void greeting() {","lastModifiedDate":"2022-01-27"},{"lineNumber":92,"author":{"gitId":"z0723-julie"},"content":"        System.out.println(\"    ____________________________________________________________\");","lastModifiedDate":"2022-01-20"},{"lineNumber":93,"author":{"gitId":"z0723-julie"},"content":"        System.out.println(\"     Hello! I\u0027m Duke\");","lastModifiedDate":"2022-01-27"},{"lineNumber":94,"author":{"gitId":"z0723-julie"},"content":"        System.out.println(\"     What can I do for you?\");","lastModifiedDate":"2022-01-27"},{"lineNumber":95,"author":{"gitId":"z0723-julie"},"content":"        System.out.println(\"    ____________________________________________________________\");","lastModifiedDate":"2022-01-20"},{"lineNumber":96,"author":{"gitId":"z0723-julie"},"content":"        System.out.println();","lastModifiedDate":"2022-01-27"},{"lineNumber":97,"author":{"gitId":"-"},"content":"    }","lastModifiedDate":"2019-07-29"},{"lineNumber":98,"author":{"gitId":"-"},"content":"}","lastModifiedDate":"2019-07-29"}],"authorContributionMap":{"z0723-julie":87,"-":11}}]
