[{"path":"README.md","fileType":"md","lines":[{"lineNumber":1,"author":{"gitId":"z0723-julie"},"content":"# duke.Duke project template","lastModifiedDate":"2022-02-09"},{"lineNumber":2,"author":{"gitId":"-"},"content":"","lastModifiedDate":"2020-05-25"},{"lineNumber":3,"author":{"gitId":"-"},"content":"This is a project template for a greenfield Java project. It\u0027s named after the Java mascot _Duke_. Given below are instructions on how to use it.","lastModifiedDate":"2020-05-25"},{"lineNumber":4,"author":{"gitId":"-"},"content":"","lastModifiedDate":"2020-05-25"},{"lineNumber":5,"author":{"gitId":"-"},"content":"## Setting up in Intellij","lastModifiedDate":"2020-05-25"},{"lineNumber":6,"author":{"gitId":"-"},"content":"","lastModifiedDate":"2020-05-25"},{"lineNumber":7,"author":{"gitId":"-"},"content":"Prerequisites: JDK 11, update Intellij to the most recent version.","lastModifiedDate":"2020-05-25"},{"lineNumber":8,"author":{"gitId":"-"},"content":"","lastModifiedDate":"2020-05-25"},{"lineNumber":9,"author":{"gitId":"-"},"content":"1. Open Intellij (if you are not in the welcome screen, click `File` \u003e `Close Project` to close the existing project first)","lastModifiedDate":"2021-01-17"},{"lineNumber":10,"author":{"gitId":"-"},"content":"1. Open the project into Intellij as follows:","lastModifiedDate":"2021-01-17"},{"lineNumber":11,"author":{"gitId":"-"},"content":"   1. Click `Open`.","lastModifiedDate":"2021-01-17"},{"lineNumber":12,"author":{"gitId":"-"},"content":"   1. Select the project directory, and click `OK`.","lastModifiedDate":"2021-01-17"},{"lineNumber":13,"author":{"gitId":"-"},"content":"   1. If there are any further prompts, accept the defaults.","lastModifiedDate":"2020-05-25"},{"lineNumber":14,"author":{"gitId":"-"},"content":"1. Configure the project to use **JDK 11** (not other versions) as explained in [here](https://www.jetbrains.com/help/idea/sdk.html#set-up-jdk).\u003cbr\u003e","lastModifiedDate":"2021-07-29"},{"lineNumber":15,"author":{"gitId":"-"},"content":"   In the same dialog, set the **Project language level** field to the `SDK default` option.","lastModifiedDate":"2021-07-29"},{"lineNumber":16,"author":{"gitId":"z0723-julie"},"content":"3. After that, locate the `src/main/java/duke.Duke.java` file, right-click it, and choose `Run duke.Duke.main()` (if the code editor is showing compile errors, try restarting the IDE). If the setup is correct, you should see something like the below as the output:","lastModifiedDate":"2022-02-09"},{"lineNumber":17,"author":{"gitId":"-"},"content":"   ```","lastModifiedDate":"2020-05-25"},{"lineNumber":18,"author":{"gitId":"-"},"content":"   Hello from","lastModifiedDate":"2020-05-25"},{"lineNumber":19,"author":{"gitId":"-"},"content":"    ____        _        ","lastModifiedDate":"2020-05-25"},{"lineNumber":20,"author":{"gitId":"-"},"content":"   |  _ \\ _   _| | _____ ","lastModifiedDate":"2020-05-25"},{"lineNumber":21,"author":{"gitId":"-"},"content":"   | | | | | | | |/ / _ \\","lastModifiedDate":"2020-05-25"},{"lineNumber":22,"author":{"gitId":"-"},"content":"   | |_| | |_| |   \u003c  __/","lastModifiedDate":"2020-05-25"},{"lineNumber":23,"author":{"gitId":"-"},"content":"   |____/ \\__,_|_|\\_\\___|","lastModifiedDate":"2020-05-25"},{"lineNumber":24,"author":{"gitId":"-"},"content":"   ```","lastModifiedDate":"2020-05-25"}],"authorContributionMap":{"z0723-julie":2,"-":22}},{"path":"data/duke.txt","fileType":"txt","lines":[{"lineNumber":1,"author":{"gitId":"z0723-julie"},"content":"T | false | eat","lastModifiedDate":"2022-02-17"},{"lineNumber":2,"author":{"gitId":"z0723-julie"},"content":"D | true | have lunch | 12pm","lastModifiedDate":"2022-02-17"}],"authorContributionMap":{"z0723-julie":2}},{"path":"src/main/java/duke/Deadline.java","fileType":"java","lines":[{"lineNumber":1,"author":{"gitId":"z0723-julie"},"content":"package duke;","lastModifiedDate":"2022-02-09"},{"lineNumber":2,"author":{"gitId":"z0723-julie"},"content":"","lastModifiedDate":"2022-02-09"},{"lineNumber":3,"author":{"gitId":"z0723-julie"},"content":"public class Deadline extends Task {","lastModifiedDate":"2022-02-02"},{"lineNumber":4,"author":{"gitId":"z0723-julie"},"content":"","lastModifiedDate":"2022-02-02"},{"lineNumber":5,"author":{"gitId":"z0723-julie"},"content":"    protected String deadline;","lastModifiedDate":"2022-02-09"},{"lineNumber":6,"author":{"gitId":"z0723-julie"},"content":"","lastModifiedDate":"2022-02-02"},{"lineNumber":7,"author":{"gitId":"z0723-julie"},"content":"    public Deadline(String description, String deadline) {","lastModifiedDate":"2022-02-09"},{"lineNumber":8,"author":{"gitId":"z0723-julie"},"content":"        super(description);","lastModifiedDate":"2022-02-02"},{"lineNumber":9,"author":{"gitId":"z0723-julie"},"content":"        this.deadline \u003d deadline;","lastModifiedDate":"2022-02-09"},{"lineNumber":10,"author":{"gitId":"z0723-julie"},"content":"    }","lastModifiedDate":"2022-02-02"},{"lineNumber":11,"author":{"gitId":"z0723-julie"},"content":"","lastModifiedDate":"2022-02-02"},{"lineNumber":12,"author":{"gitId":"z0723-julie"},"content":"    @Override","lastModifiedDate":"2022-02-02"},{"lineNumber":13,"author":{"gitId":"z0723-julie"},"content":"    public String toString(boolean isDone) {","lastModifiedDate":"2022-02-02"},{"lineNumber":14,"author":{"gitId":"z0723-julie"},"content":"        return \"[D]\" + super.toString(isDone) + \" (by: \" + deadline + \")\";","lastModifiedDate":"2022-02-09"},{"lineNumber":15,"author":{"gitId":"z0723-julie"},"content":"    }","lastModifiedDate":"2022-02-02"},{"lineNumber":16,"author":{"gitId":"z0723-julie"},"content":"}","lastModifiedDate":"2022-02-02"}],"authorContributionMap":{"z0723-julie":16}},{"path":"src/main/java/duke/Duke.java","fileType":"java","lines":[{"lineNumber":1,"author":{"gitId":"z0723-julie"},"content":"package duke;// import libraries here","lastModifiedDate":"2022-02-09"},{"lineNumber":2,"author":{"gitId":"z0723-julie"},"content":"import duke.Deadline;","lastModifiedDate":"2022-02-09"},{"lineNumber":3,"author":{"gitId":"z0723-julie"},"content":"import java.io.File;","lastModifiedDate":"2022-02-17"},{"lineNumber":4,"author":{"gitId":"z0723-julie"},"content":"import java.util.ArrayList;","lastModifiedDate":"2022-01-27"},{"lineNumber":5,"author":{"gitId":"z0723-julie"},"content":"import java.util.Scanner;","lastModifiedDate":"2022-01-27"},{"lineNumber":6,"author":{"gitId":"z0723-julie"},"content":"import java.util.Set;","lastModifiedDate":"2022-02-09"},{"lineNumber":7,"author":{"gitId":"z0723-julie"},"content":"import java.io.FileWriter;","lastModifiedDate":"2022-02-17"},{"lineNumber":8,"author":{"gitId":"z0723-julie"},"content":"import java.io.IOException;","lastModifiedDate":"2022-02-17"},{"lineNumber":9,"author":{"gitId":"z0723-julie"},"content":"","lastModifiedDate":"2022-01-27"},{"lineNumber":10,"author":{"gitId":"-"},"content":"public class Duke {","lastModifiedDate":"2019-07-29"},{"lineNumber":11,"author":{"gitId":"z0723-julie"},"content":"    private static ArrayList\u003cString\u003e tasks \u003d new ArrayList\u003c\u003e();","lastModifiedDate":"2022-02-17"},{"lineNumber":12,"author":{"gitId":"z0723-julie"},"content":"    private static ArrayList\u003cBoolean\u003e dones \u003d new ArrayList\u003c\u003e();","lastModifiedDate":"2022-02-02"},{"lineNumber":13,"author":{"gitId":"z0723-julie"},"content":"    private static ArrayList\u003cString\u003e types \u003d new ArrayList\u003c\u003e();","lastModifiedDate":"2022-02-02"},{"lineNumber":14,"author":{"gitId":"z0723-julie"},"content":"    private static ArrayList\u003cString\u003e dates \u003d new ArrayList\u003c\u003e();","lastModifiedDate":"2022-02-02"},{"lineNumber":15,"author":{"gitId":"z0723-julie"},"content":"","lastModifiedDate":"2022-02-02"},{"lineNumber":16,"author":{"gitId":"-"},"content":"    public static void main(String[] args) {","lastModifiedDate":"2019-07-29"},{"lineNumber":17,"author":{"gitId":"-"},"content":"        String logo \u003d \" ____        _        \\n\"","lastModifiedDate":"2019-07-29"},{"lineNumber":18,"author":{"gitId":"-"},"content":"                + \"|  _ \\\\ _   _| | _____ \\n\"","lastModifiedDate":"2019-07-29"},{"lineNumber":19,"author":{"gitId":"-"},"content":"                + \"| | | | | | | |/ / _ \\\\\\n\"","lastModifiedDate":"2019-07-29"},{"lineNumber":20,"author":{"gitId":"-"},"content":"                + \"| |_| | |_| |   \u003c  __/\\n\"","lastModifiedDate":"2019-07-29"},{"lineNumber":21,"author":{"gitId":"-"},"content":"                + \"|____/ \\\\__,_|_|\\\\_\\\\___|\\n\";","lastModifiedDate":"2019-07-29"},{"lineNumber":22,"author":{"gitId":"-"},"content":"        System.out.println(\"Hello from\\n\" + logo);","lastModifiedDate":"2019-07-29"},{"lineNumber":23,"author":{"gitId":"z0723-julie"},"content":"        greeting();","lastModifiedDate":"2022-01-27"},{"lineNumber":24,"author":{"gitId":"z0723-julie"},"content":"        getCommand();","lastModifiedDate":"2022-02-02"},{"lineNumber":25,"author":{"gitId":"z0723-julie"},"content":"    }","lastModifiedDate":"2022-01-27"},{"lineNumber":26,"author":{"gitId":"z0723-julie"},"content":"","lastModifiedDate":"2022-01-27"},{"lineNumber":27,"author":{"gitId":"z0723-julie"},"content":"    private static void getCommand() {","lastModifiedDate":"2022-02-02"},{"lineNumber":28,"author":{"gitId":"z0723-julie"},"content":"        String input;","lastModifiedDate":"2022-02-09"},{"lineNumber":29,"author":{"gitId":"z0723-julie"},"content":"        Scanner in \u003d new Scanner(System.in);","lastModifiedDate":"2022-01-27"},{"lineNumber":30,"author":{"gitId":"z0723-julie"},"content":"        // get user input","lastModifiedDate":"2022-01-27"},{"lineNumber":31,"author":{"gitId":"z0723-julie"},"content":"        input \u003d in.nextLine();","lastModifiedDate":"2022-02-09"},{"lineNumber":32,"author":{"gitId":"z0723-julie"},"content":"        while (!input.equals(\"bye\")) {","lastModifiedDate":"2022-02-09"},{"lineNumber":33,"author":{"gitId":"z0723-julie"},"content":"            if (input.equals(\"list\")) {","lastModifiedDate":"2022-02-09"},{"lineNumber":34,"author":{"gitId":"z0723-julie"},"content":"                showList();","lastModifiedDate":"2022-01-27"},{"lineNumber":35,"author":{"gitId":"z0723-julie"},"content":"                input \u003d in.nextLine();","lastModifiedDate":"2022-02-09"},{"lineNumber":36,"author":{"gitId":"z0723-julie"},"content":"                continue;","lastModifiedDate":"2022-01-27"},{"lineNumber":37,"author":{"gitId":"z0723-julie"},"content":"            }","lastModifiedDate":"2022-01-27"},{"lineNumber":38,"author":{"gitId":"z0723-julie"},"content":"            if (input.startsWith(\"done\")) {","lastModifiedDate":"2022-02-09"},{"lineNumber":39,"author":{"gitId":"z0723-julie"},"content":"                int number \u003d Integer.parseInt(input.substring(input.length() - 1));","lastModifiedDate":"2022-02-09"},{"lineNumber":40,"author":{"gitId":"z0723-julie"},"content":"                markAsDone(number);","lastModifiedDate":"2022-01-27"},{"lineNumber":41,"author":{"gitId":"z0723-julie"},"content":"                saveTasks();","lastModifiedDate":"2022-02-17"},{"lineNumber":42,"author":{"gitId":"z0723-julie"},"content":"                input \u003d in.nextLine();","lastModifiedDate":"2022-02-17"},{"lineNumber":43,"author":{"gitId":"z0723-julie"},"content":"                continue;","lastModifiedDate":"2022-02-17"},{"lineNumber":44,"author":{"gitId":"z0723-julie"},"content":"            }","lastModifiedDate":"2022-02-17"},{"lineNumber":45,"author":{"gitId":"z0723-julie"},"content":"            if (input.startsWith(\"delete\")) {","lastModifiedDate":"2022-02-17"},{"lineNumber":46,"author":{"gitId":"z0723-julie"},"content":"                int number \u003d Integer.parseInt(input.substring(input.length() - 1));","lastModifiedDate":"2022-02-17"},{"lineNumber":47,"author":{"gitId":"z0723-julie"},"content":"                deleteTask(number);","lastModifiedDate":"2022-02-17"},{"lineNumber":48,"author":{"gitId":"z0723-julie"},"content":"                saveTasks();","lastModifiedDate":"2022-02-17"},{"lineNumber":49,"author":{"gitId":"z0723-julie"},"content":"                input \u003d in.nextLine();","lastModifiedDate":"2022-02-09"},{"lineNumber":50,"author":{"gitId":"z0723-julie"},"content":"                continue;","lastModifiedDate":"2022-01-27"},{"lineNumber":51,"author":{"gitId":"z0723-julie"},"content":"            }","lastModifiedDate":"2022-01-27"},{"lineNumber":52,"author":{"gitId":"z0723-julie"},"content":"            if (input.startsWith(\"delete\")) {","lastModifiedDate":"2022-02-17"},{"lineNumber":53,"author":{"gitId":"z0723-julie"},"content":"                int number \u003d Integer.parseInt(input.substring(input.length() - 1));","lastModifiedDate":"2022-02-17"},{"lineNumber":54,"author":{"gitId":"z0723-julie"},"content":"                deleteTask(number);","lastModifiedDate":"2022-02-17"},{"lineNumber":55,"author":{"gitId":"z0723-julie"},"content":"                input \u003d in.nextLine();","lastModifiedDate":"2022-02-17"},{"lineNumber":56,"author":{"gitId":"z0723-julie"},"content":"                continue;","lastModifiedDate":"2022-02-17"},{"lineNumber":57,"author":{"gitId":"z0723-julie"},"content":"            }","lastModifiedDate":"2022-02-17"},{"lineNumber":58,"author":{"gitId":"z0723-julie"},"content":"            try {","lastModifiedDate":"2022-02-09"},{"lineNumber":59,"author":{"gitId":"z0723-julie"},"content":"                checkCommand(input);","lastModifiedDate":"2022-02-09"},{"lineNumber":60,"author":{"gitId":"z0723-julie"},"content":"            } catch (InvalidCommandException | EmptyDescriptionException e) {","lastModifiedDate":"2022-02-17"},{"lineNumber":61,"author":{"gitId":"z0723-julie"},"content":"                input \u003d in.nextLine();","lastModifiedDate":"2022-02-09"},{"lineNumber":62,"author":{"gitId":"z0723-julie"},"content":"                continue;","lastModifiedDate":"2022-02-09"},{"lineNumber":63,"author":{"gitId":"z0723-julie"},"content":"            }","lastModifiedDate":"2022-02-09"},{"lineNumber":64,"author":{"gitId":"z0723-julie"},"content":"            // Command is valid, handle the command","lastModifiedDate":"2022-02-02"},{"lineNumber":65,"author":{"gitId":"z0723-julie"},"content":"            System.out.println(\"    ____________________________________________________________\");","lastModifiedDate":"2022-01-27"},{"lineNumber":66,"author":{"gitId":"z0723-julie"},"content":"            System.out.println(\"     Got it. I\u0027ve added this task: \");","lastModifiedDate":"2022-02-02"},{"lineNumber":67,"author":{"gitId":"z0723-julie"},"content":"            handleCommand(input);","lastModifiedDate":"2022-02-09"},{"lineNumber":68,"author":{"gitId":"z0723-julie"},"content":"            saveTasks();","lastModifiedDate":"2022-02-17"},{"lineNumber":69,"author":{"gitId":"z0723-julie"},"content":"            System.out.println(\"     Now you have \" + tasks.size() + \" tasks in the list.\");","lastModifiedDate":"2022-02-17"},{"lineNumber":70,"author":{"gitId":"z0723-julie"},"content":"            System.out.println(\"     Now you have \" + tasks.size() + \" tasks in the list.\");","lastModifiedDate":"2022-02-17"},{"lineNumber":71,"author":{"gitId":"z0723-julie"},"content":"            System.out.println(\"    ____________________________________________________________\");","lastModifiedDate":"2022-01-27"},{"lineNumber":72,"author":{"gitId":"z0723-julie"},"content":"            input \u003d in.nextLine();","lastModifiedDate":"2022-02-09"},{"lineNumber":73,"author":{"gitId":"z0723-julie"},"content":"        }","lastModifiedDate":"2022-01-27"},{"lineNumber":74,"author":{"gitId":"z0723-julie"},"content":"        System.out.println(\"    ____________________________________________________________\");","lastModifiedDate":"2022-01-27"},{"lineNumber":75,"author":{"gitId":"z0723-julie"},"content":"        System.out.println(\"     Bye. Hope to see you again soon!\");","lastModifiedDate":"2022-01-27"},{"lineNumber":76,"author":{"gitId":"z0723-julie"},"content":"        System.out.println(\"    ____________________________________________________________\");","lastModifiedDate":"2022-01-20"},{"lineNumber":77,"author":{"gitId":"z0723-julie"},"content":"    }","lastModifiedDate":"2022-01-27"},{"lineNumber":78,"author":{"gitId":"z0723-julie"},"content":"","lastModifiedDate":"2022-02-02"},{"lineNumber":79,"author":{"gitId":"z0723-julie"},"content":"    private static void checkCommand(String line) throws EmptyDescriptionException, InvalidCommandException {","lastModifiedDate":"2022-02-17"},{"lineNumber":80,"author":{"gitId":"z0723-julie"},"content":"        Set\u003cString\u003e validCommands \u003d Set.of(\"todo\", \"deadline\", \"event\");","lastModifiedDate":"2022-02-09"},{"lineNumber":81,"author":{"gitId":"z0723-julie"},"content":"        String[] splitLine \u003d line.split(\" \");","lastModifiedDate":"2022-02-09"},{"lineNumber":82,"author":{"gitId":"z0723-julie"},"content":"        String type \u003d splitLine[0];","lastModifiedDate":"2022-02-09"},{"lineNumber":83,"author":{"gitId":"z0723-julie"},"content":"        if (!validCommands.contains(type)) {","lastModifiedDate":"2022-02-09"},{"lineNumber":84,"author":{"gitId":"z0723-julie"},"content":"            throw new InvalidCommandException();","lastModifiedDate":"2022-02-17"},{"lineNumber":85,"author":{"gitId":"z0723-julie"},"content":"        }","lastModifiedDate":"2022-02-09"},{"lineNumber":86,"author":{"gitId":"z0723-julie"},"content":"        if (splitLine.length \u003d\u003d 1) {","lastModifiedDate":"2022-02-09"},{"lineNumber":87,"author":{"gitId":"z0723-julie"},"content":"            throw new EmptyDescriptionException();","lastModifiedDate":"2022-02-17"},{"lineNumber":88,"author":{"gitId":"z0723-julie"},"content":"        }","lastModifiedDate":"2022-02-09"},{"lineNumber":89,"author":{"gitId":"z0723-julie"},"content":"    }","lastModifiedDate":"2022-02-09"},{"lineNumber":90,"author":{"gitId":"z0723-julie"},"content":"","lastModifiedDate":"2022-02-09"},{"lineNumber":91,"author":{"gitId":"z0723-julie"},"content":"    private static void saveTasks() {","lastModifiedDate":"2022-02-17"},{"lineNumber":92,"author":{"gitId":"z0723-julie"},"content":"        String pathName \u003d \"./data/\";","lastModifiedDate":"2022-02-17"},{"lineNumber":93,"author":{"gitId":"z0723-julie"},"content":"        String fileName \u003d \"duke.txt\";","lastModifiedDate":"2022-02-17"},{"lineNumber":94,"author":{"gitId":"z0723-julie"},"content":"        String separator \u003d \" | \";","lastModifiedDate":"2022-02-17"},{"lineNumber":95,"author":{"gitId":"z0723-julie"},"content":"        flushFile(pathName, fileName);","lastModifiedDate":"2022-02-17"},{"lineNumber":96,"author":{"gitId":"z0723-julie"},"content":"        for (int i \u003d 0; i \u003c tasks.size(); i++) {","lastModifiedDate":"2022-02-17"},{"lineNumber":97,"author":{"gitId":"z0723-julie"},"content":"            StringBuilder sb \u003d new StringBuilder();","lastModifiedDate":"2022-02-17"},{"lineNumber":98,"author":{"gitId":"z0723-julie"},"content":"            String description \u003d tasks.get(i);","lastModifiedDate":"2022-02-17"},{"lineNumber":99,"author":{"gitId":"z0723-julie"},"content":"            boolean done \u003d dones.get(i);","lastModifiedDate":"2022-02-17"},{"lineNumber":100,"author":{"gitId":"z0723-julie"},"content":"            String type \u003d types.get(i);","lastModifiedDate":"2022-02-17"},{"lineNumber":101,"author":{"gitId":"z0723-julie"},"content":"            String date \u003d dates.get(i);","lastModifiedDate":"2022-02-17"},{"lineNumber":102,"author":{"gitId":"z0723-julie"},"content":"            sb.append(type);","lastModifiedDate":"2022-02-17"},{"lineNumber":103,"author":{"gitId":"z0723-julie"},"content":"            sb.append(separator);","lastModifiedDate":"2022-02-17"},{"lineNumber":104,"author":{"gitId":"z0723-julie"},"content":"            sb.append(done);","lastModifiedDate":"2022-02-17"},{"lineNumber":105,"author":{"gitId":"z0723-julie"},"content":"            sb.append(separator);","lastModifiedDate":"2022-02-17"},{"lineNumber":106,"author":{"gitId":"z0723-julie"},"content":"            sb.append(description);","lastModifiedDate":"2022-02-17"},{"lineNumber":107,"author":{"gitId":"z0723-julie"},"content":"            if (!date.equals(\"\")) {","lastModifiedDate":"2022-02-17"},{"lineNumber":108,"author":{"gitId":"z0723-julie"},"content":"                sb.append(separator);","lastModifiedDate":"2022-02-17"},{"lineNumber":109,"author":{"gitId":"z0723-julie"},"content":"                sb.append(date);","lastModifiedDate":"2022-02-17"},{"lineNumber":110,"author":{"gitId":"z0723-julie"},"content":"            }","lastModifiedDate":"2022-02-17"},{"lineNumber":111,"author":{"gitId":"z0723-julie"},"content":"            String textToAppend \u003d sb.toString();","lastModifiedDate":"2022-02-17"},{"lineNumber":112,"author":{"gitId":"z0723-julie"},"content":"            try {","lastModifiedDate":"2022-02-17"},{"lineNumber":113,"author":{"gitId":"z0723-julie"},"content":"                appendToFile(pathName + fileName, textToAppend + System.lineSeparator());","lastModifiedDate":"2022-02-17"},{"lineNumber":114,"author":{"gitId":"z0723-julie"},"content":"            } catch (IOException e) {","lastModifiedDate":"2022-02-17"},{"lineNumber":115,"author":{"gitId":"z0723-julie"},"content":"                System.out.println(\"Something went wrong: \" + e.getMessage());","lastModifiedDate":"2022-02-17"},{"lineNumber":116,"author":{"gitId":"z0723-julie"},"content":"            }","lastModifiedDate":"2022-02-17"},{"lineNumber":117,"author":{"gitId":"z0723-julie"},"content":"        }","lastModifiedDate":"2022-02-17"},{"lineNumber":118,"author":{"gitId":"z0723-julie"},"content":"    }","lastModifiedDate":"2022-02-17"},{"lineNumber":119,"author":{"gitId":"z0723-julie"},"content":"","lastModifiedDate":"2022-02-17"},{"lineNumber":120,"author":{"gitId":"z0723-julie"},"content":"    private static void flushFile(String pathName, String fileName) {","lastModifiedDate":"2022-02-17"},{"lineNumber":121,"author":{"gitId":"z0723-julie"},"content":"        File file \u003d new File(pathName + fileName);","lastModifiedDate":"2022-02-17"},{"lineNumber":122,"author":{"gitId":"z0723-julie"},"content":"        try {","lastModifiedDate":"2022-02-17"},{"lineNumber":123,"author":{"gitId":"z0723-julie"},"content":"            FileWriter fw \u003d new FileWriter(file);","lastModifiedDate":"2022-02-17"},{"lineNumber":124,"author":{"gitId":"z0723-julie"},"content":"            fw.write(\"\");","lastModifiedDate":"2022-02-17"},{"lineNumber":125,"author":{"gitId":"z0723-julie"},"content":"        } catch (IOException e) {","lastModifiedDate":"2022-02-17"},{"lineNumber":126,"author":{"gitId":"z0723-julie"},"content":"            System.out.println(\"Something went wrong: \" + e.getMessage());","lastModifiedDate":"2022-02-17"},{"lineNumber":127,"author":{"gitId":"z0723-julie"},"content":"        }","lastModifiedDate":"2022-02-17"},{"lineNumber":128,"author":{"gitId":"z0723-julie"},"content":"    }","lastModifiedDate":"2022-02-17"},{"lineNumber":129,"author":{"gitId":"z0723-julie"},"content":"","lastModifiedDate":"2022-02-17"},{"lineNumber":130,"author":{"gitId":"z0723-julie"},"content":"    private static void appendToFile(String filePath, String textToAppend) throws IOException {","lastModifiedDate":"2022-02-17"},{"lineNumber":131,"author":{"gitId":"z0723-julie"},"content":"        FileWriter fw \u003d new FileWriter(filePath, true);","lastModifiedDate":"2022-02-17"},{"lineNumber":132,"author":{"gitId":"z0723-julie"},"content":"        fw.write(textToAppend);","lastModifiedDate":"2022-02-17"},{"lineNumber":133,"author":{"gitId":"z0723-julie"},"content":"        fw.close();","lastModifiedDate":"2022-02-17"},{"lineNumber":134,"author":{"gitId":"z0723-julie"},"content":"    }","lastModifiedDate":"2022-02-17"},{"lineNumber":135,"author":{"gitId":"z0723-julie"},"content":"","lastModifiedDate":"2022-02-09"},{"lineNumber":136,"author":{"gitId":"z0723-julie"},"content":"    private static void handleCommand(String line) {","lastModifiedDate":"2022-02-02"},{"lineNumber":137,"author":{"gitId":"z0723-julie"},"content":"        String description;","lastModifiedDate":"2022-02-02"},{"lineNumber":138,"author":{"gitId":"z0723-julie"},"content":"        String date;","lastModifiedDate":"2022-02-02"},{"lineNumber":139,"author":{"gitId":"z0723-julie"},"content":"        dones.add(false);","lastModifiedDate":"2022-02-02"},{"lineNumber":140,"author":{"gitId":"z0723-julie"},"content":"        if (line.startsWith(\"todo\")) {","lastModifiedDate":"2022-02-02"},{"lineNumber":141,"author":{"gitId":"z0723-julie"},"content":"            types.add(\"T\");","lastModifiedDate":"2022-02-02"},{"lineNumber":142,"author":{"gitId":"z0723-julie"},"content":"            description \u003d line.substring(5);","lastModifiedDate":"2022-02-02"},{"lineNumber":143,"author":{"gitId":"z0723-julie"},"content":"            Todo todo \u003d new Todo(description);","lastModifiedDate":"2022-02-02"},{"lineNumber":144,"author":{"gitId":"z0723-julie"},"content":"            tasks.add(description);","lastModifiedDate":"2022-02-17"},{"lineNumber":145,"author":{"gitId":"z0723-julie"},"content":"            dates.add(\"\");","lastModifiedDate":"2022-02-02"},{"lineNumber":146,"author":{"gitId":"z0723-julie"},"content":"            System.out.println(\"       \" + todo.toString(false));","lastModifiedDate":"2022-02-02"},{"lineNumber":147,"author":{"gitId":"z0723-julie"},"content":"        } else if (line.startsWith(\"deadline\")) {","lastModifiedDate":"2022-02-02"},{"lineNumber":148,"author":{"gitId":"z0723-julie"},"content":"            types.add(\"D\");","lastModifiedDate":"2022-02-02"},{"lineNumber":149,"author":{"gitId":"z0723-julie"},"content":"            int separator \u003d line.indexOf(\"/by\");","lastModifiedDate":"2022-02-02"},{"lineNumber":150,"author":{"gitId":"z0723-julie"},"content":"            description \u003d line.substring(9, separator - 1);","lastModifiedDate":"2022-02-02"},{"lineNumber":151,"author":{"gitId":"z0723-julie"},"content":"            date \u003d line.substring(separator + 4);","lastModifiedDate":"2022-02-02"},{"lineNumber":152,"author":{"gitId":"z0723-julie"},"content":"            Deadline deadline \u003d new Deadline(description, date);","lastModifiedDate":"2022-02-02"},{"lineNumber":153,"author":{"gitId":"z0723-julie"},"content":"            tasks.add(description);","lastModifiedDate":"2022-02-17"},{"lineNumber":154,"author":{"gitId":"z0723-julie"},"content":"            dates.add(date);","lastModifiedDate":"2022-02-02"},{"lineNumber":155,"author":{"gitId":"z0723-julie"},"content":"            System.out.println(\"       \" + deadline.toString(false));","lastModifiedDate":"2022-02-02"},{"lineNumber":156,"author":{"gitId":"z0723-julie"},"content":"        } else if (line.startsWith(\"event\")) {","lastModifiedDate":"2022-02-02"},{"lineNumber":157,"author":{"gitId":"z0723-julie"},"content":"            types.add(\"E\");","lastModifiedDate":"2022-02-02"},{"lineNumber":158,"author":{"gitId":"z0723-julie"},"content":"            int separator \u003d line.indexOf(\"/at\");","lastModifiedDate":"2022-02-02"},{"lineNumber":159,"author":{"gitId":"z0723-julie"},"content":"            description \u003d line.substring(6, separator - 1);","lastModifiedDate":"2022-02-02"},{"lineNumber":160,"author":{"gitId":"z0723-julie"},"content":"            date \u003d line.substring(separator + 4);","lastModifiedDate":"2022-02-02"},{"lineNumber":161,"author":{"gitId":"z0723-julie"},"content":"            Event event \u003d new Event(description, date);","lastModifiedDate":"2022-02-02"},{"lineNumber":162,"author":{"gitId":"z0723-julie"},"content":"            tasks.add(description);","lastModifiedDate":"2022-02-17"},{"lineNumber":163,"author":{"gitId":"z0723-julie"},"content":"            dates.add(date);","lastModifiedDate":"2022-02-02"},{"lineNumber":164,"author":{"gitId":"z0723-julie"},"content":"            System.out.println(\"       \" + event.toString(false));","lastModifiedDate":"2022-02-02"},{"lineNumber":165,"author":{"gitId":"z0723-julie"},"content":"        } else {","lastModifiedDate":"2022-02-02"},{"lineNumber":166,"author":{"gitId":"z0723-julie"},"content":"            types.add(\"unknown\");","lastModifiedDate":"2022-02-02"},{"lineNumber":167,"author":{"gitId":"z0723-julie"},"content":"        }","lastModifiedDate":"2022-02-02"},{"lineNumber":168,"author":{"gitId":"z0723-julie"},"content":"    }","lastModifiedDate":"2022-01-27"},{"lineNumber":169,"author":{"gitId":"z0723-julie"},"content":"","lastModifiedDate":"2022-01-27"},{"lineNumber":170,"author":{"gitId":"z0723-julie"},"content":"    private static void showList() {","lastModifiedDate":"2022-01-27"},{"lineNumber":171,"author":{"gitId":"z0723-julie"},"content":"        System.out.println(\"    ____________________________________________________________\");","lastModifiedDate":"2022-01-27"},{"lineNumber":172,"author":{"gitId":"z0723-julie"},"content":"        System.out.println(\"     Here are the tasks in your list:\");","lastModifiedDate":"2022-01-27"},{"lineNumber":173,"author":{"gitId":"z0723-julie"},"content":"        for (int i \u003d 0; i \u003c tasks.size(); i++) {","lastModifiedDate":"2022-02-17"},{"lineNumber":174,"author":{"gitId":"z0723-julie"},"content":"            String description \u003d tasks.get(i);","lastModifiedDate":"2022-02-17"},{"lineNumber":175,"author":{"gitId":"z0723-julie"},"content":"            String date \u003d dates.get(i);","lastModifiedDate":"2022-02-02"},{"lineNumber":176,"author":{"gitId":"z0723-julie"},"content":"            String type \u003d types.get(i);","lastModifiedDate":"2022-02-02"},{"lineNumber":177,"author":{"gitId":"z0723-julie"},"content":"            boolean isDone \u003d dones.get(i);","lastModifiedDate":"2022-02-02"},{"lineNumber":178,"author":{"gitId":"z0723-julie"},"content":"            System.out.printf(\"     %d.\", i + 1);","lastModifiedDate":"2022-02-02"},{"lineNumber":179,"author":{"gitId":"z0723-julie"},"content":"            switch (type) {","lastModifiedDate":"2022-02-02"},{"lineNumber":180,"author":{"gitId":"z0723-julie"},"content":"            case \"T\":","lastModifiedDate":"2022-02-02"},{"lineNumber":181,"author":{"gitId":"z0723-julie"},"content":"                Todo todo \u003d new Todo(description);","lastModifiedDate":"2022-02-02"},{"lineNumber":182,"author":{"gitId":"z0723-julie"},"content":"                System.out.println(todo.toString(isDone));","lastModifiedDate":"2022-02-02"},{"lineNumber":183,"author":{"gitId":"z0723-julie"},"content":"                break;","lastModifiedDate":"2022-02-02"},{"lineNumber":184,"author":{"gitId":"z0723-julie"},"content":"            case \"D\":","lastModifiedDate":"2022-02-02"},{"lineNumber":185,"author":{"gitId":"z0723-julie"},"content":"                Deadline deadline \u003d new Deadline(description, date);","lastModifiedDate":"2022-02-02"},{"lineNumber":186,"author":{"gitId":"z0723-julie"},"content":"                System.out.println(deadline.toString(isDone));","lastModifiedDate":"2022-02-02"},{"lineNumber":187,"author":{"gitId":"z0723-julie"},"content":"                break;","lastModifiedDate":"2022-02-02"},{"lineNumber":188,"author":{"gitId":"z0723-julie"},"content":"            case \"E\":","lastModifiedDate":"2022-02-02"},{"lineNumber":189,"author":{"gitId":"z0723-julie"},"content":"                Event event \u003d new Event(description, date);","lastModifiedDate":"2022-02-02"},{"lineNumber":190,"author":{"gitId":"z0723-julie"},"content":"                System.out.println(event.toString(isDone));","lastModifiedDate":"2022-02-02"},{"lineNumber":191,"author":{"gitId":"z0723-julie"},"content":"                break;","lastModifiedDate":"2022-02-02"},{"lineNumber":192,"author":{"gitId":"z0723-julie"},"content":"            default:","lastModifiedDate":"2022-02-02"},{"lineNumber":193,"author":{"gitId":"z0723-julie"},"content":"                System.out.println(\"       Unknown Type\");","lastModifiedDate":"2022-02-02"},{"lineNumber":194,"author":{"gitId":"z0723-julie"},"content":"            }","lastModifiedDate":"2022-01-27"},{"lineNumber":195,"author":{"gitId":"z0723-julie"},"content":"        }","lastModifiedDate":"2022-01-27"},{"lineNumber":196,"author":{"gitId":"z0723-julie"},"content":"        System.out.println(\"    ____________________________________________________________\");","lastModifiedDate":"2022-01-27"},{"lineNumber":197,"author":{"gitId":"z0723-julie"},"content":"    }","lastModifiedDate":"2022-01-27"},{"lineNumber":198,"author":{"gitId":"z0723-julie"},"content":"","lastModifiedDate":"2022-01-27"},{"lineNumber":199,"author":{"gitId":"z0723-julie"},"content":"    private static void markAsDone(int number) {","lastModifiedDate":"2022-01-27"},{"lineNumber":200,"author":{"gitId":"z0723-julie"},"content":"        System.out.println(\"    ____________________________________________________________\");","lastModifiedDate":"2022-01-27"},{"lineNumber":201,"author":{"gitId":"z0723-julie"},"content":"        System.out.println(\"     Nice! I\u0027ve marked this task as done:\");","lastModifiedDate":"2022-01-27"},{"lineNumber":202,"author":{"gitId":"z0723-julie"},"content":"        int index \u003d number - 1;","lastModifiedDate":"2022-01-27"},{"lineNumber":203,"author":{"gitId":"z0723-julie"},"content":"        String description \u003d tasks.get(index);","lastModifiedDate":"2022-02-17"},{"lineNumber":204,"author":{"gitId":"z0723-julie"},"content":"        String date \u003d dates.get(index);","lastModifiedDate":"2022-02-02"},{"lineNumber":205,"author":{"gitId":"z0723-julie"},"content":"        String type \u003d types.get(index);","lastModifiedDate":"2022-02-02"},{"lineNumber":206,"author":{"gitId":"z0723-julie"},"content":"        // mark as done","lastModifiedDate":"2022-02-02"},{"lineNumber":207,"author":{"gitId":"z0723-julie"},"content":"        dones.set(index, true);","lastModifiedDate":"2022-02-02"},{"lineNumber":208,"author":{"gitId":"z0723-julie"},"content":"        switch (type) {","lastModifiedDate":"2022-02-02"},{"lineNumber":209,"author":{"gitId":"z0723-julie"},"content":"        case \"T\":","lastModifiedDate":"2022-02-02"},{"lineNumber":210,"author":{"gitId":"z0723-julie"},"content":"            Todo todo \u003d new Todo(description);","lastModifiedDate":"2022-02-02"},{"lineNumber":211,"author":{"gitId":"z0723-julie"},"content":"            System.out.println(\"       \" + todo.toString(true));","lastModifiedDate":"2022-02-02"},{"lineNumber":212,"author":{"gitId":"z0723-julie"},"content":"            break;","lastModifiedDate":"2022-02-02"},{"lineNumber":213,"author":{"gitId":"z0723-julie"},"content":"        case \"D\":","lastModifiedDate":"2022-02-02"},{"lineNumber":214,"author":{"gitId":"z0723-julie"},"content":"            Deadline deadline \u003d new Deadline(description, date);","lastModifiedDate":"2022-02-02"},{"lineNumber":215,"author":{"gitId":"z0723-julie"},"content":"            System.out.println(\"       \" + deadline.toString(true));","lastModifiedDate":"2022-02-02"},{"lineNumber":216,"author":{"gitId":"z0723-julie"},"content":"            break;","lastModifiedDate":"2022-02-02"},{"lineNumber":217,"author":{"gitId":"z0723-julie"},"content":"        case \"E\":","lastModifiedDate":"2022-02-02"},{"lineNumber":218,"author":{"gitId":"z0723-julie"},"content":"            Event event \u003d new Event(description, date);","lastModifiedDate":"2022-02-02"},{"lineNumber":219,"author":{"gitId":"z0723-julie"},"content":"            System.out.println(\"       \" + event.toString(true));","lastModifiedDate":"2022-02-02"},{"lineNumber":220,"author":{"gitId":"z0723-julie"},"content":"            break;","lastModifiedDate":"2022-02-02"},{"lineNumber":221,"author":{"gitId":"z0723-julie"},"content":"        default:","lastModifiedDate":"2022-02-02"},{"lineNumber":222,"author":{"gitId":"z0723-julie"},"content":"            System.out.println(\"       Unknown Type\");","lastModifiedDate":"2022-02-02"},{"lineNumber":223,"author":{"gitId":"z0723-julie"},"content":"        }","lastModifiedDate":"2022-02-02"},{"lineNumber":224,"author":{"gitId":"z0723-julie"},"content":"        System.out.println(\"    ____________________________________________________________\");","lastModifiedDate":"2022-01-27"},{"lineNumber":225,"author":{"gitId":"z0723-julie"},"content":"    }","lastModifiedDate":"2022-01-27"},{"lineNumber":226,"author":{"gitId":"z0723-julie"},"content":"","lastModifiedDate":"2022-01-27"},{"lineNumber":227,"author":{"gitId":"z0723-julie"},"content":"    private static void deleteTask(int number) {","lastModifiedDate":"2022-02-17"},{"lineNumber":228,"author":{"gitId":"z0723-julie"},"content":"        System.out.println(\"    ____________________________________________________________\");","lastModifiedDate":"2022-02-17"},{"lineNumber":229,"author":{"gitId":"z0723-julie"},"content":"        System.out.println(\"     Noted. I\u0027ve removed this task:\");","lastModifiedDate":"2022-02-17"},{"lineNumber":230,"author":{"gitId":"z0723-julie"},"content":"        int index \u003d number - 1;","lastModifiedDate":"2022-02-17"},{"lineNumber":231,"author":{"gitId":"z0723-julie"},"content":"        String description \u003d tasks.get(index);","lastModifiedDate":"2022-02-17"},{"lineNumber":232,"author":{"gitId":"z0723-julie"},"content":"        String date \u003d dates.get(index);","lastModifiedDate":"2022-02-17"},{"lineNumber":233,"author":{"gitId":"z0723-julie"},"content":"        String type \u003d types.get(index);","lastModifiedDate":"2022-02-17"},{"lineNumber":234,"author":{"gitId":"z0723-julie"},"content":"        boolean done \u003d dones.get(index);","lastModifiedDate":"2022-02-17"},{"lineNumber":235,"author":{"gitId":"z0723-julie"},"content":"        switch (type) {","lastModifiedDate":"2022-02-17"},{"lineNumber":236,"author":{"gitId":"z0723-julie"},"content":"            case \"T\":","lastModifiedDate":"2022-02-17"},{"lineNumber":237,"author":{"gitId":"z0723-julie"},"content":"                Todo todo \u003d new Todo(description);","lastModifiedDate":"2022-02-17"},{"lineNumber":238,"author":{"gitId":"z0723-julie"},"content":"                System.out.println(\"       \" + todo.toString(done));","lastModifiedDate":"2022-02-17"},{"lineNumber":239,"author":{"gitId":"z0723-julie"},"content":"                break;","lastModifiedDate":"2022-02-17"},{"lineNumber":240,"author":{"gitId":"z0723-julie"},"content":"            case \"D\":","lastModifiedDate":"2022-02-17"},{"lineNumber":241,"author":{"gitId":"z0723-julie"},"content":"                Deadline deadline \u003d new Deadline(description, date);","lastModifiedDate":"2022-02-17"},{"lineNumber":242,"author":{"gitId":"z0723-julie"},"content":"                System.out.println(\"       \" + deadline.toString(done));","lastModifiedDate":"2022-02-17"},{"lineNumber":243,"author":{"gitId":"z0723-julie"},"content":"                break;","lastModifiedDate":"2022-02-17"},{"lineNumber":244,"author":{"gitId":"z0723-julie"},"content":"            case \"E\":","lastModifiedDate":"2022-02-17"},{"lineNumber":245,"author":{"gitId":"z0723-julie"},"content":"                Event event \u003d new Event(description, date);","lastModifiedDate":"2022-02-17"},{"lineNumber":246,"author":{"gitId":"z0723-julie"},"content":"                System.out.println(\"       \" + event.toString(done));","lastModifiedDate":"2022-02-17"},{"lineNumber":247,"author":{"gitId":"z0723-julie"},"content":"                break;","lastModifiedDate":"2022-02-17"},{"lineNumber":248,"author":{"gitId":"z0723-julie"},"content":"            default:","lastModifiedDate":"2022-02-17"},{"lineNumber":249,"author":{"gitId":"z0723-julie"},"content":"                System.out.println(\"       Unknown Type\");","lastModifiedDate":"2022-02-17"},{"lineNumber":250,"author":{"gitId":"z0723-julie"},"content":"        }","lastModifiedDate":"2022-02-17"},{"lineNumber":251,"author":{"gitId":"z0723-julie"},"content":"        tasks.remove(index);","lastModifiedDate":"2022-02-17"},{"lineNumber":252,"author":{"gitId":"z0723-julie"},"content":"        dates.remove(index);","lastModifiedDate":"2022-02-17"},{"lineNumber":253,"author":{"gitId":"z0723-julie"},"content":"        types.remove(index);","lastModifiedDate":"2022-02-17"},{"lineNumber":254,"author":{"gitId":"z0723-julie"},"content":"        dones.remove(index);","lastModifiedDate":"2022-02-17"},{"lineNumber":255,"author":{"gitId":"z0723-julie"},"content":"        System.out.println(\"     Now you have \" + tasks.size() + \" tasks in the list.\");","lastModifiedDate":"2022-02-17"},{"lineNumber":256,"author":{"gitId":"z0723-julie"},"content":"        tasks.remove(index);","lastModifiedDate":"2022-02-17"},{"lineNumber":257,"author":{"gitId":"z0723-julie"},"content":"        dates.remove(index);","lastModifiedDate":"2022-02-17"},{"lineNumber":258,"author":{"gitId":"z0723-julie"},"content":"        types.remove(index);","lastModifiedDate":"2022-02-17"},{"lineNumber":259,"author":{"gitId":"z0723-julie"},"content":"        dones.remove(index);","lastModifiedDate":"2022-02-17"},{"lineNumber":260,"author":{"gitId":"z0723-julie"},"content":"        System.out.println(\"     Now you have \" + tasks.size() + \" tasks in the list.\");","lastModifiedDate":"2022-02-17"},{"lineNumber":261,"author":{"gitId":"z0723-julie"},"content":"        System.out.println(\"    ____________________________________________________________\");","lastModifiedDate":"2022-02-17"},{"lineNumber":262,"author":{"gitId":"z0723-julie"},"content":"    }","lastModifiedDate":"2022-02-17"},{"lineNumber":263,"author":{"gitId":"z0723-julie"},"content":"","lastModifiedDate":"2022-02-17"},{"lineNumber":264,"author":{"gitId":"z0723-julie"},"content":"    private static void greeting() {","lastModifiedDate":"2022-01-27"},{"lineNumber":265,"author":{"gitId":"z0723-julie"},"content":"        System.out.println(\"    ____________________________________________________________\");","lastModifiedDate":"2022-01-20"},{"lineNumber":266,"author":{"gitId":"z0723-julie"},"content":"        System.out.println(\"     Hello! I\u0027m duke.Duke\");","lastModifiedDate":"2022-02-09"},{"lineNumber":267,"author":{"gitId":"z0723-julie"},"content":"        System.out.println(\"     What can I do for you?\");","lastModifiedDate":"2022-01-27"},{"lineNumber":268,"author":{"gitId":"z0723-julie"},"content":"        System.out.println(\"    ____________________________________________________________\");","lastModifiedDate":"2022-01-20"},{"lineNumber":269,"author":{"gitId":"z0723-julie"},"content":"        System.out.println();","lastModifiedDate":"2022-01-27"},{"lineNumber":270,"author":{"gitId":"-"},"content":"    }","lastModifiedDate":"2019-07-29"},{"lineNumber":271,"author":{"gitId":"z0723-julie"},"content":"","lastModifiedDate":"2022-02-02"},{"lineNumber":272,"author":{"gitId":"-"},"content":"}","lastModifiedDate":"2019-07-29"}],"authorContributionMap":{"z0723-julie":262,"-":10}},{"path":"src/main/java/duke/EmptyDescriptionException.java","fileType":"java","lines":[{"lineNumber":1,"author":{"gitId":"z0723-julie"},"content":"package duke;","lastModifiedDate":"2022-02-09"},{"lineNumber":2,"author":{"gitId":"z0723-julie"},"content":"","lastModifiedDate":"2022-02-09"},{"lineNumber":3,"author":{"gitId":"z0723-julie"},"content":"public class EmptyDescriptionException extends Throwable {","lastModifiedDate":"2022-02-17"},{"lineNumber":4,"author":{"gitId":"z0723-julie"},"content":"    EmptyDescriptionException() {","lastModifiedDate":"2022-02-17"},{"lineNumber":5,"author":{"gitId":"z0723-julie"},"content":"        System.out.println(\"    ____________________________________________________________\");","lastModifiedDate":"2022-02-09"},{"lineNumber":6,"author":{"gitId":"z0723-julie"},"content":"        System.out.println(\"     ☹ OOPS!!! The description of a todo cannot be empty.\");","lastModifiedDate":"2022-02-09"},{"lineNumber":7,"author":{"gitId":"z0723-julie"},"content":"        System.out.println(\"    ____________________________________________________________\");","lastModifiedDate":"2022-02-09"},{"lineNumber":8,"author":{"gitId":"z0723-julie"},"content":"    }","lastModifiedDate":"2022-02-09"},{"lineNumber":9,"author":{"gitId":"z0723-julie"},"content":"}","lastModifiedDate":"2022-02-09"}],"authorContributionMap":{"z0723-julie":9}},{"path":"src/main/java/duke/Event.java","fileType":"java","lines":[{"lineNumber":1,"author":{"gitId":"z0723-julie"},"content":"package duke;","lastModifiedDate":"2022-02-09"},{"lineNumber":2,"author":{"gitId":"z0723-julie"},"content":"","lastModifiedDate":"2022-02-09"},{"lineNumber":3,"author":{"gitId":"z0723-julie"},"content":"import duke.Task;","lastModifiedDate":"2022-02-09"},{"lineNumber":4,"author":{"gitId":"z0723-julie"},"content":"","lastModifiedDate":"2022-02-09"},{"lineNumber":5,"author":{"gitId":"z0723-julie"},"content":"public class Event extends Task {","lastModifiedDate":"2022-02-02"},{"lineNumber":6,"author":{"gitId":"z0723-julie"},"content":"","lastModifiedDate":"2022-02-02"},{"lineNumber":7,"author":{"gitId":"z0723-julie"},"content":"    protected String event;","lastModifiedDate":"2022-02-09"},{"lineNumber":8,"author":{"gitId":"z0723-julie"},"content":"","lastModifiedDate":"2022-02-02"},{"lineNumber":9,"author":{"gitId":"z0723-julie"},"content":"    public Event(String description, String event) {","lastModifiedDate":"2022-02-09"},{"lineNumber":10,"author":{"gitId":"z0723-julie"},"content":"        super(description);","lastModifiedDate":"2022-02-02"},{"lineNumber":11,"author":{"gitId":"z0723-julie"},"content":"        this.event \u003d event;","lastModifiedDate":"2022-02-09"},{"lineNumber":12,"author":{"gitId":"z0723-julie"},"content":"    }","lastModifiedDate":"2022-02-02"},{"lineNumber":13,"author":{"gitId":"z0723-julie"},"content":"","lastModifiedDate":"2022-02-02"},{"lineNumber":14,"author":{"gitId":"z0723-julie"},"content":"    @Override","lastModifiedDate":"2022-02-02"},{"lineNumber":15,"author":{"gitId":"z0723-julie"},"content":"    public String toString(boolean isDone) {","lastModifiedDate":"2022-02-02"},{"lineNumber":16,"author":{"gitId":"z0723-julie"},"content":"        return \"[E]\" + super.toString(isDone) + \" (at: \" + event + \")\";","lastModifiedDate":"2022-02-09"},{"lineNumber":17,"author":{"gitId":"z0723-julie"},"content":"    }","lastModifiedDate":"2022-02-02"},{"lineNumber":18,"author":{"gitId":"z0723-julie"},"content":"}","lastModifiedDate":"2022-02-02"}],"authorContributionMap":{"z0723-julie":18}},{"path":"src/main/java/duke/InvalidCommandException.java","fileType":"java","lines":[{"lineNumber":1,"author":{"gitId":"z0723-julie"},"content":"package duke;","lastModifiedDate":"2022-02-09"},{"lineNumber":2,"author":{"gitId":"z0723-julie"},"content":"","lastModifiedDate":"2022-02-09"},{"lineNumber":3,"author":{"gitId":"z0723-julie"},"content":"public class InvalidCommandException extends Throwable {","lastModifiedDate":"2022-02-17"},{"lineNumber":4,"author":{"gitId":"z0723-julie"},"content":"    InvalidCommandException() {","lastModifiedDate":"2022-02-17"},{"lineNumber":5,"author":{"gitId":"z0723-julie"},"content":"        System.out.println(\"    ____________________________________________________________\");","lastModifiedDate":"2022-02-09"},{"lineNumber":6,"author":{"gitId":"z0723-julie"},"content":"        System.out.println(\"     ☹ OOPS!!! I\u0027m sorry, but I don\u0027t know what that means :-(\");","lastModifiedDate":"2022-02-09"},{"lineNumber":7,"author":{"gitId":"z0723-julie"},"content":"        System.out.println(\"    ____________________________________________________________\");","lastModifiedDate":"2022-02-09"},{"lineNumber":8,"author":{"gitId":"z0723-julie"},"content":"    }","lastModifiedDate":"2022-02-09"},{"lineNumber":9,"author":{"gitId":"z0723-julie"},"content":"}","lastModifiedDate":"2022-02-09"}],"authorContributionMap":{"z0723-julie":9}},{"path":"src/main/java/duke/Task.java","fileType":"java","lines":[{"lineNumber":1,"author":{"gitId":"z0723-julie"},"content":"package duke;","lastModifiedDate":"2022-02-09"},{"lineNumber":2,"author":{"gitId":"z0723-julie"},"content":"","lastModifiedDate":"2022-02-09"},{"lineNumber":3,"author":{"gitId":"z0723-julie"},"content":"public class Task {","lastModifiedDate":"2022-02-02"},{"lineNumber":4,"author":{"gitId":"z0723-julie"},"content":"","lastModifiedDate":"2022-02-02"},{"lineNumber":5,"author":{"gitId":"z0723-julie"},"content":"    protected String description;","lastModifiedDate":"2022-02-02"},{"lineNumber":6,"author":{"gitId":"z0723-julie"},"content":"","lastModifiedDate":"2022-02-02"},{"lineNumber":7,"author":{"gitId":"z0723-julie"},"content":"    public Task(String description) {","lastModifiedDate":"2022-02-02"},{"lineNumber":8,"author":{"gitId":"z0723-julie"},"content":"        this.description \u003d description;","lastModifiedDate":"2022-02-02"},{"lineNumber":9,"author":{"gitId":"z0723-julie"},"content":"    }","lastModifiedDate":"2022-02-02"},{"lineNumber":10,"author":{"gitId":"z0723-julie"},"content":"","lastModifiedDate":"2022-02-02"},{"lineNumber":11,"author":{"gitId":"z0723-julie"},"content":"    public String toString(boolean isDone) {","lastModifiedDate":"2022-02-02"},{"lineNumber":12,"author":{"gitId":"z0723-julie"},"content":"        String doneSymbol;","lastModifiedDate":"2022-02-02"},{"lineNumber":13,"author":{"gitId":"z0723-julie"},"content":"        if (isDone) {","lastModifiedDate":"2022-02-02"},{"lineNumber":14,"author":{"gitId":"z0723-julie"},"content":"            doneSymbol \u003d \"X\";","lastModifiedDate":"2022-02-02"},{"lineNumber":15,"author":{"gitId":"z0723-julie"},"content":"        } else {","lastModifiedDate":"2022-02-02"},{"lineNumber":16,"author":{"gitId":"z0723-julie"},"content":"            doneSymbol \u003d \" \";","lastModifiedDate":"2022-02-02"},{"lineNumber":17,"author":{"gitId":"z0723-julie"},"content":"        }","lastModifiedDate":"2022-02-02"},{"lineNumber":18,"author":{"gitId":"z0723-julie"},"content":"        return \"[\" + doneSymbol + \"] \" + description;","lastModifiedDate":"2022-02-02"},{"lineNumber":19,"author":{"gitId":"z0723-julie"},"content":"    }","lastModifiedDate":"2022-02-02"},{"lineNumber":20,"author":{"gitId":"z0723-julie"},"content":"}","lastModifiedDate":"2022-02-02"}],"authorContributionMap":{"z0723-julie":20}},{"path":"src/main/java/duke/Todo.java","fileType":"java","lines":[{"lineNumber":1,"author":{"gitId":"z0723-julie"},"content":"package duke;","lastModifiedDate":"2022-02-09"},{"lineNumber":2,"author":{"gitId":"z0723-julie"},"content":"","lastModifiedDate":"2022-02-09"},{"lineNumber":3,"author":{"gitId":"z0723-julie"},"content":"import duke.Task;","lastModifiedDate":"2022-02-09"},{"lineNumber":4,"author":{"gitId":"z0723-julie"},"content":"","lastModifiedDate":"2022-02-09"},{"lineNumber":5,"author":{"gitId":"z0723-julie"},"content":"public class Todo extends Task {","lastModifiedDate":"2022-02-02"},{"lineNumber":6,"author":{"gitId":"z0723-julie"},"content":"","lastModifiedDate":"2022-02-02"},{"lineNumber":7,"author":{"gitId":"z0723-julie"},"content":"    public Todo(String description) {","lastModifiedDate":"2022-02-02"},{"lineNumber":8,"author":{"gitId":"z0723-julie"},"content":"        super(description);","lastModifiedDate":"2022-02-02"},{"lineNumber":9,"author":{"gitId":"z0723-julie"},"content":"    }","lastModifiedDate":"2022-02-02"},{"lineNumber":10,"author":{"gitId":"z0723-julie"},"content":"","lastModifiedDate":"2022-02-02"},{"lineNumber":11,"author":{"gitId":"z0723-julie"},"content":"    @Override","lastModifiedDate":"2022-02-02"},{"lineNumber":12,"author":{"gitId":"z0723-julie"},"content":"    public String toString(boolean isDone) {","lastModifiedDate":"2022-02-02"},{"lineNumber":13,"author":{"gitId":"z0723-julie"},"content":"        return \"[T]\" + super.toString(isDone);","lastModifiedDate":"2022-02-02"},{"lineNumber":14,"author":{"gitId":"z0723-julie"},"content":"    }","lastModifiedDate":"2022-02-02"},{"lineNumber":15,"author":{"gitId":"z0723-julie"},"content":"}","lastModifiedDate":"2022-02-02"}],"authorContributionMap":{"z0723-julie":15}},{"path":"text-ui-test/input.txt","fileType":"txt","lines":[{"lineNumber":1,"author":{"gitId":"z0723-julie"},"content":"todo eat","lastModifiedDate":"2022-02-03"},{"lineNumber":2,"author":{"gitId":"z0723-julie"},"content":"deadline have lunch /by 12pm","lastModifiedDate":"2022-02-03"},{"lineNumber":3,"author":{"gitId":"z0723-julie"},"content":"event attend class /at 2pm","lastModifiedDate":"2022-02-03"},{"lineNumber":4,"author":{"gitId":"z0723-julie"},"content":"list","lastModifiedDate":"2022-02-03"},{"lineNumber":5,"author":{"gitId":"z0723-julie"},"content":"done 2","lastModifiedDate":"2022-02-03"},{"lineNumber":6,"author":{"gitId":"z0723-julie"},"content":"list","lastModifiedDate":"2022-02-03"},{"lineNumber":7,"author":{"gitId":"z0723-julie"},"content":"bye","lastModifiedDate":"2022-02-03"}],"authorContributionMap":{"z0723-julie":7}},{"path":"text-ui-test/runtest.bat","fileType":"bat","lines":[{"lineNumber":1,"author":{"gitId":"-"},"content":"@ECHO OFF","lastModifiedDate":"2020-05-25"},{"lineNumber":2,"author":{"gitId":"-"},"content":"","lastModifiedDate":"2020-05-25"},{"lineNumber":3,"author":{"gitId":"-"},"content":"REM create bin directory if it doesn\u0027t exist","lastModifiedDate":"2020-05-25"},{"lineNumber":4,"author":{"gitId":"-"},"content":"if not exist ..\\bin mkdir ..\\bin","lastModifiedDate":"2020-05-25"},{"lineNumber":5,"author":{"gitId":"-"},"content":"","lastModifiedDate":"2020-05-25"},{"lineNumber":6,"author":{"gitId":"-"},"content":"REM delete output from previous run","lastModifiedDate":"2020-05-25"},{"lineNumber":7,"author":{"gitId":"-"},"content":"if exist ACTUAL.TXT del ACTUAL.TXT","lastModifiedDate":"2020-08-25"},{"lineNumber":8,"author":{"gitId":"-"},"content":"","lastModifiedDate":"2020-05-25"},{"lineNumber":9,"author":{"gitId":"-"},"content":"REM compile the code into the bin folder","lastModifiedDate":"2020-05-25"},{"lineNumber":10,"author":{"gitId":"z0723-julie"},"content":"javac  -cp ..\\src\\main\\java -Xlint:none -d ..\\bin ..\\src\\main\\java\\duke\\*.java","lastModifiedDate":"2022-02-09"},{"lineNumber":11,"author":{"gitId":"-"},"content":"IF ERRORLEVEL 1 (","lastModifiedDate":"2020-05-25"},{"lineNumber":12,"author":{"gitId":"-"},"content":"    echo ********** BUILD FAILURE **********","lastModifiedDate":"2020-05-25"},{"lineNumber":13,"author":{"gitId":"-"},"content":"    exit /b 1","lastModifiedDate":"2020-05-25"},{"lineNumber":14,"author":{"gitId":"-"},"content":")","lastModifiedDate":"2020-05-25"},{"lineNumber":15,"author":{"gitId":"-"},"content":"REM no error here, errorlevel \u003d\u003d 0","lastModifiedDate":"2020-05-25"},{"lineNumber":16,"author":{"gitId":"-"},"content":"","lastModifiedDate":"2020-05-25"},{"lineNumber":17,"author":{"gitId":"-"},"content":"REM run the program, feed commands from input.txt file and redirect the output to the ACTUAL.TXT","lastModifiedDate":"2020-05-25"},{"lineNumber":18,"author":{"gitId":"z0723-julie"},"content":"java -classpath ..\\bin duke.Duke \u003c input.txt \u003e ACTUAL.TXT","lastModifiedDate":"2022-02-09"},{"lineNumber":19,"author":{"gitId":"-"},"content":"","lastModifiedDate":"2020-05-25"},{"lineNumber":20,"author":{"gitId":"-"},"content":"REM compare the output to the expected output","lastModifiedDate":"2020-05-25"},{"lineNumber":21,"author":{"gitId":"-"},"content":"FC ACTUAL.TXT EXPECTED.TXT","lastModifiedDate":"2020-05-25"}],"authorContributionMap":{"z0723-julie":2,"-":19}},{"path":"text-ui-test/runtest.sh","fileType":"sh","lines":[{"lineNumber":1,"author":{"gitId":"-"},"content":"#!/usr/bin/env bash","lastModifiedDate":"2020-05-25"},{"lineNumber":2,"author":{"gitId":"-"},"content":"","lastModifiedDate":"2020-05-25"},{"lineNumber":3,"author":{"gitId":"-"},"content":"# create bin directory if it doesn\u0027t exist","lastModifiedDate":"2020-05-25"},{"lineNumber":4,"author":{"gitId":"-"},"content":"if [ ! -d \"../bin\" ]","lastModifiedDate":"2020-05-25"},{"lineNumber":5,"author":{"gitId":"-"},"content":"then","lastModifiedDate":"2020-05-25"},{"lineNumber":6,"author":{"gitId":"-"},"content":"    mkdir ../bin","lastModifiedDate":"2020-05-25"},{"lineNumber":7,"author":{"gitId":"-"},"content":"fi","lastModifiedDate":"2020-05-25"},{"lineNumber":8,"author":{"gitId":"-"},"content":"","lastModifiedDate":"2020-05-25"},{"lineNumber":9,"author":{"gitId":"-"},"content":"# delete output from previous run","lastModifiedDate":"2020-05-25"},{"lineNumber":10,"author":{"gitId":"-"},"content":"if [ -e \"./ACTUAL.TXT\" ]","lastModifiedDate":"2020-05-25"},{"lineNumber":11,"author":{"gitId":"-"},"content":"then","lastModifiedDate":"2020-05-25"},{"lineNumber":12,"author":{"gitId":"-"},"content":"    rm ACTUAL.TXT","lastModifiedDate":"2020-05-25"},{"lineNumber":13,"author":{"gitId":"-"},"content":"fi","lastModifiedDate":"2020-05-25"},{"lineNumber":14,"author":{"gitId":"-"},"content":"","lastModifiedDate":"2020-05-25"},{"lineNumber":15,"author":{"gitId":"-"},"content":"# compile the code into the bin folder, terminates if error occurred","lastModifiedDate":"2020-05-25"},{"lineNumber":16,"author":{"gitId":"z0723-julie"},"content":"if ! javac -cp ../src/main/java -Xlint:none -d ../bin ../src/main/java/duke/*.java","lastModifiedDate":"2022-02-09"},{"lineNumber":17,"author":{"gitId":"-"},"content":"then","lastModifiedDate":"2020-05-25"},{"lineNumber":18,"author":{"gitId":"-"},"content":"    echo \"********** BUILD FAILURE **********\"","lastModifiedDate":"2020-05-25"},{"lineNumber":19,"author":{"gitId":"-"},"content":"    exit 1","lastModifiedDate":"2020-05-25"},{"lineNumber":20,"author":{"gitId":"-"},"content":"fi","lastModifiedDate":"2020-05-25"},{"lineNumber":21,"author":{"gitId":"-"},"content":"","lastModifiedDate":"2020-05-25"},{"lineNumber":22,"author":{"gitId":"-"},"content":"# run the program, feed commands from input.txt file and redirect the output to the ACTUAL.TXT","lastModifiedDate":"2020-05-25"},{"lineNumber":23,"author":{"gitId":"z0723-julie"},"content":"java -classpath ../bin duke.Duke \u003c input.txt \u003e ACTUAL.TXT","lastModifiedDate":"2022-02-09"},{"lineNumber":24,"author":{"gitId":"-"},"content":"","lastModifiedDate":"2020-05-25"},{"lineNumber":25,"author":{"gitId":"-"},"content":"# convert to UNIX format","lastModifiedDate":"2020-05-25"},{"lineNumber":26,"author":{"gitId":"-"},"content":"cp EXPECTED.TXT EXPECTED-UNIX.TXT","lastModifiedDate":"2020-05-25"},{"lineNumber":27,"author":{"gitId":"-"},"content":"dos2unix ACTUAL.TXT EXPECTED-UNIX.TXT","lastModifiedDate":"2020-05-25"},{"lineNumber":28,"author":{"gitId":"-"},"content":"","lastModifiedDate":"2020-05-25"},{"lineNumber":29,"author":{"gitId":"-"},"content":"# compare the output to the expected output","lastModifiedDate":"2020-05-25"},{"lineNumber":30,"author":{"gitId":"-"},"content":"diff ACTUAL.TXT EXPECTED-UNIX.TXT","lastModifiedDate":"2020-05-25"},{"lineNumber":31,"author":{"gitId":"-"},"content":"if [ $? -eq 0 ]","lastModifiedDate":"2020-05-25"},{"lineNumber":32,"author":{"gitId":"-"},"content":"then","lastModifiedDate":"2020-05-25"},{"lineNumber":33,"author":{"gitId":"-"},"content":"    echo \"Test result: PASSED\"","lastModifiedDate":"2020-05-25"},{"lineNumber":34,"author":{"gitId":"-"},"content":"    exit 0","lastModifiedDate":"2020-05-25"},{"lineNumber":35,"author":{"gitId":"-"},"content":"else","lastModifiedDate":"2020-05-25"},{"lineNumber":36,"author":{"gitId":"-"},"content":"    echo \"Test result: FAILED\"","lastModifiedDate":"2020-05-25"},{"lineNumber":37,"author":{"gitId":"-"},"content":"    exit 1","lastModifiedDate":"2020-05-25"},{"lineNumber":38,"author":{"gitId":"-"},"content":"fi","lastModifiedDate":"2020-05-25"}],"authorContributionMap":{"z0723-julie":2,"-":36}}]
