{"authorDailyContributionsMap":{"yuzhongng":[{"date":"2022-01-27","commitResults":[{"hash":"66c103e613a24d522ac417463b4500fb0db36c6d","messageTitle":"Change greeting style and exits","messageBody":"","tags":["Level-0"],"fileTypesAndContributionMap":{"java":{"insertions":2,"deletions":1}}},{"hash":"f2ae749cfae2f8840984a9e951efee904005ad8f","messageTitle":"Add echo of user input and exits program when \"bye\" is typed","messageBody":"","tags":["Level-1"],"fileTypesAndContributionMap":{"java":{"insertions":16,"deletions":2}}},{"hash":"85d05826958be848e2f2ede03b6dec10e2c99dd3","messageTitle":"Add toDoList class","messageBody":"","fileTypesAndContributionMap":{"java":{"insertions":24,"deletions":0}}},{"hash":"03f0f39a72e5d4b50f39d82f1eba1c84b4f4560b","messageTitle":"Add storage of task and display the list of tasks to do","messageBody":"","tags":["Level-2"],"fileTypesAndContributionMap":{"java":{"insertions":13,"deletions":4}}},{"hash":"fd1ac0c3050641f866424d24aa3ddac68881ca95","messageTitle":"Change class name and added task status update","messageBody":"","fileTypesAndContributionMap":{"java":{"insertions":26,"deletions":24}}},{"hash":"f7bc47ce4683caee630ca283146d9d3d0f12c273","messageTitle":"Add function to update task status","messageBody":"","tags":["Level-3"],"fileTypesAndContributionMap":{"java":{"insertions":35,"deletions":6}}},{"hash":"c941a57e54be35312caf69416828a0f1da55659a","messageTitle":"Fixed coding standard violation","messageBody":"","tags":["A-CodingStandard"],"fileTypesAndContributionMap":{"java":{"insertions":7,"deletions":0}}}]}]},"authorFileTypeContributionMap":{"yuzhongng":{"java":87,"md":0,"fxml":0,"sh":0,"bat":0,"gradle":0,"txt":0}},"authorContributionVariance":{"yuzhongng":1697.9591},"authorDisplayNameMap":{"yuzhongng":"T09-1 NG Y..HONG"}}
