[{"path":"README.md","fileType":"md","lines":[{"lineNumber":1,"author":{"gitId":"limjierui"},"content":"# Duke.Duke project template","lastModifiedDate":"2022-02-09"},{"lineNumber":2,"author":{"gitId":"-"},"content":"","lastModifiedDate":"2020-05-25"},{"lineNumber":3,"author":{"gitId":"-"},"content":"This is a project template for a greenfield Java project. It\u0027s named after the Java mascot _Duke_. Given below are instructions on how to use it.","lastModifiedDate":"2020-05-25"},{"lineNumber":4,"author":{"gitId":"-"},"content":"","lastModifiedDate":"2020-05-25"},{"lineNumber":5,"author":{"gitId":"-"},"content":"## Setting up in Intellij","lastModifiedDate":"2020-05-25"},{"lineNumber":6,"author":{"gitId":"-"},"content":"","lastModifiedDate":"2020-05-25"},{"lineNumber":7,"author":{"gitId":"-"},"content":"Prerequisites: JDK 11, update Intellij to the most recent version.","lastModifiedDate":"2020-05-25"},{"lineNumber":8,"author":{"gitId":"-"},"content":"","lastModifiedDate":"2020-05-25"},{"lineNumber":9,"author":{"gitId":"-"},"content":"1. Open Intellij (if you are not in the welcome screen, click `File` \u003e `Close Project` to close the existing project first)","lastModifiedDate":"2021-01-17"},{"lineNumber":10,"author":{"gitId":"-"},"content":"1. Open the project into Intellij as follows:","lastModifiedDate":"2021-01-17"},{"lineNumber":11,"author":{"gitId":"-"},"content":"   1. Click `Open`.","lastModifiedDate":"2021-01-17"},{"lineNumber":12,"author":{"gitId":"-"},"content":"   1. Select the project directory, and click `OK`.","lastModifiedDate":"2021-01-17"},{"lineNumber":13,"author":{"gitId":"-"},"content":"   1. If there are any further prompts, accept the defaults.","lastModifiedDate":"2020-05-25"},{"lineNumber":14,"author":{"gitId":"-"},"content":"1. Configure the project to use **JDK 11** (not other versions) as explained in [here](https://www.jetbrains.com/help/idea/sdk.html#set-up-jdk).\u003cbr\u003e","lastModifiedDate":"2021-07-29"},{"lineNumber":15,"author":{"gitId":"-"},"content":"   In the same dialog, set the **Project language level** field to the `SDK default` option.","lastModifiedDate":"2021-07-29"},{"lineNumber":16,"author":{"gitId":"limjierui"},"content":"3. After that, locate the `src/main/java/Duke.Duke.java` file, right-click it, and choose `Run Duke.Duke.main()` (if the code editor is showing compile errors, try restarting the IDE). If the setup is correct, you should see something like the below as the output:","lastModifiedDate":"2022-02-09"},{"lineNumber":17,"author":{"gitId":"-"},"content":"   ```","lastModifiedDate":"2020-05-25"},{"lineNumber":18,"author":{"gitId":"-"},"content":"   Hello from","lastModifiedDate":"2020-05-25"},{"lineNumber":19,"author":{"gitId":"-"},"content":"    ____        _        ","lastModifiedDate":"2020-05-25"},{"lineNumber":20,"author":{"gitId":"-"},"content":"   |  _ \\ _   _| | _____ ","lastModifiedDate":"2020-05-25"},{"lineNumber":21,"author":{"gitId":"-"},"content":"   | | | | | | | |/ / _ \\","lastModifiedDate":"2020-05-25"},{"lineNumber":22,"author":{"gitId":"-"},"content":"   | |_| | |_| |   \u003c  __/","lastModifiedDate":"2020-05-25"},{"lineNumber":23,"author":{"gitId":"-"},"content":"   |____/ \\__,_|_|\\_\\___|","lastModifiedDate":"2020-05-25"},{"lineNumber":24,"author":{"gitId":"-"},"content":"   ```","lastModifiedDate":"2020-05-25"}],"authorContributionMap":{"limjierui":2,"-":22}},{"path":"data/duke.txt","fileType":"txt","lines":[{"lineNumber":1,"author":{"gitId":"limjierui"},"content":"T | 1 | woow","lastModifiedDate":"2022-02-22"},{"lineNumber":2,"author":{"gitId":"limjierui"},"content":"T | 1 | work","lastModifiedDate":"2022-02-22"},{"lineNumber":3,"author":{"gitId":"limjierui"},"content":"T | 0 | dkjfkd","lastModifiedDate":"2022-02-22"}],"authorContributionMap":{"limjierui":3}},{"path":"src/main/java/Duke/Duke.java","fileType":"java","lines":[{"lineNumber":1,"author":{"gitId":"limjierui"},"content":"package Duke;","lastModifiedDate":"2022-02-09"},{"lineNumber":2,"author":{"gitId":"limjierui"},"content":"","lastModifiedDate":"2022-02-09"},{"lineNumber":3,"author":{"gitId":"limjierui"},"content":"import Duke.Helper.*;","lastModifiedDate":"2022-02-22"},{"lineNumber":4,"author":{"gitId":"limjierui"},"content":"import Duke.Helper.DisplayMessageCommand;","lastModifiedDate":"2022-02-22"},{"lineNumber":5,"author":{"gitId":"limjierui"},"content":"","lastModifiedDate":"2022-02-17"},{"lineNumber":6,"author":{"gitId":"limjierui"},"content":"import Duke.Tasks.Task;","lastModifiedDate":"2022-02-09"},{"lineNumber":7,"author":{"gitId":"limjierui"},"content":"","lastModifiedDate":"2022-02-09"},{"lineNumber":8,"author":{"gitId":"limjierui"},"content":"import java.io.FileWriter;","lastModifiedDate":"2022-02-17"},{"lineNumber":9,"author":{"gitId":"limjierui"},"content":"import java.io.IOException;","lastModifiedDate":"2022-02-17"},{"lineNumber":10,"author":{"gitId":"limjierui"},"content":"import java.util.ArrayList;","lastModifiedDate":"2022-02-09"},{"lineNumber":11,"author":{"gitId":"limjierui"},"content":"import java.util.Scanner;","lastModifiedDate":"2022-01-27"},{"lineNumber":12,"author":{"gitId":"limjierui"},"content":"","lastModifiedDate":"2022-01-27"},{"lineNumber":13,"author":{"gitId":"-"},"content":"public class Duke {","lastModifiedDate":"2019-07-29"},{"lineNumber":14,"author":{"gitId":"limjierui"},"content":"    public static ArrayList\u003cTask\u003e listArray \u003d new ArrayList\u003c\u003e();","lastModifiedDate":"2022-02-15"},{"lineNumber":15,"author":{"gitId":"limjierui"},"content":"    public static final String ANSI_RESET \u003d \"\\u001B[0m\";","lastModifiedDate":"2022-02-09"},{"lineNumber":16,"author":{"gitId":"limjierui"},"content":"    public static final String ANSI_BLUE \u003d \"\\u001B[34m\";","lastModifiedDate":"2022-02-09"},{"lineNumber":17,"author":{"gitId":"limjierui"},"content":"    public static final String DISPLAY_LINE \u003d \"----------------------------------------------------\";","lastModifiedDate":"2022-02-22"},{"lineNumber":18,"author":{"gitId":"limjierui"},"content":"","lastModifiedDate":"2022-01-27"},{"lineNumber":19,"author":{"gitId":"limjierui"},"content":"    public static void exit() {","lastModifiedDate":"2022-02-09"},{"lineNumber":20,"author":{"gitId":"limjierui"},"content":"        try {","lastModifiedDate":"2022-02-17"},{"lineNumber":21,"author":{"gitId":"limjierui"},"content":"            FileCommand.saveFile(listArray);","lastModifiedDate":"2022-02-17"},{"lineNumber":22,"author":{"gitId":"limjierui"},"content":"            System.out.println(\"Bye. Hope to see you again soon!\");","lastModifiedDate":"2022-02-09"},{"lineNumber":23,"author":{"gitId":"limjierui"},"content":"        } catch (IOException e) {","lastModifiedDate":"2022-02-17"},{"lineNumber":24,"author":{"gitId":"limjierui"},"content":"            System.out.println(\"IO error\");","lastModifiedDate":"2022-02-17"},{"lineNumber":25,"author":{"gitId":"limjierui"},"content":"        }","lastModifiedDate":"2022-02-17"},{"lineNumber":26,"author":{"gitId":"limjierui"},"content":"    }","lastModifiedDate":"2022-02-02"},{"lineNumber":27,"author":{"gitId":"limjierui"},"content":"","lastModifiedDate":"2022-02-02"},{"lineNumber":28,"author":{"gitId":"limjierui"},"content":"    public static void listItems () throws DukeException {","lastModifiedDate":"2022-02-17"},{"lineNumber":29,"author":{"gitId":"limjierui"},"content":"        if (listArray.size() \u003d\u003d 0) {","lastModifiedDate":"2022-02-17"},{"lineNumber":30,"author":{"gitId":"limjierui"},"content":"            throw new DukeException(DisplayMessageCommand.displayListMessage());","lastModifiedDate":"2022-02-22"},{"lineNumber":31,"author":{"gitId":"limjierui"},"content":"        } else {","lastModifiedDate":"2022-02-17"},{"lineNumber":32,"author":{"gitId":"limjierui"},"content":"            System.out.println(DISPLAY_LINE  + System.lineSeparator() + \"Here are the tasks in your list: \");","lastModifiedDate":"2022-02-22"},{"lineNumber":33,"author":{"gitId":"limjierui"},"content":"            for (int i \u003d 0; i \u003c listArray.size(); i++) {","lastModifiedDate":"2022-02-17"},{"lineNumber":34,"author":{"gitId":"limjierui"},"content":"                System.out.print(i + 1 + \". \");","lastModifiedDate":"2022-02-02"},{"lineNumber":35,"author":{"gitId":"limjierui"},"content":"                System.out.println(listArray.get(i));","lastModifiedDate":"2022-02-15"},{"lineNumber":36,"author":{"gitId":"limjierui"},"content":"            }","lastModifiedDate":"2022-01-27"},{"lineNumber":37,"author":{"gitId":"limjierui"},"content":"            System.out.println(DISPLAY_LINE);","lastModifiedDate":"2022-02-22"},{"lineNumber":38,"author":{"gitId":"limjierui"},"content":"        }","lastModifiedDate":"2022-01-27"},{"lineNumber":39,"author":{"gitId":"limjierui"},"content":"    }","lastModifiedDate":"2022-02-09"},{"lineNumber":40,"author":{"gitId":"limjierui"},"content":"","lastModifiedDate":"2022-01-27"},{"lineNumber":41,"author":{"gitId":"limjierui"},"content":"","lastModifiedDate":"2022-01-27"},{"lineNumber":42,"author":{"gitId":"-"},"content":"    public static void main(String[] args) {","lastModifiedDate":"2019-07-29"},{"lineNumber":43,"author":{"gitId":"limjierui"},"content":"        try {","lastModifiedDate":"2022-02-17"},{"lineNumber":44,"author":{"gitId":"limjierui"},"content":"            DisplayMessageCommand.displayGreetMessage();","lastModifiedDate":"2022-02-22"},{"lineNumber":45,"author":{"gitId":"limjierui"},"content":"            Scanner in \u003d new Scanner(System.in);","lastModifiedDate":"2022-02-09"},{"lineNumber":46,"author":{"gitId":"limjierui"},"content":"            FileCommand.loadFile(listArray);","lastModifiedDate":"2022-02-17"},{"lineNumber":47,"author":{"gitId":"limjierui"},"content":"            FileWriter fw \u003d new FileWriter(\"data/duke.txt\", true);","lastModifiedDate":"2022-02-17"},{"lineNumber":48,"author":{"gitId":"limjierui"},"content":"            boolean isLoop \u003d true;","lastModifiedDate":"2022-01-27"},{"lineNumber":49,"author":{"gitId":"limjierui"},"content":"            while (isLoop) {","lastModifiedDate":"2022-01-27"},{"lineNumber":50,"author":{"gitId":"limjierui"},"content":"                String message \u003d in.nextLine();","lastModifiedDate":"2022-01-27"},{"lineNumber":51,"author":{"gitId":"limjierui"},"content":"                String messageLowerCase \u003d message.toLowerCase();","lastModifiedDate":"2022-01-27"},{"lineNumber":52,"author":{"gitId":"limjierui"},"content":"                try {","lastModifiedDate":"2022-02-22"},{"lineNumber":53,"author":{"gitId":"limjierui"},"content":"                    if (messageLowerCase.equals(\"bye\")) {","lastModifiedDate":"2022-01-27"},{"lineNumber":54,"author":{"gitId":"limjierui"},"content":"                        exit();","lastModifiedDate":"2022-02-09"},{"lineNumber":55,"author":{"gitId":"limjierui"},"content":"                        isLoop \u003d false;","lastModifiedDate":"2022-01-27"},{"lineNumber":56,"author":{"gitId":"limjierui"},"content":"                    } else if (messageLowerCase.equals(\"list\")) {","lastModifiedDate":"2022-01-27"},{"lineNumber":57,"author":{"gitId":"limjierui"},"content":"                        listItems();","lastModifiedDate":"2022-02-15"},{"lineNumber":58,"author":{"gitId":"limjierui"},"content":"                    } else if (messageLowerCase.contains(\"unmark\")) {","lastModifiedDate":"2022-01-27"},{"lineNumber":59,"author":{"gitId":"limjierui"},"content":"                        MarkUnmarkItem.unMarkItem(listArray, message);","lastModifiedDate":"2022-02-09"},{"lineNumber":60,"author":{"gitId":"limjierui"},"content":"                    } else if (messageLowerCase.contains(\"mark\")) {","lastModifiedDate":"2022-01-27"},{"lineNumber":61,"author":{"gitId":"limjierui"},"content":"                        MarkUnmarkItem.markItem(listArray, message);","lastModifiedDate":"2022-02-09"},{"lineNumber":62,"author":{"gitId":"limjierui"},"content":"                    } else if (messageLowerCase.contains(\"todo\")) {","lastModifiedDate":"2022-02-02"},{"lineNumber":63,"author":{"gitId":"limjierui"},"content":"                        AddTask.addTodo(listArray, message);","lastModifiedDate":"2022-02-15"},{"lineNumber":64,"author":{"gitId":"limjierui"},"content":"                    } else if (messageLowerCase.contains(\"deadline\")) {","lastModifiedDate":"2022-02-02"},{"lineNumber":65,"author":{"gitId":"limjierui"},"content":"                        AddTask.addDeadline(listArray, message);","lastModifiedDate":"2022-02-15"},{"lineNumber":66,"author":{"gitId":"limjierui"},"content":"                    } else if (messageLowerCase.contains(\"event\")) {","lastModifiedDate":"2022-02-02"},{"lineNumber":67,"author":{"gitId":"limjierui"},"content":"                        AddTask.addEvent(listArray, message);","lastModifiedDate":"2022-02-15"},{"lineNumber":68,"author":{"gitId":"limjierui"},"content":"                    } else if (messageLowerCase.contains(\"delete\")) {","lastModifiedDate":"2022-02-15"},{"lineNumber":69,"author":{"gitId":"limjierui"},"content":"                        DeleteTask.deleteTask(listArray, message);","lastModifiedDate":"2022-02-15"},{"lineNumber":70,"author":{"gitId":"limjierui"},"content":"                    } else {","lastModifiedDate":"2022-01-27"},{"lineNumber":71,"author":{"gitId":"limjierui"},"content":"                        DisplayMessageCommand.displayInvalidInputMessage();","lastModifiedDate":"2022-02-22"},{"lineNumber":72,"author":{"gitId":"limjierui"},"content":"                    }","lastModifiedDate":"2022-02-22"},{"lineNumber":73,"author":{"gitId":"limjierui"},"content":"                } catch (DukeException e) {","lastModifiedDate":"2022-02-22"},{"lineNumber":74,"author":{"gitId":"limjierui"},"content":"                    System.out.println(e.getMessage());","lastModifiedDate":"2022-02-22"},{"lineNumber":75,"author":{"gitId":"limjierui"},"content":"                }","lastModifiedDate":"2022-01-27"},{"lineNumber":76,"author":{"gitId":"limjierui"},"content":"            }","lastModifiedDate":"2022-01-27"},{"lineNumber":77,"author":{"gitId":"limjierui"},"content":"        } catch (IOException e) {","lastModifiedDate":"2022-02-17"},{"lineNumber":78,"author":{"gitId":"limjierui"},"content":"            System.out.println(e.getMessage());","lastModifiedDate":"2022-02-22"},{"lineNumber":79,"author":{"gitId":"limjierui"},"content":"        }","lastModifiedDate":"2022-01-27"},{"lineNumber":80,"author":{"gitId":"-"},"content":"    }","lastModifiedDate":"2019-07-29"},{"lineNumber":81,"author":{"gitId":"-"},"content":"}","lastModifiedDate":"2019-07-29"}],"authorContributionMap":{"limjierui":77,"-":4}},{"path":"src/main/java/Duke/Helper/AddTask.java","fileType":"java","lines":[{"lineNumber":1,"author":{"gitId":"limjierui"},"content":"package Duke.Helper;","lastModifiedDate":"2022-02-11"},{"lineNumber":2,"author":{"gitId":"limjierui"},"content":"","lastModifiedDate":"2022-02-11"},{"lineNumber":3,"author":{"gitId":"limjierui"},"content":"import Duke.Duke;","lastModifiedDate":"2022-02-11"},{"lineNumber":4,"author":{"gitId":"limjierui"},"content":"import Duke.Tasks.Deadline;","lastModifiedDate":"2022-02-15"},{"lineNumber":5,"author":{"gitId":"limjierui"},"content":"import Duke.Tasks.Event;","lastModifiedDate":"2022-02-15"},{"lineNumber":6,"author":{"gitId":"limjierui"},"content":"import Duke.Tasks.Task;","lastModifiedDate":"2022-02-11"},{"lineNumber":7,"author":{"gitId":"limjierui"},"content":"import Duke.Tasks.Todo;","lastModifiedDate":"2022-02-11"},{"lineNumber":8,"author":{"gitId":"limjierui"},"content":"","lastModifiedDate":"2022-02-11"},{"lineNumber":9,"author":{"gitId":"limjierui"},"content":"import java.util.ArrayList;","lastModifiedDate":"2022-02-15"},{"lineNumber":10,"author":{"gitId":"limjierui"},"content":"","lastModifiedDate":"2022-02-09"},{"lineNumber":11,"author":{"gitId":"limjierui"},"content":"public class AddTask {","lastModifiedDate":"2022-02-09"},{"lineNumber":12,"author":{"gitId":"limjierui"},"content":"","lastModifiedDate":"2022-02-15"},{"lineNumber":13,"author":{"gitId":"limjierui"},"content":"        public static void addTodo (ArrayList\u003cTask\u003e listArray, String message) throws DukeException {","lastModifiedDate":"2022-02-22"},{"lineNumber":14,"author":{"gitId":"limjierui"},"content":"            boolean isDone \u003d false;","lastModifiedDate":"2022-02-22"},{"lineNumber":15,"author":{"gitId":"limjierui"},"content":"            String[] splitMessage \u003d message.split(\" \", 2);","lastModifiedDate":"2022-02-09"},{"lineNumber":16,"author":{"gitId":"limjierui"},"content":"            if (splitMessage.length !\u003d 2) {","lastModifiedDate":"2022-02-22"},{"lineNumber":17,"author":{"gitId":"limjierui"},"content":"                throw new DukeException(DisplayMessageCommand.displayTodoMessage());","lastModifiedDate":"2022-02-22"},{"lineNumber":18,"author":{"gitId":"limjierui"},"content":"            }","lastModifiedDate":"2022-02-22"},{"lineNumber":19,"author":{"gitId":"limjierui"},"content":"            String getDescription \u003d splitMessage[1];","lastModifiedDate":"2022-02-09"},{"lineNumber":20,"author":{"gitId":"limjierui"},"content":"            if (getDescription.equals(\"\")) {","lastModifiedDate":"2022-02-09"},{"lineNumber":21,"author":{"gitId":"limjierui"},"content":"                throw new DukeException(DisplayMessageCommand.displayTodoMessage());","lastModifiedDate":"2022-02-22"},{"lineNumber":22,"author":{"gitId":"limjierui"},"content":"            } else {","lastModifiedDate":"2022-02-09"},{"lineNumber":23,"author":{"gitId":"limjierui"},"content":"                Task taskItem \u003d new Todo(getDescription, isDone);","lastModifiedDate":"2022-02-22"},{"lineNumber":24,"author":{"gitId":"limjierui"},"content":"                listArray.add(taskItem);","lastModifiedDate":"2022-02-22"},{"lineNumber":25,"author":{"gitId":"limjierui"},"content":"                System.out.println(Duke.DISPLAY_LINE + System.lineSeparator() + \"Okay! I\u0027ve added this task:\");","lastModifiedDate":"2022-02-22"},{"lineNumber":26,"author":{"gitId":"limjierui"},"content":"                System.out.println(taskItem);","lastModifiedDate":"2022-02-09"},{"lineNumber":27,"author":{"gitId":"limjierui"},"content":"                System.out.println(\"Now you have \" + listArray.size() + \" tasks in the list.\\n\" + Duke.DISPLAY_LINE);","lastModifiedDate":"2022-02-22"},{"lineNumber":28,"author":{"gitId":"limjierui"},"content":"            }","lastModifiedDate":"2022-02-09"},{"lineNumber":29,"author":{"gitId":"limjierui"},"content":"        }","lastModifiedDate":"2022-02-09"},{"lineNumber":30,"author":{"gitId":"limjierui"},"content":"","lastModifiedDate":"2022-02-09"},{"lineNumber":31,"author":{"gitId":"limjierui"},"content":"        public static String[] splitLongMessage (String message, String regex, String type) throws DukeException {","lastModifiedDate":"2022-02-22"},{"lineNumber":32,"author":{"gitId":"limjierui"},"content":"            String[] splitMessage \u003d message.split(\" \", 2);","lastModifiedDate":"2022-02-09"},{"lineNumber":33,"author":{"gitId":"limjierui"},"content":"            if (splitMessage.length !\u003d 2) {","lastModifiedDate":"2022-02-22"},{"lineNumber":34,"author":{"gitId":"limjierui"},"content":"                if (type.equals(\"deadline\")) {","lastModifiedDate":"2022-02-22"},{"lineNumber":35,"author":{"gitId":"limjierui"},"content":"                    throw new DukeException(DisplayMessageCommand.displayDeadlineMessage());","lastModifiedDate":"2022-02-22"},{"lineNumber":36,"author":{"gitId":"limjierui"},"content":"                } else {","lastModifiedDate":"2022-02-22"},{"lineNumber":37,"author":{"gitId":"limjierui"},"content":"                    throw new DukeException(DisplayMessageCommand.displayEventMessage());","lastModifiedDate":"2022-02-22"},{"lineNumber":38,"author":{"gitId":"limjierui"},"content":"                }","lastModifiedDate":"2022-02-22"},{"lineNumber":39,"author":{"gitId":"limjierui"},"content":"            }","lastModifiedDate":"2022-02-22"},{"lineNumber":40,"author":{"gitId":"limjierui"},"content":"            String getSecondPart \u003d splitMessage[1];","lastModifiedDate":"2022-02-09"},{"lineNumber":41,"author":{"gitId":"limjierui"},"content":"            return getSecondPart.split(regex, 2);","lastModifiedDate":"2022-02-09"},{"lineNumber":42,"author":{"gitId":"limjierui"},"content":"        }","lastModifiedDate":"2022-02-09"},{"lineNumber":43,"author":{"gitId":"limjierui"},"content":"","lastModifiedDate":"2022-02-09"},{"lineNumber":44,"author":{"gitId":"limjierui"},"content":"        public static void addDeadline(ArrayList\u003cTask\u003e listArray, String message) throws DukeException {","lastModifiedDate":"2022-02-22"},{"lineNumber":45,"author":{"gitId":"limjierui"},"content":"            boolean isDone \u003d false;","lastModifiedDate":"2022-02-22"},{"lineNumber":46,"author":{"gitId":"limjierui"},"content":"            String[] splitSecondPart \u003d splitLongMessage(message, \" /by \", \"deadline\");","lastModifiedDate":"2022-02-22"},{"lineNumber":47,"author":{"gitId":"limjierui"},"content":"            if (splitSecondPart.length !\u003d 2) {","lastModifiedDate":"2022-02-22"},{"lineNumber":48,"author":{"gitId":"limjierui"},"content":"                throw new DukeException(DisplayMessageCommand.displayDeadlineMessage());","lastModifiedDate":"2022-02-22"},{"lineNumber":49,"author":{"gitId":"limjierui"},"content":"            }","lastModifiedDate":"2022-02-22"},{"lineNumber":50,"author":{"gitId":"limjierui"},"content":"            String getDescription \u003d splitSecondPart[0];","lastModifiedDate":"2022-02-09"},{"lineNumber":51,"author":{"gitId":"limjierui"},"content":"            String getDate \u003d splitSecondPart[1];","lastModifiedDate":"2022-02-09"},{"lineNumber":52,"author":{"gitId":"limjierui"},"content":"            if (getDescription.equals(\"\") | getDate.equals(\"\")) {","lastModifiedDate":"2022-02-22"},{"lineNumber":53,"author":{"gitId":"limjierui"},"content":"                throw new DukeException(DisplayMessageCommand.displayDeadlineMessage());","lastModifiedDate":"2022-02-22"},{"lineNumber":54,"author":{"gitId":"limjierui"},"content":"            } else {","lastModifiedDate":"2022-02-09"},{"lineNumber":55,"author":{"gitId":"limjierui"},"content":"                Task taskItem \u003d new Deadline(getDescription, isDone, getDate);","lastModifiedDate":"2022-02-22"},{"lineNumber":56,"author":{"gitId":"limjierui"},"content":"                listArray.add(taskItem);","lastModifiedDate":"2022-02-22"},{"lineNumber":57,"author":{"gitId":"limjierui"},"content":"                System.out.println(Duke.DISPLAY_LINE  + System.lineSeparator() + \"Okay! I\u0027ve added this task:\");","lastModifiedDate":"2022-02-22"},{"lineNumber":58,"author":{"gitId":"limjierui"},"content":"                System.out.println(taskItem);","lastModifiedDate":"2022-02-09"},{"lineNumber":59,"author":{"gitId":"limjierui"},"content":"                System.out.println(\"Now you have \" + listArray.size() + \" tasks in the list.\\n\" + Duke.DISPLAY_LINE);","lastModifiedDate":"2022-02-22"},{"lineNumber":60,"author":{"gitId":"limjierui"},"content":"            }","lastModifiedDate":"2022-02-09"},{"lineNumber":61,"author":{"gitId":"limjierui"},"content":"        }","lastModifiedDate":"2022-02-09"},{"lineNumber":62,"author":{"gitId":"limjierui"},"content":"","lastModifiedDate":"2022-02-09"},{"lineNumber":63,"author":{"gitId":"limjierui"},"content":"        public static void addEvent(ArrayList\u003cTask\u003e listArray, String message) throws DukeException {","lastModifiedDate":"2022-02-22"},{"lineNumber":64,"author":{"gitId":"limjierui"},"content":"            boolean isDone \u003d false;","lastModifiedDate":"2022-02-22"},{"lineNumber":65,"author":{"gitId":"limjierui"},"content":"            String[] splitSecondPart \u003d splitLongMessage(message, \" /at \",\"event\");","lastModifiedDate":"2022-02-22"},{"lineNumber":66,"author":{"gitId":"limjierui"},"content":"            if (splitSecondPart.length !\u003d 2) {","lastModifiedDate":"2022-02-22"},{"lineNumber":67,"author":{"gitId":"limjierui"},"content":"                throw new DukeException(DisplayMessageCommand.displayEventMessage());","lastModifiedDate":"2022-02-22"},{"lineNumber":68,"author":{"gitId":"limjierui"},"content":"            }","lastModifiedDate":"2022-02-22"},{"lineNumber":69,"author":{"gitId":"limjierui"},"content":"            String getDescription \u003d splitSecondPart[0];","lastModifiedDate":"2022-02-09"},{"lineNumber":70,"author":{"gitId":"limjierui"},"content":"            String getDate \u003d splitSecondPart[1];","lastModifiedDate":"2022-02-09"},{"lineNumber":71,"author":{"gitId":"limjierui"},"content":"            if (getDescription.equals(\"\") | getDate.equals(\"\")) {","lastModifiedDate":"2022-02-22"},{"lineNumber":72,"author":{"gitId":"limjierui"},"content":"                throw new DukeException(DisplayMessageCommand.displayEventMessage());","lastModifiedDate":"2022-02-22"},{"lineNumber":73,"author":{"gitId":"limjierui"},"content":"            } else {","lastModifiedDate":"2022-02-09"},{"lineNumber":74,"author":{"gitId":"limjierui"},"content":"                Task taskItem \u003d new Event(getDescription, isDone, getDate);","lastModifiedDate":"2022-02-22"},{"lineNumber":75,"author":{"gitId":"limjierui"},"content":"                listArray.add(taskItem);","lastModifiedDate":"2022-02-22"},{"lineNumber":76,"author":{"gitId":"limjierui"},"content":"                System.out.println(Duke.DISPLAY_LINE + System.lineSeparator() + \"Okay! I\u0027ve added this task:\");","lastModifiedDate":"2022-02-22"},{"lineNumber":77,"author":{"gitId":"limjierui"},"content":"                System.out.println(taskItem);","lastModifiedDate":"2022-02-09"},{"lineNumber":78,"author":{"gitId":"limjierui"},"content":"                System.out.println(\"Now you have \" + listArray.size() + \" tasks in the list.\\n\" + Duke.DISPLAY_LINE);","lastModifiedDate":"2022-02-22"},{"lineNumber":79,"author":{"gitId":"limjierui"},"content":"            }","lastModifiedDate":"2022-02-09"},{"lineNumber":80,"author":{"gitId":"limjierui"},"content":"        }","lastModifiedDate":"2022-02-09"},{"lineNumber":81,"author":{"gitId":"limjierui"},"content":"","lastModifiedDate":"2022-02-15"},{"lineNumber":82,"author":{"gitId":"limjierui"},"content":"}","lastModifiedDate":"2022-02-09"}],"authorContributionMap":{"limjierui":82}},{"path":"src/main/java/Duke/Helper/DeleteTask.java","fileType":"java","lines":[{"lineNumber":1,"author":{"gitId":"limjierui"},"content":"package Duke.Helper;","lastModifiedDate":"2022-02-15"},{"lineNumber":2,"author":{"gitId":"limjierui"},"content":"","lastModifiedDate":"2022-02-15"},{"lineNumber":3,"author":{"gitId":"limjierui"},"content":"import Duke.Duke;","lastModifiedDate":"2022-02-15"},{"lineNumber":4,"author":{"gitId":"limjierui"},"content":"import Duke.Tasks.Task;","lastModifiedDate":"2022-02-15"},{"lineNumber":5,"author":{"gitId":"limjierui"},"content":"","lastModifiedDate":"2022-02-15"},{"lineNumber":6,"author":{"gitId":"limjierui"},"content":"import java.util.ArrayList;","lastModifiedDate":"2022-02-15"},{"lineNumber":7,"author":{"gitId":"limjierui"},"content":"","lastModifiedDate":"2022-02-15"},{"lineNumber":8,"author":{"gitId":"limjierui"},"content":"public class DeleteTask {","lastModifiedDate":"2022-02-15"},{"lineNumber":9,"author":{"gitId":"limjierui"},"content":"    public static void deleteTask(ArrayList\u003cTask\u003e listArray, String message) throws DukeException {","lastModifiedDate":"2022-02-22"},{"lineNumber":10,"author":{"gitId":"limjierui"},"content":"        String[] splitMessage \u003d message.split(\" \");","lastModifiedDate":"2022-02-15"},{"lineNumber":11,"author":{"gitId":"limjierui"},"content":"        String getNumber \u003d splitMessage[1];","lastModifiedDate":"2022-02-15"},{"lineNumber":12,"author":{"gitId":"limjierui"},"content":"        int positionToDelete \u003d Integer.parseInt(getNumber) - 1;","lastModifiedDate":"2022-02-15"},{"lineNumber":13,"author":{"gitId":"limjierui"},"content":"        if (positionToDelete + 1 \u003d\u003d 0 | positionToDelete + 1 \u003e listArray.size()) {","lastModifiedDate":"2022-02-22"},{"lineNumber":14,"author":{"gitId":"limjierui"},"content":"            throw new DukeException(DisplayMessageCommand.displayDeleteMessage(listArray));","lastModifiedDate":"2022-02-22"},{"lineNumber":15,"author":{"gitId":"limjierui"},"content":"        }","lastModifiedDate":"2022-02-22"},{"lineNumber":16,"author":{"gitId":"limjierui"},"content":"        if (listArray.isEmpty()) {","lastModifiedDate":"2022-02-22"},{"lineNumber":17,"author":{"gitId":"limjierui"},"content":"            System.out.print(Duke.DISPLAY_LINE + System.lineSeparator() + \"Please add something to the list first:)\"","lastModifiedDate":"2022-02-22"},{"lineNumber":18,"author":{"gitId":"limjierui"},"content":"                    + System.lineSeparator() + Duke.DISPLAY_LINE);","lastModifiedDate":"2022-02-22"},{"lineNumber":19,"author":{"gitId":"limjierui"},"content":"        } else {","lastModifiedDate":"2022-02-17"},{"lineNumber":20,"author":{"gitId":"limjierui"},"content":"            System.out.println(Duke.DISPLAY_LINE + System.lineSeparator()","lastModifiedDate":"2022-02-22"},{"lineNumber":21,"author":{"gitId":"limjierui"},"content":"                    + \"Okay! I have removed this task from the list!\");","lastModifiedDate":"2022-02-22"},{"lineNumber":22,"author":{"gitId":"limjierui"},"content":"            System.out.println(listArray.get(positionToDelete));","lastModifiedDate":"2022-02-22"},{"lineNumber":23,"author":{"gitId":"limjierui"},"content":"            listArray.remove(positionToDelete);","lastModifiedDate":"2022-02-22"},{"lineNumber":24,"author":{"gitId":"limjierui"},"content":"            System.out.println(\"You have \" + listArray.size() + \" items left in the list:)\");","lastModifiedDate":"2022-02-22"},{"lineNumber":25,"author":{"gitId":"limjierui"},"content":"            System.out.println(Duke.DISPLAY_LINE);","lastModifiedDate":"2022-02-22"},{"lineNumber":26,"author":{"gitId":"limjierui"},"content":"        }","lastModifiedDate":"2022-02-15"},{"lineNumber":27,"author":{"gitId":"limjierui"},"content":"    }","lastModifiedDate":"2022-02-15"},{"lineNumber":28,"author":{"gitId":"limjierui"},"content":"}","lastModifiedDate":"2022-02-17"}],"authorContributionMap":{"limjierui":28}},{"path":"src/main/java/Duke/Helper/DisplayMessageCommand.java","fileType":"java","lines":[{"lineNumber":1,"author":{"gitId":"limjierui"},"content":"package Duke.Helper;","lastModifiedDate":"2022-02-22"},{"lineNumber":2,"author":{"gitId":"limjierui"},"content":"","lastModifiedDate":"2022-02-22"},{"lineNumber":3,"author":{"gitId":"limjierui"},"content":"import Duke.Duke;","lastModifiedDate":"2022-02-22"},{"lineNumber":4,"author":{"gitId":"limjierui"},"content":"import Duke.Tasks.Task;","lastModifiedDate":"2022-02-22"},{"lineNumber":5,"author":{"gitId":"limjierui"},"content":"","lastModifiedDate":"2022-02-22"},{"lineNumber":6,"author":{"gitId":"limjierui"},"content":"import java.util.ArrayList;","lastModifiedDate":"2022-02-22"},{"lineNumber":7,"author":{"gitId":"limjierui"},"content":"","lastModifiedDate":"2022-02-22"},{"lineNumber":8,"author":{"gitId":"limjierui"},"content":"public class DisplayMessageCommand {","lastModifiedDate":"2022-02-22"},{"lineNumber":9,"author":{"gitId":"limjierui"},"content":"","lastModifiedDate":"2022-02-22"},{"lineNumber":10,"author":{"gitId":"limjierui"},"content":"    protected static final int CHECKSIZE \u003d 1;","lastModifiedDate":"2022-02-22"},{"lineNumber":11,"author":{"gitId":"limjierui"},"content":"","lastModifiedDate":"2022-02-22"},{"lineNumber":12,"author":{"gitId":"limjierui"},"content":"    public static String displayMarkMessage(ArrayList\u003cTask\u003e listArray) {","lastModifiedDate":"2022-02-22"},{"lineNumber":13,"author":{"gitId":"limjierui"},"content":"        String checkGrammer \u003d \"items\";","lastModifiedDate":"2022-02-22"},{"lineNumber":14,"author":{"gitId":"limjierui"},"content":"        if (listArray.size() \u003d\u003d CHECKSIZE) {","lastModifiedDate":"2022-02-22"},{"lineNumber":15,"author":{"gitId":"limjierui"},"content":"            checkGrammer \u003d \"item\";","lastModifiedDate":"2022-02-22"},{"lineNumber":16,"author":{"gitId":"limjierui"},"content":"        }","lastModifiedDate":"2022-02-22"},{"lineNumber":17,"author":{"gitId":"limjierui"},"content":"        return Duke.DISPLAY_LINE + System.lineSeparator() + \"There are \" + listArray.size() + \" \"","lastModifiedDate":"2022-02-22"},{"lineNumber":18,"author":{"gitId":"limjierui"},"content":"                + checkGrammer + \" in the list\\n\"","lastModifiedDate":"2022-02-22"},{"lineNumber":19,"author":{"gitId":"limjierui"},"content":"                + \"Please input which item you would like to mark.\\n\"","lastModifiedDate":"2022-02-22"},{"lineNumber":20,"author":{"gitId":"limjierui"},"content":"                + \"For eg. \u0027mark 2\u0027 \\n\"+ Duke.DISPLAY_LINE;","lastModifiedDate":"2022-02-22"},{"lineNumber":21,"author":{"gitId":"limjierui"},"content":"    }","lastModifiedDate":"2022-02-22"},{"lineNumber":22,"author":{"gitId":"limjierui"},"content":"","lastModifiedDate":"2022-02-22"},{"lineNumber":23,"author":{"gitId":"limjierui"},"content":"    public static String displayUnmarkMessage(ArrayList\u003cTask\u003e listArray) {","lastModifiedDate":"2022-02-22"},{"lineNumber":24,"author":{"gitId":"limjierui"},"content":"        String checkGrammer \u003d \"items\";","lastModifiedDate":"2022-02-22"},{"lineNumber":25,"author":{"gitId":"limjierui"},"content":"        if (listArray.size() \u003d\u003d CHECKSIZE) {","lastModifiedDate":"2022-02-22"},{"lineNumber":26,"author":{"gitId":"limjierui"},"content":"            checkGrammer \u003d \"item\";","lastModifiedDate":"2022-02-22"},{"lineNumber":27,"author":{"gitId":"limjierui"},"content":"        }","lastModifiedDate":"2022-02-22"},{"lineNumber":28,"author":{"gitId":"limjierui"},"content":"        return Duke.DISPLAY_LINE + System.lineSeparator() + \"There are \" + listArray.size() + \" \"","lastModifiedDate":"2022-02-22"},{"lineNumber":29,"author":{"gitId":"limjierui"},"content":"                + checkGrammer + \" in the list\\n\"","lastModifiedDate":"2022-02-22"},{"lineNumber":30,"author":{"gitId":"limjierui"},"content":"                + \"Please input which item you would like to unmark.\\n\"","lastModifiedDate":"2022-02-22"},{"lineNumber":31,"author":{"gitId":"limjierui"},"content":"                + \"For eg. \u0027unmark 2\u0027 \\n\"+ Duke.DISPLAY_LINE;","lastModifiedDate":"2022-02-22"},{"lineNumber":32,"author":{"gitId":"limjierui"},"content":"    }","lastModifiedDate":"2022-02-22"},{"lineNumber":33,"author":{"gitId":"limjierui"},"content":"","lastModifiedDate":"2022-02-22"},{"lineNumber":34,"author":{"gitId":"limjierui"},"content":"    public static String displayDeleteMessage(ArrayList\u003cTask\u003e listArray) {","lastModifiedDate":"2022-02-22"},{"lineNumber":35,"author":{"gitId":"limjierui"},"content":"        String checkGrammer \u003d \"items\";","lastModifiedDate":"2022-02-22"},{"lineNumber":36,"author":{"gitId":"limjierui"},"content":"        if (listArray.size() \u003d\u003d CHECKSIZE) {","lastModifiedDate":"2022-02-22"},{"lineNumber":37,"author":{"gitId":"limjierui"},"content":"            checkGrammer \u003d \"item\";","lastModifiedDate":"2022-02-22"},{"lineNumber":38,"author":{"gitId":"limjierui"},"content":"        }","lastModifiedDate":"2022-02-22"},{"lineNumber":39,"author":{"gitId":"limjierui"},"content":"        return Duke.DISPLAY_LINE + System.lineSeparator()+ \"There are \" + listArray.size() + \" \"","lastModifiedDate":"2022-02-22"},{"lineNumber":40,"author":{"gitId":"limjierui"},"content":"                + checkGrammer + \" in the list\\n\"","lastModifiedDate":"2022-02-22"},{"lineNumber":41,"author":{"gitId":"limjierui"},"content":"                + \"Please input which item you would like to delete.\\n\"","lastModifiedDate":"2022-02-22"},{"lineNumber":42,"author":{"gitId":"limjierui"},"content":"                + \"For eg. \u0027delete 2\u0027 \\n\"+ Duke.DISPLAY_LINE;","lastModifiedDate":"2022-02-22"},{"lineNumber":43,"author":{"gitId":"limjierui"},"content":"    }","lastModifiedDate":"2022-02-22"},{"lineNumber":44,"author":{"gitId":"limjierui"},"content":"","lastModifiedDate":"2022-02-22"},{"lineNumber":45,"author":{"gitId":"limjierui"},"content":"    public static String displayListMessage() {","lastModifiedDate":"2022-02-22"},{"lineNumber":46,"author":{"gitId":"limjierui"},"content":"        return Duke.DISPLAY_LINE + System.lineSeparator() + \"There are no items in the list, please add something!:)\\n\"","lastModifiedDate":"2022-02-22"},{"lineNumber":47,"author":{"gitId":"limjierui"},"content":"                + Duke.DISPLAY_LINE;","lastModifiedDate":"2022-02-22"},{"lineNumber":48,"author":{"gitId":"limjierui"},"content":"    }","lastModifiedDate":"2022-02-22"},{"lineNumber":49,"author":{"gitId":"limjierui"},"content":"","lastModifiedDate":"2022-02-22"},{"lineNumber":50,"author":{"gitId":"limjierui"},"content":"    public static String displayTodoMessage() {","lastModifiedDate":"2022-02-22"},{"lineNumber":51,"author":{"gitId":"limjierui"},"content":"        return Duke.DISPLAY_LINE + System.lineSeparator() + \"Please input a description\\n\" +","lastModifiedDate":"2022-02-22"},{"lineNumber":52,"author":{"gitId":"limjierui"},"content":"                \"For eg. \u0027todo borrow book\u0027\\n\" + Duke.DISPLAY_LINE;","lastModifiedDate":"2022-02-22"},{"lineNumber":53,"author":{"gitId":"limjierui"},"content":"    }","lastModifiedDate":"2022-02-22"},{"lineNumber":54,"author":{"gitId":"limjierui"},"content":"","lastModifiedDate":"2022-02-22"},{"lineNumber":55,"author":{"gitId":"limjierui"},"content":"    public static String displayDeadlineMessage() {","lastModifiedDate":"2022-02-22"},{"lineNumber":56,"author":{"gitId":"limjierui"},"content":"        return Duke.DISPLAY_LINE + System.lineSeparator() + \"Please input a description, \u0027/by\u0027, date\\n\" +","lastModifiedDate":"2022-02-22"},{"lineNumber":57,"author":{"gitId":"limjierui"},"content":"                \"For eg. \u0027deadline work /by Sunday\u0027\\n\" + Duke.DISPLAY_LINE;","lastModifiedDate":"2022-02-22"},{"lineNumber":58,"author":{"gitId":"limjierui"},"content":"    }","lastModifiedDate":"2022-02-22"},{"lineNumber":59,"author":{"gitId":"limjierui"},"content":"","lastModifiedDate":"2022-02-22"},{"lineNumber":60,"author":{"gitId":"limjierui"},"content":"    public static String displayEventMessage() {","lastModifiedDate":"2022-02-22"},{"lineNumber":61,"author":{"gitId":"limjierui"},"content":"        return Duke.DISPLAY_LINE + System.lineSeparator() + \"Please input a description, \u0027/at\u0027, date\\n\" +","lastModifiedDate":"2022-02-22"},{"lineNumber":62,"author":{"gitId":"limjierui"},"content":"                \"For eg. \u0027event meeting /at Mon 2-4pm\u0027\\n\" + Duke.DISPLAY_LINE;","lastModifiedDate":"2022-02-22"},{"lineNumber":63,"author":{"gitId":"limjierui"},"content":"    }","lastModifiedDate":"2022-02-22"},{"lineNumber":64,"author":{"gitId":"limjierui"},"content":"","lastModifiedDate":"2022-02-22"},{"lineNumber":65,"author":{"gitId":"limjierui"},"content":"    public static void displayInvalidInputMessage() {","lastModifiedDate":"2022-02-22"},{"lineNumber":66,"author":{"gitId":"limjierui"},"content":"        System.out.println(\"Please input a valid command:)\\n\" + Duke.DISPLAY_LINE);","lastModifiedDate":"2022-02-22"},{"lineNumber":67,"author":{"gitId":"limjierui"},"content":"    }","lastModifiedDate":"2022-02-22"},{"lineNumber":68,"author":{"gitId":"limjierui"},"content":"","lastModifiedDate":"2022-02-22"},{"lineNumber":69,"author":{"gitId":"limjierui"},"content":"    public static void displayGreetMessage() {","lastModifiedDate":"2022-02-22"},{"lineNumber":70,"author":{"gitId":"limjierui"},"content":"        String logo \u003d \" ____        _        \\n\"","lastModifiedDate":"2022-02-22"},{"lineNumber":71,"author":{"gitId":"limjierui"},"content":"                + \"|  _ \\\\ _   _| | _____ \\n\"","lastModifiedDate":"2022-02-22"},{"lineNumber":72,"author":{"gitId":"limjierui"},"content":"                + \"| | | | | | | |/ / _ \\\\\\n\"","lastModifiedDate":"2022-02-22"},{"lineNumber":73,"author":{"gitId":"limjierui"},"content":"                + \"| |_| | |_| |   \u003c  __/\\n\"","lastModifiedDate":"2022-02-22"},{"lineNumber":74,"author":{"gitId":"limjierui"},"content":"                + \"|____/ \\\\__,_|_|\\\\_\\\\___|\\n\";","lastModifiedDate":"2022-02-22"},{"lineNumber":75,"author":{"gitId":"limjierui"},"content":"        System.out.println(Duke.ANSI_BLUE + Duke.DISPLAY_LINE + System.lineSeparator() + logo);","lastModifiedDate":"2022-02-22"},{"lineNumber":76,"author":{"gitId":"limjierui"},"content":"        System.out.println(\"Hello! Duke here!:)\");","lastModifiedDate":"2022-02-22"},{"lineNumber":77,"author":{"gitId":"limjierui"},"content":"        System.out.print(\"Is there anything I can do for you?\\n\" + Duke.DISPLAY_LINE + System.lineSeparator()","lastModifiedDate":"2022-02-22"},{"lineNumber":78,"author":{"gitId":"limjierui"},"content":"                + Duke.ANSI_RESET);","lastModifiedDate":"2022-02-22"},{"lineNumber":79,"author":{"gitId":"limjierui"},"content":"    }","lastModifiedDate":"2022-02-22"},{"lineNumber":80,"author":{"gitId":"limjierui"},"content":"}","lastModifiedDate":"2022-02-22"}],"authorContributionMap":{"limjierui":80}},{"path":"src/main/java/Duke/Helper/DukeException.java","fileType":"java","lines":[{"lineNumber":1,"author":{"gitId":"limjierui"},"content":"package Duke.Helper;","lastModifiedDate":"2022-02-09"},{"lineNumber":2,"author":{"gitId":"limjierui"},"content":"","lastModifiedDate":"2022-02-09"},{"lineNumber":3,"author":{"gitId":"limjierui"},"content":"public class DukeException extends Exception {","lastModifiedDate":"2022-02-09"},{"lineNumber":4,"author":{"gitId":"limjierui"},"content":"    public DukeException(String errorMessage) {","lastModifiedDate":"2022-02-22"},{"lineNumber":5,"author":{"gitId":"limjierui"},"content":"        super(errorMessage);","lastModifiedDate":"2022-02-22"},{"lineNumber":6,"author":{"gitId":"limjierui"},"content":"    }","lastModifiedDate":"2022-02-22"},{"lineNumber":7,"author":{"gitId":"limjierui"},"content":"    //no other code needed","lastModifiedDate":"2022-02-09"},{"lineNumber":8,"author":{"gitId":"limjierui"},"content":"}","lastModifiedDate":"2022-02-09"}],"authorContributionMap":{"limjierui":8}},{"path":"src/main/java/Duke/Helper/FileCommand.java","fileType":"java","lines":[{"lineNumber":1,"author":{"gitId":"limjierui"},"content":"package Duke.Helper;","lastModifiedDate":"2022-02-17"},{"lineNumber":2,"author":{"gitId":"limjierui"},"content":"","lastModifiedDate":"2022-02-17"},{"lineNumber":3,"author":{"gitId":"limjierui"},"content":"import Duke.Tasks.Deadline;","lastModifiedDate":"2022-02-17"},{"lineNumber":4,"author":{"gitId":"limjierui"},"content":"import Duke.Tasks.Event;","lastModifiedDate":"2022-02-17"},{"lineNumber":5,"author":{"gitId":"limjierui"},"content":"import Duke.Tasks.Task;","lastModifiedDate":"2022-02-17"},{"lineNumber":6,"author":{"gitId":"limjierui"},"content":"import Duke.Tasks.Todo;","lastModifiedDate":"2022-02-17"},{"lineNumber":7,"author":{"gitId":"limjierui"},"content":"","lastModifiedDate":"2022-02-17"},{"lineNumber":8,"author":{"gitId":"limjierui"},"content":"import java.io.File;","lastModifiedDate":"2022-02-17"},{"lineNumber":9,"author":{"gitId":"limjierui"},"content":"import java.io.FileWriter;","lastModifiedDate":"2022-02-17"},{"lineNumber":10,"author":{"gitId":"limjierui"},"content":"import java.io.IOException;","lastModifiedDate":"2022-02-17"},{"lineNumber":11,"author":{"gitId":"limjierui"},"content":"import java.util.ArrayList;","lastModifiedDate":"2022-02-17"},{"lineNumber":12,"author":{"gitId":"limjierui"},"content":"import java.util.Scanner;","lastModifiedDate":"2022-02-17"},{"lineNumber":13,"author":{"gitId":"limjierui"},"content":"","lastModifiedDate":"2022-02-17"},{"lineNumber":14,"author":{"gitId":"limjierui"},"content":"public class FileCommand {","lastModifiedDate":"2022-02-17"},{"lineNumber":15,"author":{"gitId":"limjierui"},"content":"","lastModifiedDate":"2022-02-22"},{"lineNumber":16,"author":{"gitId":"limjierui"},"content":"    protected static final char TODO \u003d \u0027T\u0027;","lastModifiedDate":"2022-02-22"},{"lineNumber":17,"author":{"gitId":"limjierui"},"content":"    protected static final char EVENT \u003d \u0027E\u0027;","lastModifiedDate":"2022-02-22"},{"lineNumber":18,"author":{"gitId":"limjierui"},"content":"    protected static final char DEADLINE \u003d \u0027D\u0027;","lastModifiedDate":"2022-02-22"},{"lineNumber":19,"author":{"gitId":"limjierui"},"content":"","lastModifiedDate":"2022-02-22"},{"lineNumber":20,"author":{"gitId":"limjierui"},"content":"    public static void loadFile(ArrayList\u003cTask\u003e listArray) throws IOException {","lastModifiedDate":"2022-02-22"},{"lineNumber":21,"author":{"gitId":"limjierui"},"content":"        try {","lastModifiedDate":"2022-02-17"},{"lineNumber":22,"author":{"gitId":"limjierui"},"content":"            File f \u003d new File(\"data/duke.txt\");","lastModifiedDate":"2022-02-17"},{"lineNumber":23,"author":{"gitId":"limjierui"},"content":"            f.getParentFile().mkdirs();","lastModifiedDate":"2022-02-17"},{"lineNumber":24,"author":{"gitId":"limjierui"},"content":"            f.createNewFile();","lastModifiedDate":"2022-02-17"},{"lineNumber":25,"author":{"gitId":"limjierui"},"content":"            Scanner s \u003d new Scanner(f);","lastModifiedDate":"2022-02-17"},{"lineNumber":26,"author":{"gitId":"limjierui"},"content":"            while (s.hasNext()) {","lastModifiedDate":"2022-02-17"},{"lineNumber":27,"author":{"gitId":"limjierui"},"content":"                boolean isDone \u003d true;","lastModifiedDate":"2022-02-22"},{"lineNumber":28,"author":{"gitId":"limjierui"},"content":"                String message \u003d s.nextLine();","lastModifiedDate":"2022-02-17"},{"lineNumber":29,"author":{"gitId":"limjierui"},"content":"                String[] splitMessage \u003d message.split(\" \\\\| \");","lastModifiedDate":"2022-02-17"},{"lineNumber":30,"author":{"gitId":"limjierui"},"content":"                char type \u003d splitMessage[0].charAt(0);","lastModifiedDate":"2022-02-22"},{"lineNumber":31,"author":{"gitId":"limjierui"},"content":"                int status \u003d Integer.parseInt(splitMessage[1]) ;","lastModifiedDate":"2022-02-22"},{"lineNumber":32,"author":{"gitId":"limjierui"},"content":"                if (status \u003d\u003d 0) {","lastModifiedDate":"2022-02-22"},{"lineNumber":33,"author":{"gitId":"limjierui"},"content":"                    isDone \u003d false;","lastModifiedDate":"2022-02-22"},{"lineNumber":34,"author":{"gitId":"limjierui"},"content":"                }","lastModifiedDate":"2022-02-22"},{"lineNumber":35,"author":{"gitId":"limjierui"},"content":"                String description \u003d splitMessage[2];","lastModifiedDate":"2022-02-17"},{"lineNumber":36,"author":{"gitId":"limjierui"},"content":"                switch (type) {","lastModifiedDate":"2022-02-17"},{"lineNumber":37,"author":{"gitId":"limjierui"},"content":"                case TODO:","lastModifiedDate":"2022-02-22"},{"lineNumber":38,"author":{"gitId":"limjierui"},"content":"                    listArray.add(new Todo(description, isDone));","lastModifiedDate":"2022-02-22"},{"lineNumber":39,"author":{"gitId":"limjierui"},"content":"                    break;","lastModifiedDate":"2022-02-17"},{"lineNumber":40,"author":{"gitId":"limjierui"},"content":"                case EVENT:","lastModifiedDate":"2022-02-22"},{"lineNumber":41,"author":{"gitId":"limjierui"},"content":"                    String at \u003d splitMessage[3];","lastModifiedDate":"2022-02-17"},{"lineNumber":42,"author":{"gitId":"limjierui"},"content":"                    listArray.add(new Event(description, isDone, at));","lastModifiedDate":"2022-02-22"},{"lineNumber":43,"author":{"gitId":"limjierui"},"content":"                    break;","lastModifiedDate":"2022-02-17"},{"lineNumber":44,"author":{"gitId":"limjierui"},"content":"                case DEADLINE:","lastModifiedDate":"2022-02-22"},{"lineNumber":45,"author":{"gitId":"limjierui"},"content":"                    String by \u003d splitMessage[3];","lastModifiedDate":"2022-02-17"},{"lineNumber":46,"author":{"gitId":"limjierui"},"content":"                    listArray.add(new Deadline(description, isDone, by));","lastModifiedDate":"2022-02-22"},{"lineNumber":47,"author":{"gitId":"limjierui"},"content":"                    break;","lastModifiedDate":"2022-02-17"},{"lineNumber":48,"author":{"gitId":"limjierui"},"content":"                default:","lastModifiedDate":"2022-02-17"},{"lineNumber":49,"author":{"gitId":"limjierui"},"content":"                    break;","lastModifiedDate":"2022-02-17"},{"lineNumber":50,"author":{"gitId":"limjierui"},"content":"                }","lastModifiedDate":"2022-02-17"},{"lineNumber":51,"author":{"gitId":"limjierui"},"content":"            }","lastModifiedDate":"2022-02-17"},{"lineNumber":52,"author":{"gitId":"limjierui"},"content":"            s.close();","lastModifiedDate":"2022-02-17"},{"lineNumber":53,"author":{"gitId":"limjierui"},"content":"        } catch (IOException e) {","lastModifiedDate":"2022-02-17"},{"lineNumber":54,"author":{"gitId":"limjierui"},"content":"            System.out.println(\"IO exception\");","lastModifiedDate":"2022-02-17"},{"lineNumber":55,"author":{"gitId":"limjierui"},"content":"        }","lastModifiedDate":"2022-02-17"},{"lineNumber":56,"author":{"gitId":"limjierui"},"content":"    }","lastModifiedDate":"2022-02-17"},{"lineNumber":57,"author":{"gitId":"limjierui"},"content":"","lastModifiedDate":"2022-02-17"},{"lineNumber":58,"author":{"gitId":"limjierui"},"content":"    public static void saveFile(ArrayList\u003cTask\u003e listArray) throws IOException {","lastModifiedDate":"2022-02-22"},{"lineNumber":59,"author":{"gitId":"limjierui"},"content":"        try {","lastModifiedDate":"2022-02-17"},{"lineNumber":60,"author":{"gitId":"limjierui"},"content":"            FileWriter fw \u003d new FileWriter(\"data/duke.txt\");","lastModifiedDate":"2022-02-17"},{"lineNumber":61,"author":{"gitId":"limjierui"},"content":"            StringBuffer sb \u003d new StringBuffer();","lastModifiedDate":"2022-02-17"},{"lineNumber":62,"author":{"gitId":"limjierui"},"content":"            for (int i \u003d 0; i \u003c listArray.size(); i++) {","lastModifiedDate":"2022-02-22"},{"lineNumber":63,"author":{"gitId":"limjierui"},"content":"                sb.append(listArray.get(i).saveTasks());","lastModifiedDate":"2022-02-22"},{"lineNumber":64,"author":{"gitId":"limjierui"},"content":"            }","lastModifiedDate":"2022-02-17"},{"lineNumber":65,"author":{"gitId":"limjierui"},"content":"            fw.write(sb.toString());","lastModifiedDate":"2022-02-17"},{"lineNumber":66,"author":{"gitId":"limjierui"},"content":"            fw.close();","lastModifiedDate":"2022-02-17"},{"lineNumber":67,"author":{"gitId":"limjierui"},"content":"        } catch (IOException e) {","lastModifiedDate":"2022-02-17"},{"lineNumber":68,"author":{"gitId":"limjierui"},"content":"            System.out.println(\"IO exception\");","lastModifiedDate":"2022-02-17"},{"lineNumber":69,"author":{"gitId":"limjierui"},"content":"        }","lastModifiedDate":"2022-02-17"},{"lineNumber":70,"author":{"gitId":"limjierui"},"content":"    }","lastModifiedDate":"2022-02-17"},{"lineNumber":71,"author":{"gitId":"limjierui"},"content":"}","lastModifiedDate":"2022-02-17"}],"authorContributionMap":{"limjierui":71}},{"path":"src/main/java/Duke/Helper/MarkUnmarkItem.java","fileType":"java","lines":[{"lineNumber":1,"author":{"gitId":"limjierui"},"content":"package Duke.Helper;","lastModifiedDate":"2022-02-15"},{"lineNumber":2,"author":{"gitId":"limjierui"},"content":"","lastModifiedDate":"2022-02-11"},{"lineNumber":3,"author":{"gitId":"limjierui"},"content":"import Duke.Duke;","lastModifiedDate":"2022-02-11"},{"lineNumber":4,"author":{"gitId":"limjierui"},"content":"import Duke.Tasks.Task;","lastModifiedDate":"2022-02-15"},{"lineNumber":5,"author":{"gitId":"limjierui"},"content":"","lastModifiedDate":"2022-02-11"},{"lineNumber":6,"author":{"gitId":"limjierui"},"content":"import java.util.ArrayList;","lastModifiedDate":"2022-02-15"},{"lineNumber":7,"author":{"gitId":"limjierui"},"content":"","lastModifiedDate":"2022-02-09"},{"lineNumber":8,"author":{"gitId":"limjierui"},"content":"public class MarkUnmarkItem {","lastModifiedDate":"2022-02-09"},{"lineNumber":9,"author":{"gitId":"limjierui"},"content":"","lastModifiedDate":"2022-02-09"},{"lineNumber":10,"author":{"gitId":"limjierui"},"content":"    public static void markItem (ArrayList\u003cTask\u003e listArray, String message) throws DukeException {","lastModifiedDate":"2022-02-22"},{"lineNumber":11,"author":{"gitId":"limjierui"},"content":"        if (listArray.isEmpty()) {","lastModifiedDate":"2022-02-22"},{"lineNumber":12,"author":{"gitId":"limjierui"},"content":"            System.out.print(Duke.DISPLAY_LINE + System.lineSeparator() + \"Please add something to the list first:)\"","lastModifiedDate":"2022-02-22"},{"lineNumber":13,"author":{"gitId":"limjierui"},"content":"                    + System.lineSeparator() + Duke.DISPLAY_LINE);","lastModifiedDate":"2022-02-22"},{"lineNumber":14,"author":{"gitId":"limjierui"},"content":"        } else {","lastModifiedDate":"2022-02-22"},{"lineNumber":15,"author":{"gitId":"limjierui"},"content":"            String[] splitMessage \u003d message.split(\" \");","lastModifiedDate":"2022-02-09"},{"lineNumber":16,"author":{"gitId":"limjierui"},"content":"            if (splitMessage.length !\u003d 2) {","lastModifiedDate":"2022-02-22"},{"lineNumber":17,"author":{"gitId":"limjierui"},"content":"                throw new DukeException(Duke.DISPLAY_LINE + System.lineSeparator() + \"Please input a number\\n\" +","lastModifiedDate":"2022-02-22"},{"lineNumber":18,"author":{"gitId":"limjierui"},"content":"                        \"For eg. \u0027mark 2\u0027\\n\" + Duke.DISPLAY_LINE);","lastModifiedDate":"2022-02-22"},{"lineNumber":19,"author":{"gitId":"limjierui"},"content":"            }","lastModifiedDate":"2022-02-22"},{"lineNumber":20,"author":{"gitId":"limjierui"},"content":"            String getNumber \u003d splitMessage[1];","lastModifiedDate":"2022-02-09"},{"lineNumber":21,"author":{"gitId":"limjierui"},"content":"            int positionToMark \u003d Integer.parseInt(getNumber) - 1;","lastModifiedDate":"2022-02-09"},{"lineNumber":22,"author":{"gitId":"limjierui"},"content":"            if (positionToMark + 1 \u003d\u003d 0 | positionToMark + 1 \u003e listArray.size()) {","lastModifiedDate":"2022-02-22"},{"lineNumber":23,"author":{"gitId":"limjierui"},"content":"                throw new DukeException(DisplayMessageCommand.displayMarkMessage(listArray));","lastModifiedDate":"2022-02-22"},{"lineNumber":24,"author":{"gitId":"limjierui"},"content":"            }","lastModifiedDate":"2022-02-22"},{"lineNumber":25,"author":{"gitId":"limjierui"},"content":"            listArray.get(positionToMark).markAsDone();","lastModifiedDate":"2022-02-22"},{"lineNumber":26,"author":{"gitId":"limjierui"},"content":"            System.out.println(Duke.DISPLAY_LINE + System.lineSeparator() + \"Nice! I\u0027ve marked this as done:\");","lastModifiedDate":"2022-02-22"},{"lineNumber":27,"author":{"gitId":"limjierui"},"content":"            System.out.println(listArray.get(positionToMark));","lastModifiedDate":"2022-02-22"},{"lineNumber":28,"author":{"gitId":"limjierui"},"content":"            System.out.println(Duke.DISPLAY_LINE);","lastModifiedDate":"2022-02-22"},{"lineNumber":29,"author":{"gitId":"limjierui"},"content":"        }","lastModifiedDate":"2022-02-22"},{"lineNumber":30,"author":{"gitId":"limjierui"},"content":"    }","lastModifiedDate":"2022-02-09"},{"lineNumber":31,"author":{"gitId":"limjierui"},"content":"","lastModifiedDate":"2022-02-09"},{"lineNumber":32,"author":{"gitId":"limjierui"},"content":"    public static void unMarkItem(ArrayList\u003cTask\u003e listArray, String message) throws DukeException {","lastModifiedDate":"2022-02-22"},{"lineNumber":33,"author":{"gitId":"limjierui"},"content":"        if (listArray.isEmpty()) {","lastModifiedDate":"2022-02-22"},{"lineNumber":34,"author":{"gitId":"limjierui"},"content":"            System.out.print(Duke.DISPLAY_LINE + System.lineSeparator() + \"Please add something to the list first:)\"","lastModifiedDate":"2022-02-22"},{"lineNumber":35,"author":{"gitId":"limjierui"},"content":"                    + System.lineSeparator() + Duke.DISPLAY_LINE);","lastModifiedDate":"2022-02-22"},{"lineNumber":36,"author":{"gitId":"limjierui"},"content":"        } else {","lastModifiedDate":"2022-02-22"},{"lineNumber":37,"author":{"gitId":"limjierui"},"content":"            String[] splitMessage \u003d message.split(\" \");","lastModifiedDate":"2022-02-09"},{"lineNumber":38,"author":{"gitId":"limjierui"},"content":"            if (splitMessage.length !\u003d 2) {","lastModifiedDate":"2022-02-22"},{"lineNumber":39,"author":{"gitId":"limjierui"},"content":"                throw new DukeException(Duke.DISPLAY_LINE + System.lineSeparator() + \"Please input a number\\n\" +","lastModifiedDate":"2022-02-22"},{"lineNumber":40,"author":{"gitId":"limjierui"},"content":"                        \"For eg. \u0027unmark 2\u0027\\n\" + Duke.DISPLAY_LINE);","lastModifiedDate":"2022-02-22"},{"lineNumber":41,"author":{"gitId":"limjierui"},"content":"            }","lastModifiedDate":"2022-02-22"},{"lineNumber":42,"author":{"gitId":"limjierui"},"content":"            String getNumber \u003d splitMessage[1];","lastModifiedDate":"2022-02-09"},{"lineNumber":43,"author":{"gitId":"limjierui"},"content":"            int positionToUnMark \u003d Integer.parseInt(getNumber) - 1;","lastModifiedDate":"2022-02-09"},{"lineNumber":44,"author":{"gitId":"limjierui"},"content":"            if (positionToUnMark + 1 \u003d\u003d 0 | positionToUnMark + 1 \u003e listArray.size()) {","lastModifiedDate":"2022-02-22"},{"lineNumber":45,"author":{"gitId":"limjierui"},"content":"                throw new DukeException(DisplayMessageCommand.displayUnmarkMessage(listArray));","lastModifiedDate":"2022-02-22"},{"lineNumber":46,"author":{"gitId":"limjierui"},"content":"            }","lastModifiedDate":"2022-02-22"},{"lineNumber":47,"author":{"gitId":"limjierui"},"content":"            listArray.get(positionToUnMark).unMark();","lastModifiedDate":"2022-02-22"},{"lineNumber":48,"author":{"gitId":"limjierui"},"content":"            System.out.println(Duke.DISPLAY_LINE + System.lineSeparator() + \"OK, I\u0027ve marked this task as not done yet:\");","lastModifiedDate":"2022-02-22"},{"lineNumber":49,"author":{"gitId":"limjierui"},"content":"            System.out.println(listArray.get(positionToUnMark));","lastModifiedDate":"2022-02-22"},{"lineNumber":50,"author":{"gitId":"limjierui"},"content":"            System.out.println(Duke.DISPLAY_LINE);","lastModifiedDate":"2022-02-22"},{"lineNumber":51,"author":{"gitId":"limjierui"},"content":"        }","lastModifiedDate":"2022-02-22"},{"lineNumber":52,"author":{"gitId":"limjierui"},"content":"    }","lastModifiedDate":"2022-02-09"},{"lineNumber":53,"author":{"gitId":"limjierui"},"content":"}","lastModifiedDate":"2022-02-09"}],"authorContributionMap":{"limjierui":53}},{"path":"src/main/java/Duke/Tasks/Deadline.java","fileType":"java","lines":[{"lineNumber":1,"author":{"gitId":"limjierui"},"content":"package Duke.Tasks;","lastModifiedDate":"2022-02-09"},{"lineNumber":2,"author":{"gitId":"limjierui"},"content":"","lastModifiedDate":"2022-02-09"},{"lineNumber":3,"author":{"gitId":"limjierui"},"content":"public class Deadline extends Task {","lastModifiedDate":"2022-02-02"},{"lineNumber":4,"author":{"gitId":"limjierui"},"content":"    protected String date;","lastModifiedDate":"2022-02-22"},{"lineNumber":5,"author":{"gitId":"limjierui"},"content":"","lastModifiedDate":"2022-02-02"},{"lineNumber":6,"author":{"gitId":"limjierui"},"content":"    public Deadline(String description,boolean isDone, String date) {","lastModifiedDate":"2022-02-22"},{"lineNumber":7,"author":{"gitId":"limjierui"},"content":"        super(description,isDone);","lastModifiedDate":"2022-02-22"},{"lineNumber":8,"author":{"gitId":"limjierui"},"content":"        this.date \u003d date;","lastModifiedDate":"2022-02-22"},{"lineNumber":9,"author":{"gitId":"limjierui"},"content":"    }","lastModifiedDate":"2022-02-02"},{"lineNumber":10,"author":{"gitId":"limjierui"},"content":"","lastModifiedDate":"2022-02-02"},{"lineNumber":11,"author":{"gitId":"limjierui"},"content":"    @Override","lastModifiedDate":"2022-02-02"},{"lineNumber":12,"author":{"gitId":"limjierui"},"content":"    public String toString () {","lastModifiedDate":"2022-02-02"},{"lineNumber":13,"author":{"gitId":"limjierui"},"content":"        return \"[D]\" + super.toString() + \" (by: \" + this.date + \")\";","lastModifiedDate":"2022-02-22"},{"lineNumber":14,"author":{"gitId":"limjierui"},"content":"    }","lastModifiedDate":"2022-02-02"},{"lineNumber":15,"author":{"gitId":"limjierui"},"content":"","lastModifiedDate":"2022-02-17"},{"lineNumber":16,"author":{"gitId":"limjierui"},"content":"    @Override","lastModifiedDate":"2022-02-17"},{"lineNumber":17,"author":{"gitId":"limjierui"},"content":"    public String saveTasks() {","lastModifiedDate":"2022-02-17"},{"lineNumber":18,"author":{"gitId":"limjierui"},"content":"        return \"D \" + super.saveTasks() + \" | \" + this.date + System.lineSeparator();","lastModifiedDate":"2022-02-22"},{"lineNumber":19,"author":{"gitId":"limjierui"},"content":"    }","lastModifiedDate":"2022-02-17"},{"lineNumber":20,"author":{"gitId":"limjierui"},"content":"}","lastModifiedDate":"2022-02-02"}],"authorContributionMap":{"limjierui":20}},{"path":"src/main/java/Duke/Tasks/Event.java","fileType":"java","lines":[{"lineNumber":1,"author":{"gitId":"limjierui"},"content":"package Duke.Tasks;","lastModifiedDate":"2022-02-09"},{"lineNumber":2,"author":{"gitId":"limjierui"},"content":"","lastModifiedDate":"2022-02-09"},{"lineNumber":3,"author":{"gitId":"limjierui"},"content":"public class Event extends Task {","lastModifiedDate":"2022-02-02"},{"lineNumber":4,"author":{"gitId":"limjierui"},"content":"    protected String date;","lastModifiedDate":"2022-02-22"},{"lineNumber":5,"author":{"gitId":"limjierui"},"content":"","lastModifiedDate":"2022-02-02"},{"lineNumber":6,"author":{"gitId":"limjierui"},"content":"    public Event(String description,boolean isDone, String date) {","lastModifiedDate":"2022-02-22"},{"lineNumber":7,"author":{"gitId":"limjierui"},"content":"        super(description, isDone);","lastModifiedDate":"2022-02-22"},{"lineNumber":8,"author":{"gitId":"limjierui"},"content":"        this.date \u003d date;","lastModifiedDate":"2022-02-22"},{"lineNumber":9,"author":{"gitId":"limjierui"},"content":"    }","lastModifiedDate":"2022-02-02"},{"lineNumber":10,"author":{"gitId":"limjierui"},"content":"","lastModifiedDate":"2022-02-02"},{"lineNumber":11,"author":{"gitId":"limjierui"},"content":"    @Override","lastModifiedDate":"2022-02-02"},{"lineNumber":12,"author":{"gitId":"limjierui"},"content":"    public String toString () {","lastModifiedDate":"2022-02-02"},{"lineNumber":13,"author":{"gitId":"limjierui"},"content":"        return \"[E]\" + super.toString() + \" (at: \" + this.date + \")\";","lastModifiedDate":"2022-02-22"},{"lineNumber":14,"author":{"gitId":"limjierui"},"content":"    }","lastModifiedDate":"2022-02-02"},{"lineNumber":15,"author":{"gitId":"limjierui"},"content":"","lastModifiedDate":"2022-02-15"},{"lineNumber":16,"author":{"gitId":"limjierui"},"content":"    @Override","lastModifiedDate":"2022-02-17"},{"lineNumber":17,"author":{"gitId":"limjierui"},"content":"    public String saveTasks() {","lastModifiedDate":"2022-02-17"},{"lineNumber":18,"author":{"gitId":"limjierui"},"content":"        return \"E \" + super.saveTasks() + \" | \" + this.date + System.lineSeparator();","lastModifiedDate":"2022-02-22"},{"lineNumber":19,"author":{"gitId":"limjierui"},"content":"    }","lastModifiedDate":"2022-02-17"},{"lineNumber":20,"author":{"gitId":"limjierui"},"content":"","lastModifiedDate":"2022-02-17"},{"lineNumber":21,"author":{"gitId":"limjierui"},"content":"}","lastModifiedDate":"2022-02-02"}],"authorContributionMap":{"limjierui":21}},{"path":"src/main/java/Duke/Tasks/Task.java","fileType":"java","lines":[{"lineNumber":1,"author":{"gitId":"limjierui"},"content":"package Duke.Tasks;","lastModifiedDate":"2022-02-09"},{"lineNumber":2,"author":{"gitId":"limjierui"},"content":"","lastModifiedDate":"2022-02-09"},{"lineNumber":3,"author":{"gitId":"limjierui"},"content":"public class Task {","lastModifiedDate":"2022-01-27"},{"lineNumber":4,"author":{"gitId":"limjierui"},"content":"    public String description;","lastModifiedDate":"2022-02-15"},{"lineNumber":5,"author":{"gitId":"limjierui"},"content":"    protected boolean isDone;","lastModifiedDate":"2022-01-27"},{"lineNumber":6,"author":{"gitId":"limjierui"},"content":"","lastModifiedDate":"2022-01-27"},{"lineNumber":7,"author":{"gitId":"limjierui"},"content":"    public Task(String description, boolean isDone) {","lastModifiedDate":"2022-02-22"},{"lineNumber":8,"author":{"gitId":"limjierui"},"content":"        this.description \u003d description;","lastModifiedDate":"2022-01-27"},{"lineNumber":9,"author":{"gitId":"limjierui"},"content":"        if (isDone) {","lastModifiedDate":"2022-02-22"},{"lineNumber":10,"author":{"gitId":"limjierui"},"content":"            this.isDone \u003d true;","lastModifiedDate":"2022-02-17"},{"lineNumber":11,"author":{"gitId":"limjierui"},"content":"        } else {","lastModifiedDate":"2022-02-17"},{"lineNumber":12,"author":{"gitId":"limjierui"},"content":"            this.isDone \u003d false;","lastModifiedDate":"2022-01-27"},{"lineNumber":13,"author":{"gitId":"limjierui"},"content":"        }","lastModifiedDate":"2022-01-27"},{"lineNumber":14,"author":{"gitId":"limjierui"},"content":"    }","lastModifiedDate":"2022-02-17"},{"lineNumber":15,"author":{"gitId":"limjierui"},"content":"","lastModifiedDate":"2022-01-27"},{"lineNumber":16,"author":{"gitId":"limjierui"},"content":"    public String getStatusIcon() {","lastModifiedDate":"2022-01-27"},{"lineNumber":17,"author":{"gitId":"limjierui"},"content":"        return (isDone ? \"X\" : \" \");","lastModifiedDate":"2022-02-15"},{"lineNumber":18,"author":{"gitId":"limjierui"},"content":"    }","lastModifiedDate":"2022-01-27"},{"lineNumber":19,"author":{"gitId":"limjierui"},"content":"","lastModifiedDate":"2022-01-27"},{"lineNumber":20,"author":{"gitId":"limjierui"},"content":"","lastModifiedDate":"2022-02-22"},{"lineNumber":21,"author":{"gitId":"limjierui"},"content":"    public boolean markAsDone() {","lastModifiedDate":"2022-01-27"},{"lineNumber":22,"author":{"gitId":"limjierui"},"content":"        return isDone \u003d true;","lastModifiedDate":"2022-01-27"},{"lineNumber":23,"author":{"gitId":"limjierui"},"content":"    }","lastModifiedDate":"2022-01-27"},{"lineNumber":24,"author":{"gitId":"limjierui"},"content":"","lastModifiedDate":"2022-01-27"},{"lineNumber":25,"author":{"gitId":"limjierui"},"content":"    public boolean unMark() {","lastModifiedDate":"2022-01-27"},{"lineNumber":26,"author":{"gitId":"limjierui"},"content":"        return isDone \u003d false;","lastModifiedDate":"2022-01-27"},{"lineNumber":27,"author":{"gitId":"limjierui"},"content":"    }","lastModifiedDate":"2022-01-27"},{"lineNumber":28,"author":{"gitId":"limjierui"},"content":"","lastModifiedDate":"2022-01-27"},{"lineNumber":29,"author":{"gitId":"limjierui"},"content":"    public String saveTasks() {","lastModifiedDate":"2022-02-17"},{"lineNumber":30,"author":{"gitId":"limjierui"},"content":"        int isMarked \u003d 0;","lastModifiedDate":"2022-02-17"},{"lineNumber":31,"author":{"gitId":"limjierui"},"content":"        if (this.isDone) {","lastModifiedDate":"2022-02-17"},{"lineNumber":32,"author":{"gitId":"limjierui"},"content":"            isMarked \u003d 1;","lastModifiedDate":"2022-02-17"},{"lineNumber":33,"author":{"gitId":"limjierui"},"content":"        }","lastModifiedDate":"2022-02-17"},{"lineNumber":34,"author":{"gitId":"limjierui"},"content":"        return \"| \" + isMarked + \" | \" + this.description ;","lastModifiedDate":"2022-02-17"},{"lineNumber":35,"author":{"gitId":"limjierui"},"content":"    }","lastModifiedDate":"2022-02-17"},{"lineNumber":36,"author":{"gitId":"limjierui"},"content":"","lastModifiedDate":"2022-02-17"},{"lineNumber":37,"author":{"gitId":"limjierui"},"content":"    @Override","lastModifiedDate":"2022-02-02"},{"lineNumber":38,"author":{"gitId":"limjierui"},"content":"    public String toString() {","lastModifiedDate":"2022-02-02"},{"lineNumber":39,"author":{"gitId":"limjierui"},"content":"        return \"[\" + this.getStatusIcon() + \"] \" + this.description;","lastModifiedDate":"2022-02-02"},{"lineNumber":40,"author":{"gitId":"limjierui"},"content":"    }","lastModifiedDate":"2022-02-02"},{"lineNumber":41,"author":{"gitId":"limjierui"},"content":"}","lastModifiedDate":"2022-01-27"},{"lineNumber":42,"author":{"gitId":"limjierui"},"content":"","lastModifiedDate":"2022-01-27"}],"authorContributionMap":{"limjierui":42}},{"path":"src/main/java/Duke/Tasks/Todo.java","fileType":"java","lines":[{"lineNumber":1,"author":{"gitId":"limjierui"},"content":"package Duke.Tasks;","lastModifiedDate":"2022-02-09"},{"lineNumber":2,"author":{"gitId":"limjierui"},"content":"","lastModifiedDate":"2022-02-09"},{"lineNumber":3,"author":{"gitId":"limjierui"},"content":"public class Todo extends Task {","lastModifiedDate":"2022-02-02"},{"lineNumber":4,"author":{"gitId":"limjierui"},"content":"","lastModifiedDate":"2022-02-02"},{"lineNumber":5,"author":{"gitId":"limjierui"},"content":"    public Todo(String description, boolean isDone) {","lastModifiedDate":"2022-02-22"},{"lineNumber":6,"author":{"gitId":"limjierui"},"content":"        super(description, isDone);","lastModifiedDate":"2022-02-22"},{"lineNumber":7,"author":{"gitId":"limjierui"},"content":"    }","lastModifiedDate":"2022-02-02"},{"lineNumber":8,"author":{"gitId":"limjierui"},"content":"","lastModifiedDate":"2022-02-02"},{"lineNumber":9,"author":{"gitId":"limjierui"},"content":"    @Override","lastModifiedDate":"2022-02-02"},{"lineNumber":10,"author":{"gitId":"limjierui"},"content":"    public String toString () {","lastModifiedDate":"2022-02-02"},{"lineNumber":11,"author":{"gitId":"limjierui"},"content":"        return \"[T]\" + super.toString();","lastModifiedDate":"2022-02-09"},{"lineNumber":12,"author":{"gitId":"limjierui"},"content":"    }","lastModifiedDate":"2022-02-02"},{"lineNumber":13,"author":{"gitId":"limjierui"},"content":"","lastModifiedDate":"2022-02-17"},{"lineNumber":14,"author":{"gitId":"limjierui"},"content":"    @Override","lastModifiedDate":"2022-02-17"},{"lineNumber":15,"author":{"gitId":"limjierui"},"content":"    public String saveTasks() {","lastModifiedDate":"2022-02-17"},{"lineNumber":16,"author":{"gitId":"limjierui"},"content":"        return \"T \" + super.saveTasks() + System.lineSeparator();","lastModifiedDate":"2022-02-17"},{"lineNumber":17,"author":{"gitId":"limjierui"},"content":"    }","lastModifiedDate":"2022-02-17"},{"lineNumber":18,"author":{"gitId":"limjierui"},"content":"}","lastModifiedDate":"2022-02-02"}],"authorContributionMap":{"limjierui":18}},{"path":"text-ui-test/input.txt","fileType":"txt","lines":[{"lineNumber":1,"author":{"gitId":"limjierui"},"content":"todo borrow book","lastModifiedDate":"2022-02-02"},{"lineNumber":2,"author":{"gitId":"limjierui"},"content":"deadline return book /by Sunday","lastModifiedDate":"2022-02-02"},{"lineNumber":3,"author":{"gitId":"limjierui"},"content":"list","lastModifiedDate":"2022-02-02"},{"lineNumber":4,"author":{"gitId":"limjierui"},"content":"event project meeting /at Mon 2-4pm","lastModifiedDate":"2022-02-02"},{"lineNumber":5,"author":{"gitId":"limjierui"},"content":"list","lastModifiedDate":"2022-02-02"},{"lineNumber":6,"author":{"gitId":"limjierui"},"content":"mark 1","lastModifiedDate":"2022-02-09"},{"lineNumber":7,"author":{"gitId":"limjierui"},"content":"unmark 1","lastModifiedDate":"2022-02-09"},{"lineNumber":8,"author":{"gitId":"limjierui"},"content":"mark 5","lastModifiedDate":"2022-02-09"},{"lineNumber":9,"author":{"gitId":"limjierui"},"content":"deadline work by","lastModifiedDate":"2022-02-09"},{"lineNumber":10,"author":{"gitId":"limjierui"},"content":"list","lastModifiedDate":"2022-02-09"},{"lineNumber":11,"author":{"gitId":"limjierui"},"content":"todo","lastModifiedDate":"2022-02-09"},{"lineNumber":12,"author":{"gitId":"limjierui"},"content":"delete 2","lastModifiedDate":"2022-02-15"},{"lineNumber":13,"author":{"gitId":"limjierui"},"content":"list","lastModifiedDate":"2022-02-15"},{"lineNumber":14,"author":{"gitId":"limjierui"},"content":"delete","lastModifiedDate":"2022-02-15"},{"lineNumber":15,"author":{"gitId":"limjierui"},"content":"delete 1","lastModifiedDate":"2022-02-15"},{"lineNumber":16,"author":{"gitId":"limjierui"},"content":"anyhowcommand","lastModifiedDate":"2022-02-09"},{"lineNumber":17,"author":{"gitId":"limjierui"},"content":"bye","lastModifiedDate":"2022-02-09"}],"authorContributionMap":{"limjierui":17}},{"path":"text-ui-test/runtest.bat","fileType":"bat","lines":[{"lineNumber":1,"author":{"gitId":"-"},"content":"@ECHO OFF","lastModifiedDate":"2020-05-25"},{"lineNumber":2,"author":{"gitId":"-"},"content":"","lastModifiedDate":"2020-05-25"},{"lineNumber":3,"author":{"gitId":"-"},"content":"REM create bin directory if it doesn\u0027t exist","lastModifiedDate":"2020-05-25"},{"lineNumber":4,"author":{"gitId":"-"},"content":"if not exist ..\\bin mkdir ..\\bin","lastModifiedDate":"2020-05-25"},{"lineNumber":5,"author":{"gitId":"-"},"content":"","lastModifiedDate":"2020-05-25"},{"lineNumber":6,"author":{"gitId":"-"},"content":"REM delete output from previous run","lastModifiedDate":"2020-05-25"},{"lineNumber":7,"author":{"gitId":"-"},"content":"if exist ACTUAL.TXT del ACTUAL.TXT","lastModifiedDate":"2020-08-25"},{"lineNumber":8,"author":{"gitId":"-"},"content":"","lastModifiedDate":"2020-05-25"},{"lineNumber":9,"author":{"gitId":"-"},"content":"REM compile the code into the bin folder","lastModifiedDate":"2020-05-25"},{"lineNumber":10,"author":{"gitId":"limjierui"},"content":"javac  -cp ..\\src\\main\\java -Xlint:none -d ..\\bin ..\\src\\main\\java\\Duke\\*.java ..\\src\\main\\java\\Duke\\Helper\\*.java ..\\src\\main\\java\\Duke\\Tasks\\*.java","lastModifiedDate":"2022-02-15"},{"lineNumber":11,"author":{"gitId":"-"},"content":"IF ERRORLEVEL 1 (","lastModifiedDate":"2020-05-25"},{"lineNumber":12,"author":{"gitId":"-"},"content":"    echo ********** BUILD FAILURE **********","lastModifiedDate":"2020-05-25"},{"lineNumber":13,"author":{"gitId":"-"},"content":"    exit /b 1","lastModifiedDate":"2020-05-25"},{"lineNumber":14,"author":{"gitId":"-"},"content":")","lastModifiedDate":"2020-05-25"},{"lineNumber":15,"author":{"gitId":"-"},"content":"REM no error here, errorlevel \u003d\u003d 0","lastModifiedDate":"2020-05-25"},{"lineNumber":16,"author":{"gitId":"-"},"content":"","lastModifiedDate":"2020-05-25"},{"lineNumber":17,"author":{"gitId":"-"},"content":"REM run the program, feed commands from input.txt file and redirect the output to the ACTUAL.TXT","lastModifiedDate":"2020-05-25"},{"lineNumber":18,"author":{"gitId":"limjierui"},"content":"java -classpath ..\\bin Duke.Duke \u003c input.txt \u003e ACTUAL.TXT","lastModifiedDate":"2022-02-11"},{"lineNumber":19,"author":{"gitId":"-"},"content":"","lastModifiedDate":"2020-05-25"},{"lineNumber":20,"author":{"gitId":"-"},"content":"REM compare the output to the expected output","lastModifiedDate":"2020-05-25"},{"lineNumber":21,"author":{"gitId":"-"},"content":"FC ACTUAL.TXT EXPECTED.TXT","lastModifiedDate":"2020-05-25"}],"authorContributionMap":{"limjierui":2,"-":19}},{"path":"text-ui-test/runtest.sh","fileType":"sh","lines":[{"lineNumber":1,"author":{"gitId":"-"},"content":"#!/usr/bin/env bash","lastModifiedDate":"2020-05-25"},{"lineNumber":2,"author":{"gitId":"-"},"content":"","lastModifiedDate":"2020-05-25"},{"lineNumber":3,"author":{"gitId":"-"},"content":"# create bin directory if it doesn\u0027t exist","lastModifiedDate":"2020-05-25"},{"lineNumber":4,"author":{"gitId":"-"},"content":"if [ ! -d \"../bin\" ]","lastModifiedDate":"2020-05-25"},{"lineNumber":5,"author":{"gitId":"-"},"content":"then","lastModifiedDate":"2020-05-25"},{"lineNumber":6,"author":{"gitId":"-"},"content":"    mkdir ../bin","lastModifiedDate":"2020-05-25"},{"lineNumber":7,"author":{"gitId":"-"},"content":"fi","lastModifiedDate":"2020-05-25"},{"lineNumber":8,"author":{"gitId":"-"},"content":"","lastModifiedDate":"2020-05-25"},{"lineNumber":9,"author":{"gitId":"-"},"content":"# delete output from previous run","lastModifiedDate":"2020-05-25"},{"lineNumber":10,"author":{"gitId":"-"},"content":"if [ -e \"./ACTUAL.TXT\" ]","lastModifiedDate":"2020-05-25"},{"lineNumber":11,"author":{"gitId":"-"},"content":"then","lastModifiedDate":"2020-05-25"},{"lineNumber":12,"author":{"gitId":"-"},"content":"    rm ACTUAL.TXT","lastModifiedDate":"2020-05-25"},{"lineNumber":13,"author":{"gitId":"-"},"content":"fi","lastModifiedDate":"2020-05-25"},{"lineNumber":14,"author":{"gitId":"-"},"content":"","lastModifiedDate":"2020-05-25"},{"lineNumber":15,"author":{"gitId":"-"},"content":"# compile the code into the bin folder, terminates if error occurred","lastModifiedDate":"2020-05-25"},{"lineNumber":16,"author":{"gitId":"limjierui"},"content":"if ! javac -cp ../src/main/java -Xlint:none -d ../bin ../src/main/java/Duke/*.java ../src/main/java/Duke/Helper/*.java ../src/main/java/Duke/Tasks/*.java","lastModifiedDate":"2022-02-09"},{"lineNumber":17,"author":{"gitId":"-"},"content":"then","lastModifiedDate":"2020-05-25"},{"lineNumber":18,"author":{"gitId":"-"},"content":"    echo \"********** BUILD FAILURE **********\"","lastModifiedDate":"2020-05-25"},{"lineNumber":19,"author":{"gitId":"-"},"content":"    exit 1","lastModifiedDate":"2020-05-25"},{"lineNumber":20,"author":{"gitId":"-"},"content":"fi","lastModifiedDate":"2020-05-25"},{"lineNumber":21,"author":{"gitId":"-"},"content":"","lastModifiedDate":"2020-05-25"},{"lineNumber":22,"author":{"gitId":"-"},"content":"# run the program, feed commands from input.txt file and redirect the output to the ACTUAL.TXT","lastModifiedDate":"2020-05-25"},{"lineNumber":23,"author":{"gitId":"limjierui"},"content":"java -classpath ../bin Duke.Duke \u003c input.txt \u003e ACTUAL.TXT","lastModifiedDate":"2022-02-09"},{"lineNumber":24,"author":{"gitId":"-"},"content":"","lastModifiedDate":"2020-05-25"},{"lineNumber":25,"author":{"gitId":"-"},"content":"# convert to UNIX format","lastModifiedDate":"2020-05-25"},{"lineNumber":26,"author":{"gitId":"-"},"content":"cp EXPECTED.TXT EXPECTED-UNIX.TXT","lastModifiedDate":"2020-05-25"},{"lineNumber":27,"author":{"gitId":"-"},"content":"dos2unix ACTUAL.TXT EXPECTED-UNIX.TXT","lastModifiedDate":"2020-05-25"},{"lineNumber":28,"author":{"gitId":"-"},"content":"","lastModifiedDate":"2020-05-25"},{"lineNumber":29,"author":{"gitId":"-"},"content":"# compare the output to the expected output","lastModifiedDate":"2020-05-25"},{"lineNumber":30,"author":{"gitId":"-"},"content":"diff ACTUAL.TXT EXPECTED-UNIX.TXT","lastModifiedDate":"2020-05-25"},{"lineNumber":31,"author":{"gitId":"-"},"content":"if [ $? -eq 0 ]","lastModifiedDate":"2020-05-25"},{"lineNumber":32,"author":{"gitId":"-"},"content":"then","lastModifiedDate":"2020-05-25"},{"lineNumber":33,"author":{"gitId":"-"},"content":"    echo \"Test result: PASSED\"","lastModifiedDate":"2020-05-25"},{"lineNumber":34,"author":{"gitId":"-"},"content":"    exit 0","lastModifiedDate":"2020-05-25"},{"lineNumber":35,"author":{"gitId":"-"},"content":"else","lastModifiedDate":"2020-05-25"},{"lineNumber":36,"author":{"gitId":"-"},"content":"    echo \"Test result: FAILED\"","lastModifiedDate":"2020-05-25"},{"lineNumber":37,"author":{"gitId":"-"},"content":"    exit 1","lastModifiedDate":"2020-05-25"},{"lineNumber":38,"author":{"gitId":"-"},"content":"fi","lastModifiedDate":"2020-05-25"}],"authorContributionMap":{"limjierui":2,"-":36}}]
