{"authorDailyContributionsMap":{"limjierui":[{"date":"2022-01-20","commitResults":[{"hash":"3822c1431b86bb14c3d7830cf40cd57e676af0d6","isMergeCommit":false,"messageTitle":"Duke Level 0 - Greet","messageBody":"","fileTypesAndContributionMap":{"java":{"insertions":11,"deletions":1}}}]},{"date":"2022-01-27","commitResults":[{"hash":"f71f3195cec8ed53724bcce751767062887daf28","isMergeCommit":false,"messageTitle":"Level-1 Greet,Echo,Exit","messageBody":"","tags":["Level-1Greet,Echo,Exit"],"fileTypesAndContributionMap":{"java":{"insertions":23,"deletions":2}}},{"hash":"bec23b1c3092137c3fb43f5ef78480b3793adb7e","isMergeCommit":false,"messageTitle":"Level-2 Add, List","messageBody":"","tags":["Level-2Add,List"],"fileTypesAndContributionMap":{"java":{"insertions":17,"deletions":3}}},{"hash":"8fdee9646b1d7241de707fc12a5985843d27a324","isMergeCommit":false,"messageTitle":"Level 3 Mark as done","messageBody":"","tags":["Level-3Markasdone"],"fileTypesAndContributionMap":{"java":{"insertions":31,"deletions":9}}},{"hash":"65898c7cccf009c91a689985c8dbbc5d282d16ad","isMergeCommit":false,"messageTitle":"A - Classes","messageBody":"","tags":["A-Classes"],"fileTypesAndContributionMap":{"java":{"insertions":23,"deletions":0}}},{"hash":"42478a6e7b4a8631dad6a2610cf021ba70fa8146","isMergeCommit":false,"messageTitle":"A - Coding Standard","messageBody":"","tags":["A-CodingStandard"],"fileTypesAndContributionMap":{"java":{"insertions":7,"deletions":7}}}]},{"date":"2022-02-02","commitResults":[{"hash":"896572ffd5cac823eeeb9e259cb0032df779359b","isMergeCommit":false,"messageTitle":"Level-4 Todos,Deadline,Event","messageBody":"","tags":["Level-4Todos,Deadline,Event"],"fileTypesAndContributionMap":{"java":{"insertions":93,"deletions":3}}},{"hash":"7204257f1c2c3412772c97df7da78289121ab17a","isMergeCommit":false,"messageTitle":"A-CodeQuality","messageBody":"","tags":["A-CodeQuality"],"fileTypesAndContributionMap":{"java":{"insertions":6,"deletions":6}}},{"hash":"88f832133ecd359282f0796ba5215473c88b42f2","isMergeCommit":false,"messageTitle":"A-TextUITesting","messageBody":"","tags":["A-TextUITesting"],"fileTypesAndContributionMap":{"txt":{"insertions":5,"deletions":0}}}]},{"date":"2022-02-09","commitResults":[{"hash":"60e6e794aa9dce73462d32dc181d1a90b44a76e1","isMergeCommit":false,"messageTitle":"Added more abstractions and refined coding guidelines","messageBody":"","tags":["A-MoreAbstractionsandCodingGuidelines"],"fileTypesAndContributionMap":{"java":{"insertions":101,"deletions":95}}},{"hash":"66100af5e9a1a2ea015b5bf1f8224dc2ac48942c","isMergeCommit":false,"messageTitle":"Level-5 Handle Errors","messageBody":"","fileTypesAndContributionMap":{"txt":{"insertions":9,"deletions":1},"java":{"insertions":146,"deletions":46}}},{"hash":"ae05d97c619f3923346ea7c01ee162680284f219","isMergeCommit":true,"messageTitle":"Merge branch \u0027branch-Level-5\u0027","messageBody":"","tags":["Level-5"],"fileTypesAndContributionMap":{}},{"hash":"551b17fdea5f9cce4355b771d317e548b3ba4dc9","isMergeCommit":false,"messageTitle":"Add A-Packages","messageBody":"","fileTypesAndContributionMap":{"java":{"insertions":38,"deletions":6},"bat":{"insertions":2,"deletions":2},"sh":{"insertions":2,"deletions":2},"md":{"insertions":2,"deletions":2}}},{"hash":"be9dbe98f6d18f01044aea7703db3f3bbfafadaf","isMergeCommit":true,"messageTitle":"Merge branch \u0027branch-A-Packages\u0027","messageBody":"","tags":["A-Packages"],"fileTypesAndContributionMap":{}}]},{"date":"2022-02-10","commitResults":[{"hash":"cc24e8918ca68dba922853e15dcb9c4025e66f0a","isMergeCommit":false,"messageTitle":"Add A-Exceptions","messageBody":"","tags":["A-Exceptions"],"fileTypesAndContributionMap":{"java":{"insertions":41,"deletions":8},"bat":{"insertions":2,"deletions":2},"sh":{"insertions":2,"deletions":2},"md":{"insertions":2,"deletions":2}}},{"hash":"acd97e2f4febd189e6f09e1120679a5c20762f29","isMergeCommit":false,"messageTitle":"Revert \"Add A-Exceptions\"","messageBody":"This reverts commit cc24e8918ca68dba922853e15dcb9c4025e66f0a.\n","fileTypesAndContributionMap":{"java":{"insertions":8,"deletions":41},"bat":{"insertions":2,"deletions":2},"sh":{"insertions":2,"deletions":2},"md":{"insertions":2,"deletions":2}}},{"hash":"a6e5c427ec45e20ff9630bb07664c343ddbf3ad1","isMergeCommit":true,"messageTitle":"Fix merge conflict","messageBody":"","fileTypesAndContributionMap":{}}]},{"date":"2022-02-11","commitResults":[{"hash":"a05b8a9d0c20a32f3b81d0f93cf463d6bfdeeb92","isMergeCommit":false,"messageTitle":"Add resolve commit","messageBody":"","fileTypesAndContributionMap":{"java":{"insertions":33,"deletions":4},"bat":{"insertions":2,"deletions":2},"sh":{"insertions":2,"deletions":2},"md":{"insertions":2,"deletions":2}}},{"hash":"75c4cf5714a036df4bcbe0d5682daea5528aad43","isMergeCommit":true,"messageTitle":"Merge branch \u0027branch-Level-5\u0027","messageBody":"","fileTypesAndContributionMap":{}}]},{"date":"2022-02-15","commitResults":[{"hash":"7ceb3e30edcebbfa1216902ad08815b8ecae63b1","isMergeCommit":false,"messageTitle":"Editted the code to fix any bugs or package issues","messageBody":"","tags":["Fix-PackageIssues"],"fileTypesAndContributionMap":{"java":{"insertions":54,"deletions":49},"bat":{"insertions":1,"deletions":1}}},{"hash":"7e749cfcfcaa2a93ead7cf41aa3f1e1e0f213826","isMergeCommit":false,"messageTitle":"Add Level-7 Delete and A-Collections","messageBody":"","tags":["Level6-Delete"],"fileTypesAndContributionMap":{"txt":{"insertions":4,"deletions":0},"java":{"insertions":73,"deletions":39}}}]},{"date":"2022-02-17","commitResults":[{"hash":"b032ccb3515498a97973e23374404a13ed9eebeb","isMergeCommit":false,"messageTitle":"Add level-7 Save","messageBody":"","fileTypesAndContributionMap":{"txt":{"insertions":4,"deletions":0},"java":{"insertions":235,"deletions":81}}},{"hash":"53bf1aba63a5efadfdd2624c1d2a333d6558e6af","isMergeCommit":true,"messageTitle":"Merge branch \u0027branch-Level-6\u0027","messageBody":"","fileTypesAndContributionMap":{}},{"hash":"89e6d6913afe39bb5268a5818a751b2717583690","isMergeCommit":true,"messageTitle":"Resolve merge conflict for level-7","messageBody":"","fileTypesAndContributionMap":{}},{"hash":"bb95dbcd26c61b326cb0f7e676a6e7ad4710e835","isMergeCommit":false,"messageTitle":"Resolve 2nd merge conflict","messageBody":"","tags":["Level-7","Level-6","A-Jar","A-Collections"],"fileTypesAndContributionMap":{"txt":{"insertions":0,"deletions":4},"java":{"insertions":21,"deletions":92}}}]},{"date":"2022-02-22","commitResults":[{"hash":"12dc77950c379d30d0cda07d3fc5ee0907d56602","isMergeCommit":false,"messageTitle":"Added changes to the code with respect to comments by TA","messageBody":"","fileTypesAndContributionMap":{"txt":{"insertions":3,"deletions":0},"java":{"insertions":242,"deletions":215}}}]},{"date":"2022-03-02","commitResults":[{"hash":"57e24b6594e930eefdf9e40527e214d76d55f272","isMergeCommit":false,"messageTitle":"Add more OOP","messageBody":"","tags":["A-MoreOOP"],"fileTypesAndContributionMap":{"txt":{"insertions":1,"deletions":3},"java":{"insertions":565,"deletions":322},"bat":{"insertions":2,"deletions":1},"sh":{"insertions":1,"deletions":1}}}]},{"date":"2022-03-03","commitResults":[{"hash":"2da1faf742aa5a13dfbb6caa11097b78275a3b35","isMergeCommit":false,"messageTitle":"Add Level 9 - Find","messageBody":"","tags":["Level-9"],"fileTypesAndContributionMap":{"txt":{"insertions":6,"deletions":0},"java":{"insertions":55,"deletions":1}}},{"hash":"9e6e98a789477fba552943ed07398c356ae012b9","isMergeCommit":false,"messageTitle":"Added A-JavaDocs","messageBody":"","fileTypesAndContributionMap":{"java":{"insertions":418,"deletions":3}}},{"hash":"3f0f2739ad9e9288da315b4c6b2ea8fe047da4da","isMergeCommit":false,"messageTitle":"Added refinements to the code.","messageBody":"","fileTypesAndContributionMap":{"txt":{"insertions":0,"deletions":1},"java":{"insertions":18,"deletions":1}}},{"hash":"370c580f0ed628a2aef33a289ce116668337dda0","isMergeCommit":true,"messageTitle":"Merge pull request #1 from limjierui/branch-Level-9","messageBody":"Branch level 9","fileTypesAndContributionMap":{}},{"hash":"fad0ce4205e10d517591b1f1a4b9472a9658b607","isMergeCommit":true,"messageTitle":"Merge branch \u0027master\u0027 into branch-A-JavaDoc","messageBody":"# Conflicts:\n#\tsrc/main/java/Duke/Commands/ByeCommand.java\n#\tsrc/main/java/Duke/Commands/DeadlineCommand.java\n#\tsrc/main/java/Duke/Commands/DeleteCommand.java\n#\tsrc/main/java/Duke/Commands/EventCommand.java\n#\tsrc/main/java/Duke/Commands/ListItemCommand.java\n#\tsrc/main/java/Duke/Commands/MarkCommand.java\n#\tsrc/main/java/Duke/Commands/ToDoCommand.java\n#\tsrc/main/java/Duke/Commands/UnmarkCommand.java\n#\tsrc/main/java/Duke/Parser/ParserUtil.java\n#\tsrc/main/java/Duke/Tasks/TaskList.java\n","fileTypesAndContributionMap":{}},{"hash":"c4563db51405bf456ea449dc914a2baa2c0030c2","isMergeCommit":true,"messageTitle":"Merge pull request #2 from limjierui/branch-A-JavaDoc","messageBody":"Branch A-JavaDoc","tags":["A-JavaDocs"],"fileTypesAndContributionMap":{}},{"hash":"220e6aa6f7d7ce194b5d0d57ec7698a6b20c4294","isMergeCommit":false,"messageTitle":"Add A-Userguide","messageBody":"","tags":["A-UserGuide"],"fileTypesAndContributionMap":{"txt":{"insertions":4,"deletions":2},"md":{"insertions":96,"deletions":26}}},{"hash":"224b59cc89deb5c7881fc2be39107e943d030443","isMergeCommit":false,"messageTitle":"Editted readme.md","messageBody":"","fileTypesAndContributionMap":{"md":{"insertions":1,"deletions":1}}},{"hash":"d835edbdef14bdf027cd2a0bcf2c3c070ec37f97","isMergeCommit":false,"messageTitle":"editted docs/readme.md to fix errors","messageBody":"","fileTypesAndContributionMap":{"md":{"insertions":2,"deletions":2}}},{"hash":"8a4135dbd789e16a6fe5d7bd398d57945247e7b3","isMergeCommit":false,"messageTitle":"Editted formatting issues with user guide","messageBody":"","fileTypesAndContributionMap":{"md":{"insertions":17,"deletions":15}}},{"hash":"6b10b9ff0c0ae0c15f2a6eae8fa86f1a8661af28","isMergeCommit":false,"messageTitle":"editted formatting issue user guide #3","messageBody":"","tags":["A-Release"],"fileTypesAndContributionMap":{"md":{"insertions":2,"deletions":2}}}]}]},"authorFileTypeContributionMap":{"limjierui":{"java":1230,"md":95,"fxml":0,"sh":2,"bat":3,"gradle":0,"txt":25}},"authorContributionVariance":{"limjierui":34690.887},"authorDisplayNameMap":{"limjierui":"CS2113T-T10-4 LIM .. RUI"}}
