{"authorDailyContributionsMap":{"Nineves":[{"date":"2022-01-21","commitResults":[{"hash":"53c0e07d5993d3232fa2f119b0446263b564b256","messageTitle":"added level 0 code","messageBody":"","tags":["Level-0"],"fileTypesAndContributionMap":{"java":{"insertions":10,"deletions":0}}}]},{"date":"2022-01-24","commitResults":[{"hash":"cf362d4450a4d7c62d70035e389ddff1d86dd7b3","messageTitle":"Added greet, echo, exit methods.","messageBody":"","tags":["Level-1"],"fileTypesAndContributionMap":{"java":{"insertions":53,"deletions":15}}},{"hash":"0c10e1a273ee3b3ba19322d4c68530d26231f269","messageTitle":"Added add, list methods.","messageBody":"","tags":["Level-2"],"fileTypesAndContributionMap":{"java":{"insertions":45,"deletions":3}}}]},{"date":"2022-01-27","commitResults":[{"hash":"3a7a866928a41442d5f29473155af799d7333777","messageTitle":"Added the ability to mark tasks as done.","messageBody":"","tags":["Level-3"],"fileTypesAndContributionMap":{"java":{"insertions":77,"deletions":4}}}]},{"date":"2022-02-02","commitResults":[{"hash":"e547ad464fbb403c366149ced90bdd628c58b29f","messageTitle":"Modify code according to coding standard","messageBody":"","tags":["A-CodingStandard"],"fileTypesAndContributionMap":{"java":{"insertions":7,"deletions":7}}}]},{"date":"2022-02-03","commitResults":[{"hash":"8326059bfff69b51459a590fb7389b67d94fa887","messageTitle":"Add three sub classes","messageBody":"","tags":["Level-4","A-CodeQuality"],"fileTypesAndContributionMap":{"java":{"insertions":87,"deletions":12}}},{"hash":"cc101d83a45eb767dfbff9a63ba29f9405cd47a9","messageTitle":"Test using the I/O redirection technique","messageBody":"","tags":["JAR","A-TextUiTesting"],"fileTypesAndContributionMap":{"txt":{"insertions":6,"deletions":0},"java":{"insertions":7,"deletions":8},"sh":{"insertions":2,"deletions":2}}}]},{"date":"2022-02-10","commitResults":[{"hash":"16d1cd80efd681b0465e1251f23a4caa7976b118","messageTitle":"Add exception handlers","messageBody":"","tags":["A-Exceptions"],"fileTypesAndContributionMap":{"java":{"insertions":59,"deletions":7},"sh":{"insertions":1,"deletions":1}}},{"hash":"db0c3397cd0fa842ef167395863ca498d592448e","messageTitle":"Level-5 increment","messageBody":"","tags":["Level-5"],"fileTypesAndContributionMap":{"java":{"insertions":6,"deletions":5},"sh":{"insertions":1,"deletions":1}}},{"hash":"98dc9951b282bd52aa47d341b14a6b2ef9593cbe","messageTitle":"Organize the classes into suitable java packages.","messageBody":"","tags":["A-Packages"],"fileTypesAndContributionMap":{"java":{"insertions":27,"deletions":2}}}]},{"date":"2022-02-13","commitResults":[{"hash":"f87e4393df310d756ab7a1f900550abd304b901e","messageTitle":"Add support for deleting tasks from the list.","messageBody":"","tags":["Level-6","A-Collections"],"fileTypesAndContributionMap":{"java":{"insertions":39,"deletions":9}}},{"hash":"62aa0082901b7909617fdf5b3d4e68c5a5955587","messageTitle":"Save the tasks in the hard disk automatically whenever the task list changes.","messageBody":"","fileTypesAndContributionMap":{"txt":{"insertions":2,"deletions":0},"java":{"insertions":130,"deletions":0}}}]},{"date":"2022-02-19","commitResults":[{"hash":"c93e5bb89d86b3a0b4e2a4015006261baff1da0c","messageTitle":"Update delete function","messageBody":"","fileTypesAndContributionMap":{"txt":{"insertions":0,"deletions":1},"java":{"insertions":7,"deletions":0}}}]}]},"authorFileTypeContributionMap":{"Nineves":{"java":488,"md":0,"fxml":0,"sh":2,"bat":0,"gradle":0,"txt":7}},"authorContributionVariance":{"Nineves":1866.992},"authorDisplayNameMap":{"Nineves":"F10-1 WANG..YING"}}
