[{"path":"src/main/java/Deadline.java","fileType":"java","lines":[{"lineNumber":1,"author":{"gitId":"chihyingho"},"content":"public class Deadline extends Task {","lastModifiedDate":"2022-02-03"},{"lineNumber":2,"author":{"gitId":"chihyingho"},"content":"","lastModifiedDate":"2022-02-03"},{"lineNumber":3,"author":{"gitId":"chihyingho"},"content":"    protected String by;","lastModifiedDate":"2022-02-03"},{"lineNumber":4,"author":{"gitId":"chihyingho"},"content":"","lastModifiedDate":"2022-02-03"},{"lineNumber":5,"author":{"gitId":"chihyingho"},"content":"    public Deadline(String description, String by) {","lastModifiedDate":"2022-02-03"},{"lineNumber":6,"author":{"gitId":"chihyingho"},"content":"        super(description);","lastModifiedDate":"2022-02-03"},{"lineNumber":7,"author":{"gitId":"chihyingho"},"content":"        this.by \u003d by;","lastModifiedDate":"2022-02-03"},{"lineNumber":8,"author":{"gitId":"chihyingho"},"content":"    }","lastModifiedDate":"2022-02-03"},{"lineNumber":9,"author":{"gitId":"chihyingho"},"content":"","lastModifiedDate":"2022-02-03"},{"lineNumber":10,"author":{"gitId":"chihyingho"},"content":"    @Override","lastModifiedDate":"2022-02-03"},{"lineNumber":11,"author":{"gitId":"chihyingho"},"content":"    public String toString() {","lastModifiedDate":"2022-02-03"},{"lineNumber":12,"author":{"gitId":"chihyingho"},"content":"        return \"[D]\" + super.toString() + \" (by: \" + by + \")\";","lastModifiedDate":"2022-02-03"},{"lineNumber":13,"author":{"gitId":"chihyingho"},"content":"    }","lastModifiedDate":"2022-02-03"},{"lineNumber":14,"author":{"gitId":"chihyingho"},"content":"","lastModifiedDate":"2022-02-03"},{"lineNumber":15,"author":{"gitId":"chihyingho"},"content":"}","lastModifiedDate":"2022-02-03"}],"authorContributionMap":{"chihyingho":15}},{"path":"src/main/java/Duke.java","fileType":"java","lines":[{"lineNumber":1,"author":{"gitId":"chihyingho"},"content":"import java.util.Scanner;","lastModifiedDate":"2022-01-27"},{"lineNumber":2,"author":{"gitId":"chihyingho"},"content":"","lastModifiedDate":"2022-01-27"},{"lineNumber":3,"author":{"gitId":"-"},"content":"public class Duke {","lastModifiedDate":"2019-07-29"},{"lineNumber":4,"author":{"gitId":"chihyingho"},"content":"","lastModifiedDate":"2022-01-27"},{"lineNumber":5,"author":{"gitId":"chihyingho"},"content":"    public static Task[] tasks \u003d new Task[100];","lastModifiedDate":"2022-02-03"},{"lineNumber":6,"author":{"gitId":"chihyingho"},"content":"    public static int taskCount \u003d 0;","lastModifiedDate":"2022-02-03"},{"lineNumber":7,"author":{"gitId":"chihyingho"},"content":"","lastModifiedDate":"2022-01-27"},{"lineNumber":8,"author":{"gitId":"-"},"content":"    public static void main(String[] args) {","lastModifiedDate":"2019-07-29"},{"lineNumber":9,"author":{"gitId":"-"},"content":"        String logo \u003d \" ____        _        \\n\"","lastModifiedDate":"2019-07-29"},{"lineNumber":10,"author":{"gitId":"-"},"content":"                + \"|  _ \\\\ _   _| | _____ \\n\"","lastModifiedDate":"2019-07-29"},{"lineNumber":11,"author":{"gitId":"-"},"content":"                + \"| | | | | | | |/ / _ \\\\\\n\"","lastModifiedDate":"2019-07-29"},{"lineNumber":12,"author":{"gitId":"-"},"content":"                + \"| |_| | |_| |   \u003c  __/\\n\"","lastModifiedDate":"2019-07-29"},{"lineNumber":13,"author":{"gitId":"-"},"content":"                + \"|____/ \\\\__,_|_|\\\\_\\\\___|\\n\";","lastModifiedDate":"2019-07-29"},{"lineNumber":14,"author":{"gitId":"-"},"content":"        System.out.println(\"Hello from\\n\" + logo);","lastModifiedDate":"2019-07-29"},{"lineNumber":15,"author":{"gitId":"chihyingho"},"content":"        greet();","lastModifiedDate":"2022-01-27"},{"lineNumber":16,"author":{"gitId":"chihyingho"},"content":"        Scanner in \u003d new Scanner(System.in);","lastModifiedDate":"2022-02-03"},{"lineNumber":17,"author":{"gitId":"chihyingho"},"content":"        String userInput;","lastModifiedDate":"2022-02-11"},{"lineNumber":18,"author":{"gitId":"chihyingho"},"content":"        String lowerCaseUserInput;","lastModifiedDate":"2022-02-11"},{"lineNumber":19,"author":{"gitId":"chihyingho"},"content":"        boolean isLastInput;","lastModifiedDate":"2022-02-11"},{"lineNumber":20,"author":{"gitId":"chihyingho"},"content":"        boolean isListRequest;","lastModifiedDate":"2022-02-11"},{"lineNumber":21,"author":{"gitId":"chihyingho"},"content":"        boolean isMarkRequest;","lastModifiedDate":"2022-02-11"},{"lineNumber":22,"author":{"gitId":"chihyingho"},"content":"        boolean isUnmarkRequest;","lastModifiedDate":"2022-02-11"},{"lineNumber":23,"author":{"gitId":"chihyingho"},"content":"        String taskType;","lastModifiedDate":"2022-02-11"},{"lineNumber":24,"author":{"gitId":"chihyingho"},"content":"        do {","lastModifiedDate":"2022-02-11"},{"lineNumber":25,"author":{"gitId":"chihyingho"},"content":"            userInput \u003d in.nextLine().trim();","lastModifiedDate":"2022-02-11"},{"lineNumber":26,"author":{"gitId":"chihyingho"},"content":"            lowerCaseUserInput \u003d userInput.toLowerCase();","lastModifiedDate":"2022-02-11"},{"lineNumber":27,"author":{"gitId":"chihyingho"},"content":"            String[] splitUserInput \u003d lowerCaseUserInput.split(\" \");","lastModifiedDate":"2022-02-03"},{"lineNumber":28,"author":{"gitId":"chihyingho"},"content":"            isLastInput \u003d detectLastInput(lowerCaseUserInput);","lastModifiedDate":"2022-02-11"},{"lineNumber":29,"author":{"gitId":"chihyingho"},"content":"            isListRequest \u003d detectListRequest(lowerCaseUserInput);","lastModifiedDate":"2022-02-11"},{"lineNumber":30,"author":{"gitId":"chihyingho"},"content":"            isMarkRequest \u003d detectMarkRequest(lowerCaseUserInput);","lastModifiedDate":"2022-02-11"},{"lineNumber":31,"author":{"gitId":"chihyingho"},"content":"            isUnmarkRequest \u003d detectUnmarkRequest(lowerCaseUserInput);","lastModifiedDate":"2022-02-11"},{"lineNumber":32,"author":{"gitId":"chihyingho"},"content":"            if (isListRequest) {","lastModifiedDate":"2022-02-03"},{"lineNumber":33,"author":{"gitId":"chihyingho"},"content":"                list();","lastModifiedDate":"2022-02-03"},{"lineNumber":34,"author":{"gitId":"chihyingho"},"content":"            } else if (isMarkRequest) {","lastModifiedDate":"2022-02-03"},{"lineNumber":35,"author":{"gitId":"chihyingho"},"content":"                int taskNumber \u003d Integer.parseInt(splitUserInput[1]);","lastModifiedDate":"2022-02-03"},{"lineNumber":36,"author":{"gitId":"chihyingho"},"content":"                tasks[taskNumber - 1].markTaskAsDone();","lastModifiedDate":"2022-02-03"},{"lineNumber":37,"author":{"gitId":"chihyingho"},"content":"                System.out.println(tasks[taskNumber - 1]);","lastModifiedDate":"2022-02-03"},{"lineNumber":38,"author":{"gitId":"chihyingho"},"content":"                System.out.println(\"____________________________________________________________\");","lastModifiedDate":"2022-02-03"},{"lineNumber":39,"author":{"gitId":"chihyingho"},"content":"            } else if (isUnmarkRequest) {","lastModifiedDate":"2022-02-03"},{"lineNumber":40,"author":{"gitId":"chihyingho"},"content":"                int taskNumber \u003d Integer.parseInt(splitUserInput[1]);","lastModifiedDate":"2022-02-03"},{"lineNumber":41,"author":{"gitId":"chihyingho"},"content":"                tasks[taskNumber - 1].markTaskAsUndone();","lastModifiedDate":"2022-02-03"},{"lineNumber":42,"author":{"gitId":"chihyingho"},"content":"                System.out.println(tasks[taskNumber - 1]);","lastModifiedDate":"2022-02-03"},{"lineNumber":43,"author":{"gitId":"chihyingho"},"content":"                System.out.println(\"____________________________________________________________\");","lastModifiedDate":"2022-02-03"},{"lineNumber":44,"author":{"gitId":"chihyingho"},"content":"            } else {","lastModifiedDate":"2022-02-03"},{"lineNumber":45,"author":{"gitId":"chihyingho"},"content":"                taskType \u003d splitUserInput[0];","lastModifiedDate":"2022-02-11"},{"lineNumber":46,"author":{"gitId":"chihyingho"},"content":"                try {","lastModifiedDate":"2022-02-11"},{"lineNumber":47,"author":{"gitId":"chihyingho"},"content":"                    checkInputValidity(taskType);","lastModifiedDate":"2022-02-11"},{"lineNumber":48,"author":{"gitId":"chihyingho"},"content":"                } catch(DukeException e) {","lastModifiedDate":"2022-02-11"},{"lineNumber":49,"author":{"gitId":"chihyingho"},"content":"                    System.out.println(\"____________________________________________________________\\n\");","lastModifiedDate":"2022-02-11"},{"lineNumber":50,"author":{"gitId":"chihyingho"},"content":"                    System.out.println(\"☹ OOPS!!! I\u0027m sorry, but I don\u0027t know what that means :-( Please enter something else!\");","lastModifiedDate":"2022-02-11"},{"lineNumber":51,"author":{"gitId":"chihyingho"},"content":"                    System.out.println(\"____________________________________________________________\\n\");","lastModifiedDate":"2022-02-11"},{"lineNumber":52,"author":{"gitId":"chihyingho"},"content":"                    continue;","lastModifiedDate":"2022-02-11"},{"lineNumber":53,"author":{"gitId":"chihyingho"},"content":"                }","lastModifiedDate":"2022-02-11"},{"lineNumber":54,"author":{"gitId":"chihyingho"},"content":"                String taskDescription;","lastModifiedDate":"2022-02-11"},{"lineNumber":55,"author":{"gitId":"chihyingho"},"content":"                try {","lastModifiedDate":"2022-02-11"},{"lineNumber":56,"author":{"gitId":"chihyingho"},"content":"                    taskDescription \u003d extractDescription(userInput);","lastModifiedDate":"2022-02-11"},{"lineNumber":57,"author":{"gitId":"chihyingho"},"content":"                } catch (DukeException e) {","lastModifiedDate":"2022-02-11"},{"lineNumber":58,"author":{"gitId":"chihyingho"},"content":"                    System.out.println(\"____________________________________________________________\");","lastModifiedDate":"2022-02-11"},{"lineNumber":59,"author":{"gitId":"chihyingho"},"content":"                    System.out.println(\"☹ OOPS!!! The description of a \" + taskType + \" cannot be empty.\");","lastModifiedDate":"2022-02-11"},{"lineNumber":60,"author":{"gitId":"chihyingho"},"content":"                    System.out.println(\"____________________________________________________________\");","lastModifiedDate":"2022-02-11"},{"lineNumber":61,"author":{"gitId":"chihyingho"},"content":"                    continue;","lastModifiedDate":"2022-02-11"},{"lineNumber":62,"author":{"gitId":"chihyingho"},"content":"                }","lastModifiedDate":"2022-02-11"},{"lineNumber":63,"author":{"gitId":"chihyingho"},"content":"                switch (taskType) {","lastModifiedDate":"2022-02-03"},{"lineNumber":64,"author":{"gitId":"chihyingho"},"content":"                case \"todo\":","lastModifiedDate":"2022-02-03"},{"lineNumber":65,"author":{"gitId":"chihyingho"},"content":"                    addTask(new Todo(taskDescription));","lastModifiedDate":"2022-02-04"},{"lineNumber":66,"author":{"gitId":"chihyingho"},"content":"                    break;","lastModifiedDate":"2022-02-03"},{"lineNumber":67,"author":{"gitId":"chihyingho"},"content":"                case \"deadline\":","lastModifiedDate":"2022-02-03"},{"lineNumber":68,"author":{"gitId":"chihyingho"},"content":"                    String date;","lastModifiedDate":"2022-02-11"},{"lineNumber":69,"author":{"gitId":"chihyingho"},"content":"                    try {","lastModifiedDate":"2022-02-11"},{"lineNumber":70,"author":{"gitId":"chihyingho"},"content":"                        date \u003d extractDeadline(userInput);","lastModifiedDate":"2022-02-11"},{"lineNumber":71,"author":{"gitId":"chihyingho"},"content":"                    } catch (DukeException e) {","lastModifiedDate":"2022-02-11"},{"lineNumber":72,"author":{"gitId":"chihyingho"},"content":"                        System.out.println(\"____________________________________________________________\");","lastModifiedDate":"2022-02-11"},{"lineNumber":73,"author":{"gitId":"chihyingho"},"content":"                        System.out.println(\"☹ OOPS!!! Please enter a deadline for your task!\");","lastModifiedDate":"2022-02-11"},{"lineNumber":74,"author":{"gitId":"chihyingho"},"content":"                        System.out.println(\"____________________________________________________________\");","lastModifiedDate":"2022-02-11"},{"lineNumber":75,"author":{"gitId":"chihyingho"},"content":"                        continue;","lastModifiedDate":"2022-02-11"},{"lineNumber":76,"author":{"gitId":"chihyingho"},"content":"                    }","lastModifiedDate":"2022-02-11"},{"lineNumber":77,"author":{"gitId":"chihyingho"},"content":"                    addTask(new Deadline(taskDescription, date));","lastModifiedDate":"2022-02-03"},{"lineNumber":78,"author":{"gitId":"chihyingho"},"content":"                    break;","lastModifiedDate":"2022-02-03"},{"lineNumber":79,"author":{"gitId":"chihyingho"},"content":"                case \"event\":","lastModifiedDate":"2022-02-03"},{"lineNumber":80,"author":{"gitId":"chihyingho"},"content":"                    String duration;","lastModifiedDate":"2022-02-11"},{"lineNumber":81,"author":{"gitId":"chihyingho"},"content":"                    try {","lastModifiedDate":"2022-02-11"},{"lineNumber":82,"author":{"gitId":"chihyingho"},"content":"                        duration \u003d extractDuration(userInput);","lastModifiedDate":"2022-02-11"},{"lineNumber":83,"author":{"gitId":"chihyingho"},"content":"                    } catch (DukeException e) {","lastModifiedDate":"2022-02-11"},{"lineNumber":84,"author":{"gitId":"chihyingho"},"content":"                        System.out.println(\"____________________________________________________________\");","lastModifiedDate":"2022-02-11"},{"lineNumber":85,"author":{"gitId":"chihyingho"},"content":"                        System.out.println(\"☹ OOPS!!! Please enter a duration for your task!\");","lastModifiedDate":"2022-02-11"},{"lineNumber":86,"author":{"gitId":"chihyingho"},"content":"                        System.out.println(\"____________________________________________________________\");","lastModifiedDate":"2022-02-11"},{"lineNumber":87,"author":{"gitId":"chihyingho"},"content":"                        continue;","lastModifiedDate":"2022-02-11"},{"lineNumber":88,"author":{"gitId":"chihyingho"},"content":"                    }","lastModifiedDate":"2022-02-11"},{"lineNumber":89,"author":{"gitId":"chihyingho"},"content":"                    addTask(new Event(taskDescription, duration));","lastModifiedDate":"2022-02-03"},{"lineNumber":90,"author":{"gitId":"chihyingho"},"content":"                    break;","lastModifiedDate":"2022-02-03"},{"lineNumber":91,"author":{"gitId":"chihyingho"},"content":"                }","lastModifiedDate":"2022-02-03"},{"lineNumber":92,"author":{"gitId":"chihyingho"},"content":"            }","lastModifiedDate":"2022-02-03"},{"lineNumber":93,"author":{"gitId":"chihyingho"},"content":"        } while(!isLastInput);","lastModifiedDate":"2022-02-11"},{"lineNumber":94,"author":{"gitId":"chihyingho"},"content":"        exit();","lastModifiedDate":"2022-01-27"},{"lineNumber":95,"author":{"gitId":"-"},"content":"    }","lastModifiedDate":"2022-01-27"},{"lineNumber":96,"author":{"gitId":"chihyingho"},"content":"","lastModifiedDate":"2022-01-27"},{"lineNumber":97,"author":{"gitId":"chihyingho"},"content":"    private static String extractDescription(String userInput) throws DukeException {","lastModifiedDate":"2022-02-11"},{"lineNumber":98,"author":{"gitId":"chihyingho"},"content":"        int startIndex \u003d userInput.indexOf(\" \");","lastModifiedDate":"2022-02-11"},{"lineNumber":99,"author":{"gitId":"chihyingho"},"content":"        if (startIndex \u003d\u003d -1) {","lastModifiedDate":"2022-02-11"},{"lineNumber":100,"author":{"gitId":"chihyingho"},"content":"            throw new DukeException();","lastModifiedDate":"2022-02-11"},{"lineNumber":101,"author":{"gitId":"chihyingho"},"content":"        }","lastModifiedDate":"2022-02-11"},{"lineNumber":102,"author":{"gitId":"chihyingho"},"content":"        int endIndex;","lastModifiedDate":"2022-02-11"},{"lineNumber":103,"author":{"gitId":"chihyingho"},"content":"        if (userInput.contains(\"/\")) {","lastModifiedDate":"2022-02-11"},{"lineNumber":104,"author":{"gitId":"chihyingho"},"content":"            endIndex \u003d userInput.indexOf(\"/\");","lastModifiedDate":"2022-02-11"},{"lineNumber":105,"author":{"gitId":"chihyingho"},"content":"        } else {","lastModifiedDate":"2022-02-11"},{"lineNumber":106,"author":{"gitId":"chihyingho"},"content":"            endIndex \u003d userInput.length();","lastModifiedDate":"2022-02-11"},{"lineNumber":107,"author":{"gitId":"chihyingho"},"content":"        }","lastModifiedDate":"2022-02-11"},{"lineNumber":108,"author":{"gitId":"chihyingho"},"content":"        String description \u003d userInput.substring(startIndex+1, endIndex).trim();","lastModifiedDate":"2022-02-11"},{"lineNumber":109,"author":{"gitId":"chihyingho"},"content":"        if (description.equals(\"\")) {","lastModifiedDate":"2022-02-11"},{"lineNumber":110,"author":{"gitId":"chihyingho"},"content":"            throw new DukeException();","lastModifiedDate":"2022-02-11"},{"lineNumber":111,"author":{"gitId":"chihyingho"},"content":"        }","lastModifiedDate":"2022-02-11"},{"lineNumber":112,"author":{"gitId":"chihyingho"},"content":"        return description;","lastModifiedDate":"2022-02-11"},{"lineNumber":113,"author":{"gitId":"chihyingho"},"content":"    }","lastModifiedDate":"2022-02-11"},{"lineNumber":114,"author":{"gitId":"chihyingho"},"content":"","lastModifiedDate":"2022-02-11"},{"lineNumber":115,"author":{"gitId":"chihyingho"},"content":"    private static void checkInputValidity(String taskType) throws DukeException {","lastModifiedDate":"2022-02-11"},{"lineNumber":116,"author":{"gitId":"chihyingho"},"content":"        switch (taskType) {","lastModifiedDate":"2022-02-11"},{"lineNumber":117,"author":{"gitId":"chihyingho"},"content":"        case \"todo\":","lastModifiedDate":"2022-02-11"},{"lineNumber":118,"author":{"gitId":"chihyingho"},"content":"            // Fallthrough","lastModifiedDate":"2022-02-11"},{"lineNumber":119,"author":{"gitId":"chihyingho"},"content":"        case \"deadline\":","lastModifiedDate":"2022-02-11"},{"lineNumber":120,"author":{"gitId":"chihyingho"},"content":"            // Fallthrough","lastModifiedDate":"2022-02-11"},{"lineNumber":121,"author":{"gitId":"chihyingho"},"content":"        case \"event\":","lastModifiedDate":"2022-02-11"},{"lineNumber":122,"author":{"gitId":"chihyingho"},"content":"            // Fallthrough","lastModifiedDate":"2022-02-11"},{"lineNumber":123,"author":{"gitId":"chihyingho"},"content":"            break;","lastModifiedDate":"2022-02-11"},{"lineNumber":124,"author":{"gitId":"chihyingho"},"content":"        default:","lastModifiedDate":"2022-02-11"},{"lineNumber":125,"author":{"gitId":"chihyingho"},"content":"            throw new DukeException();","lastModifiedDate":"2022-02-11"},{"lineNumber":126,"author":{"gitId":"chihyingho"},"content":"        }","lastModifiedDate":"2022-02-11"},{"lineNumber":127,"author":{"gitId":"chihyingho"},"content":"    }","lastModifiedDate":"2022-02-11"},{"lineNumber":128,"author":{"gitId":"chihyingho"},"content":"","lastModifiedDate":"2022-02-11"},{"lineNumber":129,"author":{"gitId":"chihyingho"},"content":"    public static boolean detectLastInput(String input) {","lastModifiedDate":"2022-02-03"},{"lineNumber":130,"author":{"gitId":"chihyingho"},"content":"        return input.equals(\"bye\");","lastModifiedDate":"2022-02-03"},{"lineNumber":131,"author":{"gitId":"chihyingho"},"content":"    }","lastModifiedDate":"2022-02-03"},{"lineNumber":132,"author":{"gitId":"chihyingho"},"content":"","lastModifiedDate":"2022-02-03"},{"lineNumber":133,"author":{"gitId":"chihyingho"},"content":"    public static boolean detectListRequest(String input) {","lastModifiedDate":"2022-02-03"},{"lineNumber":134,"author":{"gitId":"chihyingho"},"content":"        return input.equals(\"list\");","lastModifiedDate":"2022-02-03"},{"lineNumber":135,"author":{"gitId":"chihyingho"},"content":"    }","lastModifiedDate":"2022-02-03"},{"lineNumber":136,"author":{"gitId":"chihyingho"},"content":"","lastModifiedDate":"2022-02-03"},{"lineNumber":137,"author":{"gitId":"chihyingho"},"content":"    public static boolean detectMarkRequest(String input) {","lastModifiedDate":"2022-02-03"},{"lineNumber":138,"author":{"gitId":"chihyingho"},"content":"        return input.startsWith(\"mark\");","lastModifiedDate":"2022-02-03"},{"lineNumber":139,"author":{"gitId":"chihyingho"},"content":"    }","lastModifiedDate":"2022-02-03"},{"lineNumber":140,"author":{"gitId":"chihyingho"},"content":"","lastModifiedDate":"2022-02-03"},{"lineNumber":141,"author":{"gitId":"chihyingho"},"content":"    public static boolean detectUnmarkRequest(String input) {","lastModifiedDate":"2022-02-03"},{"lineNumber":142,"author":{"gitId":"chihyingho"},"content":"        return input.startsWith(\"unmark\");","lastModifiedDate":"2022-02-03"},{"lineNumber":143,"author":{"gitId":"chihyingho"},"content":"    }","lastModifiedDate":"2022-02-03"},{"lineNumber":144,"author":{"gitId":"chihyingho"},"content":"","lastModifiedDate":"2022-02-03"},{"lineNumber":145,"author":{"gitId":"chihyingho"},"content":"    public static void greet() {","lastModifiedDate":"2022-01-27"},{"lineNumber":146,"author":{"gitId":"chihyingho"},"content":"        System.out.println(\"____________________________________________________________\");","lastModifiedDate":"2022-01-27"},{"lineNumber":147,"author":{"gitId":"chihyingho"},"content":"        System.out.println(\"Hello! I\u0027m Duke\");","lastModifiedDate":"2022-01-27"},{"lineNumber":148,"author":{"gitId":"chihyingho"},"content":"        System.out.println(\"What can I do for you?\");","lastModifiedDate":"2022-01-27"},{"lineNumber":149,"author":{"gitId":"chihyingho"},"content":"        System.out.println(\"____________________________________________________________\");","lastModifiedDate":"2022-01-27"},{"lineNumber":150,"author":{"gitId":"-"},"content":"    }","lastModifiedDate":"2019-07-29"},{"lineNumber":151,"author":{"gitId":"chihyingho"},"content":"","lastModifiedDate":"2022-01-27"},{"lineNumber":152,"author":{"gitId":"chihyingho"},"content":"    public static void addTask(Task t){","lastModifiedDate":"2022-02-03"},{"lineNumber":153,"author":{"gitId":"chihyingho"},"content":"        tasks[taskCount] \u003d t;","lastModifiedDate":"2022-02-03"},{"lineNumber":154,"author":{"gitId":"chihyingho"},"content":"        taskCount++;","lastModifiedDate":"2022-02-03"},{"lineNumber":155,"author":{"gitId":"chihyingho"},"content":"        System.out.println(\"____________________________________________________________\");","lastModifiedDate":"2022-02-03"},{"lineNumber":156,"author":{"gitId":"chihyingho"},"content":"        System.out.println(\"Got it. I\u0027ve added this task:\");","lastModifiedDate":"2022-02-03"},{"lineNumber":157,"author":{"gitId":"chihyingho"},"content":"        System.out.println(t);","lastModifiedDate":"2022-02-03"},{"lineNumber":158,"author":{"gitId":"chihyingho"},"content":"    }","lastModifiedDate":"2022-02-03"},{"lineNumber":159,"author":{"gitId":"chihyingho"},"content":"","lastModifiedDate":"2022-02-03"},{"lineNumber":160,"author":{"gitId":"chihyingho"},"content":"    public static void printTaskCount() {","lastModifiedDate":"2022-02-03"},{"lineNumber":161,"author":{"gitId":"chihyingho"},"content":"        System.out.println(\"Now you have \" + taskCount + \" task(s) in the list.\");","lastModifiedDate":"2022-02-03"},{"lineNumber":162,"author":{"gitId":"chihyingho"},"content":"        System.out.println(\"____________________________________________________________\");","lastModifiedDate":"2022-02-03"},{"lineNumber":163,"author":{"gitId":"chihyingho"},"content":"    }","lastModifiedDate":"2022-01-27"},{"lineNumber":164,"author":{"gitId":"chihyingho"},"content":"","lastModifiedDate":"2022-01-27"},{"lineNumber":165,"author":{"gitId":"chihyingho"},"content":"    public static void list() {","lastModifiedDate":"2022-01-27"},{"lineNumber":166,"author":{"gitId":"chihyingho"},"content":"        if (taskCount \u003d\u003d 0) {","lastModifiedDate":"2022-02-03"},{"lineNumber":167,"author":{"gitId":"chihyingho"},"content":"            System.out.println(\"You have not entered any tasks yet!\");","lastModifiedDate":"2022-01-27"},{"lineNumber":168,"author":{"gitId":"chihyingho"},"content":"            System.out.println(\"____________________________________________________________\");","lastModifiedDate":"2022-01-27"},{"lineNumber":169,"author":{"gitId":"chihyingho"},"content":"        } else {","lastModifiedDate":"2022-01-27"},{"lineNumber":170,"author":{"gitId":"chihyingho"},"content":"            System.out.println(\"Here are the task(s) in your list:\");","lastModifiedDate":"2022-02-03"},{"lineNumber":171,"author":{"gitId":"chihyingho"},"content":"            for (int i \u003d 0; i \u003c taskCount; i++) {","lastModifiedDate":"2022-02-03"},{"lineNumber":172,"author":{"gitId":"chihyingho"},"content":"                System.out.print((i+1) + \".\");","lastModifiedDate":"2022-02-03"},{"lineNumber":173,"author":{"gitId":"chihyingho"},"content":"                System.out.println(tasks[i]);","lastModifiedDate":"2022-02-03"},{"lineNumber":174,"author":{"gitId":"chihyingho"},"content":"            }","lastModifiedDate":"2022-01-27"},{"lineNumber":175,"author":{"gitId":"chihyingho"},"content":"        }","lastModifiedDate":"2022-01-27"},{"lineNumber":176,"author":{"gitId":"chihyingho"},"content":"    }","lastModifiedDate":"2022-01-27"},{"lineNumber":177,"author":{"gitId":"chihyingho"},"content":"","lastModifiedDate":"2022-01-27"},{"lineNumber":178,"author":{"gitId":"chihyingho"},"content":"    public static String extractDeadline(String s) throws DukeException {","lastModifiedDate":"2022-02-11"},{"lineNumber":179,"author":{"gitId":"chihyingho"},"content":"        if (s.contains(\"/by\")) {","lastModifiedDate":"2022-02-11"},{"lineNumber":180,"author":{"gitId":"chihyingho"},"content":"            int startIndex \u003d s.indexOf(\"/by\");","lastModifiedDate":"2022-02-11"},{"lineNumber":181,"author":{"gitId":"chihyingho"},"content":"            int endIndex \u003d s.length() - 1;","lastModifiedDate":"2022-02-11"},{"lineNumber":182,"author":{"gitId":"chihyingho"},"content":"            if (endIndex - startIndex \u003c\u003d 2) {","lastModifiedDate":"2022-02-11"},{"lineNumber":183,"author":{"gitId":"chihyingho"},"content":"                throw new DukeException();","lastModifiedDate":"2022-02-11"},{"lineNumber":184,"author":{"gitId":"chihyingho"},"content":"            }","lastModifiedDate":"2022-02-11"},{"lineNumber":185,"author":{"gitId":"chihyingho"},"content":"            return s.substring(startIndex+4);","lastModifiedDate":"2022-02-11"},{"lineNumber":186,"author":{"gitId":"chihyingho"},"content":"        } else {","lastModifiedDate":"2022-02-11"},{"lineNumber":187,"author":{"gitId":"chihyingho"},"content":"            throw new DukeException();","lastModifiedDate":"2022-02-11"},{"lineNumber":188,"author":{"gitId":"chihyingho"},"content":"        }","lastModifiedDate":"2022-01-27"},{"lineNumber":189,"author":{"gitId":"chihyingho"},"content":"    }","lastModifiedDate":"2022-01-27"},{"lineNumber":190,"author":{"gitId":"chihyingho"},"content":"","lastModifiedDate":"2022-02-03"},{"lineNumber":191,"author":{"gitId":"chihyingho"},"content":"    public static String extractDuration(String s) throws DukeException {","lastModifiedDate":"2022-02-11"},{"lineNumber":192,"author":{"gitId":"chihyingho"},"content":"        if (s.contains(\"/at\")) {","lastModifiedDate":"2022-02-11"},{"lineNumber":193,"author":{"gitId":"chihyingho"},"content":"            int startIndex \u003d s.indexOf(\"/at\");","lastModifiedDate":"2022-02-11"},{"lineNumber":194,"author":{"gitId":"chihyingho"},"content":"            int endIndex \u003d s.length() - 1;","lastModifiedDate":"2022-02-11"},{"lineNumber":195,"author":{"gitId":"chihyingho"},"content":"            if (endIndex - startIndex \u003c\u003d 2) {","lastModifiedDate":"2022-02-11"},{"lineNumber":196,"author":{"gitId":"chihyingho"},"content":"                throw new DukeException();","lastModifiedDate":"2022-02-11"},{"lineNumber":197,"author":{"gitId":"chihyingho"},"content":"            }","lastModifiedDate":"2022-02-11"},{"lineNumber":198,"author":{"gitId":"chihyingho"},"content":"            return s.substring(startIndex+4);","lastModifiedDate":"2022-02-11"},{"lineNumber":199,"author":{"gitId":"chihyingho"},"content":"        } else {","lastModifiedDate":"2022-02-04"},{"lineNumber":200,"author":{"gitId":"chihyingho"},"content":"            throw new DukeException();","lastModifiedDate":"2022-02-11"},{"lineNumber":201,"author":{"gitId":"chihyingho"},"content":"        }","lastModifiedDate":"2022-02-04"},{"lineNumber":202,"author":{"gitId":"chihyingho"},"content":"    }","lastModifiedDate":"2022-01-27"},{"lineNumber":203,"author":{"gitId":"chihyingho"},"content":"","lastModifiedDate":"2022-01-27"},{"lineNumber":204,"author":{"gitId":"chihyingho"},"content":"    public static void exit() {","lastModifiedDate":"2022-01-27"},{"lineNumber":205,"author":{"gitId":"chihyingho"},"content":"        System.out.println(\"____________________________________________________________\");","lastModifiedDate":"2022-01-27"},{"lineNumber":206,"author":{"gitId":"chihyingho"},"content":"        System.out.println(\"Bye. Hope to see you again soon!\");","lastModifiedDate":"2022-01-27"},{"lineNumber":207,"author":{"gitId":"chihyingho"},"content":"        System.out.println(\"____________________________________________________________\");","lastModifiedDate":"2022-01-27"},{"lineNumber":208,"author":{"gitId":"chihyingho"},"content":"    }","lastModifiedDate":"2022-01-27"},{"lineNumber":209,"author":{"gitId":"chihyingho"},"content":"","lastModifiedDate":"2022-02-03"},{"lineNumber":210,"author":{"gitId":"-"},"content":"}","lastModifiedDate":"2019-07-29"}],"authorContributionMap":{"chihyingho":199,"-":11}},{"path":"src/main/java/DukeException.java","fileType":"java","lines":[{"lineNumber":1,"author":{"gitId":"chihyingho"},"content":"public class DukeException extends Exception {","lastModifiedDate":"2022-02-11"},{"lineNumber":2,"author":{"gitId":"chihyingho"},"content":"}","lastModifiedDate":"2022-02-11"}],"authorContributionMap":{"chihyingho":2}},{"path":"src/main/java/Event.java","fileType":"java","lines":[{"lineNumber":1,"author":{"gitId":"chihyingho"},"content":"public class Event extends Task {","lastModifiedDate":"2022-02-03"},{"lineNumber":2,"author":{"gitId":"chihyingho"},"content":"","lastModifiedDate":"2022-02-03"},{"lineNumber":3,"author":{"gitId":"chihyingho"},"content":"    protected String at;","lastModifiedDate":"2022-02-03"},{"lineNumber":4,"author":{"gitId":"chihyingho"},"content":"","lastModifiedDate":"2022-02-03"},{"lineNumber":5,"author":{"gitId":"chihyingho"},"content":"    public Event(String description, String at) {","lastModifiedDate":"2022-02-03"},{"lineNumber":6,"author":{"gitId":"chihyingho"},"content":"        super(description);","lastModifiedDate":"2022-02-03"},{"lineNumber":7,"author":{"gitId":"chihyingho"},"content":"        this.at \u003d at;","lastModifiedDate":"2022-02-03"},{"lineNumber":8,"author":{"gitId":"chihyingho"},"content":"    }","lastModifiedDate":"2022-02-03"},{"lineNumber":9,"author":{"gitId":"chihyingho"},"content":"","lastModifiedDate":"2022-02-03"},{"lineNumber":10,"author":{"gitId":"chihyingho"},"content":"    @Override","lastModifiedDate":"2022-02-03"},{"lineNumber":11,"author":{"gitId":"chihyingho"},"content":"    public String toString() {","lastModifiedDate":"2022-02-03"},{"lineNumber":12,"author":{"gitId":"chihyingho"},"content":"        return \"[E]\" + super.toString() + \" (at: \" + at + \")\";","lastModifiedDate":"2022-02-03"},{"lineNumber":13,"author":{"gitId":"chihyingho"},"content":"    }","lastModifiedDate":"2022-02-03"},{"lineNumber":14,"author":{"gitId":"chihyingho"},"content":"}","lastModifiedDate":"2022-02-03"}],"authorContributionMap":{"chihyingho":14}},{"path":"src/main/java/Task.java","fileType":"java","lines":[{"lineNumber":1,"author":{"gitId":"chihyingho"},"content":"public class Task {","lastModifiedDate":"2022-01-27"},{"lineNumber":2,"author":{"gitId":"chihyingho"},"content":"    protected String description;","lastModifiedDate":"2022-01-27"},{"lineNumber":3,"author":{"gitId":"chihyingho"},"content":"    protected boolean isDone;","lastModifiedDate":"2022-01-27"},{"lineNumber":4,"author":{"gitId":"chihyingho"},"content":"","lastModifiedDate":"2022-01-27"},{"lineNumber":5,"author":{"gitId":"chihyingho"},"content":"    public Task(String description) {","lastModifiedDate":"2022-01-27"},{"lineNumber":6,"author":{"gitId":"chihyingho"},"content":"        this.description \u003d description;","lastModifiedDate":"2022-01-27"},{"lineNumber":7,"author":{"gitId":"chihyingho"},"content":"        this.isDone \u003d false;","lastModifiedDate":"2022-01-27"},{"lineNumber":8,"author":{"gitId":"chihyingho"},"content":"    }","lastModifiedDate":"2022-01-27"},{"lineNumber":9,"author":{"gitId":"chihyingho"},"content":"","lastModifiedDate":"2022-01-27"},{"lineNumber":10,"author":{"gitId":"chihyingho"},"content":"    public String getStatusIcon() {","lastModifiedDate":"2022-01-27"},{"lineNumber":11,"author":{"gitId":"chihyingho"},"content":"        return (isDone ? \"X\" : \" \"); // mark done task with X","lastModifiedDate":"2022-01-27"},{"lineNumber":12,"author":{"gitId":"chihyingho"},"content":"    }","lastModifiedDate":"2022-01-27"},{"lineNumber":13,"author":{"gitId":"chihyingho"},"content":"","lastModifiedDate":"2022-01-27"},{"lineNumber":14,"author":{"gitId":"chihyingho"},"content":"    public String getDescription() {","lastModifiedDate":"2022-01-27"},{"lineNumber":15,"author":{"gitId":"chihyingho"},"content":"        return description;","lastModifiedDate":"2022-01-27"},{"lineNumber":16,"author":{"gitId":"chihyingho"},"content":"    }","lastModifiedDate":"2022-01-27"},{"lineNumber":17,"author":{"gitId":"chihyingho"},"content":"","lastModifiedDate":"2022-01-27"},{"lineNumber":18,"author":{"gitId":"chihyingho"},"content":"    public boolean getIsDone() {","lastModifiedDate":"2022-01-27"},{"lineNumber":19,"author":{"gitId":"chihyingho"},"content":"        return isDone;","lastModifiedDate":"2022-01-27"},{"lineNumber":20,"author":{"gitId":"chihyingho"},"content":"    }","lastModifiedDate":"2022-01-27"},{"lineNumber":21,"author":{"gitId":"chihyingho"},"content":"","lastModifiedDate":"2022-01-27"},{"lineNumber":22,"author":{"gitId":"chihyingho"},"content":"    public void setDone(boolean isDone) {","lastModifiedDate":"2022-02-08"},{"lineNumber":23,"author":{"gitId":"chihyingho"},"content":"        this.isDone \u003d isDone;","lastModifiedDate":"2022-01-27"},{"lineNumber":24,"author":{"gitId":"chihyingho"},"content":"    }","lastModifiedDate":"2022-01-27"},{"lineNumber":25,"author":{"gitId":"chihyingho"},"content":"","lastModifiedDate":"2022-01-27"},{"lineNumber":26,"author":{"gitId":"chihyingho"},"content":"    public void setDescription(String description) {","lastModifiedDate":"2022-01-27"},{"lineNumber":27,"author":{"gitId":"chihyingho"},"content":"        this.description \u003d description;","lastModifiedDate":"2022-01-27"},{"lineNumber":28,"author":{"gitId":"chihyingho"},"content":"    }","lastModifiedDate":"2022-01-27"},{"lineNumber":29,"author":{"gitId":"chihyingho"},"content":"","lastModifiedDate":"2022-01-27"},{"lineNumber":30,"author":{"gitId":"chihyingho"},"content":"    public void markTaskAsDone() {","lastModifiedDate":"2022-02-03"},{"lineNumber":31,"author":{"gitId":"chihyingho"},"content":"        this.setDone(true);","lastModifiedDate":"2022-02-08"},{"lineNumber":32,"author":{"gitId":"chihyingho"},"content":"        System.out.println(\"____________________________________________________________\");","lastModifiedDate":"2022-02-03"},{"lineNumber":33,"author":{"gitId":"chihyingho"},"content":"        System.out.println(\"Nice! I\u0027ve marked this task as done:\");","lastModifiedDate":"2022-02-03"},{"lineNumber":34,"author":{"gitId":"chihyingho"},"content":"    }","lastModifiedDate":"2022-02-03"},{"lineNumber":35,"author":{"gitId":"chihyingho"},"content":"","lastModifiedDate":"2022-02-03"},{"lineNumber":36,"author":{"gitId":"chihyingho"},"content":"    public void markTaskAsUndone() {","lastModifiedDate":"2022-02-03"},{"lineNumber":37,"author":{"gitId":"chihyingho"},"content":"        this.setDone(false);","lastModifiedDate":"2022-02-08"},{"lineNumber":38,"author":{"gitId":"chihyingho"},"content":"        System.out.println(\"____________________________________________________________\");","lastModifiedDate":"2022-02-03"},{"lineNumber":39,"author":{"gitId":"chihyingho"},"content":"        System.out.println(\"OK, I\u0027ve marked this task as not done yet:\");","lastModifiedDate":"2022-02-03"},{"lineNumber":40,"author":{"gitId":"chihyingho"},"content":"    }","lastModifiedDate":"2022-02-03"},{"lineNumber":41,"author":{"gitId":"chihyingho"},"content":"","lastModifiedDate":"2022-02-03"},{"lineNumber":42,"author":{"gitId":"chihyingho"},"content":"    public String toString() {","lastModifiedDate":"2022-02-03"},{"lineNumber":43,"author":{"gitId":"chihyingho"},"content":"        return \"[\" + getStatusIcon() + \"] \" + description;","lastModifiedDate":"2022-02-03"},{"lineNumber":44,"author":{"gitId":"chihyingho"},"content":"    }","lastModifiedDate":"2022-02-03"},{"lineNumber":45,"author":{"gitId":"chihyingho"},"content":"","lastModifiedDate":"2022-02-03"},{"lineNumber":46,"author":{"gitId":"chihyingho"},"content":"}","lastModifiedDate":"2022-01-27"}],"authorContributionMap":{"chihyingho":46}},{"path":"src/main/java/Todo.java","fileType":"java","lines":[{"lineNumber":1,"author":{"gitId":"chihyingho"},"content":"public class Todo extends Task {","lastModifiedDate":"2022-02-03"},{"lineNumber":2,"author":{"gitId":"chihyingho"},"content":"","lastModifiedDate":"2022-02-03"},{"lineNumber":3,"author":{"gitId":"chihyingho"},"content":"    public Todo(String description) {","lastModifiedDate":"2022-02-03"},{"lineNumber":4,"author":{"gitId":"chihyingho"},"content":"        super(description);","lastModifiedDate":"2022-02-03"},{"lineNumber":5,"author":{"gitId":"chihyingho"},"content":"    }","lastModifiedDate":"2022-02-03"},{"lineNumber":6,"author":{"gitId":"chihyingho"},"content":"","lastModifiedDate":"2022-02-03"},{"lineNumber":7,"author":{"gitId":"chihyingho"},"content":"    @Override","lastModifiedDate":"2022-02-03"},{"lineNumber":8,"author":{"gitId":"chihyingho"},"content":"    public String toString() {","lastModifiedDate":"2022-02-03"},{"lineNumber":9,"author":{"gitId":"chihyingho"},"content":"        return \"[T]\" + super.toString();","lastModifiedDate":"2022-02-03"},{"lineNumber":10,"author":{"gitId":"chihyingho"},"content":"    }","lastModifiedDate":"2022-02-03"},{"lineNumber":11,"author":{"gitId":"chihyingho"},"content":"}","lastModifiedDate":"2022-02-03"}],"authorContributionMap":{"chihyingho":11}}]
