{"authorDailyContributionsMap":{"chihyingho":[{"date":"2022-01-27","commitResults":[{"hash":"932255354604ae99ec8c3645cc6d6650b16295cc","messageTitle":"Add greeting message to user","messageBody":"","fileTypesAndContributionMap":{"java":{"insertions":7,"deletions":0}}},{"hash":"95d2900549e753f0c7835131e16cc392fcc25a80","messageTitle":"Add exit message to user","messageBody":"","tags":["Level-0"],"fileTypesAndContributionMap":{"java":{"insertions":7,"deletions":0}}},{"hash":"cb81cf287c5bae782549739098f0e6b00957b240","messageTitle":"Modify exit message to user","messageBody":"","fileTypesAndContributionMap":{"java":{"insertions":1,"deletions":0}}},{"hash":"3d1192bed28571d0a1e257efdbdcbd388e104991","messageTitle":"Add echo function to echo user\u0027s inputs","messageBody":"","tags":["Level-1"],"fileTypesAndContributionMap":{"java":{"insertions":16,"deletions":0}}},{"hash":"4a1dadc23537ae934af030adcf4d0c967cd8bdf2","messageTitle":"Replace echo function with functionalities that store the user\u0027s inputs and display them when requested","messageBody":"","tags":["Level-2"],"fileTypesAndContributionMap":{"java":{"insertions":35,"deletions":7}}},{"hash":"a1482a0d160a3547dad88ecae7a6961e277bcb41","messageTitle":"Add ability to mark tasks as done or undone","messageBody":"","tags":["Level-3","A-CodingStandard"],"fileTypesAndContributionMap":{"java":{"insertions":51,"deletions":7}}}]},{"date":"2022-02-03","commitResults":[{"hash":"2685c8b46bda7b18345b7bb2892afe57f057fddf","messageTitle":"Refactored code","messageBody":"","fileTypesAndContributionMap":{"java":{"insertions":19,"deletions":9}}},{"hash":"110ca6381a5cfee1c6dace2642c7595cc5b2183c","messageTitle":"Add functionalities that allow users to keep track of different types of tasks","messageBody":"","fileTypesAndContributionMap":{"java":{"insertions":113,"deletions":38}}},{"hash":"0bc5352b477ad08ed7e9cb68cd8ec57532297ac8","messageTitle":"Improve code quality","messageBody":"","fileTypesAndContributionMap":{"java":{"insertions":28,"deletions":7}}}]},{"date":"2022-02-04","commitResults":[{"hash":"f45666adabdd5729f76424ac2a2619ed3d31e7ad","messageTitle":"Fixed bugs","messageBody":"","tags":["Level-4","A-CodingQuality"],"fileTypesAndContributionMap":{"java":{"insertions":14,"deletions":9}}}]},{"date":"2022-02-08","commitResults":[{"hash":"5f78c40a2edb22b7e22ad8fae743ca63eb2e45d9","messageTitle":"Refactored code","messageBody":"","fileTypesAndContributionMap":{"java":{"insertions":3,"deletions":3}}}]},{"date":"2022-02-11","commitResults":[{"hash":"003a489935ba9106ce53e7234c21fd24e5de9a76","messageTitle":"Implemented exception handling to handle incorrect inputs entered by user","messageBody":"","fileTypesAndContributionMap":{"java":{"insertions":105,"deletions":31}}}]},{"date":"2022-02-18","commitResults":[{"hash":"5ee18273ab3754b09adbb75997c9e3f072e4cf1b","messageTitle":"Improved exception handling such that further exceptional scenarios can be handled","messageBody":"","fileTypesAndContributionMap":{"java":{"insertions":68,"deletions":13}}}]},{"date":"2022-03-02","commitResults":[{"hash":"8d655bce2461a2c5edcd6042d6db775c1c5f3e53","messageTitle":"Add read/write functionalities such that users can load their own task lists from their hard disks and save changes they made to their lists on their hard disks","messageBody":"","tags":["Level-7","A-Jar"],"fileTypesAndContributionMap":{"txt":{"insertions":5,"deletions":0},"java":{"insertions":258,"deletions":92}}}]},{"date":"2022-03-04","commitResults":[{"hash":"69507f35b2b267c5078184f93ebecd5d3114063a","messageTitle":"Refactored the code by extracting closely related code as classes and organising classes into suitable java packages","messageBody":"","tags":["A-MoreOOP"],"fileTypesAndContributionMap":{"txt":{"insertions":0,"deletions":5},"java":{"insertions":787,"deletions":403}}},{"hash":"37bf793218e28cfdc04ec0940798be6b4bd877a8","messageTitle":"Add formatting functionality that reads in user\u0027s input date and time for the deadline task and stores and prints them in a specific format","messageBody":"","fileTypesAndContributionMap":{"txt":{"insertions":1,"deletions":0},"java":{"insertions":73,"deletions":24}}},{"hash":"9d3d8cee2d7f99af4f8ab71201b070ba670cd405","messageTitle":"Add search functionality to allow users to search for tasks in their task list via search phrases","messageBody":"","fileTypesAndContributionMap":{"java":{"insertions":74,"deletions":26}}},{"hash":"1686e1821bf1714199848cd1dd354eb6a9745c6b","messageTitle":"Add JavaDoc comments and improve code quality","messageBody":"","fileTypesAndContributionMap":{"txt":{"insertions":1,"deletions":1},"java":{"insertions":336,"deletions":2}}},{"hash":"ebfc75646cd13290965a1e648a5a1d559b7677fa","messageTitle":"Updated docs\\README.md and added a display of Duke\u0027s command menu after the user is greeted","messageBody":"","fileTypesAndContributionMap":{"java":{"insertions":15,"deletions":2},"md":{"insertions":131,"deletions":15}}},{"hash":"8d767cc9c871000f13d45be4f01b877fa0e33177","messageTitle":"Updated docs/README.md","messageBody":"","fileTypesAndContributionMap":{"md":{"insertions":1,"deletions":2}}},{"hash":"a0bdab72c66044b4543247f817585627697d1ac4","messageTitle":"Updated docs/README.md","messageBody":"","tags":["A-UserGuide","A-Release"],"fileTypesAndContributionMap":{"md":{"insertions":1,"deletions":1}}}]}]},"authorFileTypeContributionMap":{"chihyingho":{"java":1343,"md":130,"fxml":0,"sh":0,"bat":0,"gradle":0,"txt":1}},"authorContributionVariance":{"chihyingho":73325.94},"authorDisplayNameMap":{"chihyingho":"CS2113-F10-2 HO C..YING"}}
