{"authorDailyContributionsMap":{"ngys117":[{"date":"2022-01-21","commitResults":[{"hash":"7c9818a0bb799716ba2199111c8cb4f38ea7a23d","messageTitle":"Add Level-0 Greeting","messageBody":"","tags":["Level-0"],"fileTypesAndContributionMap":{"java":{"insertions":6,"deletions":6}}}]},{"date":"2022-01-23","commitResults":[{"hash":"7b5573b7ac2f2e508a1d0cad5eab6c7c95912628","messageTitle":"Add Level-1 Greet, Echo, Exit","messageBody":"","tags":["Level-1"],"fileTypesAndContributionMap":{"java":{"insertions":19,"deletions":4}}},{"hash":"2886982cc6449a174f00aa6e04a1ad41003e5781","messageTitle":"Add Level-2 Add, List","messageBody":"Added task storing and listing functionality.\n\nAdd Task.java class\n","tags":["Level-2"],"fileTypesAndContributionMap":{"java":{"insertions":34,"deletions":5}}},{"hash":"c3b66c0f1a0cb6f67c5399070e0516827acd42e8","messageTitle":"Add Level-3 Mark as Done","messageBody":"Added mark and unmark functionality to tasks.\n\nUpdate Task.java class\n","tags":["A-CodingStandard","A-Classes"],"fileTypesAndContributionMap":{"java":{"insertions":52,"deletions":7}}}]},{"date":"2022-01-27","commitResults":[{"hash":"070ed74fe7e1058e57e783a2febf8c95567cfc8a","messageTitle":"Update Duke.java","messageBody":"Modified mark/unmark cases to prevent exception from being thrown to user when a non-integer is input after mark/unmark.\n","tags":["Level-3"],"fileTypesAndContributionMap":{"java":{"insertions":26,"deletions":16}}}]},{"date":"2022-01-30","commitResults":[{"hash":"6e9763414b61f3869df9c9b43360aea0702ec455","messageTitle":"Add ToDo, Deadline, Event subclasses","messageBody":"Add EXPECTED, input text files for testing\n\nUpdate Duke to include ToDo, Event and Deadline tasks\n\nExtract methods\n","tags":["Level-4","A-TextUiTesting","A-Inheritance","A-CodeQuality"],"fileTypesAndContributionMap":{"txt":{"insertions":7,"deletions":0},"java":{"insertions":138,"deletions":44}}}]}]},"authorFileTypeContributionMap":{"ngys117":{"java":199,"md":0,"fxml":0,"sh":0,"bat":0,"gradle":0,"txt":7}},"authorContributionVariance":{"ngys117":2616.2424},"authorDisplayNameMap":{"ngys117":"T10-3 NG Y..HENG"}}
