{"authorDailyContributionsMap":{"Shyunyin":[{"date":"2022-01-26","commitResults":[{"hash":"96ca32c095c44f08a3acfe2abeac61e00406ad1a","isMergeCommit":false,"messageTitle":"Add greeting to duke","messageBody":"","fileTypesAndContributionMap":{"java":{"insertions":4,"deletions":0}}}]},{"date":"2022-01-27","commitResults":[{"hash":"b92341c8086a78b71d3916f1e35ec0f0dcaf64e2","isMergeCommit":false,"messageTitle":"Add personalised Eliz.java","messageBody":"","fileTypesAndContributionMap":{"java":{"insertions":17,"deletions":1}}},{"hash":"d4201fc88f04f1e37fa0479fb766b3da88dad1ba","isMergeCommit":false,"messageTitle":"Edit Eliz.java and remove errors","messageBody":"","tags":["Level-0"],"fileTypesAndContributionMap":{"java":{"insertions":3,"deletions":3}}}]},{"date":"2022-01-28","commitResults":[{"hash":"09e68cad952dc3f305126514bb412c814f25820c","isMergeCommit":false,"messageTitle":"Edit Eliz.java to greet echo and exit","messageBody":"","tags":["Level-1"],"fileTypesAndContributionMap":{"java":{"insertions":10,"deletions":1}}},{"hash":"87f6b2341154f84ade631f9a946188216a6751a2","isMergeCommit":false,"messageTitle":"Include Add and List function to Eliz.java","messageBody":"","tags":["Level-2"],"fileTypesAndContributionMap":{"java":{"insertions":26,"deletions":5}}}]},{"date":"2022-01-29","commitResults":[{"hash":"7d83f0085d39d596e7f5f5ed5e28a5f2bc34c56e","isMergeCommit":false,"messageTitle":"Add mark and unmark task in Eliz.java and create Task class","messageBody":"","tags":["Level-3"],"fileTypesAndContributionMap":{"java":{"insertions":53,"deletions":5}}},{"hash":"c56979d03d460899371c0b9aa6bf797175a95143","isMergeCommit":false,"messageTitle":"Update code to match coding standards","messageBody":"","tags":["A-CodingStandard"],"fileTypesAndContributionMap":{"java":{"insertions":8,"deletions":8}}}]},{"date":"2022-02-02","commitResults":[{"hash":"43fe3257a7b5a4327b5f0fbd6f7c8bc879e2e3d0","isMergeCommit":false,"messageTitle":"Add todo, deadline, event to Eliz.java","messageBody":"","tags":["Level-4"],"fileTypesAndContributionMap":{"java":{"insertions":112,"deletions":7}}},{"hash":"3868a801342b58764aa0b949c20ba8965f733372","isMergeCommit":false,"messageTitle":"Edit runtest.bat and input.txt and change EXPECTED.TXT","messageBody":"","tags":["A-TextUiTesting"],"fileTypesAndContributionMap":{"txt":{"insertions":11,"deletions":0},"bat":{"insertions":3,"deletions":3}}}]},{"date":"2022-02-03","commitResults":[{"hash":"cbad8306ee0ffeb6ec3f4b8c391f66d17439383a","isMergeCommit":false,"messageTitle":"Refactor introduction and marking and unmarking of task in Eliz.java through extract method","messageBody":"","tags":["A-CodeQuality"],"fileTypesAndContributionMap":{"java":{"insertions":25,"deletions":18}}},{"hash":"b31f2234528ed13ebc5bd99b0bc67b523fdf7367","isMergeCommit":false,"messageTitle":"Edit createDeadline and createEvent in Eliz.java","messageBody":"","fileTypesAndContributionMap":{"java":{"insertions":10,"deletions":4}}}]},{"date":"2022-02-09","commitResults":[{"hash":"72d5c77a82438a8dfcafb75cb41c4f1682db1dc0","isMergeCommit":false,"messageTitle":"Create ElizException to handle exceptions","messageBody":"","tags":["A-Exceptions"],"fileTypesAndContributionMap":{"java":{"insertions":2,"deletions":0}}},{"hash":"5c6f969631b342568848c74b9a2ad7c3ea1b9e1d","isMergeCommit":false,"messageTitle":"Edit Eliz.java to catch exceptions of invalid input","messageBody":"","fileTypesAndContributionMap":{"java":{"insertions":40,"deletions":21}}},{"hash":"7af71e57841560881b8187a435704de16686d2ad","isMergeCommit":false,"messageTitle":"Change README to Eliz","messageBody":"","fileTypesAndContributionMap":{"md":{"insertions":5,"deletions":5}}},{"hash":"4b57ff257ef92731904ec903d4bc5cd3945df7b5","isMergeCommit":false,"messageTitle":"Edit README tag","messageBody":"","fileTypesAndContributionMap":{"md":{"insertions":2,"deletions":0}}},{"hash":"394c06f46a2b50cefddb70adf20e5117cbcb7cb4","isMergeCommit":true,"messageTitle":"Merge branch \u0027master\u0027 into branch-Level-5","messageBody":"","tags":["Level-5"],"fileTypesAndContributionMap":{}},{"hash":"9b74232d12aac26a58252768e39b9dbd98919cc1","isMergeCommit":false,"messageTitle":"Create Eliz package containing all classes and main","messageBody":"","fileTypesAndContributionMap":{"java":{"insertions":14,"deletions":0}}},{"hash":"302f8fc5d3c834145f66327cd7641dffe67026f8","isMergeCommit":false,"messageTitle":"Edit README","messageBody":"","fileTypesAndContributionMap":{"md":{"insertions":1,"deletions":0}}},{"hash":"67c1feb5925f1dc912175ba7ee96256a7c4b71f6","isMergeCommit":true,"messageTitle":"Merge branch \u0027master\u0027 into branch-A-Packages","messageBody":"","tags":["A-Packages"],"fileTypesAndContributionMap":{}}]},{"date":"2022-02-15","commitResults":[{"hash":"5e8864370528b7185665627a40110d16c468a0f1","isMergeCommit":false,"messageTitle":"Change Array to ArrayList of tasks","messageBody":"","fileTypesAndContributionMap":{"java":{"insertions":20,"deletions":19}}},{"hash":"07657dca852bae6d818a0669858f79bbd62f8a2b","isMergeCommit":true,"messageTitle":"Merge branch \u0027branch-Level-5\u0027","messageBody":"","fileTypesAndContributionMap":{}},{"hash":"86e6ad622e2aa532071e5650c032a0303dd955ff","isMergeCommit":true,"messageTitle":"Merge branch \u0027branch-A-Packages\u0027","messageBody":"","fileTypesAndContributionMap":{}},{"hash":"12af8ed798323f11d85904851b3b8c5692f3a8d5","isMergeCommit":false,"messageTitle":"Remove bugs that exceptions created through changing logic in Eliz.java","messageBody":"","fileTypesAndContributionMap":{"java":{"insertions":20,"deletions":19}}},{"hash":"a14abb29643080492da7bcf959772dbf7a712531","isMergeCommit":false,"messageTitle":"Add delete function to Eliz.java","messageBody":"","fileTypesAndContributionMap":{"java":{"insertions":17,"deletions":3}}},{"hash":"c4b66975c101769993cc4a35d2e51606c9814603","isMergeCommit":false,"messageTitle":"Include file to tasks list conversion","messageBody":"","fileTypesAndContributionMap":{"java":{"insertions":38,"deletions":1}}},{"hash":"8de1b1e0544bc370d72fd43ff4f93df13a36ebc6","isMergeCommit":false,"messageTitle":"Include writing to file functions and corresponding exceptions","messageBody":"","fileTypesAndContributionMap":{"txt":{"insertions":2,"deletions":0},"java":{"insertions":73,"deletions":43},"md":{"insertions":4,"deletions":1}}}]},{"date":"2022-02-16","commitResults":[{"hash":"d237c7745f43c87e730a03990893ab3ad4e43905","isMergeCommit":false,"messageTitle":"Edit README to include bugs section to be worked on","messageBody":"","fileTypesAndContributionMap":{"md":{"insertions":3,"deletions":1}}},{"hash":"fdd807618ffc84d0419452d5a1816047b8644f18","isMergeCommit":true,"messageTitle":"Merge branch \u0027branch-Level-6\u0027","messageBody":"","tags":["Level-6"],"fileTypesAndContributionMap":{}},{"hash":"a5d08e544e8cd2568dafd793e5736b2e865f04c7","isMergeCommit":false,"messageTitle":"Debug Eliz.main","messageBody":"Debug logic in getInput() method\nAdd a help function that displays the commands for users to input\n","fileTypesAndContributionMap":{"java":{"insertions":97,"deletions":25}}},{"hash":"49d2a7595b46a780f41cf43b215fbfedcc14a1c4","isMergeCommit":false,"messageTitle":"Edit code logic to include writetofile method","messageBody":"","fileTypesAndContributionMap":{"java":{"insertions":88,"deletions":27}}},{"hash":"a3db3a6e3f0d58cd2303516767c22c3395e35272","isMergeCommit":true,"messageTitle":"Merge branch \u0027branch-Level-7\u0027","messageBody":"# Conflicts:\n#\tREADME.md\n#\tsrc/main/java/Eliz/Eliz.java\n","tags":["Level-7"],"fileTypesAndContributionMap":{}},{"hash":"6708d2aa7011ef4e1aeebd3adcffb6400f095137","isMergeCommit":false,"messageTitle":"Create JAR file","messageBody":"","tags":["A-Jar"],"fileTypesAndContributionMap":{"txt":{"insertions":1,"deletions":1}}}]},{"date":"2022-03-01","commitResults":[{"hash":"a82571598ad2dd5c26ed456b829b558cd9bbad14","isMergeCommit":false,"messageTitle":"Include classes for Parser, Storage, TaskList, Ui","messageBody":"","tags":["A-MoreOOP"],"fileTypesAndContributionMap":{"txt":{"insertions":2,"deletions":2},"java":{"insertions":355,"deletions":310}}}]},{"date":"2022-03-04","commitResults":[{"hash":"6d1243fc57866e4a75abeaf7a5a08c4a77359666","isMergeCommit":false,"messageTitle":"Include find function to find tasks with same name","messageBody":"","tags":["Level-9"],"fileTypesAndContributionMap":{"txt":{"insertions":1,"deletions":0},"java":{"insertions":26,"deletions":0}}},{"hash":"005255dfb6d50902ce5fdb56218a539e441779d9","isMergeCommit":true,"messageTitle":"Merge pull request #1 from Shyunyin/branch-level-9","messageBody":"Include find function to find tasks with same name","fileTypesAndContributionMap":{}},{"hash":"062f26898cffbd9927477783521c3d96bc243b8e","isMergeCommit":false,"messageTitle":"edit storage file","messageBody":"","fileTypesAndContributionMap":{"txt":{"insertions":1,"deletions":0}}},{"hash":"19e1454c5edd3d03f40131c3466e300172a969eb","isMergeCommit":true,"messageTitle":"Merge branch \u0027master\u0027 of https://github.com/Shyunyin/ip","messageBody":"","tags":["Merge-conflicts"],"fileTypesAndContributionMap":{}},{"hash":"0366b6019d4a5977ef2ef50a2f7e7e97ab358db8","isMergeCommit":false,"messageTitle":"Include javadocs to all classes and most methods","messageBody":"","fileTypesAndContributionMap":{"java":{"insertions":123,"deletions":20}}},{"hash":"616986e200f35349302eb1f4e9529548a80af33d","isMergeCommit":true,"messageTitle":"Merge pull request #2 from Shyunyin/branch-A-JavaDoc","messageBody":"Include javadocs to all classes and most methods","tags":["A-JavaDoc"],"fileTypesAndContributionMap":{}},{"hash":"83c97e46e45f4a857e4773846a1dde53eb1a4773","isMergeCommit":false,"messageTitle":"Update user guide in docs\\README.md","messageBody":"","tags":["A-UserGuide"],"fileTypesAndContributionMap":{"java":{"insertions":2,"deletions":2},"md":{"insertions":182,"deletions":13}}},{"hash":"17d7d0b6d40bfbaad2ede4477b0d383e2aef4115","isMergeCommit":true,"messageTitle":"Merge branch \u0027master\u0027 of https://github.com/Shyunyin/ip","messageBody":"","fileTypesAndContributionMap":{}},{"hash":"45f4707ecd1ed913a83a5321a25d24050b5df829","isMergeCommit":false,"messageTitle":"Fix syntax error","messageBody":"","fileTypesAndContributionMap":{"java":{"insertions":2,"deletions":2}}},{"hash":"fdb535807cebff399bf58e067d60a1ed720c4ab0","isMergeCommit":false,"messageTitle":"Update README","messageBody":"","fileTypesAndContributionMap":{"md":{"insertions":11,"deletions":11}}},{"hash":"bc600e7976e6ce2e9b102d6be20fe2fb92b10ab2","isMergeCommit":false,"messageTitle":"Update README first page","messageBody":"","fileTypesAndContributionMap":{"md":{"insertions":10,"deletions":16}}},{"hash":"516ed46744f0fb98e97f8d9abeaf7ccf4583b289","isMergeCommit":false,"messageTitle":"Include hyperlink for FAQ in README","messageBody":"","fileTypesAndContributionMap":{"md":{"insertions":1,"deletions":1}}},{"hash":"b52c6f2cee85b45e24c73cdf7bb4a6ac3f4732d6","isMergeCommit":false,"messageTitle":"Create JAR2","messageBody":"","tags":["A-Release"],"fileTypesAndContributionMap":{"txt":{"insertions":0,"deletions":1}}},{"hash":"6e569ba086bca52e128d1aa273bf60f27b781d9b","isMergeCommit":false,"messageTitle":"Edit README","messageBody":"","fileTypesAndContributionMap":{"md":{"insertions":7,"deletions":7}}},{"hash":"d8cb3e39c3c36501c6789ea501ee4183e64297dd","isMergeCommit":false,"messageTitle":"Exception check","messageBody":"","fileTypesAndContributionMap":{"txt":{"insertions":1,"deletions":0},"java":{"insertions":26,"deletions":24}}},{"hash":"fd4d9fbd8f75542d82778cfbc8cf0c87c1c04bb6","isMergeCommit":false,"messageTitle":"Update README.md","messageBody":"","fileTypesAndContributionMap":{"md":{"insertions":1,"deletions":1}}}]}]},"authorFileTypeContributionMap":{"Shyunyin":{"java":623,"md":188,"fxml":0,"sh":0,"bat":2,"gradle":0,"txt":14}},"authorContributionVariance":{"Shyunyin":15330.106},"authorDisplayNameMap":{"Shyunyin":"CS2113T-T09-4 LIM .. YIN"}}
