{"authorDailyContributionsMap":{"hjunleon":[{"date":"2022-01-22","commitResults":[{"hash":"b2c6b8b37ce3b1a1dfc1c93c7569edfea02570d8","messageTitle":"Level-0","messageBody":"","tags":["Level-0"],"fileTypesAndContributionMap":{"java":{"insertions":3,"deletions":1}}},{"hash":"5abc45156842d5b2013d54649f2c136b38b0e987","messageTitle":"Greet, Echo, Exit","messageBody":"","tags":["Level-1"],"fileTypesAndContributionMap":{"java":{"insertions":11,"deletions":0}}},{"hash":"ea5ed3bef3c55e9f320108a6a19c7266687b58fe","messageTitle":"Level 2. Add, List","messageBody":"","tags":["Level-2"],"fileTypesAndContributionMap":{"java":{"insertions":16,"deletions":1}}},{"hash":"6679ed5d96bf8cf3bf17c2288408203500877ede","messageTitle":"Added mark and unmark,  status checks","messageBody":"","tags":["Level-3"],"fileTypesAndContributionMap":{"java":{"insertions":57,"deletions":8}}}]},{"date":"2022-01-29","commitResults":[{"hash":"1282dcf61dfb08ceea15c6466d938dab9615ea8c","messageTitle":"Added todo, deadline and event, but command line input needs to be cleaner","messageBody":"","tags":["Level-4","A-TextUiTesting","A-CodingStandard","A-CodeQuality"],"fileTypesAndContributionMap":{"java":{"insertions":72,"deletions":6}}}]}]},"authorFileTypeContributionMap":{"hjunleon":{"java":144,"md":0,"fxml":0,"sh":0,"bat":0,"gradle":0,"txt":0}},"authorContributionVariance":{"hjunleon":848.6836},"authorDisplayNameMap":{"hjunleon":"T09-4 HOE ..EONG"}}
