{"authorDailyContributionsMap":{"IncompetentDev":[{"date":"2022-01-28","commitResults":[{"hash":"1d7e361071d0be9887de9d2906ad6983bd953307","messageTitle":"Added Level 0","messageBody":"","tags":["Level-0"],"fileTypesAndContributionMap":{"java":{"insertions":7,"deletions":0}}},{"hash":"e5086fa65f2fcce0f0816e1834e5a0f26e780236","messageTitle":"Added Level 1","messageBody":"","tags":["Level-1"],"fileTypesAndContributionMap":{"java":{"insertions":19,"deletions":6}}}]},{"date":"2022-01-29","commitResults":[{"hash":"28f15fff1dc6cf9730d2e539950bd11e1b117a86","messageTitle":"Added Level 2","messageBody":"","tags":["Level-2"],"fileTypesAndContributionMap":{"java":{"insertions":22,"deletions":4}}}]},{"date":"2022-01-30","commitResults":[{"hash":"b62b49f4baa167203992e99673ec05b8e6e2ada9","messageTitle":"Added Level 3","messageBody":"","tags":["Level-3"],"fileTypesAndContributionMap":{"java":{"insertions":37,"deletions":5}}},{"hash":"df0e72e8dce6ff0ec2aadb32786bb0833dc0a017","messageTitle":"Added A-Classes","messageBody":"","tags":["A-Classes"],"fileTypesAndContributionMap":{"java":{"insertions":34,"deletions":14}}}]},{"date":"2022-02-07","commitResults":[{"hash":"337e3e674ced874aa7c5d0b1816da15ca9baf78b","messageTitle":"Added Level-4","messageBody":"","tags":["Level-4"],"fileTypesAndContributionMap":{"java":{"insertions":376,"deletions":65}}},{"hash":"967ba654d7d5ac4cd3b2954ef4988bd1d6890dc8","messageTitle":"Minor Parser bugfix + A-TextUITesting","messageBody":"","tags":["A-TextUITesting"],"fileTypesAndContributionMap":{"txt":{"insertions":19,"deletions":0},"java":{"insertions":2,"deletions":2}}}]}]},"authorFileTypeContributionMap":{"IncompetentDev":{"java":403,"md":0,"fxml":0,"sh":0,"bat":0,"gradle":0,"txt":19}},"authorContributionVariance":{"IncompetentDev":8404.569},"authorDisplayNameMap":{"IncompetentDev":"F10-2 KANG..HERN"}}
