{"authorDailyContributionsMap":{"IncompetentDev":[{"date":"2022-01-28","commitResults":[{"hash":"1d7e361071d0be9887de9d2906ad6983bd953307","messageTitle":"Added Level 0","messageBody":"","tags":["Level-0"],"fileTypesAndContributionMap":{"java":{"insertions":7,"deletions":0}}},{"hash":"e5086fa65f2fcce0f0816e1834e5a0f26e780236","messageTitle":"Added Level 1","messageBody":"","tags":["Level-1"],"fileTypesAndContributionMap":{"java":{"insertions":19,"deletions":6}}}]},{"date":"2022-01-29","commitResults":[{"hash":"28f15fff1dc6cf9730d2e539950bd11e1b117a86","messageTitle":"Added Level 2","messageBody":"","tags":["Level-2"],"fileTypesAndContributionMap":{"java":{"insertions":22,"deletions":4}}}]},{"date":"2022-01-30","commitResults":[{"hash":"b62b49f4baa167203992e99673ec05b8e6e2ada9","messageTitle":"Added Level 3","messageBody":"","tags":["Level-3"],"fileTypesAndContributionMap":{"java":{"insertions":37,"deletions":5}}},{"hash":"df0e72e8dce6ff0ec2aadb32786bb0833dc0a017","messageTitle":"Added A-Classes","messageBody":"","tags":["A-Classes"],"fileTypesAndContributionMap":{"java":{"insertions":34,"deletions":14}}}]},{"date":"2022-02-07","commitResults":[{"hash":"337e3e674ced874aa7c5d0b1816da15ca9baf78b","messageTitle":"Added Level-4","messageBody":"","tags":["Level-4"],"fileTypesAndContributionMap":{"java":{"insertions":376,"deletions":65}}},{"hash":"967ba654d7d5ac4cd3b2954ef4988bd1d6890dc8","messageTitle":"Minor Parser bugfix + A-TextUITesting","messageBody":"","tags":["A-TextUITesting"],"fileTypesAndContributionMap":{"txt":{"insertions":19,"deletions":0},"java":{"insertions":2,"deletions":2}}}]},{"date":"2022-02-10","commitResults":[{"hash":"a2d4656807b184777c78e97ff9179a851f173c5a","messageTitle":"Added A-CodeQuality (to best effort)","messageBody":"","tags":["A-CodingStandard","A-CodeQuality"],"fileTypesAndContributionMap":{"txt":{"insertions":4,"deletions":10},"java":{"insertions":155,"deletions":68}}}]},{"date":"2022-02-11","commitResults":[{"hash":"5fed3eacd1848beb3d708ca1e2476097ecae2202","messageTitle":"Added Level-5 and A-Exceptions","messageBody":"","fileTypesAndContributionMap":{"txt":{"insertions":9,"deletions":0},"java":{"insertions":149,"deletions":107}}},{"hash":"3072f4f2adcc6241a8eca453cbef890f40a0e5f7","messageTitle":"Cleanup and implemented A-Packages","messageBody":"","fileTypesAndContributionMap":{"java":{"insertions":33,"deletions":29},"bat":{"insertions":2,"deletions":2},"sh":{"insertions":2,"deletions":2}}}]},{"date":"2022-02-17","commitResults":[{"hash":"39e906bda436edc847dcf54d482a76175265dea0","messageTitle":"Refactor + Cleanup + Redo","messageBody":"Created commands package; redid parser to specify errors for level-5;\n","fileTypesAndContributionMap":{"txt":{"insertions":3,"deletions":1},"java":{"insertions":435,"deletions":250}}},{"hash":"176d449105d6382e05a878d0dc2984169f80c06a","messageTitle":"Added docs and cleaned unused code","messageBody":"","fileTypesAndContributionMap":{"java":{"insertions":40,"deletions":19}}},{"hash":"0e63699a85a4a929f6ebae8bf746a779d5f7a64b","messageTitle":"Fixed EventCommand /at flag","messageBody":"","fileTypesAndContributionMap":{"java":{"insertions":1,"deletions":1}}},{"hash":"063dab0585fc32b8abcf1ae1e3919c74523d11a8","messageTitle":"Fix typo in error message for MarkCommand and Unmark; Clarified ambiguity","messageBody":"","fileTypesAndContributionMap":{"java":{"insertions":6,"deletions":6}}},{"hash":"e64e179e6fe4d1c6c17993fe3a2706965f230835","messageTitle":"Added Level-6","messageBody":"","fileTypesAndContributionMap":{"java":{"insertions":64,"deletions":8}}}]},{"date":"2022-02-18","commitResults":[{"hash":"61a48a42dc298932dfd01bbe3e0d2f5a95ede3b2","messageTitle":"Added TaskList and updated test outputs","messageBody":"","fileTypesAndContributionMap":{"java":{"insertions":43,"deletions":13}}},{"hash":"ceea513773cf33475844cce1c3db6bcd70687ea0","messageTitle":"Added saving to data/duke.txt","messageBody":"","fileTypesAndContributionMap":{"java":{"insertions":109,"deletions":17}}},{"hash":"d813f56820a98525b0024a25c05c481136048893","messageTitle":"Added loading of duke.txt","messageBody":"","fileTypesAndContributionMap":{"java":{"insertions":56,"deletions":10}}},{"hash":"99d659650fd3f8c7356afe7386b2e72ccceea944","messageTitle":"Removed debugging printf","messageBody":"","fileTypesAndContributionMap":{"java":{"insertions":0,"deletions":2}}}]},{"date":"2022-02-22","commitResults":[{"hash":"91010bdeccaf564f24191533ab6c924c513dd814","messageTitle":"Refactored code for MoreOOP","messageBody":"","tags":["A-MoreOOP"],"fileTypesAndContributionMap":{"java":{"insertions":474,"deletions":361}}}]},{"date":"2022-02-23","commitResults":[{"hash":"a0d616dae02f5225c643cf3916ab67d5c037252b","messageTitle":"Added Level 8","messageBody":"","fileTypesAndContributionMap":{"txt":{"insertions":14,"deletions":19},"java":{"insertions":187,"deletions":67}}}]},{"date":"2022-02-24","commitResults":[{"hash":"6980e85b02c2832ad66e0e1ca2d41f96a239e53b","messageTitle":"Added Level 9","messageBody":"","fileTypesAndContributionMap":{"java":{"insertions":72,"deletions":0}}}]},{"date":"2022-02-25","commitResults":[{"hash":"7058ffdb940a37278a8b233527820b615f5b6705","messageTitle":"Added Javadocs","messageBody":"","tags":["A-JavaDoc"],"fileTypesAndContributionMap":{"java":{"insertions":297,"deletions":122}}},{"hash":"997e6f809321d10f021b36cd6c4c67316f5819e3","messageTitle":"Updated docs/README.md","messageBody":"","fileTypesAndContributionMap":{"md":{"insertions":209,"deletions":10}}},{"hash":"64053e58b8787a19a190f9d71e3b71cfc5e42e6d","messageTitle":"Changed FindCommand to case-insensitive search","messageBody":"","fileTypesAndContributionMap":{"java":{"insertions":6,"deletions":3}}},{"hash":"51e60f23766275e7246dc6cf6f9c4f734b7c8f4d","messageTitle":"Replaced magic string with Enum and minor bugfix","messageBody":"","fileTypesAndContributionMap":{"java":{"insertions":134,"deletions":47}}},{"hash":"4f62ba75385f110f5ff0fd51c6a55b5585cc113a","messageTitle":"Updated docs/README.md","messageBody":"","fileTypesAndContributionMap":{"md":{"insertions":14,"deletions":1}}},{"hash":"5847ad6906b36c6e14557b2227453f573d02cb7e","messageTitle":"Added example launch message to README","messageBody":"","fileTypesAndContributionMap":{"md":{"insertions":16,"deletions":3}}},{"hash":"02548bbb4261303ee60c684d6f01898298709708","messageTitle":"Added release link to README","messageBody":"","tags":["A-UserGuide"],"fileTypesAndContributionMap":{"md":{"insertions":1,"deletions":1}}}]}]},"authorFileTypeContributionMap":{"IncompetentDev":{"java":1540,"md":225,"fxml":0,"sh":2,"bat":2,"gradle":0,"txt":19}},"authorContributionVariance":{"IncompetentDev":52269.86},"authorDisplayNameMap":{"IncompetentDev":"CS2113-F10-2 KANG..HERN"}}
