{"repoSenseVersion":"3bad16bb3d","reportGeneratedTime":"Wed Sep 6 08:17:30 2023 UTC+08:00","reportGenerationTime":" 17.27 second(s)","zoneId":"UTC+08:00","reportTitle":"RepoSense Report","repos":[{"location":{"location":"https://github.com/YitHien/ip.git","repoName":"ip","organization":"YitHien","domainName":"github"},"branch":"master","displayName":"YitHien/ip[master]","outputFolderName":"YitHien_ip_master"},{"location":{"location":"https://github.com/lestersimjj/ip.git","repoName":"ip","organization":"lestersimjj","domainName":"github"},"branch":"master","displayName":"lestersimjj/ip[master]","outputFolderName":"lestersimjj_ip_master"},{"location":{"location":"https://github.com/aiman-imtiaz/ip.git","repoName":"ip","organization":"aiman-imtiaz","domainName":"github"},"branch":"master","displayName":"aiman-imtiaz/ip[master]","outputFolderName":"aiman-imtiaz_ip_master"},{"location":{"location":"https://github.com/IncompetentDev/ip.git","repoName":"ip","organization":"IncompetentDev","domainName":"github"},"branch":"master","displayName":"IncompetentDev/ip[master]","outputFolderName":"IncompetentDev_ip_master"},{"location":{"location":"https://github.com/chihyingho/ip.git","repoName":"ip","organization":"chihyingho","domainName":"github"},"branch":"master","displayName":"chihyingho/ip[master]","outputFolderName":"chihyingho_ip_master"},{"location":{"location":"https://github.com/wli-linda/ip.git","repoName":"ip","organization":"wli-linda","domainName":"github"},"branch":"master","displayName":"wli-linda/ip[master]","outputFolderName":"wli-linda_ip_master"},{"location":{"location":"https://github.com/mathanmahe/ip.git","repoName":"ip","organization":"mathanmahe","domainName":"github"},"branch":"master","displayName":"mathanmahe/ip[master]","outputFolderName":"mathanmahe_ip_master"},{"location":{"location":"https://github.com/OzairHasan/ip.git","repoName":"ip","organization":"OzairHasan","domainName":"github"},"branch":"master","displayName":"OzairHasan/ip[master]","outputFolderName":"OzairHasan_ip_master"},{"location":{"location":"https://github.com/yanjie1017/ip.git","repoName":"ip","organization":"yanjie1017","domainName":"github"},"branch":"master","displayName":"yanjie1017/ip[master]","outputFolderName":"yanjie1017_ip_master"},{"location":{"location":"https://github.com/Demonshaha/ip.git","repoName":"ip","organization":"Demonshaha","domainName":"github"},"branch":"master","displayName":"Demonshaha/ip[master]","outputFolderName":"Demonshaha_ip_master"},{"location":{"location":"https://github.com/cczhouqi/ip.git","repoName":"ip","organization":"cczhouqi","domainName":"github"},"branch":"master","displayName":"cczhouqi/ip[master]","outputFolderName":"cczhouqi_ip_master"},{"location":{"location":"https://github.com/angyongming/ip.git","repoName":"ip","organization":"angyongming","domainName":"github"},"branch":"master","displayName":"angyongming/ip[master]","outputFolderName":"angyongming_ip_master"},{"location":{"location":"https://github.com/lihao-InfoSec/ip.git","repoName":"ip","organization":"lihao-InfoSec","domainName":"github"},"branch":"master","displayName":"lihao-InfoSec/ip[master]","outputFolderName":"lihao-InfoSec_ip_master"},{"location":{"location":"https://github.com/siewyangzhi/ip.git","repoName":"ip","organization":"siewyangzhi","domainName":"github"},"branch":"master","displayName":"siewyangzhi/ip[master]","outputFolderName":"siewyangzhi_ip_master"},{"location":{"location":"https://github.com/FaliciaOng/ip.git","repoName":"ip","organization":"FaliciaOng","domainName":"github"},"branch":"master","displayName":"FaliciaOng/ip[master]","outputFolderName":"FaliciaOng_ip_master"},{"location":{"location":"https://github.com/cheshire-doge/ip.git","repoName":"ip","organization":"cheshire-doge","domainName":"github"},"branch":"master","displayName":"cheshire-doge/ip[master]","outputFolderName":"cheshire-doge_ip_master"},{"location":{"location":"https://github.com/ibrahimisramos/ip.git","repoName":"ip","organization":"ibrahimisramos","domainName":"github"},"branch":"master","displayName":"ibrahimisramos/ip[master]","outputFolderName":"ibrahimisramos_ip_master"},{"location":{"location":"https://github.com/sethlxk/ip.git","repoName":"ip","organization":"sethlxk","domainName":"github"},"branch":"master","displayName":"sethlxk/ip[master]","outputFolderName":"sethlxk_ip_master"},{"location":{"location":"https://github.com/ElaineQT/ip.git","repoName":"ip","organization":"ElaineQT","domainName":"github"},"branch":"master","displayName":"ElaineQT/ip[master]","outputFolderName":"ElaineQT_ip_master"},{"location":{"location":"https://github.com/z0723-julie/ip.git","repoName":"ip","organization":"z0723-julie","domainName":"github"},"branch":"master","displayName":"z0723-julie/ip[master]","outputFolderName":"z0723-julie_ip_master"},{"location":{"location":"https://github.com/Nineves/ip.git","repoName":"ip","organization":"Nineves","domainName":"github"},"branch":"master","displayName":"Nineves/ip[master]","outputFolderName":"Nineves_ip_master"},{"location":{"location":"https://github.com/YaxinJoy/ip.git","repoName":"ip","organization":"YaxinJoy","domainName":"github"},"branch":"master","displayName":"YaxinJoy/ip[master]","outputFolderName":"YaxinJoy_ip_master"},{"location":{"location":"https://github.com/yuhaochua/ip.git","repoName":"ip","organization":"yuhaochua","domainName":"github"},"branch":"master","displayName":"yuhaochua/ip[master]","outputFolderName":"yuhaochua_ip_master"},{"location":{"location":"https://github.com/striris/ip.git","repoName":"ip","organization":"striris","domainName":"github"},"branch":"master","displayName":"striris/ip[master]","outputFolderName":"striris_ip_master"},{"location":{"location":"https://github.com/johnmcmonigle/ip.git","repoName":"ip","organization":"johnmcmonigle","domainName":"github"},"branch":"master","displayName":"johnmcmonigle/ip[master]","outputFolderName":"johnmcmonigle_ip_master"},{"location":{"location":"https://github.com/edemirkirkan/ip.git","repoName":"ip","organization":"edemirkirkan","domainName":"github"},"branch":"master","displayName":"edemirkirkan/ip[master]","outputFolderName":"edemirkirkan_ip_master"},{"location":{"location":"https://github.com/zhenster/ip.git","repoName":"ip","organization":"zhenster","domainName":"github"},"branch":"master","displayName":"zhenster/ip[master]","outputFolderName":"zhenster_ip_master"},{"location":{"location":"https://github.com/chintaiann/ip.git","repoName":"ip","organization":"chintaiann","domainName":"github"},"branch":"master","displayName":"chintaiann/ip[master]","outputFolderName":"chintaiann_ip_master"},{"location":{"location":"https://github.com/mafpovbul/ip.git","repoName":"ip","organization":"mafpovbul","domainName":"github"},"branch":"master","displayName":"mafpovbul/ip[master]","outputFolderName":"mafpovbul_ip_master"},{"location":{"location":"https://github.com/suenalaba/ip.git","repoName":"ip","organization":"suenalaba","domainName":"github"},"branch":"master","displayName":"suenalaba/ip[master]","outputFolderName":"suenalaba_ip_master"},{"location":{"location":"https://github.com/darylhjd/ip.git","repoName":"ip","organization":"darylhjd","domainName":"github"},"branch":"master","displayName":"darylhjd/ip[master]","outputFolderName":"darylhjd_ip_master"},{"location":{"location":"https://github.com/Bryan-BC/ip.git","repoName":"ip","organization":"Bryan-BC","domainName":"github"},"branch":"master","displayName":"Bryan-BC/ip[master]","outputFolderName":"Bryan-BC_ip_master"},{"location":{"location":"https://github.com/timchang27/ip.git","repoName":"ip","organization":"timchang27","domainName":"github"},"branch":"master","displayName":"timchang27/ip[master]","outputFolderName":"timchang27_ip_master"},{"location":{"location":"https://github.com/quitejasper/ip.git","repoName":"ip","organization":"quitejasper","domainName":"github"},"branch":"master","displayName":"quitejasper/ip[master]","outputFolderName":"quitejasper_ip_master"},{"location":{"location":"https://github.com/XunyiiZ/ip.git","repoName":"ip","organization":"XunyiiZ","domainName":"github"},"branch":"master","displayName":"XunyiiZ/ip[master]","outputFolderName":"XunyiiZ_ip_master"},{"location":{"location":"https://github.com/DolphXty/ip.git","repoName":"ip","organization":"DolphXty","domainName":"github"},"branch":"master","displayName":"DolphXty/ip[master]","outputFolderName":"DolphXty_ip_master"},{"location":{"location":"https://github.com/FTang21/ip.git","repoName":"ip","organization":"FTang21","domainName":"github"},"branch":"master","displayName":"FTang21/ip[master]","outputFolderName":"FTang21_ip_master"},{"location":{"location":"https://github.com/cristoforows/ip.git","repoName":"ip","organization":"cristoforows","domainName":"github"},"branch":"master","displayName":"cristoforows/ip[master]","outputFolderName":"cristoforows_ip_master"},{"location":{"location":"https://github.com/Lim-Shi-Han/ip.git","repoName":"ip","organization":"Lim-Shi-Han","domainName":"github"},"branch":"master","displayName":"Lim-Shi-Han/ip[master]","outputFolderName":"Lim-Shi-Han_ip_master"},{"location":{"location":"https://github.com/Wang-Jingwei/ip.git","repoName":"ip","organization":"Wang-Jingwei","domainName":"github"},"branch":"master","displayName":"Wang-Jingwei/ip[master]","outputFolderName":"Wang-Jingwei_ip_master"},{"location":{"location":"https://github.com/shunyao643/ip.git","repoName":"ip","organization":"shunyao643","domainName":"github"},"branch":"master","displayName":"shunyao643/ip[master]","outputFolderName":"shunyao643_ip_master"},{"location":{"location":"https://github.com/hearobe/ip.git","repoName":"ip","organization":"hearobe","domainName":"github"},"branch":"master","displayName":"hearobe/ip[master]","outputFolderName":"hearobe_ip_master"},{"location":{"location":"https://github.com/allyfern72/ip.git","repoName":"ip","organization":"allyfern72","domainName":"github"},"branch":"master","displayName":"allyfern72/ip[master]","outputFolderName":"allyfern72_ip_master"},{"location":{"location":"https://github.com/johnsuharjono/ip.git","repoName":"ip","organization":"johnsuharjono","domainName":"github"},"branch":"master","displayName":"johnsuharjono/ip[master]","outputFolderName":"johnsuharjono_ip_master"},{"location":{"location":"https://github.com/LI-XINYI1/ip.git","repoName":"ip","organization":"LI-XINYI1","domainName":"github"},"branch":"master","displayName":"LI-XINYI1/ip[master]","outputFolderName":"LI-XINYI1_ip_master"},{"location":{"location":"https://github.com/chooyikai/ip.git","repoName":"ip","organization":"chooyikai","domainName":"github"},"branch":"master","displayName":"chooyikai/ip[master]","outputFolderName":"chooyikai_ip_master"},{"location":{"location":"https://github.com/warrencxw/ip.git","repoName":"ip","organization":"warrencxw","domainName":"github"},"branch":"master","displayName":"warrencxw/ip[master]","outputFolderName":"warrencxw_ip_master"},{"location":{"location":"https://github.com/a1021492980/ip.git","repoName":"ip","organization":"a1021492980","domainName":"github"},"branch":"master","displayName":"a1021492980/ip[master]","outputFolderName":"a1021492980_ip_master"},{"location":{"location":"https://github.com/tjiarong/ip.git","repoName":"ip","organization":"tjiarong","domainName":"github"},"branch":"master","displayName":"tjiarong/ip[master]","outputFolderName":"tjiarong_ip_master"},{"location":{"location":"https://github.com/hjunleon/ip.git","repoName":"ip","organization":"hjunleon","domainName":"github"},"branch":"master","displayName":"hjunleon/ip[master]","outputFolderName":"hjunleon_ip_master"},{"location":{"location":"https://github.com/wraineflores/ip.git","repoName":"ip","organization":"wraineflores","domainName":"github"},"branch":"master","displayName":"wraineflores/ip[master]","outputFolderName":"wraineflores_ip_master"},{"location":{"location":"https://github.com/tanweili/ip.git","repoName":"ip","organization":"tanweili","domainName":"github"},"branch":"master","displayName":"tanweili/ip[master]","outputFolderName":"tanweili_ip_master"},{"location":{"location":"https://github.com/LDerpy/ip.git","repoName":"ip","organization":"LDerpy","domainName":"github"},"branch":"master","displayName":"LDerpy/ip[master]","outputFolderName":"LDerpy_ip_master"},{"location":{"location":"https://github.com/teanweijun/ip.git","repoName":"ip","organization":"teanweijun","domainName":"github"},"branch":"master","displayName":"teanweijun/ip[master]","outputFolderName":"teanweijun_ip_master"},{"location":{"location":"https://github.com/matheril/ip.git","repoName":"ip","organization":"matheril","domainName":"github"},"branch":"master","displayName":"matheril/ip[master]","outputFolderName":"matheril_ip_master"},{"location":{"location":"https://github.com/Nnythingy/ip.git","repoName":"ip","organization":"Nnythingy","domainName":"github"},"branch":"master","displayName":"Nnythingy/ip[master]","outputFolderName":"Nnythingy_ip_master"},{"location":{"location":"https://github.com/jltha/ip.git","repoName":"ip","organization":"jltha","domainName":"github"},"branch":"master","displayName":"jltha/ip[master]","outputFolderName":"jltha_ip_master"},{"location":{"location":"https://github.com/SeanHoWB/ip.git","repoName":"ip","organization":"SeanHoWB","domainName":"github"},"branch":"master","displayName":"SeanHoWB/ip[master]","outputFolderName":"SeanHoWB_ip_master"},{"location":{"location":"https://github.com/ivanaitzliddat/ip.git","repoName":"ip","organization":"ivanaitzliddat","domainName":"github"},"branch":"master","displayName":"ivanaitzliddat/ip[master]","outputFolderName":"ivanaitzliddat_ip_master"},{"location":{"location":"https://github.com/laiisaac/ip.git","repoName":"ip","organization":"laiisaac","domainName":"github"},"branch":"master","displayName":"laiisaac/ip[master]","outputFolderName":"laiisaac_ip_master"},{"location":{"location":"https://github.com/glendonnotglen/ip.git","repoName":"ip","organization":"glendonnotglen","domainName":"github"},"branch":"master","displayName":"glendonnotglen/ip[master]","outputFolderName":"glendonnotglen_ip_master"},{"location":{"location":"https://github.com/heekit73098/ip.git","repoName":"ip","organization":"heekit73098","domainName":"github"},"branch":"master","displayName":"heekit73098/ip[master]","outputFolderName":"heekit73098_ip_master"},{"location":{"location":"https://github.com/shxr3f/ip.git","repoName":"ip","organization":"shxr3f","domainName":"github"},"branch":"master","displayName":"shxr3f/ip[master]","outputFolderName":"shxr3f_ip_master"},{"location":{"location":"https://github.com/limjierui/ip.git","repoName":"ip","organization":"limjierui","domainName":"github"},"branch":"master","displayName":"limjierui/ip[master]","outputFolderName":"limjierui_ip_master"},{"location":{"location":"https://github.com/alanlowzies/ip.git","repoName":"ip","organization":"alanlowzies","domainName":"github"},"branch":"master","displayName":"alanlowzies/ip[master]","outputFolderName":"alanlowzies_ip_master"},{"location":{"location":"https://github.com/thedarie/ip.git","repoName":"ip","organization":"thedarie","domainName":"github"},"branch":"master","displayName":"thedarie/ip[master]","outputFolderName":"thedarie_ip_master"},{"location":{"location":"https://github.com/froststein/ip.git","repoName":"ip","organization":"froststein","domainName":"github"},"branch":"master","displayName":"froststein/ip[master]","outputFolderName":"froststein_ip_master"},{"location":{"location":"https://github.com/1szheng/ip.git","repoName":"ip","organization":"1szheng","domainName":"github"},"branch":"master","displayName":"1szheng/ip[master]","outputFolderName":"1szheng_ip_master"},{"location":{"location":"https://github.com/HansHengGit/ip.git","repoName":"ip","organization":"HansHengGit","domainName":"github"},"branch":"master","displayName":"HansHengGit/ip[master]","outputFolderName":"HansHengGit_ip_master"},{"location":{"location":"https://github.com/ngys117/ip.git","repoName":"ip","organization":"ngys117","domainName":"github"},"branch":"master","displayName":"ngys117/ip[master]","outputFolderName":"ngys117_ip_master"},{"location":{"location":"https://github.com/BradenTeo/ip.git","repoName":"ip","organization":"BradenTeo","domainName":"github"},"branch":"master","displayName":"BradenTeo/ip[master]","outputFolderName":"BradenTeo_ip_master"},{"location":{"location":"https://github.com/yuzhongng/ip.git","repoName":"ip","organization":"yuzhongng","domainName":"github"},"branch":"master","displayName":"yuzhongng/ip[master]","outputFolderName":"yuzhongng_ip_master"},{"location":{"location":"https://github.com/tuan0369/ip.git","repoName":"ip","organization":"tuan0369","domainName":"github"},"branch":"master","displayName":"tuan0369/ip[master]","outputFolderName":"tuan0369_ip_master"},{"location":{"location":"https://github.com/hlwang56/ip.git","repoName":"ip","organization":"hlwang56","domainName":"github"},"branch":"master","displayName":"hlwang56/ip[master]","outputFolderName":"hlwang56_ip_master"},{"location":{"location":"https://github.com/kktai1512/ip.git","repoName":"ip","organization":"kktai1512","domainName":"github"},"branch":"master","displayName":"kktai1512/ip[master]","outputFolderName":"kktai1512_ip_master"},{"location":{"location":"https://github.com/danbaterisna/ip.git","repoName":"ip","organization":"danbaterisna","domainName":"github"},"branch":"master","displayName":"danbaterisna/ip[master]","outputFolderName":"danbaterisna_ip_master"},{"location":{"location":"https://github.com/emilysim00/ip.git","repoName":"ip","organization":"emilysim00","domainName":"github"},"branch":"master","displayName":"emilysim00/ip[master]","outputFolderName":"emilysim00_ip_master"},{"location":{"location":"https://github.com/Musfirahe0556596/ip.git","repoName":"ip","organization":"Musfirahe0556596","domainName":"github"},"branch":"master","displayName":"Musfirahe0556596/ip[master]","outputFolderName":"Musfirahe0556596_ip_master"},{"location":{"location":"https://github.com/khseah/ip.git","repoName":"ip","organization":"khseah","domainName":"github"},"branch":"master","displayName":"khseah/ip[master]","outputFolderName":"khseah_ip_master"},{"location":{"location":"https://github.com/Shyunyin/ip.git","repoName":"ip","organization":"Shyunyin","domainName":"github"},"branch":"master","displayName":"Shyunyin/ip[master]","outputFolderName":"Shyunyin_ip_master"},{"location":{"location":"https://github.com/Anvitha-r/ip.git","repoName":"ip","organization":"Anvitha-r","domainName":"github"},"branch":"master","displayName":"Anvitha-r/ip[master]","outputFolderName":"Anvitha-r_ip_master"},{"location":{"location":"https://github.com/Ch40gRv1-Mu/ip.git","repoName":"ip","organization":"Ch40gRv1-Mu","domainName":"github"},"branch":"master","displayName":"Ch40gRv1-Mu/ip[master]","outputFolderName":"Ch40gRv1-Mu_ip_master"},{"location":{"location":"https://github.com/TianaiYan/ip.git","repoName":"ip","organization":"TianaiYan","domainName":"github"},"branch":"master","displayName":"TianaiYan/ip[master]","outputFolderName":"TianaiYan_ip_master"}],"errorSet":[{"repoName":"wang1351/ip[master]","errorMessage":"Failed to clone from https://github.com/wang1351/ip.git"},{"repoName":"lelerer/ip[master]","errorMessage":"Failed to clone from https://github.com/lelerer/ip.git"},{"repoName":"bbawj/ip[master]","errorMessage":"Failed to clone from https://github.com/bbawj/ip.git"},{"repoName":"yanivbenchetrit/ip[master]","errorMessage":"Failed to clone from https://github.com/yanivbenchetrit/ip.git"},{"repoName":"Yzkkk/ip[master]","errorMessage":"Failed to clone from https://github.com/Yzkkk/ip.git"},{"repoName":"BotBw/ip[master]","errorMessage":"Failed to clone from https://github.com/BotBw/ip.git"}],"sinceDate":"2022-01-14","untilDate":"2023-09-06","isSinceDateProvided":true,"isUntilDateProvided":false,"supportedDomainUrlMap":{"NOT_RECOGNIZED":{"BRANCH":"","REPO_URL":"UNSUPPORTED","BASE_URL":"UNSUPPORTED","HISTORY_PATH":"","COMMIT_PATH":"","BLAME_PATH":""},"github":{"BRANCH":"tree/$BRANCH","REPO_URL":"https://github.com/$ORGANIZATION/$REPO_NAME/","BASE_URL":"https://github.com/","HISTORY_PATH":"commits/$BRANCH/$FILE_PATH","COMMIT_PATH":"commit/$COMMIT_HASH","BLAME_PATH":"blame/$BRANCH/$FILE_PATH"}}}
