[{"path":"src/Duke/DialogGenerator.java","fileType":"java","lines":[{"lineNumber":1,"author":{"gitId":"wang1351"},"content":"import tasks.*;","lastModifiedDate":"2022-02-11"},{"lineNumber":2,"author":{"gitId":"wang1351"},"content":"","lastModifiedDate":"2022-02-11"},{"lineNumber":3,"author":{"gitId":"wang1351"},"content":"public class DialogGenerator {","lastModifiedDate":"2022-01-25"},{"lineNumber":4,"author":{"gitId":"wang1351"},"content":"","lastModifiedDate":"2022-02-03"},{"lineNumber":5,"author":{"gitId":"wang1351"},"content":"    public void printLine() {","lastModifiedDate":"2022-01-25"},{"lineNumber":6,"author":{"gitId":"wang1351"},"content":"        System.out.println(\"____________________________________________________________\");","lastModifiedDate":"2022-02-03"},{"lineNumber":7,"author":{"gitId":"wang1351"},"content":"    }","lastModifiedDate":"2022-01-25"},{"lineNumber":8,"author":{"gitId":"wang1351"},"content":"","lastModifiedDate":"2022-01-25"},{"lineNumber":9,"author":{"gitId":"wang1351"},"content":"    public void sayGoobye() {","lastModifiedDate":"2022-02-03"},{"lineNumber":10,"author":{"gitId":"wang1351"},"content":"        this.printLine();","lastModifiedDate":"2022-01-25"},{"lineNumber":11,"author":{"gitId":"wang1351"},"content":"        System.out.println(\"Bye. Hope to see you again soon!\");","lastModifiedDate":"2022-02-03"},{"lineNumber":12,"author":{"gitId":"wang1351"},"content":"        this.printLine();","lastModifiedDate":"2022-01-25"},{"lineNumber":13,"author":{"gitId":"wang1351"},"content":"    }","lastModifiedDate":"2022-01-25"},{"lineNumber":14,"author":{"gitId":"wang1351"},"content":"","lastModifiedDate":"2022-01-25"},{"lineNumber":15,"author":{"gitId":"wang1351"},"content":"    public void displayTask(Task t, int taskCount) {","lastModifiedDate":"2022-02-03"},{"lineNumber":16,"author":{"gitId":"wang1351"},"content":"        this.printLine();","lastModifiedDate":"2022-01-25"},{"lineNumber":17,"author":{"gitId":"wang1351"},"content":"        System.out.println(\"Got it. I\u0027ve added this task: \");","lastModifiedDate":"2022-02-03"},{"lineNumber":18,"author":{"gitId":"wang1351"},"content":"        System.out.println(t);","lastModifiedDate":"2022-02-03"},{"lineNumber":19,"author":{"gitId":"wang1351"},"content":"        System.out.printf(\"Now you have %d tasks in the list.\\n\", taskCount);","lastModifiedDate":"2022-02-03"},{"lineNumber":20,"author":{"gitId":"wang1351"},"content":"        this.printLine();","lastModifiedDate":"2022-01-25"},{"lineNumber":21,"author":{"gitId":"wang1351"},"content":"    }","lastModifiedDate":"2022-01-25"},{"lineNumber":22,"author":{"gitId":"wang1351"},"content":"","lastModifiedDate":"2022-01-25"},{"lineNumber":23,"author":{"gitId":"wang1351"},"content":"    public void displayListWithStatus(Task[] allTasks, int taskCount) {","lastModifiedDate":"2022-02-03"},{"lineNumber":24,"author":{"gitId":"wang1351"},"content":"        this.printLine();","lastModifiedDate":"2022-01-25"},{"lineNumber":25,"author":{"gitId":"wang1351"},"content":"        System.out.println(\"Here are the tasks in your list:\");","lastModifiedDate":"2022-02-03"},{"lineNumber":26,"author":{"gitId":"wang1351"},"content":"        for(int i \u003d 1; i \u003c\u003d taskCount; i++){","lastModifiedDate":"2022-02-03"},{"lineNumber":27,"author":{"gitId":"wang1351"},"content":"            System.out.println(i + \". \" + allTasks[i-1]);","lastModifiedDate":"2022-02-03"},{"lineNumber":28,"author":{"gitId":"wang1351"},"content":"        }","lastModifiedDate":"2022-01-25"},{"lineNumber":29,"author":{"gitId":"wang1351"},"content":"        this.printLine();","lastModifiedDate":"2022-01-25"},{"lineNumber":30,"author":{"gitId":"wang1351"},"content":"    }","lastModifiedDate":"2022-01-25"},{"lineNumber":31,"author":{"gitId":"wang1351"},"content":"","lastModifiedDate":"2022-01-25"},{"lineNumber":32,"author":{"gitId":"wang1351"},"content":"    public void markAndDisplayTask(Task t) {","lastModifiedDate":"2022-02-03"},{"lineNumber":33,"author":{"gitId":"wang1351"},"content":"        t.markAsDone();","lastModifiedDate":"2022-01-25"},{"lineNumber":34,"author":{"gitId":"wang1351"},"content":"        this.printLine();","lastModifiedDate":"2022-01-25"},{"lineNumber":35,"author":{"gitId":"wang1351"},"content":"        System.out.println(\"Nice! I\u0027ve marked this task as done:\");","lastModifiedDate":"2022-01-25"},{"lineNumber":36,"author":{"gitId":"wang1351"},"content":"        System.out.println(t);","lastModifiedDate":"2022-02-03"},{"lineNumber":37,"author":{"gitId":"wang1351"},"content":"        this.printLine();","lastModifiedDate":"2022-01-25"},{"lineNumber":38,"author":{"gitId":"wang1351"},"content":"    }","lastModifiedDate":"2022-01-25"},{"lineNumber":39,"author":{"gitId":"wang1351"},"content":"","lastModifiedDate":"2022-01-25"},{"lineNumber":40,"author":{"gitId":"wang1351"},"content":"    public void unmarkAndDisplayTask(Task t) {","lastModifiedDate":"2022-02-03"},{"lineNumber":41,"author":{"gitId":"wang1351"},"content":"        t.markAsUnDone();","lastModifiedDate":"2022-01-25"},{"lineNumber":42,"author":{"gitId":"wang1351"},"content":"        this.printLine();","lastModifiedDate":"2022-01-25"},{"lineNumber":43,"author":{"gitId":"wang1351"},"content":"        System.out.println(\"OK, I\u0027ve marked this task as not done yet:\");","lastModifiedDate":"2022-01-25"},{"lineNumber":44,"author":{"gitId":"wang1351"},"content":"        System.out.println(t);","lastModifiedDate":"2022-02-03"},{"lineNumber":45,"author":{"gitId":"wang1351"},"content":"        this.printLine();","lastModifiedDate":"2022-01-25"},{"lineNumber":46,"author":{"gitId":"wang1351"},"content":"    }","lastModifiedDate":"2022-01-25"},{"lineNumber":47,"author":{"gitId":"wang1351"},"content":"","lastModifiedDate":"2022-02-11"},{"lineNumber":48,"author":{"gitId":"wang1351"},"content":"    public void raiseExceptionInDeadline(){","lastModifiedDate":"2022-02-11"},{"lineNumber":49,"author":{"gitId":"wang1351"},"content":"        this.printLine();","lastModifiedDate":"2022-02-11"},{"lineNumber":50,"author":{"gitId":"wang1351"},"content":"        System.out.println(\" ☹ OOPS!!! The description or by of a deadline cannot be empty.\");","lastModifiedDate":"2022-02-11"},{"lineNumber":51,"author":{"gitId":"wang1351"},"content":"        this.printLine();","lastModifiedDate":"2022-02-11"},{"lineNumber":52,"author":{"gitId":"wang1351"},"content":"    }","lastModifiedDate":"2022-02-11"},{"lineNumber":53,"author":{"gitId":"wang1351"},"content":"","lastModifiedDate":"2022-02-11"},{"lineNumber":54,"author":{"gitId":"wang1351"},"content":"    public void raiseExceptionInEvent(){","lastModifiedDate":"2022-02-11"},{"lineNumber":55,"author":{"gitId":"wang1351"},"content":"        this.printLine();","lastModifiedDate":"2022-02-11"},{"lineNumber":56,"author":{"gitId":"wang1351"},"content":"        System.out.println(\" ☹ OOPS!!! The description or at of an event cannot be empty.\");","lastModifiedDate":"2022-02-11"},{"lineNumber":57,"author":{"gitId":"wang1351"},"content":"        this.printLine();","lastModifiedDate":"2022-02-11"},{"lineNumber":58,"author":{"gitId":"wang1351"},"content":"    }","lastModifiedDate":"2022-02-11"},{"lineNumber":59,"author":{"gitId":"wang1351"},"content":"","lastModifiedDate":"2022-02-11"},{"lineNumber":60,"author":{"gitId":"wang1351"},"content":"    public void raiseExceptionInTodo(){","lastModifiedDate":"2022-02-11"},{"lineNumber":61,"author":{"gitId":"wang1351"},"content":"        this.printLine();","lastModifiedDate":"2022-02-11"},{"lineNumber":62,"author":{"gitId":"wang1351"},"content":"        System.out.println(\" ☹ OOPS!!! The description of a todo cannot be empty.\");","lastModifiedDate":"2022-02-11"},{"lineNumber":63,"author":{"gitId":"wang1351"},"content":"        this.printLine();","lastModifiedDate":"2022-02-11"},{"lineNumber":64,"author":{"gitId":"wang1351"},"content":"    }","lastModifiedDate":"2022-02-11"},{"lineNumber":65,"author":{"gitId":"wang1351"},"content":"","lastModifiedDate":"2022-02-11"},{"lineNumber":66,"author":{"gitId":"wang1351"},"content":"    public void raiseExceptionInCommand(){","lastModifiedDate":"2022-02-11"},{"lineNumber":67,"author":{"gitId":"wang1351"},"content":"        this.printLine();","lastModifiedDate":"2022-02-11"},{"lineNumber":68,"author":{"gitId":"wang1351"},"content":"        System.out.println(\"☹ OOPS!!! I\u0027m sorry, but I don\u0027t know what that means :-()\");","lastModifiedDate":"2022-02-11"},{"lineNumber":69,"author":{"gitId":"wang1351"},"content":"        this.printLine();","lastModifiedDate":"2022-02-11"},{"lineNumber":70,"author":{"gitId":"wang1351"},"content":"    }","lastModifiedDate":"2022-02-11"},{"lineNumber":71,"author":{"gitId":"wang1351"},"content":"}","lastModifiedDate":"2022-01-25"}],"authorContributionMap":{"wang1351":71}},{"path":"src/Duke/Duke.java","fileType":"java","lines":[{"lineNumber":1,"author":{"gitId":"wang1351"},"content":"import utilities.*;","lastModifiedDate":"2022-02-11"},{"lineNumber":2,"author":{"gitId":"wang1351"},"content":"import tasks.*;","lastModifiedDate":"2022-02-11"},{"lineNumber":3,"author":{"gitId":"wang1351"},"content":"import java.util.Scanner;","lastModifiedDate":"2022-02-11"},{"lineNumber":4,"author":{"gitId":"wang1351"},"content":"","lastModifiedDate":"2022-02-11"},{"lineNumber":5,"author":{"gitId":"wang1351"},"content":"public class Duke {","lastModifiedDate":"2022-02-11"},{"lineNumber":6,"author":{"gitId":"wang1351"},"content":"","lastModifiedDate":"2022-02-11"},{"lineNumber":7,"author":{"gitId":"wang1351"},"content":"","lastModifiedDate":"2022-02-11"},{"lineNumber":8,"author":{"gitId":"wang1351"},"content":"","lastModifiedDate":"2022-02-11"},{"lineNumber":9,"author":{"gitId":"wang1351"},"content":"    public static void main(String[] args) throws DukeException {","lastModifiedDate":"2022-02-11"},{"lineNumber":10,"author":{"gitId":"wang1351"},"content":"        DialogGenerator dialog \u003d new DialogGenerator();","lastModifiedDate":"2022-02-11"},{"lineNumber":11,"author":{"gitId":"wang1351"},"content":"","lastModifiedDate":"2022-02-11"},{"lineNumber":12,"author":{"gitId":"wang1351"},"content":"        greeting(dialog);","lastModifiedDate":"2022-02-11"},{"lineNumber":13,"author":{"gitId":"wang1351"},"content":"        manageUserInput(dialog);","lastModifiedDate":"2022-02-11"},{"lineNumber":14,"author":{"gitId":"wang1351"},"content":"","lastModifiedDate":"2022-02-11"},{"lineNumber":15,"author":{"gitId":"wang1351"},"content":"    }","lastModifiedDate":"2022-02-11"},{"lineNumber":16,"author":{"gitId":"wang1351"},"content":"","lastModifiedDate":"2022-02-11"},{"lineNumber":17,"author":{"gitId":"wang1351"},"content":"    public static void greeting(DialogGenerator dialog) {","lastModifiedDate":"2022-02-11"},{"lineNumber":18,"author":{"gitId":"wang1351"},"content":"        String logo \u003d \" ____        _        \\n\"","lastModifiedDate":"2022-02-11"},{"lineNumber":19,"author":{"gitId":"wang1351"},"content":"                + \"|  _ \\\\ _   _| | _____ \\n\"","lastModifiedDate":"2022-02-11"},{"lineNumber":20,"author":{"gitId":"wang1351"},"content":"                + \"| | | | | | | |/ / _ \\\\\\n\"","lastModifiedDate":"2022-02-11"},{"lineNumber":21,"author":{"gitId":"wang1351"},"content":"                + \"| |_| | |_| |   \u003c  __/\\n\"","lastModifiedDate":"2022-02-11"},{"lineNumber":22,"author":{"gitId":"wang1351"},"content":"                + \"|____/ \\\\__,_|_|\\\\_\\\\___|\\n\";","lastModifiedDate":"2022-02-11"},{"lineNumber":23,"author":{"gitId":"wang1351"},"content":"        System.out.println(\"\"+logo);","lastModifiedDate":"2022-02-11"},{"lineNumber":24,"author":{"gitId":"wang1351"},"content":"        dialog.printLine();","lastModifiedDate":"2022-02-11"},{"lineNumber":25,"author":{"gitId":"wang1351"},"content":"        System.out.println(\"Hello I\u0027m Duke.\");","lastModifiedDate":"2022-02-11"},{"lineNumber":26,"author":{"gitId":"wang1351"},"content":"        System.out.println(\"What can I do for you?\");","lastModifiedDate":"2022-02-11"},{"lineNumber":27,"author":{"gitId":"wang1351"},"content":"        dialog.printLine();","lastModifiedDate":"2022-02-11"},{"lineNumber":28,"author":{"gitId":"wang1351"},"content":"        System.out.println();","lastModifiedDate":"2022-02-11"},{"lineNumber":29,"author":{"gitId":"wang1351"},"content":"    }","lastModifiedDate":"2022-02-11"},{"lineNumber":30,"author":{"gitId":"wang1351"},"content":"","lastModifiedDate":"2022-02-11"},{"lineNumber":31,"author":{"gitId":"wang1351"},"content":"    /**","lastModifiedDate":"2022-02-11"},{"lineNumber":32,"author":{"gitId":"wang1351"},"content":"     * utilities.DukeException to represent exceptions specific to Duke.","lastModifiedDate":"2022-02-11"},{"lineNumber":33,"author":{"gitId":"wang1351"},"content":"     */","lastModifiedDate":"2022-02-11"},{"lineNumber":34,"author":{"gitId":"wang1351"},"content":"    public static void manageUserInput(DialogGenerator dialog) throws DukeException {","lastModifiedDate":"2022-02-11"},{"lineNumber":35,"author":{"gitId":"wang1351"},"content":"        final int TASK_LENGTH \u003d 100;","lastModifiedDate":"2022-02-11"},{"lineNumber":36,"author":{"gitId":"wang1351"},"content":"        int index;","lastModifiedDate":"2022-02-11"},{"lineNumber":37,"author":{"gitId":"wang1351"},"content":"        int taskCount \u003d 0;","lastModifiedDate":"2022-02-11"},{"lineNumber":38,"author":{"gitId":"wang1351"},"content":"        boolean notQuit \u003d true;","lastModifiedDate":"2022-02-11"},{"lineNumber":39,"author":{"gitId":"wang1351"},"content":"","lastModifiedDate":"2022-02-11"},{"lineNumber":40,"author":{"gitId":"wang1351"},"content":"        Task t;","lastModifiedDate":"2022-02-11"},{"lineNumber":41,"author":{"gitId":"wang1351"},"content":"        Task[] allTasks \u003d new Task[TASK_LENGTH];","lastModifiedDate":"2022-02-11"},{"lineNumber":42,"author":{"gitId":"wang1351"},"content":"","lastModifiedDate":"2022-02-11"},{"lineNumber":43,"author":{"gitId":"wang1351"},"content":"        while (notQuit) {","lastModifiedDate":"2022-02-11"},{"lineNumber":44,"author":{"gitId":"wang1351"},"content":"            String command;","lastModifiedDate":"2022-02-11"},{"lineNumber":45,"author":{"gitId":"wang1351"},"content":"            String detail \u003d null;","lastModifiedDate":"2022-02-11"},{"lineNumber":46,"author":{"gitId":"wang1351"},"content":"            String description \u003d null;","lastModifiedDate":"2022-02-11"},{"lineNumber":47,"author":{"gitId":"wang1351"},"content":"            String at \u003d null;","lastModifiedDate":"2022-02-11"},{"lineNumber":48,"author":{"gitId":"wang1351"},"content":"            String by \u003d null;","lastModifiedDate":"2022-02-11"},{"lineNumber":49,"author":{"gitId":"wang1351"},"content":"","lastModifiedDate":"2022-02-11"},{"lineNumber":50,"author":{"gitId":"wang1351"},"content":"            Scanner in \u003d new Scanner(System.in);","lastModifiedDate":"2022-02-11"},{"lineNumber":51,"author":{"gitId":"wang1351"},"content":"            command \u003d in.nextLine();","lastModifiedDate":"2022-02-11"},{"lineNumber":52,"author":{"gitId":"wang1351"},"content":"","lastModifiedDate":"2022-02-11"},{"lineNumber":53,"author":{"gitId":"wang1351"},"content":"            switch (command.split(\" \")[0]) {","lastModifiedDate":"2022-02-11"},{"lineNumber":54,"author":{"gitId":"wang1351"},"content":"                case \"bye\":","lastModifiedDate":"2022-02-11"},{"lineNumber":55,"author":{"gitId":"wang1351"},"content":"                    dialog.sayGoobye();","lastModifiedDate":"2022-02-11"},{"lineNumber":56,"author":{"gitId":"wang1351"},"content":"                    notQuit \u003d false;","lastModifiedDate":"2022-02-11"},{"lineNumber":57,"author":{"gitId":"wang1351"},"content":"                    break;","lastModifiedDate":"2022-02-11"},{"lineNumber":58,"author":{"gitId":"wang1351"},"content":"","lastModifiedDate":"2022-02-11"},{"lineNumber":59,"author":{"gitId":"wang1351"},"content":"                case \"mark\":","lastModifiedDate":"2022-02-11"},{"lineNumber":60,"author":{"gitId":"wang1351"},"content":"                    index \u003d Integer.parseInt(command.split(\" \")[1]) - 1;","lastModifiedDate":"2022-02-11"},{"lineNumber":61,"author":{"gitId":"wang1351"},"content":"                    t \u003d allTasks[index];","lastModifiedDate":"2022-02-11"},{"lineNumber":62,"author":{"gitId":"wang1351"},"content":"                    dialog.markAndDisplayTask(t);","lastModifiedDate":"2022-02-11"},{"lineNumber":63,"author":{"gitId":"wang1351"},"content":"                    break;","lastModifiedDate":"2022-02-11"},{"lineNumber":64,"author":{"gitId":"wang1351"},"content":"","lastModifiedDate":"2022-02-11"},{"lineNumber":65,"author":{"gitId":"wang1351"},"content":"                case \"unmark\":","lastModifiedDate":"2022-02-11"},{"lineNumber":66,"author":{"gitId":"wang1351"},"content":"                    index \u003d Integer.parseInt(command.split(\" \")[1]) - 1;","lastModifiedDate":"2022-02-11"},{"lineNumber":67,"author":{"gitId":"wang1351"},"content":"                    t \u003d allTasks[index];","lastModifiedDate":"2022-02-11"},{"lineNumber":68,"author":{"gitId":"wang1351"},"content":"                    dialog.unmarkAndDisplayTask(t);","lastModifiedDate":"2022-02-11"},{"lineNumber":69,"author":{"gitId":"wang1351"},"content":"                    break;","lastModifiedDate":"2022-02-11"},{"lineNumber":70,"author":{"gitId":"wang1351"},"content":"","lastModifiedDate":"2022-02-11"},{"lineNumber":71,"author":{"gitId":"wang1351"},"content":"                case \"list\":","lastModifiedDate":"2022-02-11"},{"lineNumber":72,"author":{"gitId":"wang1351"},"content":"                    dialog.displayListWithStatus(allTasks, taskCount);","lastModifiedDate":"2022-02-11"},{"lineNumber":73,"author":{"gitId":"wang1351"},"content":"                    break;","lastModifiedDate":"2022-02-11"},{"lineNumber":74,"author":{"gitId":"wang1351"},"content":"","lastModifiedDate":"2022-02-11"},{"lineNumber":75,"author":{"gitId":"wang1351"},"content":"                case \"todo\":","lastModifiedDate":"2022-02-11"},{"lineNumber":76,"author":{"gitId":"wang1351"},"content":"                    try{","lastModifiedDate":"2022-02-11"},{"lineNumber":77,"author":{"gitId":"wang1351"},"content":"                        String[] str \u003d command.split(\" \");","lastModifiedDate":"2022-02-11"},{"lineNumber":78,"author":{"gitId":"wang1351"},"content":"                        if(str.length \u003c 2){","lastModifiedDate":"2022-02-11"},{"lineNumber":79,"author":{"gitId":"wang1351"},"content":"                            throw new DukeException();","lastModifiedDate":"2022-02-11"},{"lineNumber":80,"author":{"gitId":"wang1351"},"content":"                        }","lastModifiedDate":"2022-02-11"},{"lineNumber":81,"author":{"gitId":"wang1351"},"content":"                        description \u003d command.replace(\"todo \",\"\");","lastModifiedDate":"2022-02-11"},{"lineNumber":82,"author":{"gitId":"wang1351"},"content":"                    }catch (DukeException e){","lastModifiedDate":"2022-02-11"},{"lineNumber":83,"author":{"gitId":"wang1351"},"content":"                        dialog.raiseExceptionInTodo();","lastModifiedDate":"2022-02-11"},{"lineNumber":84,"author":{"gitId":"wang1351"},"content":"                        break;","lastModifiedDate":"2022-02-11"},{"lineNumber":85,"author":{"gitId":"wang1351"},"content":"                    }","lastModifiedDate":"2022-02-11"},{"lineNumber":86,"author":{"gitId":"wang1351"},"content":"","lastModifiedDate":"2022-02-11"},{"lineNumber":87,"author":{"gitId":"wang1351"},"content":"                    t \u003d new Todo(description);","lastModifiedDate":"2022-02-11"},{"lineNumber":88,"author":{"gitId":"wang1351"},"content":"                    allTasks[taskCount] \u003d t;","lastModifiedDate":"2022-02-11"},{"lineNumber":89,"author":{"gitId":"wang1351"},"content":"                    taskCount +\u003d 1;","lastModifiedDate":"2022-02-11"},{"lineNumber":90,"author":{"gitId":"wang1351"},"content":"                    dialog.displayTask(t, taskCount);","lastModifiedDate":"2022-02-11"},{"lineNumber":91,"author":{"gitId":"wang1351"},"content":"                    break;","lastModifiedDate":"2022-02-11"},{"lineNumber":92,"author":{"gitId":"wang1351"},"content":"","lastModifiedDate":"2022-02-11"},{"lineNumber":93,"author":{"gitId":"wang1351"},"content":"                case \"deadline\":","lastModifiedDate":"2022-02-11"},{"lineNumber":94,"author":{"gitId":"wang1351"},"content":"                    try{","lastModifiedDate":"2022-02-11"},{"lineNumber":95,"author":{"gitId":"wang1351"},"content":"                        String[] str \u003d command.split(\" \");","lastModifiedDate":"2022-02-11"},{"lineNumber":96,"author":{"gitId":"wang1351"},"content":"                        if(str.length \u003c 2){","lastModifiedDate":"2022-02-11"},{"lineNumber":97,"author":{"gitId":"wang1351"},"content":"                            throw new DukeException();","lastModifiedDate":"2022-02-11"},{"lineNumber":98,"author":{"gitId":"wang1351"},"content":"                        }","lastModifiedDate":"2022-02-11"},{"lineNumber":99,"author":{"gitId":"wang1351"},"content":"                        detail \u003d command.replace(\"deadline \",\"\");","lastModifiedDate":"2022-02-11"},{"lineNumber":100,"author":{"gitId":"wang1351"},"content":"                        description \u003d detail.split(\"/by\")[0];","lastModifiedDate":"2022-02-11"},{"lineNumber":101,"author":{"gitId":"wang1351"},"content":"                        by \u003d detail.split(\"/by\")[1];","lastModifiedDate":"2022-02-11"},{"lineNumber":102,"author":{"gitId":"wang1351"},"content":"                        /**","lastModifiedDate":"2022-02-11"},{"lineNumber":103,"author":{"gitId":"wang1351"},"content":"                         * To avoid content with only spacing.","lastModifiedDate":"2022-02-11"},{"lineNumber":104,"author":{"gitId":"wang1351"},"content":"                         */","lastModifiedDate":"2022-02-11"},{"lineNumber":105,"author":{"gitId":"wang1351"},"content":"                        if(by.replace(\" \", \"\")\u003d\u003d\"\"){","lastModifiedDate":"2022-02-11"},{"lineNumber":106,"author":{"gitId":"wang1351"},"content":"                            throw new DukeException();","lastModifiedDate":"2022-02-11"},{"lineNumber":107,"author":{"gitId":"wang1351"},"content":"                        }","lastModifiedDate":"2022-02-11"},{"lineNumber":108,"author":{"gitId":"wang1351"},"content":"                    }catch (DukeException e){","lastModifiedDate":"2022-02-11"},{"lineNumber":109,"author":{"gitId":"wang1351"},"content":"                        dialog.raiseExceptionInDeadline();","lastModifiedDate":"2022-02-11"},{"lineNumber":110,"author":{"gitId":"wang1351"},"content":"                        break;","lastModifiedDate":"2022-02-11"},{"lineNumber":111,"author":{"gitId":"wang1351"},"content":"                    }catch (ArrayIndexOutOfBoundsException e){","lastModifiedDate":"2022-02-11"},{"lineNumber":112,"author":{"gitId":"wang1351"},"content":"                        dialog.raiseExceptionInDeadline();","lastModifiedDate":"2022-02-11"},{"lineNumber":113,"author":{"gitId":"wang1351"},"content":"                        break;","lastModifiedDate":"2022-02-11"},{"lineNumber":114,"author":{"gitId":"wang1351"},"content":"                    }","lastModifiedDate":"2022-02-11"},{"lineNumber":115,"author":{"gitId":"wang1351"},"content":"","lastModifiedDate":"2022-02-11"},{"lineNumber":116,"author":{"gitId":"wang1351"},"content":"                    t \u003d new Deadline(description, by);","lastModifiedDate":"2022-02-11"},{"lineNumber":117,"author":{"gitId":"wang1351"},"content":"                    allTasks[taskCount] \u003d t;","lastModifiedDate":"2022-02-11"},{"lineNumber":118,"author":{"gitId":"wang1351"},"content":"                    taskCount +\u003d 1;","lastModifiedDate":"2022-02-11"},{"lineNumber":119,"author":{"gitId":"wang1351"},"content":"                    dialog.displayTask(t, taskCount);","lastModifiedDate":"2022-02-11"},{"lineNumber":120,"author":{"gitId":"wang1351"},"content":"                    break;","lastModifiedDate":"2022-02-11"},{"lineNumber":121,"author":{"gitId":"wang1351"},"content":"","lastModifiedDate":"2022-02-11"},{"lineNumber":122,"author":{"gitId":"wang1351"},"content":"                case \"event\":","lastModifiedDate":"2022-02-11"},{"lineNumber":123,"author":{"gitId":"wang1351"},"content":"                    try{","lastModifiedDate":"2022-02-11"},{"lineNumber":124,"author":{"gitId":"wang1351"},"content":"                        String[] str \u003d command.split(\" \");","lastModifiedDate":"2022-02-11"},{"lineNumber":125,"author":{"gitId":"wang1351"},"content":"                        if(str.length \u003c 2){","lastModifiedDate":"2022-02-11"},{"lineNumber":126,"author":{"gitId":"wang1351"},"content":"                            throw new DukeException();","lastModifiedDate":"2022-02-11"},{"lineNumber":127,"author":{"gitId":"wang1351"},"content":"                        }","lastModifiedDate":"2022-02-11"},{"lineNumber":128,"author":{"gitId":"wang1351"},"content":"                        detail \u003d command.replace(\"event \",\"\");","lastModifiedDate":"2022-02-11"},{"lineNumber":129,"author":{"gitId":"wang1351"},"content":"                        description \u003d detail.split(\"/at\")[0];","lastModifiedDate":"2022-02-11"},{"lineNumber":130,"author":{"gitId":"wang1351"},"content":"                        at \u003d detail.split(\"/at\")[1];","lastModifiedDate":"2022-02-11"},{"lineNumber":131,"author":{"gitId":"wang1351"},"content":"                        /**","lastModifiedDate":"2022-02-11"},{"lineNumber":132,"author":{"gitId":"wang1351"},"content":"                         * To avoid content with only spacing.","lastModifiedDate":"2022-02-11"},{"lineNumber":133,"author":{"gitId":"wang1351"},"content":"                         */","lastModifiedDate":"2022-02-11"},{"lineNumber":134,"author":{"gitId":"wang1351"},"content":"                        if(at.replace(\" \", \"\")\u003d\u003d\"\"){","lastModifiedDate":"2022-02-11"},{"lineNumber":135,"author":{"gitId":"wang1351"},"content":"                            throw new DukeException();","lastModifiedDate":"2022-02-11"},{"lineNumber":136,"author":{"gitId":"wang1351"},"content":"                        }","lastModifiedDate":"2022-02-11"},{"lineNumber":137,"author":{"gitId":"wang1351"},"content":"                    }catch (DukeException e){","lastModifiedDate":"2022-02-11"},{"lineNumber":138,"author":{"gitId":"wang1351"},"content":"                        dialog.raiseExceptionInEvent();","lastModifiedDate":"2022-02-11"},{"lineNumber":139,"author":{"gitId":"wang1351"},"content":"                        break;","lastModifiedDate":"2022-02-11"},{"lineNumber":140,"author":{"gitId":"wang1351"},"content":"                    }catch (ArrayIndexOutOfBoundsException e){","lastModifiedDate":"2022-02-11"},{"lineNumber":141,"author":{"gitId":"wang1351"},"content":"                        dialog.raiseExceptionInEvent();","lastModifiedDate":"2022-02-11"},{"lineNumber":142,"author":{"gitId":"wang1351"},"content":"                        break;","lastModifiedDate":"2022-02-11"},{"lineNumber":143,"author":{"gitId":"wang1351"},"content":"                    }","lastModifiedDate":"2022-02-11"},{"lineNumber":144,"author":{"gitId":"wang1351"},"content":"","lastModifiedDate":"2022-02-11"},{"lineNumber":145,"author":{"gitId":"wang1351"},"content":"                    t \u003d new Event(description, at);","lastModifiedDate":"2022-02-11"},{"lineNumber":146,"author":{"gitId":"wang1351"},"content":"                    allTasks[taskCount] \u003d t;","lastModifiedDate":"2022-02-11"},{"lineNumber":147,"author":{"gitId":"wang1351"},"content":"                    taskCount +\u003d 1;","lastModifiedDate":"2022-02-11"},{"lineNumber":148,"author":{"gitId":"wang1351"},"content":"                    dialog.displayTask(t, taskCount);","lastModifiedDate":"2022-02-11"},{"lineNumber":149,"author":{"gitId":"wang1351"},"content":"                    break;","lastModifiedDate":"2022-02-11"},{"lineNumber":150,"author":{"gitId":"wang1351"},"content":"","lastModifiedDate":"2022-02-11"},{"lineNumber":151,"author":{"gitId":"wang1351"},"content":"                default:","lastModifiedDate":"2022-02-11"},{"lineNumber":152,"author":{"gitId":"wang1351"},"content":"                    try{","lastModifiedDate":"2022-02-11"},{"lineNumber":153,"author":{"gitId":"wang1351"},"content":"                        throw new DukeException();","lastModifiedDate":"2022-02-11"},{"lineNumber":154,"author":{"gitId":"wang1351"},"content":"                    }catch (DukeException e){","lastModifiedDate":"2022-02-11"},{"lineNumber":155,"author":{"gitId":"wang1351"},"content":"                        dialog.raiseExceptionInCommand();","lastModifiedDate":"2022-02-11"},{"lineNumber":156,"author":{"gitId":"wang1351"},"content":"                    }","lastModifiedDate":"2022-02-11"},{"lineNumber":157,"author":{"gitId":"wang1351"},"content":"                    break;","lastModifiedDate":"2022-02-11"},{"lineNumber":158,"author":{"gitId":"wang1351"},"content":"            }","lastModifiedDate":"2022-02-11"},{"lineNumber":159,"author":{"gitId":"wang1351"},"content":"        }","lastModifiedDate":"2022-02-11"},{"lineNumber":160,"author":{"gitId":"wang1351"},"content":"    }","lastModifiedDate":"2022-02-11"},{"lineNumber":161,"author":{"gitId":"wang1351"},"content":"}","lastModifiedDate":"2022-02-11"}],"authorContributionMap":{"wang1351":161}},{"path":"src/Duke/tasks/Deadline.java","fileType":"java","lines":[{"lineNumber":1,"author":{"gitId":"wang1351"},"content":"package tasks;","lastModifiedDate":"2022-02-11"},{"lineNumber":2,"author":{"gitId":"wang1351"},"content":"","lastModifiedDate":"2022-02-11"},{"lineNumber":3,"author":{"gitId":"wang1351"},"content":"public class Deadline extends Task {","lastModifiedDate":"2022-02-03"},{"lineNumber":4,"author":{"gitId":"wang1351"},"content":"","lastModifiedDate":"2022-02-03"},{"lineNumber":5,"author":{"gitId":"wang1351"},"content":"    protected String by;","lastModifiedDate":"2022-02-03"},{"lineNumber":6,"author":{"gitId":"wang1351"},"content":"","lastModifiedDate":"2022-02-03"},{"lineNumber":7,"author":{"gitId":"wang1351"},"content":"    public Deadline(String description, String by) {","lastModifiedDate":"2022-02-03"},{"lineNumber":8,"author":{"gitId":"wang1351"},"content":"        super(description);","lastModifiedDate":"2022-02-03"},{"lineNumber":9,"author":{"gitId":"wang1351"},"content":"        this.by \u003d by;","lastModifiedDate":"2022-02-03"},{"lineNumber":10,"author":{"gitId":"wang1351"},"content":"    }","lastModifiedDate":"2022-02-03"},{"lineNumber":11,"author":{"gitId":"wang1351"},"content":"","lastModifiedDate":"2022-02-03"},{"lineNumber":12,"author":{"gitId":"wang1351"},"content":"    @Override","lastModifiedDate":"2022-02-03"},{"lineNumber":13,"author":{"gitId":"wang1351"},"content":"    public String toString() {","lastModifiedDate":"2022-02-03"},{"lineNumber":14,"author":{"gitId":"wang1351"},"content":"        return \"[D]\" + super.toString() + \" (by: \" + by + \")\";","lastModifiedDate":"2022-02-03"},{"lineNumber":15,"author":{"gitId":"wang1351"},"content":"    }","lastModifiedDate":"2022-02-03"},{"lineNumber":16,"author":{"gitId":"wang1351"},"content":"}","lastModifiedDate":"2022-02-03"}],"authorContributionMap":{"wang1351":16}},{"path":"src/Duke/tasks/Event.java","fileType":"java","lines":[{"lineNumber":1,"author":{"gitId":"wang1351"},"content":"package tasks;","lastModifiedDate":"2022-02-11"},{"lineNumber":2,"author":{"gitId":"wang1351"},"content":"","lastModifiedDate":"2022-02-11"},{"lineNumber":3,"author":{"gitId":"wang1351"},"content":"public class Event extends Task {","lastModifiedDate":"2022-02-03"},{"lineNumber":4,"author":{"gitId":"wang1351"},"content":"","lastModifiedDate":"2022-02-03"},{"lineNumber":5,"author":{"gitId":"wang1351"},"content":"    protected String at;","lastModifiedDate":"2022-02-03"},{"lineNumber":6,"author":{"gitId":"wang1351"},"content":"","lastModifiedDate":"2022-02-03"},{"lineNumber":7,"author":{"gitId":"wang1351"},"content":"    public Event(String description, String at) {","lastModifiedDate":"2022-02-03"},{"lineNumber":8,"author":{"gitId":"wang1351"},"content":"        super(description);","lastModifiedDate":"2022-02-03"},{"lineNumber":9,"author":{"gitId":"wang1351"},"content":"        this.at \u003d at;","lastModifiedDate":"2022-02-03"},{"lineNumber":10,"author":{"gitId":"wang1351"},"content":"    }","lastModifiedDate":"2022-02-03"},{"lineNumber":11,"author":{"gitId":"wang1351"},"content":"","lastModifiedDate":"2022-02-03"},{"lineNumber":12,"author":{"gitId":"wang1351"},"content":"    @Override","lastModifiedDate":"2022-02-03"},{"lineNumber":13,"author":{"gitId":"wang1351"},"content":"    public String toString() {","lastModifiedDate":"2022-02-03"},{"lineNumber":14,"author":{"gitId":"wang1351"},"content":"        return \"[E]\" + super.toString() + \" (at: \" + at + \")\";","lastModifiedDate":"2022-02-03"},{"lineNumber":15,"author":{"gitId":"wang1351"},"content":"    }","lastModifiedDate":"2022-02-03"},{"lineNumber":16,"author":{"gitId":"wang1351"},"content":"}","lastModifiedDate":"2022-02-03"}],"authorContributionMap":{"wang1351":16}},{"path":"src/Duke/tasks/Task.java","fileType":"java","lines":[{"lineNumber":1,"author":{"gitId":"wang1351"},"content":"package tasks;","lastModifiedDate":"2022-02-11"},{"lineNumber":2,"author":{"gitId":"wang1351"},"content":"","lastModifiedDate":"2022-02-11"},{"lineNumber":3,"author":{"gitId":"wang1351"},"content":"public class Task {","lastModifiedDate":"2022-01-25"},{"lineNumber":4,"author":{"gitId":"wang1351"},"content":"    protected String description;","lastModifiedDate":"2022-01-25"},{"lineNumber":5,"author":{"gitId":"wang1351"},"content":"    protected boolean isDone;","lastModifiedDate":"2022-01-25"},{"lineNumber":6,"author":{"gitId":"wang1351"},"content":"","lastModifiedDate":"2022-01-25"},{"lineNumber":7,"author":{"gitId":"wang1351"},"content":"    public Task(String description) {","lastModifiedDate":"2022-01-25"},{"lineNumber":8,"author":{"gitId":"wang1351"},"content":"        this.description \u003d description;","lastModifiedDate":"2022-01-25"},{"lineNumber":9,"author":{"gitId":"wang1351"},"content":"        this.isDone \u003d false;","lastModifiedDate":"2022-01-25"},{"lineNumber":10,"author":{"gitId":"wang1351"},"content":"    }","lastModifiedDate":"2022-01-25"},{"lineNumber":11,"author":{"gitId":"wang1351"},"content":"","lastModifiedDate":"2022-01-25"},{"lineNumber":12,"author":{"gitId":"wang1351"},"content":"    public String getStatusIcon() {","lastModifiedDate":"2022-01-25"},{"lineNumber":13,"author":{"gitId":"wang1351"},"content":"        return isDone ? \"X\" : \" \";","lastModifiedDate":"2022-02-03"},{"lineNumber":14,"author":{"gitId":"wang1351"},"content":"    }","lastModifiedDate":"2022-01-25"},{"lineNumber":15,"author":{"gitId":"wang1351"},"content":"","lastModifiedDate":"2022-01-25"},{"lineNumber":16,"author":{"gitId":"wang1351"},"content":"    public void markAsDone() {","lastModifiedDate":"2022-01-25"},{"lineNumber":17,"author":{"gitId":"wang1351"},"content":"        this.isDone \u003d true;","lastModifiedDate":"2022-01-25"},{"lineNumber":18,"author":{"gitId":"wang1351"},"content":"    }","lastModifiedDate":"2022-01-25"},{"lineNumber":19,"author":{"gitId":"wang1351"},"content":"","lastModifiedDate":"2022-01-25"},{"lineNumber":20,"author":{"gitId":"wang1351"},"content":"    public void markAsUnDone() {","lastModifiedDate":"2022-01-25"},{"lineNumber":21,"author":{"gitId":"wang1351"},"content":"        this.isDone \u003d false;","lastModifiedDate":"2022-01-25"},{"lineNumber":22,"author":{"gitId":"wang1351"},"content":"    }","lastModifiedDate":"2022-01-25"},{"lineNumber":23,"author":{"gitId":"wang1351"},"content":"","lastModifiedDate":"2022-01-25"},{"lineNumber":24,"author":{"gitId":"wang1351"},"content":"    @Override","lastModifiedDate":"2022-02-03"},{"lineNumber":25,"author":{"gitId":"wang1351"},"content":"    public String toString() {","lastModifiedDate":"2022-02-03"},{"lineNumber":26,"author":{"gitId":"wang1351"},"content":"        return \"[\" + getStatusIcon() + \"] \" + this.description;","lastModifiedDate":"2022-02-03"},{"lineNumber":27,"author":{"gitId":"wang1351"},"content":"    }","lastModifiedDate":"2022-01-25"},{"lineNumber":28,"author":{"gitId":"wang1351"},"content":"}","lastModifiedDate":"2022-01-25"}],"authorContributionMap":{"wang1351":28}},{"path":"src/Duke/tasks/Todo.java","fileType":"java","lines":[{"lineNumber":1,"author":{"gitId":"wang1351"},"content":"package tasks;","lastModifiedDate":"2022-02-11"},{"lineNumber":2,"author":{"gitId":"wang1351"},"content":"","lastModifiedDate":"2022-02-11"},{"lineNumber":3,"author":{"gitId":"wang1351"},"content":"public class Todo extends Task {","lastModifiedDate":"2022-02-03"},{"lineNumber":4,"author":{"gitId":"wang1351"},"content":"","lastModifiedDate":"2022-02-03"},{"lineNumber":5,"author":{"gitId":"wang1351"},"content":"    public Todo(String description) {","lastModifiedDate":"2022-02-03"},{"lineNumber":6,"author":{"gitId":"wang1351"},"content":"        super(description);","lastModifiedDate":"2022-02-03"},{"lineNumber":7,"author":{"gitId":"wang1351"},"content":"    }","lastModifiedDate":"2022-02-03"},{"lineNumber":8,"author":{"gitId":"wang1351"},"content":"","lastModifiedDate":"2022-02-03"},{"lineNumber":9,"author":{"gitId":"wang1351"},"content":"    @Override","lastModifiedDate":"2022-02-03"},{"lineNumber":10,"author":{"gitId":"wang1351"},"content":"    public String toString() {","lastModifiedDate":"2022-02-03"},{"lineNumber":11,"author":{"gitId":"wang1351"},"content":"        return \"[T]\" + super.toString();","lastModifiedDate":"2022-02-03"},{"lineNumber":12,"author":{"gitId":"wang1351"},"content":"    }","lastModifiedDate":"2022-02-03"},{"lineNumber":13,"author":{"gitId":"wang1351"},"content":"}","lastModifiedDate":"2022-02-03"}],"authorContributionMap":{"wang1351":13}},{"path":"src/Duke/utilities/DukeException.java","fileType":"java","lines":[{"lineNumber":1,"author":{"gitId":"wang1351"},"content":"package utilities;","lastModifiedDate":"2022-02-05"},{"lineNumber":2,"author":{"gitId":"wang1351"},"content":"","lastModifiedDate":"2022-02-05"},{"lineNumber":3,"author":{"gitId":"wang1351"},"content":"public class DukeException extends Exception {","lastModifiedDate":"2022-02-05"},{"lineNumber":4,"author":{"gitId":"wang1351"},"content":"","lastModifiedDate":"2022-02-05"},{"lineNumber":5,"author":{"gitId":"wang1351"},"content":"}","lastModifiedDate":"2022-02-05"}],"authorContributionMap":{"wang1351":5}}]
