[{"path":"src/main/java/Deadline.java","fileType":"java","lines":[{"lineNumber":1,"author":{"gitId":"heekit73098"},"content":"public class Deadline extends Task{","lastModifiedDate":"2022-01-30"},{"lineNumber":2,"author":{"gitId":"heekit73098"},"content":"    protected String deadline;","lastModifiedDate":"2022-01-30"},{"lineNumber":3,"author":{"gitId":"heekit73098"},"content":"    public Deadline(String name, boolean marked, String deadline){","lastModifiedDate":"2022-01-30"},{"lineNumber":4,"author":{"gitId":"heekit73098"},"content":"        super(name, marked);","lastModifiedDate":"2022-01-30"},{"lineNumber":5,"author":{"gitId":"heekit73098"},"content":"        this.deadline \u003d deadline;","lastModifiedDate":"2022-01-30"},{"lineNumber":6,"author":{"gitId":"heekit73098"},"content":"    }","lastModifiedDate":"2022-01-30"},{"lineNumber":7,"author":{"gitId":"heekit73098"},"content":"","lastModifiedDate":"2022-01-30"},{"lineNumber":8,"author":{"gitId":"heekit73098"},"content":"    public String getDeadline(){","lastModifiedDate":"2022-01-30"},{"lineNumber":9,"author":{"gitId":"heekit73098"},"content":"        return deadline;","lastModifiedDate":"2022-01-30"},{"lineNumber":10,"author":{"gitId":"heekit73098"},"content":"    }","lastModifiedDate":"2022-01-30"},{"lineNumber":11,"author":{"gitId":"heekit73098"},"content":"","lastModifiedDate":"2022-01-30"},{"lineNumber":12,"author":{"gitId":"heekit73098"},"content":"    public String toString(){","lastModifiedDate":"2022-01-30"},{"lineNumber":13,"author":{"gitId":"heekit73098"},"content":"        if (super.getMarked()){","lastModifiedDate":"2022-01-30"},{"lineNumber":14,"author":{"gitId":"heekit73098"},"content":"            return \" [D][X] \" + getName() + \" (by: \" + getDeadline() + \")\";","lastModifiedDate":"2022-01-30"},{"lineNumber":15,"author":{"gitId":"heekit73098"},"content":"        }else{","lastModifiedDate":"2022-01-30"},{"lineNumber":16,"author":{"gitId":"heekit73098"},"content":"            return \" [D][ ] \" + getName() + \" (by: \" + getDeadline() + \")\";","lastModifiedDate":"2022-01-30"},{"lineNumber":17,"author":{"gitId":"heekit73098"},"content":"        }","lastModifiedDate":"2022-01-30"},{"lineNumber":18,"author":{"gitId":"heekit73098"},"content":"    }","lastModifiedDate":"2022-01-30"},{"lineNumber":19,"author":{"gitId":"heekit73098"},"content":"}","lastModifiedDate":"2022-01-30"}],"authorContributionMap":{"heekit73098":19}},{"path":"src/main/java/Duke.java","fileType":"java","lines":[{"lineNumber":1,"author":{"gitId":"heekit73098"},"content":"import java.util.Scanner;","lastModifiedDate":"2022-01-26"},{"lineNumber":2,"author":{"gitId":"-"},"content":"public class Duke{","lastModifiedDate":"2019-07-29"},{"lineNumber":3,"author":{"gitId":"heekit73098"},"content":"    public static final String LINEBREAK \u003d \"____________________________________________________________\";","lastModifiedDate":"2022-02-06"},{"lineNumber":4,"author":{"gitId":"heekit73098"},"content":"    public static Task[] list \u003d new Task[100];","lastModifiedDate":"2022-02-06"},{"lineNumber":5,"author":{"gitId":"heekit73098"},"content":"    public static Scanner in \u003d new Scanner(System.in);","lastModifiedDate":"2022-02-06"},{"lineNumber":6,"author":{"gitId":"heekit73098"},"content":"    public static int taskCount \u003d 0;","lastModifiedDate":"2022-02-06"},{"lineNumber":7,"author":{"gitId":"heekit73098"},"content":"    public static void listTasks(){","lastModifiedDate":"2022-02-06"},{"lineNumber":8,"author":{"gitId":"heekit73098"},"content":"        System.out.println(LINEBREAK);","lastModifiedDate":"2022-02-06"},{"lineNumber":9,"author":{"gitId":"heekit73098"},"content":"        for (int j \u003d 0; j \u003c taskCount; j++){","lastModifiedDate":"2022-02-06"},{"lineNumber":10,"author":{"gitId":"heekit73098"},"content":"            System.out.println(Integer.toString(j + 1) + list[j]);","lastModifiedDate":"2022-01-30"},{"lineNumber":11,"author":{"gitId":"heekit73098"},"content":"        }","lastModifiedDate":"2022-01-26"},{"lineNumber":12,"author":{"gitId":"heekit73098"},"content":"        System.out.println(LINEBREAK);","lastModifiedDate":"2022-02-06"},{"lineNumber":13,"author":{"gitId":"heekit73098"},"content":"    }","lastModifiedDate":"2022-01-26"},{"lineNumber":14,"author":{"gitId":"heekit73098"},"content":"    public static void updateMarkTask(String line, boolean mark){","lastModifiedDate":"2022-02-06"},{"lineNumber":15,"author":{"gitId":"heekit73098"},"content":"        int index;","lastModifiedDate":"2022-01-26"},{"lineNumber":16,"author":{"gitId":"heekit73098"},"content":"        try{","lastModifiedDate":"2022-01-26"},{"lineNumber":17,"author":{"gitId":"heekit73098"},"content":"            index \u003d Integer.parseInt(line.split(\" \")[1]) - 1;","lastModifiedDate":"2022-01-26"},{"lineNumber":18,"author":{"gitId":"heekit73098"},"content":"            if (index \u003e\u003d taskCount || index \u003c 0){","lastModifiedDate":"2022-02-06"},{"lineNumber":19,"author":{"gitId":"heekit73098"},"content":"                throw new DukeException(\"Error: Task Index is out of bounds.\");","lastModifiedDate":"2022-02-06"},{"lineNumber":20,"author":{"gitId":"heekit73098"},"content":"            }","lastModifiedDate":"2022-02-06"},{"lineNumber":21,"author":{"gitId":"heekit73098"},"content":"        }catch (NumberFormatException e){","lastModifiedDate":"2022-01-26"},{"lineNumber":22,"author":{"gitId":"heekit73098"},"content":"            System.out.println(LINEBREAK);","lastModifiedDate":"2022-02-06"},{"lineNumber":23,"author":{"gitId":"heekit73098"},"content":"            System.out.println(\" Error: Invalid index (Not an integer).\");","lastModifiedDate":"2022-01-26"},{"lineNumber":24,"author":{"gitId":"heekit73098"},"content":"            System.out.println(LINEBREAK);","lastModifiedDate":"2022-02-06"},{"lineNumber":25,"author":{"gitId":"heekit73098"},"content":"            return;","lastModifiedDate":"2022-01-26"},{"lineNumber":26,"author":{"gitId":"heekit73098"},"content":"        }catch (DukeException e){","lastModifiedDate":"2022-02-06"},{"lineNumber":27,"author":{"gitId":"heekit73098"},"content":"            System.out.println(LINEBREAK);","lastModifiedDate":"2022-02-06"},{"lineNumber":28,"author":{"gitId":"heekit73098"},"content":"            System.out.println(e.getMessage());","lastModifiedDate":"2022-02-06"},{"lineNumber":29,"author":{"gitId":"heekit73098"},"content":"            System.out.println(LINEBREAK);","lastModifiedDate":"2022-02-06"},{"lineNumber":30,"author":{"gitId":"heekit73098"},"content":"            return;","lastModifiedDate":"2022-01-26"},{"lineNumber":31,"author":{"gitId":"heekit73098"},"content":"        }","lastModifiedDate":"2022-01-26"},{"lineNumber":32,"author":{"gitId":"heekit73098"},"content":"        System.out.println(LINEBREAK);","lastModifiedDate":"2022-02-06"},{"lineNumber":33,"author":{"gitId":"heekit73098"},"content":"        if (mark){","lastModifiedDate":"2022-01-26"},{"lineNumber":34,"author":{"gitId":"heekit73098"},"content":"            System.out.println(\" Nice! I\u0027ve marked this task as done:\");","lastModifiedDate":"2022-01-26"},{"lineNumber":35,"author":{"gitId":"heekit73098"},"content":"            System.out.println(\"  [X] \" + list[index].getName());","lastModifiedDate":"2022-01-26"},{"lineNumber":36,"author":{"gitId":"heekit73098"},"content":"        }else{","lastModifiedDate":"2022-01-26"},{"lineNumber":37,"author":{"gitId":"heekit73098"},"content":"            System.out.println(\" OK, I\u0027ve marked this task as not done yet:\");","lastModifiedDate":"2022-01-26"},{"lineNumber":38,"author":{"gitId":"heekit73098"},"content":"            System.out.println(\"  [ ] \" + list[index].getName());","lastModifiedDate":"2022-01-26"},{"lineNumber":39,"author":{"gitId":"heekit73098"},"content":"        }","lastModifiedDate":"2022-01-26"},{"lineNumber":40,"author":{"gitId":"heekit73098"},"content":"        System.out.println(LINEBREAK);","lastModifiedDate":"2022-02-06"},{"lineNumber":41,"author":{"gitId":"heekit73098"},"content":"        list[index].setMarked(mark);","lastModifiedDate":"2022-01-26"},{"lineNumber":42,"author":{"gitId":"heekit73098"},"content":"    }","lastModifiedDate":"2022-01-26"},{"lineNumber":43,"author":{"gitId":"heekit73098"},"content":"    public static void addNewTask(String line){","lastModifiedDate":"2022-02-06"},{"lineNumber":44,"author":{"gitId":"heekit73098"},"content":"        list[taskCount] \u003d new Task(line, false);","lastModifiedDate":"2022-02-06"},{"lineNumber":45,"author":{"gitId":"heekit73098"},"content":"        String taskType \u003d line.split(\" \")[0];","lastModifiedDate":"2022-01-30"},{"lineNumber":46,"author":{"gitId":"heekit73098"},"content":"        if (line.length() \u003e taskType.length()){","lastModifiedDate":"2022-02-06"},{"lineNumber":47,"author":{"gitId":"heekit73098"},"content":"            line \u003d line.substring(taskType.length() + 1);","lastModifiedDate":"2022-01-30"},{"lineNumber":48,"author":{"gitId":"heekit73098"},"content":"        }else{","lastModifiedDate":"2022-02-06"},{"lineNumber":49,"author":{"gitId":"heekit73098"},"content":"            line \u003d \"\";","lastModifiedDate":"2022-02-06"},{"lineNumber":50,"author":{"gitId":"heekit73098"},"content":"        }","lastModifiedDate":"2022-02-06"},{"lineNumber":51,"author":{"gitId":"heekit73098"},"content":"        try {","lastModifiedDate":"2022-02-06"},{"lineNumber":52,"author":{"gitId":"heekit73098"},"content":"            switch (taskType) {","lastModifiedDate":"2022-01-30"},{"lineNumber":53,"author":{"gitId":"heekit73098"},"content":"            case \"todo\":","lastModifiedDate":"2022-01-30"},{"lineNumber":54,"author":{"gitId":"heekit73098"},"content":"                if (line.equals(\"\")){","lastModifiedDate":"2022-02-06"},{"lineNumber":55,"author":{"gitId":"heekit73098"},"content":"                    throw new DukeException(\"Error: Argument of todo should not be empty.\");","lastModifiedDate":"2022-02-06"},{"lineNumber":56,"author":{"gitId":"heekit73098"},"content":"                }","lastModifiedDate":"2022-02-06"},{"lineNumber":57,"author":{"gitId":"heekit73098"},"content":"                list[taskCount] \u003d new Todo(line, false);","lastModifiedDate":"2022-02-06"},{"lineNumber":58,"author":{"gitId":"heekit73098"},"content":"                break;","lastModifiedDate":"2022-01-30"},{"lineNumber":59,"author":{"gitId":"heekit73098"},"content":"            case \"deadline\":","lastModifiedDate":"2022-01-30"},{"lineNumber":60,"author":{"gitId":"heekit73098"},"content":"                String[] taskNameAndDeadline \u003d line.split(\" /by \");","lastModifiedDate":"2022-01-30"},{"lineNumber":61,"author":{"gitId":"heekit73098"},"content":"                if (taskNameAndDeadline.length \u003c 2){","lastModifiedDate":"2022-02-06"},{"lineNumber":62,"author":{"gitId":"heekit73098"},"content":"                    throw new DukeException(\"Error: A Deadline Task should have the deadline.\");","lastModifiedDate":"2022-02-06"},{"lineNumber":63,"author":{"gitId":"heekit73098"},"content":"                }","lastModifiedDate":"2022-02-06"},{"lineNumber":64,"author":{"gitId":"heekit73098"},"content":"                list[taskCount] \u003d new Deadline(taskNameAndDeadline[0], false, taskNameAndDeadline[1]);","lastModifiedDate":"2022-02-06"},{"lineNumber":65,"author":{"gitId":"heekit73098"},"content":"                break;","lastModifiedDate":"2022-01-30"},{"lineNumber":66,"author":{"gitId":"heekit73098"},"content":"            case \"event\":","lastModifiedDate":"2022-01-30"},{"lineNumber":67,"author":{"gitId":"heekit73098"},"content":"                String[] taskNameAndTiming \u003d line.split(\" /at \");","lastModifiedDate":"2022-01-30"},{"lineNumber":68,"author":{"gitId":"heekit73098"},"content":"                if (taskNameAndTiming.length \u003c 2){","lastModifiedDate":"2022-02-06"},{"lineNumber":69,"author":{"gitId":"heekit73098"},"content":"                    throw new DukeException(\"Error: An Event Task should have the event timing.\");","lastModifiedDate":"2022-02-06"},{"lineNumber":70,"author":{"gitId":"heekit73098"},"content":"                }","lastModifiedDate":"2022-02-06"},{"lineNumber":71,"author":{"gitId":"heekit73098"},"content":"                list[taskCount] \u003d new Event(taskNameAndTiming[0], false, taskNameAndTiming[1]);","lastModifiedDate":"2022-02-06"},{"lineNumber":72,"author":{"gitId":"heekit73098"},"content":"                break;","lastModifiedDate":"2022-02-06"},{"lineNumber":73,"author":{"gitId":"heekit73098"},"content":"            default:","lastModifiedDate":"2022-02-06"},{"lineNumber":74,"author":{"gitId":"heekit73098"},"content":"                throw new DukeException(\"Error: Command not recognised.\");","lastModifiedDate":"2022-02-06"},{"lineNumber":75,"author":{"gitId":"heekit73098"},"content":"            }","lastModifiedDate":"2022-01-30"},{"lineNumber":76,"author":{"gitId":"heekit73098"},"content":"        }catch (DukeException e){","lastModifiedDate":"2022-02-06"},{"lineNumber":77,"author":{"gitId":"heekit73098"},"content":"            System.out.println(LINEBREAK);","lastModifiedDate":"2022-02-06"},{"lineNumber":78,"author":{"gitId":"heekit73098"},"content":"            System.out.println(e.getMessage());","lastModifiedDate":"2022-02-06"},{"lineNumber":79,"author":{"gitId":"heekit73098"},"content":"            System.out.println(LINEBREAK);","lastModifiedDate":"2022-02-06"},{"lineNumber":80,"author":{"gitId":"heekit73098"},"content":"            return;","lastModifiedDate":"2022-02-06"},{"lineNumber":81,"author":{"gitId":"heekit73098"},"content":"        }","lastModifiedDate":"2022-02-06"},{"lineNumber":82,"author":{"gitId":"heekit73098"},"content":"","lastModifiedDate":"2022-02-06"},{"lineNumber":83,"author":{"gitId":"heekit73098"},"content":"        System.out.println(LINEBREAK);","lastModifiedDate":"2022-02-06"},{"lineNumber":84,"author":{"gitId":"heekit73098"},"content":"        System.out.println(\" added: \" + list[taskCount]);","lastModifiedDate":"2022-02-06"},{"lineNumber":85,"author":{"gitId":"heekit73098"},"content":"        System.out.println(\" Total number of tasks now: \" + (taskCount + 1));","lastModifiedDate":"2022-02-06"},{"lineNumber":86,"author":{"gitId":"heekit73098"},"content":"        System.out.println(LINEBREAK);","lastModifiedDate":"2022-02-06"},{"lineNumber":87,"author":{"gitId":"heekit73098"},"content":"        taskCount++;","lastModifiedDate":"2022-02-06"},{"lineNumber":88,"author":{"gitId":"heekit73098"},"content":"    }","lastModifiedDate":"2022-01-26"},{"lineNumber":89,"author":{"gitId":"heekit73098"},"content":"    public static void waitForInput(){","lastModifiedDate":"2022-02-06"},{"lineNumber":90,"author":{"gitId":"heekit73098"},"content":"        while (true){","lastModifiedDate":"2022-01-26"},{"lineNumber":91,"author":{"gitId":"heekit73098"},"content":"            String line \u003d in.nextLine();","lastModifiedDate":"2022-01-26"},{"lineNumber":92,"author":{"gitId":"heekit73098"},"content":"            if (line.equals(\"bye\")){","lastModifiedDate":"2022-01-26"},{"lineNumber":93,"author":{"gitId":"heekit73098"},"content":"                break;","lastModifiedDate":"2022-01-26"},{"lineNumber":94,"author":{"gitId":"heekit73098"},"content":"            }","lastModifiedDate":"2022-01-26"},{"lineNumber":95,"author":{"gitId":"heekit73098"},"content":"            if (line.equals(\"list\")){","lastModifiedDate":"2022-01-26"},{"lineNumber":96,"author":{"gitId":"heekit73098"},"content":"                listTasks();","lastModifiedDate":"2022-02-06"},{"lineNumber":97,"author":{"gitId":"heekit73098"},"content":"            }else if (line.split(\" \")[0].equals(\"mark\")){","lastModifiedDate":"2022-01-26"},{"lineNumber":98,"author":{"gitId":"heekit73098"},"content":"                updateMarkTask(line, true);","lastModifiedDate":"2022-02-06"},{"lineNumber":99,"author":{"gitId":"heekit73098"},"content":"            }else if (line.split(\" \")[0].equals(\"unmark\")){","lastModifiedDate":"2022-01-26"},{"lineNumber":100,"author":{"gitId":"heekit73098"},"content":"                updateMarkTask(line, false);","lastModifiedDate":"2022-02-06"},{"lineNumber":101,"author":{"gitId":"heekit73098"},"content":"            }else{","lastModifiedDate":"2022-01-26"},{"lineNumber":102,"author":{"gitId":"heekit73098"},"content":"                addNewTask(line);","lastModifiedDate":"2022-02-06"},{"lineNumber":103,"author":{"gitId":"heekit73098"},"content":"            }","lastModifiedDate":"2022-01-26"},{"lineNumber":104,"author":{"gitId":"heekit73098"},"content":"","lastModifiedDate":"2022-01-26"},{"lineNumber":105,"author":{"gitId":"heekit73098"},"content":"        }","lastModifiedDate":"2022-01-26"},{"lineNumber":106,"author":{"gitId":"heekit73098"},"content":"    }","lastModifiedDate":"2022-01-26"},{"lineNumber":107,"author":{"gitId":"heekit73098"},"content":"    public static void main(String[] args){","lastModifiedDate":"2022-01-26"},{"lineNumber":108,"author":{"gitId":"-"},"content":"        String logo \u003d \" ____        _        \\n\"","lastModifiedDate":"2022-01-26"},{"lineNumber":109,"author":{"gitId":"-"},"content":"                + \"|  _ \\\\ _   _| | _____ \\n\"","lastModifiedDate":"2022-01-26"},{"lineNumber":110,"author":{"gitId":"-"},"content":"                + \"| | | | | | | |/ / _ \\\\\\n\"","lastModifiedDate":"2022-01-26"},{"lineNumber":111,"author":{"gitId":"-"},"content":"                + \"| |_| | |_| |   \u003c  __/\\n\"","lastModifiedDate":"2022-01-26"},{"lineNumber":112,"author":{"gitId":"-"},"content":"                + \"|____/ \\\\__,_|_|\\\\_\\\\___|\\n\";","lastModifiedDate":"2022-01-26"},{"lineNumber":113,"author":{"gitId":"-"},"content":"        System.out.println(\"Hello from\\n\" + logo);","lastModifiedDate":"2022-01-26"},{"lineNumber":114,"author":{"gitId":"heekit73098"},"content":"        System.out.println(LINEBREAK);","lastModifiedDate":"2022-02-06"},{"lineNumber":115,"author":{"gitId":"heekit73098"},"content":"        System.out.println(\" Hello! I\u0027m Duke\\n What can I do for you?\");","lastModifiedDate":"2022-01-26"},{"lineNumber":116,"author":{"gitId":"heekit73098"},"content":"        System.out.println(LINEBREAK);","lastModifiedDate":"2022-02-06"},{"lineNumber":117,"author":{"gitId":"heekit73098"},"content":"","lastModifiedDate":"2022-01-26"},{"lineNumber":118,"author":{"gitId":"heekit73098"},"content":"        waitForInput();","lastModifiedDate":"2022-02-06"},{"lineNumber":119,"author":{"gitId":"heekit73098"},"content":"        System.out.println(LINEBREAK);","lastModifiedDate":"2022-02-06"},{"lineNumber":120,"author":{"gitId":"heekit73098"},"content":"        System.out.println(\" Bye. Hope to see you again soon!\");","lastModifiedDate":"2022-01-26"},{"lineNumber":121,"author":{"gitId":"heekit73098"},"content":"        System.out.println(LINEBREAK);","lastModifiedDate":"2022-02-06"},{"lineNumber":122,"author":{"gitId":"-"},"content":"    }","lastModifiedDate":"2019-07-29"},{"lineNumber":123,"author":{"gitId":"-"},"content":"}","lastModifiedDate":"2019-07-29"}],"authorContributionMap":{"heekit73098":114,"-":9}},{"path":"src/main/java/DukeException.java","fileType":"java","lines":[{"lineNumber":1,"author":{"gitId":"heekit73098"},"content":"public class DukeException extends Exception{","lastModifiedDate":"2022-02-06"},{"lineNumber":2,"author":{"gitId":"heekit73098"},"content":"    public DukeException(String message){","lastModifiedDate":"2022-02-06"},{"lineNumber":3,"author":{"gitId":"heekit73098"},"content":"        super(message);","lastModifiedDate":"2022-02-06"},{"lineNumber":4,"author":{"gitId":"heekit73098"},"content":"    }","lastModifiedDate":"2022-02-06"},{"lineNumber":5,"author":{"gitId":"heekit73098"},"content":"}","lastModifiedDate":"2022-02-06"}],"authorContributionMap":{"heekit73098":5}},{"path":"src/main/java/Event.java","fileType":"java","lines":[{"lineNumber":1,"author":{"gitId":"heekit73098"},"content":"public class Event extends Task{","lastModifiedDate":"2022-01-30"},{"lineNumber":2,"author":{"gitId":"heekit73098"},"content":"    protected String eventTime;","lastModifiedDate":"2022-01-30"},{"lineNumber":3,"author":{"gitId":"heekit73098"},"content":"    public Event(String name, boolean marked, String eventTime){","lastModifiedDate":"2022-01-30"},{"lineNumber":4,"author":{"gitId":"heekit73098"},"content":"        super(name, marked);","lastModifiedDate":"2022-01-30"},{"lineNumber":5,"author":{"gitId":"heekit73098"},"content":"        this.eventTime \u003d eventTime;","lastModifiedDate":"2022-01-30"},{"lineNumber":6,"author":{"gitId":"heekit73098"},"content":"    }","lastModifiedDate":"2022-01-30"},{"lineNumber":7,"author":{"gitId":"heekit73098"},"content":"","lastModifiedDate":"2022-01-30"},{"lineNumber":8,"author":{"gitId":"heekit73098"},"content":"    public String getEventTime(){","lastModifiedDate":"2022-01-30"},{"lineNumber":9,"author":{"gitId":"heekit73098"},"content":"        return eventTime;","lastModifiedDate":"2022-01-30"},{"lineNumber":10,"author":{"gitId":"heekit73098"},"content":"    }","lastModifiedDate":"2022-01-30"},{"lineNumber":11,"author":{"gitId":"heekit73098"},"content":"","lastModifiedDate":"2022-01-30"},{"lineNumber":12,"author":{"gitId":"heekit73098"},"content":"    public String toString(){","lastModifiedDate":"2022-01-30"},{"lineNumber":13,"author":{"gitId":"heekit73098"},"content":"        if (super.getMarked()){","lastModifiedDate":"2022-01-30"},{"lineNumber":14,"author":{"gitId":"heekit73098"},"content":"            return \" [E][X] \" + getName() + \" (at: \" + getEventTime() + \")\";","lastModifiedDate":"2022-01-30"},{"lineNumber":15,"author":{"gitId":"heekit73098"},"content":"        }else{","lastModifiedDate":"2022-01-30"},{"lineNumber":16,"author":{"gitId":"heekit73098"},"content":"            return \" [E][ ] \" + getName() + \" (at: \" + getEventTime() + \")\";","lastModifiedDate":"2022-01-30"},{"lineNumber":17,"author":{"gitId":"heekit73098"},"content":"        }","lastModifiedDate":"2022-01-30"},{"lineNumber":18,"author":{"gitId":"heekit73098"},"content":"    }","lastModifiedDate":"2022-01-30"},{"lineNumber":19,"author":{"gitId":"heekit73098"},"content":"}","lastModifiedDate":"2022-01-30"}],"authorContributionMap":{"heekit73098":19}},{"path":"src/main/java/Task.java","fileType":"java","lines":[{"lineNumber":1,"author":{"gitId":"heekit73098"},"content":"public class Task {","lastModifiedDate":"2022-01-26"},{"lineNumber":2,"author":{"gitId":"heekit73098"},"content":"    private String name;","lastModifiedDate":"2022-01-26"},{"lineNumber":3,"author":{"gitId":"heekit73098"},"content":"    private boolean isMarked \u003d false;","lastModifiedDate":"2022-02-02"},{"lineNumber":4,"author":{"gitId":"heekit73098"},"content":"","lastModifiedDate":"2022-01-26"},{"lineNumber":5,"author":{"gitId":"heekit73098"},"content":"    public String getName(){","lastModifiedDate":"2022-01-26"},{"lineNumber":6,"author":{"gitId":"heekit73098"},"content":"        return name;","lastModifiedDate":"2022-01-26"},{"lineNumber":7,"author":{"gitId":"heekit73098"},"content":"    }","lastModifiedDate":"2022-01-26"},{"lineNumber":8,"author":{"gitId":"heekit73098"},"content":"","lastModifiedDate":"2022-01-26"},{"lineNumber":9,"author":{"gitId":"heekit73098"},"content":"    public void setName(String name){","lastModifiedDate":"2022-01-26"},{"lineNumber":10,"author":{"gitId":"heekit73098"},"content":"        this.name \u003d name;","lastModifiedDate":"2022-01-26"},{"lineNumber":11,"author":{"gitId":"heekit73098"},"content":"    }","lastModifiedDate":"2022-01-26"},{"lineNumber":12,"author":{"gitId":"heekit73098"},"content":"","lastModifiedDate":"2022-01-26"},{"lineNumber":13,"author":{"gitId":"heekit73098"},"content":"    public boolean getMarked(){","lastModifiedDate":"2022-01-26"},{"lineNumber":14,"author":{"gitId":"heekit73098"},"content":"        return isMarked;","lastModifiedDate":"2022-02-02"},{"lineNumber":15,"author":{"gitId":"heekit73098"},"content":"    }","lastModifiedDate":"2022-01-26"},{"lineNumber":16,"author":{"gitId":"heekit73098"},"content":"","lastModifiedDate":"2022-01-26"},{"lineNumber":17,"author":{"gitId":"heekit73098"},"content":"    public void setMarked(boolean marked){","lastModifiedDate":"2022-01-26"},{"lineNumber":18,"author":{"gitId":"heekit73098"},"content":"        this.isMarked \u003d marked;","lastModifiedDate":"2022-02-02"},{"lineNumber":19,"author":{"gitId":"heekit73098"},"content":"    }","lastModifiedDate":"2022-01-26"},{"lineNumber":20,"author":{"gitId":"heekit73098"},"content":"","lastModifiedDate":"2022-01-26"},{"lineNumber":21,"author":{"gitId":"heekit73098"},"content":"    public Task(String name, boolean isMarked){","lastModifiedDate":"2022-02-02"},{"lineNumber":22,"author":{"gitId":"heekit73098"},"content":"        this.name \u003d name;","lastModifiedDate":"2022-01-26"},{"lineNumber":23,"author":{"gitId":"heekit73098"},"content":"        this.isMarked \u003d isMarked;","lastModifiedDate":"2022-02-02"},{"lineNumber":24,"author":{"gitId":"heekit73098"},"content":"    }","lastModifiedDate":"2022-01-26"},{"lineNumber":25,"author":{"gitId":"heekit73098"},"content":"    public String toString(){","lastModifiedDate":"2022-01-30"},{"lineNumber":26,"author":{"gitId":"heekit73098"},"content":"        return \" [ ][ ] \" + getName();","lastModifiedDate":"2022-01-30"},{"lineNumber":27,"author":{"gitId":"heekit73098"},"content":"    }","lastModifiedDate":"2022-01-30"},{"lineNumber":28,"author":{"gitId":"heekit73098"},"content":"}","lastModifiedDate":"2022-01-26"}],"authorContributionMap":{"heekit73098":28}},{"path":"src/main/java/Todo.java","fileType":"java","lines":[{"lineNumber":1,"author":{"gitId":"heekit73098"},"content":"public class Todo extends Task{","lastModifiedDate":"2022-01-30"},{"lineNumber":2,"author":{"gitId":"heekit73098"},"content":"    public Todo(String name, boolean marked){","lastModifiedDate":"2022-01-30"},{"lineNumber":3,"author":{"gitId":"heekit73098"},"content":"        super(name,marked);","lastModifiedDate":"2022-01-30"},{"lineNumber":4,"author":{"gitId":"heekit73098"},"content":"    }","lastModifiedDate":"2022-01-30"},{"lineNumber":5,"author":{"gitId":"heekit73098"},"content":"    public String toString(){","lastModifiedDate":"2022-01-30"},{"lineNumber":6,"author":{"gitId":"heekit73098"},"content":"        if (super.getMarked()){","lastModifiedDate":"2022-01-30"},{"lineNumber":7,"author":{"gitId":"heekit73098"},"content":"            return \" [T][X] \" + getName();","lastModifiedDate":"2022-01-30"},{"lineNumber":8,"author":{"gitId":"heekit73098"},"content":"        }else{","lastModifiedDate":"2022-01-30"},{"lineNumber":9,"author":{"gitId":"heekit73098"},"content":"            return \" [T][ ] \" + getName();","lastModifiedDate":"2022-01-30"},{"lineNumber":10,"author":{"gitId":"heekit73098"},"content":"        }","lastModifiedDate":"2022-01-30"},{"lineNumber":11,"author":{"gitId":"heekit73098"},"content":"    }","lastModifiedDate":"2022-01-30"},{"lineNumber":12,"author":{"gitId":"heekit73098"},"content":"}","lastModifiedDate":"2022-01-30"}],"authorContributionMap":{"heekit73098":12}},{"path":"text-ui-test/input.txt","fileType":"txt","lines":[{"lineNumber":1,"author":{"gitId":"heekit73098"},"content":"todo borrow book","lastModifiedDate":"2022-02-02"},{"lineNumber":2,"author":{"gitId":"heekit73098"},"content":"list","lastModifiedDate":"2022-02-02"},{"lineNumber":3,"author":{"gitId":"heekit73098"},"content":"deadline return book /by Sunday","lastModifiedDate":"2022-02-02"},{"lineNumber":4,"author":{"gitId":"heekit73098"},"content":"event project meeting /at Mon 2-4pm","lastModifiedDate":"2022-02-02"},{"lineNumber":5,"author":{"gitId":"heekit73098"},"content":"list","lastModifiedDate":"2022-02-02"}],"authorContributionMap":{"heekit73098":5}}]
