{"authorDailyContributionsMap":{"heekit73098":[{"date":"2022-01-20","commitResults":[{"hash":"868f1887964277c9e32aac2e9db8bce8bce9b4e6","messageTitle":"Update Duke.java","messageBody":"","tags":["Level-0"],"fileTypesAndContributionMap":{"java":{"insertions":5,"deletions":0}}}]},{"date":"2022-01-26","commitResults":[{"hash":"7f706db5f3029da464bfb454f2e0754a9f4b4470","messageTitle":"Update Duke.java","messageBody":"","tags":["Level-1"],"fileTypesAndContributionMap":{"java":{"insertions":13,"deletions":0}}},{"hash":"a91f0e8a660054285a5acfd6fc57c6a2e315754f","messageTitle":"Update Duke.java","messageBody":"","tags":["Level-2"],"fileTypesAndContributionMap":{"java":{"insertions":17,"deletions":4}}},{"hash":"b0db68667a2c2859834eea9c434afd8d7f471799","messageTitle":"Level-3","messageBody":"","tags":["Level-3","A-CodingStandard"],"fileTypesAndContributionMap":{"java":{"insertions":91,"deletions":22}}}]},{"date":"2022-01-30","commitResults":[{"hash":"a98af22fb5996ec1cf7c8b96d5f795c3fa3f0bf4","messageTitle":"Level-4: ToDos, Events, Deadlines","messageBody":"","tags":["Level-4","A-TextUiTesting"],"fileTypesAndContributionMap":{"java":{"insertions":70,"deletions":6}}}]},{"date":"2022-02-02","commitResults":[{"hash":"5199555f0c5b66913a4a15f5b229f63e073c677b","messageTitle":"Fixed Code Quality","messageBody":"","tags":["A-CodeQuality"],"fileTypesAndContributionMap":{"txt":{"insertions":5,"deletions":0},"java":{"insertions":5,"deletions":5}}}]},{"date":"2022-02-06","commitResults":[{"hash":"531ca533e546d8671e388132f685dad3778c2ebb","messageTitle":"Level-5: Handle Errors","messageBody":"","tags":["Level-5","A-Exceptions"],"fileTypesAndContributionMap":{"java":{"insertions":88,"deletions":56}}}]},{"date":"2022-02-09","commitResults":[{"hash":"2203dd76099b31a4a0c36dc707f541619bd99882","messageTitle":"Organise Classes into Packages","messageBody":"","tags":["A-Packages"],"fileTypesAndContributionMap":{"java":{"insertions":13,"deletions":0}}}]},{"date":"2022-02-15","commitResults":[{"hash":"eaa4befa7f333b5993ef05598847b48b8648bde8","messageTitle":"Add support for deleting tasks from the list.","messageBody":"","tags":["Level-6","A-Collections"],"fileTypesAndContributionMap":{"java":{"insertions":39,"deletions":10}}},{"hash":"8ae3e4bfdc56e9d3906089c390e537f622cd4c99","messageTitle":"Level 7: Added support for saving data in txt","messageBody":"","tags":["A-Jar"],"fileTypesAndContributionMap":{"java":{"insertions":43,"deletions":1}}}]},{"date":"2022-02-16","commitResults":[{"hash":"9dc4f8ba4d3d354e1b2afaa9ec41e99f23a8ab17","messageTitle":"Level-7","messageBody":"","fileTypesAndContributionMap":{"java":{"insertions":1,"deletions":6}}}]},{"date":"2022-02-17","commitResults":[{"hash":"7a5522a415e5f27c53063a38317cf67ab982fff2","messageTitle":"Edited Level-7: Save","messageBody":"","tags":["Level-7"],"fileTypesAndContributionMap":{"java":{"insertions":45,"deletions":6}}}]},{"date":"2022-02-23","commitResults":[{"hash":"95d587a67470da937d537e3dda28786a5cda7724","messageTitle":"Improved Code Quality based on comments","messageBody":"","fileTypesAndContributionMap":{"java":{"insertions":82,"deletions":64}}},{"hash":"7c9c2af7b0abc5a3a1bdfd63160ed822d4b40cdc","messageTitle":"Add More OOP","messageBody":"","tags":["A-MoreOOP"],"fileTypesAndContributionMap":{"java":{"insertions":341,"deletions":241}}}]},{"date":"2022-02-24","commitResults":[{"hash":"d026ef49f4828918adac61aeb66e87ba1701485d","messageTitle":"Add Level-8","messageBody":"","fileTypesAndContributionMap":{"java":{"insertions":217,"deletions":67}}},{"hash":"674ddc453b0cc6fbcc3e829e94fd53a389c98bb6","messageTitle":"Add Level-9","messageBody":"","fileTypesAndContributionMap":{"java":{"insertions":34,"deletions":7}}}]},{"date":"2022-02-28","commitResults":[{"hash":"fd04735e0a73317a3b89766db737036154b55f9a","messageTitle":"Added JavaDoc for most non-trivial methods","messageBody":"","fileTypesAndContributionMap":{"java":{"insertions":331,"deletions":61}}}]}]},"authorFileTypeContributionMap":{"heekit73098":{"java":858,"md":0,"fxml":0,"sh":0,"bat":0,"gradle":0,"txt":5}},"authorContributionVariance":{"heekit73098":16576.15},"authorDisplayNameMap":{"heekit73098":"CS2113T-T10-3 BANG.. KIT"}}
