{"authorDailyContributionsMap":{"1szheng":[{"date":"2022-01-14","commitResults":[{"hash":"a0a4d53066662ae7da15c865fee011a44ef2ff10","messageTitle":"Rename Duke to Bob Add greet and bye","messageBody":"","tags":["Level-0"],"fileTypesAndContributionMap":{"java":{"insertions":19,"deletions":10}}}]},{"date":"2022-01-22","commitResults":[{"hash":"a22fa8349958509099c394182448019759283bfc","messageTitle":"Add Greet, Echo, Exit","messageBody":"","tags":["Level-1"],"fileTypesAndContributionMap":{"java":{"insertions":47,"deletions":14}}},{"hash":"177f00f3407ccfe794b977b3288e20b09c1c9699","messageTitle":"Add task array, list","messageBody":"","tags":["Level-2"],"fileTypesAndContributionMap":{"java":{"insertions":20,"deletions":2}}},{"hash":"2bc416097730eb647d8d62ff867dbd78c859bb77","messageTitle":"Add Task class Add checklist marking","messageBody":"","tags":["Level-3","A-Classes"],"fileTypesAndContributionMap":{"java":{"insertions":79,"deletions":8}}},{"hash":"96e0e04e42dccf58d79ee55e2106b75c6410ed1f","messageTitle":"Add javadoc Polish coding style","messageBody":"","tags":["A-CodingStandard"],"fileTypesAndContributionMap":{"java":{"insertions":83,"deletions":22}}}]},{"date":"2022-01-29","commitResults":[{"hash":"fec8811556af3b6f29e69eae8d361b1eee71baee","messageTitle":"Add inheritance todos, deadlines, events for tasks and improve code quality","messageBody":"","tags":["Level-4","A-CodeQuality"],"fileTypesAndContributionMap":{"java":{"insertions":184,"deletions":19}}},{"hash":"158845b8420cc7791ef0915f9c4355d7b2a3b10e","messageTitle":"Revert \"Add inheritance todos, deadlines, events for tasks and improve code quality\"","messageBody":"This reverts commit fec8811556af3b6f29e69eae8d361b1eee71baee.\n","fileTypesAndContributionMap":{"java":{"insertions":19,"deletions":184}}},{"hash":"d82ff6fe9277e74269478c5c7e5a078e9ac2db0c","messageTitle":"Revert \"Revert \"Add inheritance todos, deadlines, events for tasks and improve code quality\"\"","messageBody":"This reverts commit 158845b8420cc7791ef0915f9c4355d7b2a3b10e.\n","fileTypesAndContributionMap":{"java":{"insertions":184,"deletions":19}}},{"hash":"c9d3e6f99ea8682d53c917bb8902636eb5df6a4c","messageTitle":"Amend class selection for task creation","messageBody":"","fileTypesAndContributionMap":{"java":{"insertions":3,"deletions":2}}}]},{"date":"2022-01-30","commitResults":[{"hash":"1d1841fe227c033556c4b751f3b9b6a9d3dd45e6","messageTitle":"Update automated tests","messageBody":"","tags":["A-TextUiTesting"],"fileTypesAndContributionMap":{"txt":{"insertions":6,"deletions":0},"bat":{"insertions":1,"deletions":1}}},{"hash":"90f87f512469e4538f55e0b962422cb4821a0f36","messageTitle":"Update methods to improve code quality","messageBody":"","fileTypesAndContributionMap":{"java":{"insertions":66,"deletions":24}}},{"hash":"b1225eea4d3aad5ab41d9be9f1a5e6ce10a5c125","messageTitle":"Improve code quality Add static messages and numbers Factorize functions","messageBody":"","fileTypesAndContributionMap":{"java":{"insertions":160,"deletions":80}}}]}]},"authorFileTypeContributionMap":{"1szheng":{"java":490,"md":0,"fxml":0,"sh":0,"bat":1,"gradle":0,"txt":6}},"authorContributionVariance":{"1szheng":27935.87},"authorDisplayNameMap":{"1szheng":"T10-2 WAN ..HENG"}}
