{"authorDailyContributionsMap":{"1szheng":[{"date":"2022-01-14","commitResults":[{"hash":"a0a4d53066662ae7da15c865fee011a44ef2ff10","messageTitle":"Rename Duke to Bob Add greet and bye","messageBody":"","tags":["Level-0"],"fileTypesAndContributionMap":{"java":{"insertions":19,"deletions":10}}}]},{"date":"2022-01-22","commitResults":[{"hash":"a22fa8349958509099c394182448019759283bfc","messageTitle":"Add Greet, Echo, Exit","messageBody":"","tags":["Level-1"],"fileTypesAndContributionMap":{"java":{"insertions":47,"deletions":14}}},{"hash":"177f00f3407ccfe794b977b3288e20b09c1c9699","messageTitle":"Add task array, list","messageBody":"","tags":["Level-2"],"fileTypesAndContributionMap":{"java":{"insertions":20,"deletions":2}}},{"hash":"2bc416097730eb647d8d62ff867dbd78c859bb77","messageTitle":"Add Task class Add checklist marking","messageBody":"","tags":["Level-3","A-Classes"],"fileTypesAndContributionMap":{"java":{"insertions":79,"deletions":8}}},{"hash":"96e0e04e42dccf58d79ee55e2106b75c6410ed1f","messageTitle":"Add javadoc Polish coding style","messageBody":"","tags":["A-CodingStandard"],"fileTypesAndContributionMap":{"java":{"insertions":83,"deletions":22}}}]},{"date":"2022-01-29","commitResults":[{"hash":"fec8811556af3b6f29e69eae8d361b1eee71baee","messageTitle":"Add inheritance todos, deadlines, events for tasks and improve code quality","messageBody":"","tags":["Level-4","A-CodeQuality"],"fileTypesAndContributionMap":{"java":{"insertions":184,"deletions":19}}},{"hash":"158845b8420cc7791ef0915f9c4355d7b2a3b10e","messageTitle":"Revert \"Add inheritance todos, deadlines, events for tasks and improve code quality\"","messageBody":"This reverts commit fec8811556af3b6f29e69eae8d361b1eee71baee.\n","fileTypesAndContributionMap":{"java":{"insertions":19,"deletions":184}}},{"hash":"d82ff6fe9277e74269478c5c7e5a078e9ac2db0c","messageTitle":"Revert \"Revert \"Add inheritance todos, deadlines, events for tasks and improve code quality\"\"","messageBody":"This reverts commit 158845b8420cc7791ef0915f9c4355d7b2a3b10e.\n","fileTypesAndContributionMap":{"java":{"insertions":184,"deletions":19}}},{"hash":"c9d3e6f99ea8682d53c917bb8902636eb5df6a4c","messageTitle":"Amend class selection for task creation","messageBody":"","fileTypesAndContributionMap":{"java":{"insertions":3,"deletions":2}}}]},{"date":"2022-01-30","commitResults":[{"hash":"1d1841fe227c033556c4b751f3b9b6a9d3dd45e6","messageTitle":"Update automated tests","messageBody":"","tags":["A-TextUiTesting"],"fileTypesAndContributionMap":{"txt":{"insertions":6,"deletions":0},"bat":{"insertions":1,"deletions":1}}},{"hash":"90f87f512469e4538f55e0b962422cb4821a0f36","messageTitle":"Update methods to improve code quality","messageBody":"","fileTypesAndContributionMap":{"java":{"insertions":66,"deletions":24}}},{"hash":"b1225eea4d3aad5ab41d9be9f1a5e6ce10a5c125","messageTitle":"Improve code quality Add static messages and numbers Factorize functions","messageBody":"","fileTypesAndContributionMap":{"java":{"insertions":160,"deletions":80}}}]},{"date":"2022-02-05","commitResults":[{"hash":"032240ae6d7be6051db894a4b489c331607e8d9c","messageTitle":"Factorize functions for code quality","messageBody":"","fileTypesAndContributionMap":{"java":{"insertions":107,"deletions":84}}},{"hash":"365b69953336ccc1d542673f1e077d20ebe01edf","messageTitle":"Add error and exception handling","messageBody":"","tags":["A-Exceptions"],"fileTypesAndContributionMap":{"java":{"insertions":34,"deletions":32}}},{"hash":"81fae2db1fb5fdeafbda1b21c1975578201d43fa","messageTitle":"Add packages","messageBody":"","fileTypesAndContributionMap":{"java":{"insertions":323,"deletions":317}}},{"hash":"0ec7673bc9c540e3c61cf46a8d66c3325c61d97f","messageTitle":"Update UI testing","messageBody":"","fileTypesAndContributionMap":{"txt":{"insertions":104,"deletions":1},"java":{"insertions":8,"deletions":7}}},{"hash":"d4ec10e5eb12d5997b7e16274fe837492cdbb3b3","messageTitle":"Add exception and refactor functions","messageBody":"","fileTypesAndContributionMap":{"java":{"insertions":39,"deletions":8}}}]},{"date":"2022-02-11","commitResults":[{"hash":"c39e2c7d58356b04f5747fc7ba748fa0f9f0b9bb","messageTitle":"Update packages","messageBody":"","fileTypesAndContributionMap":{"java":{"insertions":25,"deletions":23},"bat":{"insertions":2,"deletions":2}}},{"hash":"23848323b03c04b962d53cbf63c47cfd99e78d72","messageTitle":"Fix typo","messageBody":"","fileTypesAndContributionMap":{"java":{"insertions":1,"deletions":1}}},{"hash":"31262fdc8ad7590bb153b83854ec629381676b73","messageTitle":"Add delete function and ArrayList generics","messageBody":"","fileTypesAndContributionMap":{"java":{"insertions":56,"deletions":19}}},{"hash":"287aaf862b6b09bfb6cb01ad4a43928a489cd696","messageTitle":"Add additional constructors to be used for saving and loading data","messageBody":"","fileTypesAndContributionMap":{"java":{"insertions":47,"deletions":1}}},{"hash":"1933909547973c00750e659e88d3bebd6b629f60","messageTitle":"Add saving and loading functions","messageBody":"","fileTypesAndContributionMap":{"txt":{"insertions":5,"deletions":0},"java":{"insertions":230,"deletions":0}}}]},{"date":"2022-02-12","commitResults":[{"hash":"800db05f314d64e5a19f45b24fb58531d20b781f","messageTitle":"Update generics","messageBody":"","tags":["Level-7","Level-6","A-Collections"],"fileTypesAndContributionMap":{"txt":{"insertions":3,"deletions":3},"java":{"insertions":17,"deletions":30}}},{"hash":"220532a3d9dd42ef490b930677e58a04339d5c17","messageTitle":"Update exceptions","messageBody":"","tags":["A-Jar"],"fileTypesAndContributionMap":{"java":{"insertions":29,"deletions":20}}}]},{"date":"2022-02-18","commitResults":[{"hash":"4871b68cbf403332c0b01267f9813eab30773f13","messageTitle":"Refactor some functions into classes","messageBody":"","tags":["A-MoreOOP"],"fileTypesAndContributionMap":{"java":{"insertions":203,"deletions":163}}}]},{"date":"2022-02-19","commitResults":[{"hash":"1ad64638e0062d563ba847ebba6f32d7326ca50e","messageTitle":"Add time parsing for time formats","messageBody":"","fileTypesAndContributionMap":{"txt":{"insertions":8,"deletions":2},"java":{"insertions":70,"deletions":40}}},{"hash":"5b990802259240386705c46c65c77a329723b1e4","messageTitle":"Add find feature to search for tasks via description","messageBody":"","fileTypesAndContributionMap":{"txt":{"insertions":5,"deletions":4},"java":{"insertions":44,"deletions":8}}},{"hash":"9b5347ac77c61a34ca7c06f827b08393ab00d1db","messageTitle":"Update date formats","messageBody":"","fileTypesAndContributionMap":{"txt":{"insertions":2,"deletions":8},"java":{"insertions":2,"deletions":2}}}]}]},"authorFileTypeContributionMap":{"1szheng":{"java":971,"md":0,"fxml":0,"sh":0,"bat":2,"gradle":0,"txt":118}},"authorContributionVariance":{"1szheng":47038.277},"authorDisplayNameMap":{"1szheng":"T10-2 WAN ..HENG"}}
