{"authorDailyContributionsMap":{"a1021492980":[{"date":"2022-01-31","commitResults":[{"hash":"d713abfc01ee149bf487d7a17885265025cddfc9","isMergeCommit":false,"messageTitle":"Level-0","messageBody":"","fileTypesAndContributionMap":{"java":{"insertions":4,"deletions":0}}},{"hash":"73bdd782faeec43adbea1c7b97d0dea067f40b21","isMergeCommit":false,"messageTitle":"Add echo function for Level-1","messageBody":"","tags":["Level-1"],"fileTypesAndContributionMap":{"java":{"insertions":11,"deletions":1}}},{"hash":"90daaad3e7c01c066368df3b2d60b56466793c19","isMergeCommit":false,"messageTitle":"Add list function to store userInput for Level-2","messageBody":"","tags":["Level-2"],"fileTypesAndContributionMap":{"java":{"insertions":11,"deletions":2}}},{"hash":"96346fd701ac993bdd81e41038ad23c6b1fed2e3","isMergeCommit":false,"messageTitle":"Add Mark as Done function for Level-3","messageBody":"","tags":["Level-3"],"fileTypesAndContributionMap":{"java":{"insertions":53,"deletions":3}}},{"hash":"ccff599da596d1e9f21b08329d682f5ff3ae4897","isMergeCommit":false,"messageTitle":"A-CodingStandard adjustment","messageBody":"","fileTypesAndContributionMap":{"java":{"insertions":12,"deletions":14}}}]},{"date":"2022-02-01","commitResults":[{"hash":"db06b58abd725ef55a4b2cc57acb9d566a764601","isMergeCommit":false,"messageTitle":"Add support for tracking three types of task for Level-4","messageBody":"","tags":["Level-4","A-CodingStandard","A-CodeQuality"],"fileTypesAndContributionMap":{"java":{"insertions":81,"deletions":2}}}]},{"date":"2022-02-09","commitResults":[{"hash":"cab4fd1d07a1e1541373f3df7c36547b4781fca7","isMergeCommit":false,"messageTitle":"First Code refactor","messageBody":"","fileTypesAndContributionMap":{"java":{"insertions":112,"deletions":61}}},{"hash":"68ba5c043ba34bff2e7a0de20d37b5dcf58dffcf","isMergeCommit":false,"messageTitle":"Level-5","messageBody":"","fileTypesAndContributionMap":{"java":{"insertions":55,"deletions":26}}},{"hash":"4721e86e5c1278a976106e06a7dd4fc95eb730c2","isMergeCommit":true,"messageTitle":"Merge branch \u0027branch-Level-5\u0027 into master","messageBody":"","tags":["Level-5","A-Exceptions"],"fileTypesAndContributionMap":{}}]},{"date":"2022-02-14","commitResults":[{"hash":"a64a48905601d1dbab129d006778fcfff609fab4","isMergeCommit":false,"messageTitle":"add delete function for Level-6","messageBody":"","tags":["Level-6","A-Collections"],"fileTypesAndContributionMap":{"java":{"insertions":100,"deletions":45}}},{"hash":"8877b5b31043a7cfc510887a3672c3b5656a4dcb","isMergeCommit":false,"messageTitle":"Add File IO for Level-7","messageBody":"","tags":["Level-7"],"fileTypesAndContributionMap":{"txt":{"insertions":5,"deletions":0},"java":{"insertions":63,"deletions":8}}},{"hash":"d9e9f4d2b253288aea8199c1c4b402fe80de5af5","isMergeCommit":true,"messageTitle":"Merge branch \u0027branch-Level-6\u0027 into master","messageBody":"","fileTypesAndContributionMap":{}},{"hash":"f7e902d4581b4906dd769f947abe1b1a330118bb","isMergeCommit":true,"messageTitle":"Merge branch-Level-7 into master","messageBody":"","tags":["v0.1","A-Jar"],"fileTypesAndContributionMap":{}},{"hash":"9fab23143376f8173243e13508fae8adba0ede9e","isMergeCommit":false,"messageTitle":"A-Packages","messageBody":"","tags":["A-Packages"],"fileTypesAndContributionMap":{"txt":{"insertions":1,"deletions":1},"java":{"insertions":8,"deletions":0}}}]},{"date":"2022-02-26","commitResults":[{"hash":"1c7f1f9e3538f3d7cf4749b5cf43e2c19bada46f","isMergeCommit":false,"messageTitle":"A-MoreOOP","messageBody":"","tags":["A-MoreOOP"],"fileTypesAndContributionMap":{"txt":{"insertions":2,"deletions":1},"java":{"insertions":315,"deletions":252}}},{"hash":"b741998928abc4c7b122614c73282c6cf0d0236c","isMergeCommit":false,"messageTitle":"Add search function for Level-9","messageBody":"","fileTypesAndContributionMap":{"txt":{"insertions":0,"deletions":2},"java":{"insertions":33,"deletions":7}}},{"hash":"51e6c65748370b658a47f5bd878cd9602d3a4429","isMergeCommit":true,"messageTitle":"Merge pull request #1 from a1021492980/branch-Level-9","messageBody":"Add search function for Level-9, merge branch-Level-9 into master","tags":["Level-9"],"fileTypesAndContributionMap":{}},{"hash":"d8c525d5a78f2f27b00e164c29e4717958fd2acd","isMergeCommit":false,"messageTitle":"Add JavaDoc","messageBody":"","fileTypesAndContributionMap":{"java":{"insertions":115,"deletions":1}}},{"hash":"44484e98e89410a31d5402f77d4b5e91938ee437","isMergeCommit":true,"messageTitle":"Merge pull request #2 from a1021492980/branch-A-JavaDoc","messageBody":"Merge branch-A-JavaDoc into master branch","tags":["A-JavaDoc"],"fileTypesAndContributionMap":{}},{"hash":"926d0a929dc5d725ebd85cdce7bf8ec6dc91301c","isMergeCommit":false,"messageTitle":"Add UG for A-UserGuide","messageBody":"","tags":["A-UserGuide"],"fileTypesAndContributionMap":{"md":{"insertions":138,"deletions":11}}},{"hash":"23190d253b6916c3b5c6d7a0c36e7be73eb934b9","isMergeCommit":false,"messageTitle":"Fix bug related to reading of file","messageBody":"","tags":["v0.2"],"fileTypesAndContributionMap":{"java":{"insertions":8,"deletions":4}}}]},{"date":"2022-03-19","commitResults":[{"hash":"5d1b146265a5bb88b994f5808abe71aa3183b135","isMergeCommit":false,"messageTitle":"Improve code quality and Fix minor bug related to reading local file","messageBody":"","fileTypesAndContributionMap":{"txt":{"insertions":0,"deletions":0},"java":{"insertions":191,"deletions":92}}},{"hash":"5b748421eac3b870a810cc734477af193230fa02","isMergeCommit":false,"messageTitle":"Further improve code quality and level of abstraction","messageBody":"","tags":["v0.3"],"fileTypesAndContributionMap":{"java":{"insertions":39,"deletions":21}}}]}]},"authorFileTypeContributionMap":{"a1021492980":{"java":679,"md":134,"fxml":0,"sh":0,"bat":0,"gradle":0,"txt":0}},"authorContributionVariance":{"a1021492980":15213.443},"authorDisplayNameMap":{"a1021492980":"CS2113T-T09-2 HUAN..FENG"}}
