[{"path":"src/main/java/Deadline.java","fileType":"java","lines":[{"lineNumber":1,"author":{"gitId":"striris"},"content":"public class Deadline extends Task {","lastModifiedDate":"2022-02-04"},{"lineNumber":2,"author":{"gitId":"striris"},"content":"","lastModifiedDate":"2022-02-04"},{"lineNumber":3,"author":{"gitId":"striris"},"content":"    protected String by;","lastModifiedDate":"2022-02-04"},{"lineNumber":4,"author":{"gitId":"striris"},"content":"","lastModifiedDate":"2022-02-04"},{"lineNumber":5,"author":{"gitId":"striris"},"content":"    public Deadline(String description, String by) {","lastModifiedDate":"2022-02-04"},{"lineNumber":6,"author":{"gitId":"striris"},"content":"        super(description);","lastModifiedDate":"2022-02-04"},{"lineNumber":7,"author":{"gitId":"striris"},"content":"        this.by \u003d by;","lastModifiedDate":"2022-02-04"},{"lineNumber":8,"author":{"gitId":"striris"},"content":"    }","lastModifiedDate":"2022-02-04"},{"lineNumber":9,"author":{"gitId":"striris"},"content":"","lastModifiedDate":"2022-02-04"},{"lineNumber":10,"author":{"gitId":"striris"},"content":"    @Override","lastModifiedDate":"2022-02-04"},{"lineNumber":11,"author":{"gitId":"striris"},"content":"    public String toString() {","lastModifiedDate":"2022-02-04"},{"lineNumber":12,"author":{"gitId":"striris"},"content":"        return \"[D]\" + super.toString() + \" (by: \" + by + \")\";","lastModifiedDate":"2022-02-04"},{"lineNumber":13,"author":{"gitId":"striris"},"content":"    }","lastModifiedDate":"2022-02-04"},{"lineNumber":14,"author":{"gitId":"striris"},"content":"}","lastModifiedDate":"2022-02-04"},{"lineNumber":15,"author":{"gitId":"striris"},"content":"","lastModifiedDate":"2022-02-04"},{"lineNumber":16,"author":{"gitId":"striris"},"content":"//this.description \u003d description.substring(0, description.lastIndexOf(\"/\") + 4);","lastModifiedDate":"2022-02-04"}],"authorContributionMap":{"striris":16}},{"path":"src/main/java/Duke.java","fileType":"java","lines":[{"lineNumber":1,"author":{"gitId":"striris"},"content":"import java.util.Scanner;","lastModifiedDate":"2022-02-03"},{"lineNumber":2,"author":{"gitId":"striris"},"content":"","lastModifiedDate":"2022-02-03"},{"lineNumber":3,"author":{"gitId":"-"},"content":"public class Duke {","lastModifiedDate":"2019-07-29"},{"lineNumber":4,"author":{"gitId":"striris"},"content":"","lastModifiedDate":"2022-02-03"},{"lineNumber":5,"author":{"gitId":"-"},"content":"    public static void main(String[] args) {","lastModifiedDate":"2019-07-29"},{"lineNumber":6,"author":{"gitId":"striris"},"content":"        Task[] tasks \u003d new Task[100];","lastModifiedDate":"2022-02-03"},{"lineNumber":7,"author":{"gitId":"striris"},"content":"        String by \u003d new String();","lastModifiedDate":"2022-02-04"},{"lineNumber":8,"author":{"gitId":"striris"},"content":"        String at \u003d new String();","lastModifiedDate":"2022-02-04"},{"lineNumber":9,"author":{"gitId":"striris"},"content":"        int count \u003d 0;","lastModifiedDate":"2022-02-03"},{"lineNumber":10,"author":{"gitId":"striris"},"content":"        Scanner sc \u003d new Scanner(System.in);","lastModifiedDate":"2022-02-03"},{"lineNumber":11,"author":{"gitId":"striris"},"content":"        String greeting \u003d \"----------------------------------------------\\n\"","lastModifiedDate":"2022-02-03"},{"lineNumber":12,"author":{"gitId":"striris"},"content":"                + \"Hello! I\u0027m Duke\\n\"","lastModifiedDate":"2022-02-03"},{"lineNumber":13,"author":{"gitId":"striris"},"content":"                + \"What can I do for you?\\n\"","lastModifiedDate":"2022-02-03"},{"lineNumber":14,"author":{"gitId":"striris"},"content":"                + \"----------------------------------------------\\n\";","lastModifiedDate":"2022-02-03"},{"lineNumber":15,"author":{"gitId":"striris"},"content":"        String bye \u003d \"Bye. Hope to see you again soon!\\n\";","lastModifiedDate":"2022-02-03"},{"lineNumber":16,"author":{"gitId":"striris"},"content":"        System.out.println(greeting);","lastModifiedDate":"2022-02-03"},{"lineNumber":17,"author":{"gitId":"striris"},"content":"","lastModifiedDate":"2022-02-03"},{"lineNumber":18,"author":{"gitId":"striris"},"content":"        while(true){","lastModifiedDate":"2022-02-03"},{"lineNumber":19,"author":{"gitId":"striris"},"content":"            String userInput \u003d sc.nextLine();","lastModifiedDate":"2022-02-04"},{"lineNumber":20,"author":{"gitId":"striris"},"content":"            System.out.println(\"----------------------------------------------\");","lastModifiedDate":"2022-02-03"},{"lineNumber":21,"author":{"gitId":"striris"},"content":"            if(userInput.equals(\"bye\")){","lastModifiedDate":"2022-02-04"},{"lineNumber":22,"author":{"gitId":"striris"},"content":"                System.out.println(bye);","lastModifiedDate":"2022-02-03"},{"lineNumber":23,"author":{"gitId":"striris"},"content":"                break;","lastModifiedDate":"2022-02-03"},{"lineNumber":24,"author":{"gitId":"striris"},"content":"            }","lastModifiedDate":"2022-02-03"},{"lineNumber":25,"author":{"gitId":"striris"},"content":"            else if(userInput.equals(\"list\")){//show list","lastModifiedDate":"2022-02-04"},{"lineNumber":26,"author":{"gitId":"striris"},"content":"                System.out.println(\"Here are the tasks in your list:\");","lastModifiedDate":"2022-02-03"},{"lineNumber":27,"author":{"gitId":"striris"},"content":"                for(int i \u003d 0; i\u003ccount ; i++)","lastModifiedDate":"2022-02-03"},{"lineNumber":28,"author":{"gitId":"striris"},"content":"                    System.out.println(i+1 + \".\" + tasks[i]);","lastModifiedDate":"2022-02-04"},{"lineNumber":29,"author":{"gitId":"striris"},"content":"            }","lastModifiedDate":"2022-02-03"},{"lineNumber":30,"author":{"gitId":"striris"},"content":"            else if(userInput.split(\" \")[0].equals(\"mark\")){//mark task","lastModifiedDate":"2022-02-04"},{"lineNumber":31,"author":{"gitId":"striris"},"content":"                //get the integer k in the string","lastModifiedDate":"2022-02-03"},{"lineNumber":32,"author":{"gitId":"striris"},"content":"                System.out.println(\"Nice! I\u0027ve marked this task as done:\");","lastModifiedDate":"2022-02-03"},{"lineNumber":33,"author":{"gitId":"striris"},"content":"                int k \u003d Integer.parseInt(userInput.split(\" \")[1]);","lastModifiedDate":"2022-02-04"},{"lineNumber":34,"author":{"gitId":"striris"},"content":"                tasks[k-1].markAsDone();","lastModifiedDate":"2022-02-03"},{"lineNumber":35,"author":{"gitId":"striris"},"content":"                System.out.println(tasks[k-1]);","lastModifiedDate":"2022-02-04"},{"lineNumber":36,"author":{"gitId":"striris"},"content":"            }","lastModifiedDate":"2022-02-03"},{"lineNumber":37,"author":{"gitId":"striris"},"content":"            else if(userInput.split(\" \")[0].equals(\"unmark\")){//unmark task","lastModifiedDate":"2022-02-04"},{"lineNumber":38,"author":{"gitId":"striris"},"content":"                //get the integer k in the string","lastModifiedDate":"2022-02-03"},{"lineNumber":39,"author":{"gitId":"striris"},"content":"                System.out.println(\"OK, I\u0027ve marked this task as not done yet:\");","lastModifiedDate":"2022-02-03"},{"lineNumber":40,"author":{"gitId":"striris"},"content":"                int k \u003d Integer.parseInt(userInput.split(\" \")[1]);","lastModifiedDate":"2022-02-04"},{"lineNumber":41,"author":{"gitId":"striris"},"content":"                tasks[k-1].markAsNotDone();","lastModifiedDate":"2022-02-03"},{"lineNumber":42,"author":{"gitId":"striris"},"content":"                System.out.println(tasks[k-1]);","lastModifiedDate":"2022-02-04"},{"lineNumber":43,"author":{"gitId":"striris"},"content":"            }","lastModifiedDate":"2022-02-03"},{"lineNumber":44,"author":{"gitId":"striris"},"content":"            else if(userInput.startsWith(\"todo\")){","lastModifiedDate":"2022-02-04"},{"lineNumber":45,"author":{"gitId":"striris"},"content":"                String toDoDescription \u003d userInput.split(\"todo\")[1].trim();","lastModifiedDate":"2022-02-04"},{"lineNumber":46,"author":{"gitId":"striris"},"content":"                Task t \u003d new ToDo(toDoDescription);","lastModifiedDate":"2022-02-04"},{"lineNumber":47,"author":{"gitId":"striris"},"content":"                tasks[count] \u003d t;","lastModifiedDate":"2022-02-03"},{"lineNumber":48,"author":{"gitId":"striris"},"content":"                count++;","lastModifiedDate":"2022-02-03"},{"lineNumber":49,"author":{"gitId":"striris"},"content":"                System.out.println(\"Got it! I\u0027ve added this task: \");","lastModifiedDate":"2022-02-04"},{"lineNumber":50,"author":{"gitId":"striris"},"content":"                System.out.println(t);","lastModifiedDate":"2022-02-04"},{"lineNumber":51,"author":{"gitId":"striris"},"content":"                System.out.println(\"Now you have \" + count + \" tasks in the list.\");","lastModifiedDate":"2022-02-04"},{"lineNumber":52,"author":{"gitId":"striris"},"content":"            }","lastModifiedDate":"2022-02-04"},{"lineNumber":53,"author":{"gitId":"striris"},"content":"            else if(userInput.split(\" \")[0].equals(\"deadline\")){//add deadline","lastModifiedDate":"2022-02-04"},{"lineNumber":54,"author":{"gitId":"striris"},"content":"                //split description and time","lastModifiedDate":"2022-02-04"},{"lineNumber":55,"author":{"gitId":"striris"},"content":"                String[] input \u003d userInput.split(\"/by\");","lastModifiedDate":"2022-02-04"},{"lineNumber":56,"author":{"gitId":"striris"},"content":"                by \u003d input[1].trim();","lastModifiedDate":"2022-02-04"},{"lineNumber":57,"author":{"gitId":"striris"},"content":"                String deadlineDescription \u003d input[0].split(\"deadline\")[1].trim();","lastModifiedDate":"2022-02-04"},{"lineNumber":58,"author":{"gitId":"striris"},"content":"                Task d \u003d new Deadline(deadlineDescription, by);","lastModifiedDate":"2022-02-04"},{"lineNumber":59,"author":{"gitId":"striris"},"content":"                tasks[count] \u003d d;","lastModifiedDate":"2022-02-04"},{"lineNumber":60,"author":{"gitId":"striris"},"content":"                count++;","lastModifiedDate":"2022-02-04"},{"lineNumber":61,"author":{"gitId":"striris"},"content":"                System.out.println(\"Got it! I\u0027ve added this task: \");","lastModifiedDate":"2022-02-04"},{"lineNumber":62,"author":{"gitId":"striris"},"content":"                System.out.println(d);","lastModifiedDate":"2022-02-04"},{"lineNumber":63,"author":{"gitId":"striris"},"content":"                System.out.println(\"Now you have \" + count + \" tasks in the list.\");","lastModifiedDate":"2022-02-04"},{"lineNumber":64,"author":{"gitId":"striris"},"content":"            }","lastModifiedDate":"2022-02-04"},{"lineNumber":65,"author":{"gitId":"striris"},"content":"            else if(userInput.split(\" \")[0].equals(\"event\")){//add deadline","lastModifiedDate":"2022-02-04"},{"lineNumber":66,"author":{"gitId":"striris"},"content":"                //split description and time","lastModifiedDate":"2022-02-04"},{"lineNumber":67,"author":{"gitId":"striris"},"content":"                String[] input \u003d userInput.split(\"/at\");","lastModifiedDate":"2022-02-04"},{"lineNumber":68,"author":{"gitId":"striris"},"content":"                at \u003d input[1].trim();","lastModifiedDate":"2022-02-04"},{"lineNumber":69,"author":{"gitId":"striris"},"content":"                String eventDescription \u003d input[0].split(\"event\")[1].trim();","lastModifiedDate":"2022-02-04"},{"lineNumber":70,"author":{"gitId":"striris"},"content":"                Task e \u003d new Event(eventDescription, at);","lastModifiedDate":"2022-02-04"},{"lineNumber":71,"author":{"gitId":"striris"},"content":"                tasks[count] \u003d e;","lastModifiedDate":"2022-02-04"},{"lineNumber":72,"author":{"gitId":"striris"},"content":"                count++;","lastModifiedDate":"2022-02-04"},{"lineNumber":73,"author":{"gitId":"striris"},"content":"                System.out.println(\"Got it! I\u0027ve added this task: \");","lastModifiedDate":"2022-02-04"},{"lineNumber":74,"author":{"gitId":"striris"},"content":"                System.out.println(e);","lastModifiedDate":"2022-02-04"},{"lineNumber":75,"author":{"gitId":"striris"},"content":"                System.out.println(\"Now you have \" + count + \" tasks in the list.\");","lastModifiedDate":"2022-02-04"},{"lineNumber":76,"author":{"gitId":"striris"},"content":"            }","lastModifiedDate":"2022-02-04"},{"lineNumber":77,"author":{"gitId":"striris"},"content":"            else{","lastModifiedDate":"2022-02-04"},{"lineNumber":78,"author":{"gitId":"striris"},"content":"                System.out.println(\"I don\u0027t understand D:\");","lastModifiedDate":"2022-02-04"},{"lineNumber":79,"author":{"gitId":"striris"},"content":"            }","lastModifiedDate":"2022-02-03"},{"lineNumber":80,"author":{"gitId":"striris"},"content":"            System.out.println(\"----------------------------------------------\");","lastModifiedDate":"2022-02-03"},{"lineNumber":81,"author":{"gitId":"striris"},"content":"        }","lastModifiedDate":"2022-02-03"},{"lineNumber":82,"author":{"gitId":"-"},"content":"    }","lastModifiedDate":"2019-07-29"},{"lineNumber":83,"author":{"gitId":"-"},"content":"}","lastModifiedDate":"2019-07-29"}],"authorContributionMap":{"striris":79,"-":4}},{"path":"src/main/java/Event.java","fileType":"java","lines":[{"lineNumber":1,"author":{"gitId":"striris"},"content":"public class Event extends Task {","lastModifiedDate":"2022-02-04"},{"lineNumber":2,"author":{"gitId":"striris"},"content":"","lastModifiedDate":"2022-02-04"},{"lineNumber":3,"author":{"gitId":"striris"},"content":"    protected String at;","lastModifiedDate":"2022-02-04"},{"lineNumber":4,"author":{"gitId":"striris"},"content":"","lastModifiedDate":"2022-02-04"},{"lineNumber":5,"author":{"gitId":"striris"},"content":"    public Event(String description, String at) {","lastModifiedDate":"2022-02-04"},{"lineNumber":6,"author":{"gitId":"striris"},"content":"        super(description);","lastModifiedDate":"2022-02-04"},{"lineNumber":7,"author":{"gitId":"striris"},"content":"        this.at \u003d at;","lastModifiedDate":"2022-02-04"},{"lineNumber":8,"author":{"gitId":"striris"},"content":"    }","lastModifiedDate":"2022-02-04"},{"lineNumber":9,"author":{"gitId":"striris"},"content":"","lastModifiedDate":"2022-02-04"},{"lineNumber":10,"author":{"gitId":"striris"},"content":"    @Override","lastModifiedDate":"2022-02-04"},{"lineNumber":11,"author":{"gitId":"striris"},"content":"    public String toString() {","lastModifiedDate":"2022-02-04"},{"lineNumber":12,"author":{"gitId":"striris"},"content":"        return \"[E]\" + super.toString() + \" (at: \" + at + \")\";","lastModifiedDate":"2022-02-04"},{"lineNumber":13,"author":{"gitId":"striris"},"content":"    }","lastModifiedDate":"2022-02-04"},{"lineNumber":14,"author":{"gitId":"striris"},"content":"}","lastModifiedDate":"2022-02-04"}],"authorContributionMap":{"striris":14}},{"path":"src/main/java/Task.java","fileType":"java","lines":[{"lineNumber":1,"author":{"gitId":"striris"},"content":"public class Task {","lastModifiedDate":"2022-02-03"},{"lineNumber":2,"author":{"gitId":"striris"},"content":"    protected String description;","lastModifiedDate":"2022-02-03"},{"lineNumber":3,"author":{"gitId":"striris"},"content":"    protected boolean isDone;","lastModifiedDate":"2022-02-03"},{"lineNumber":4,"author":{"gitId":"striris"},"content":"","lastModifiedDate":"2022-02-03"},{"lineNumber":5,"author":{"gitId":"striris"},"content":"    public Task(String description) {","lastModifiedDate":"2022-02-03"},{"lineNumber":6,"author":{"gitId":"striris"},"content":"        this.description \u003d description;","lastModifiedDate":"2022-02-03"},{"lineNumber":7,"author":{"gitId":"striris"},"content":"        this.isDone \u003d false;","lastModifiedDate":"2022-02-03"},{"lineNumber":8,"author":{"gitId":"striris"},"content":"    }","lastModifiedDate":"2022-02-03"},{"lineNumber":9,"author":{"gitId":"striris"},"content":"","lastModifiedDate":"2022-02-03"},{"lineNumber":10,"author":{"gitId":"striris"},"content":"    public String getStatusIcon() {","lastModifiedDate":"2022-02-03"},{"lineNumber":11,"author":{"gitId":"striris"},"content":"        return (isDone ? \"X\" : \" \"); // mark done task with X","lastModifiedDate":"2022-02-03"},{"lineNumber":12,"author":{"gitId":"striris"},"content":"    }","lastModifiedDate":"2022-02-03"},{"lineNumber":13,"author":{"gitId":"striris"},"content":"","lastModifiedDate":"2022-02-03"},{"lineNumber":14,"author":{"gitId":"striris"},"content":"    public void markAsDone(){","lastModifiedDate":"2022-02-03"},{"lineNumber":15,"author":{"gitId":"striris"},"content":"        this.isDone \u003d true;","lastModifiedDate":"2022-02-03"},{"lineNumber":16,"author":{"gitId":"striris"},"content":"    }","lastModifiedDate":"2022-02-03"},{"lineNumber":17,"author":{"gitId":"striris"},"content":"","lastModifiedDate":"2022-02-03"},{"lineNumber":18,"author":{"gitId":"striris"},"content":"    public void markAsNotDone(){","lastModifiedDate":"2022-02-03"},{"lineNumber":19,"author":{"gitId":"striris"},"content":"        this.isDone \u003d false;","lastModifiedDate":"2022-02-03"},{"lineNumber":20,"author":{"gitId":"striris"},"content":"    }","lastModifiedDate":"2022-02-03"},{"lineNumber":21,"author":{"gitId":"striris"},"content":"","lastModifiedDate":"2022-02-04"},{"lineNumber":22,"author":{"gitId":"striris"},"content":"    public String toString() {","lastModifiedDate":"2022-02-04"},{"lineNumber":23,"author":{"gitId":"striris"},"content":"        return \"[\" + getStatusIcon() + \"] \" + description;","lastModifiedDate":"2022-02-04"},{"lineNumber":24,"author":{"gitId":"striris"},"content":"    }","lastModifiedDate":"2022-02-04"},{"lineNumber":25,"author":{"gitId":"striris"},"content":"","lastModifiedDate":"2022-02-04"},{"lineNumber":26,"author":{"gitId":"striris"},"content":"}","lastModifiedDate":"2022-02-03"}],"authorContributionMap":{"striris":26}},{"path":"src/main/java/ToDo.java","fileType":"java","lines":[{"lineNumber":1,"author":{"gitId":"striris"},"content":"public class ToDo extends Task {","lastModifiedDate":"2022-02-04"},{"lineNumber":2,"author":{"gitId":"striris"},"content":"","lastModifiedDate":"2022-02-04"},{"lineNumber":3,"author":{"gitId":"striris"},"content":"    public ToDo(String description) {","lastModifiedDate":"2022-02-04"},{"lineNumber":4,"author":{"gitId":"striris"},"content":"        super(description);","lastModifiedDate":"2022-02-04"},{"lineNumber":5,"author":{"gitId":"striris"},"content":"    }","lastModifiedDate":"2022-02-04"},{"lineNumber":6,"author":{"gitId":"striris"},"content":"","lastModifiedDate":"2022-02-04"},{"lineNumber":7,"author":{"gitId":"striris"},"content":"    @Override","lastModifiedDate":"2022-02-04"},{"lineNumber":8,"author":{"gitId":"striris"},"content":"    public String toString() {","lastModifiedDate":"2022-02-04"},{"lineNumber":9,"author":{"gitId":"striris"},"content":"        return \"[T]\" + super.toString();","lastModifiedDate":"2022-02-04"},{"lineNumber":10,"author":{"gitId":"striris"},"content":"    }","lastModifiedDate":"2022-02-04"},{"lineNumber":11,"author":{"gitId":"striris"},"content":"}","lastModifiedDate":"2022-02-04"}],"authorContributionMap":{"striris":11}}]
