{"authorDailyContributionsMap":{"striris":[{"date":"2022-02-03","commitResults":[{"hash":"fc8a985802d297c66bf6057c095d25e51d8ff69e","messageTitle":"Level-0 Greeting","messageBody":"","tags":["Level-0"],"fileTypesAndContributionMap":{"java":{"insertions":5,"deletions":6}}},{"hash":"14b2a5381cee4ef8d0098b876a20ec208f21cc48","messageTitle":"Level 1. Greet, Echo, Exit","messageBody":"","tags":["Level-1"],"fileTypesAndContributionMap":{"java":{"insertions":20,"deletions":3}}},{"hash":"6e9acc1511be1fc999f8089032a4b66f30d9ed96","messageTitle":"Level 2. Add, List","messageBody":"","fileTypesAndContributionMap":{"java":{"insertions":14,"deletions":3}}},{"hash":"96dc87027923ef947042d3d0f1105f922ecf69ce","messageTitle":"deleted unnecessary package.","messageBody":"","tags":["Level-2"],"fileTypesAndContributionMap":{"java":{"insertions":0,"deletions":1}}},{"hash":"91a1e1dec68886d9ecfc2a496ac676a8ac4ad90d","messageTitle":"Level 3. Mark as Done Add the ability to mark tasks as done. Optionally, add the ability to change the status back to not done.","messageBody":"","tags":["Level-3"],"fileTypesAndContributionMap":{"java":{"insertions":45,"deletions":9}}}]},{"date":"2022-02-04","commitResults":[{"hash":"ce07e46a2f14edaa02d41596efc2325aa042a789","messageTitle":"Level 4. ToDos, Events, Deadlines Add support for tracking three types of tasks: ToDos: tasks without any date/time attached to it e.g., visit new theme park Deadlines: tasks that need to be done before a specific date/time e.g., submit report by 11/10/2019 5pm Events: tasks that start at a specific time and ends at a specific time e.g., team project meeting on 2/10/2019 2-4pm","messageBody":"","tags":["Level-4"],"fileTypesAndContributionMap":{"java":{"insertions":91,"deletions":13}}}]},{"date":"2022-02-18","commitResults":[{"hash":"c1137e87485a33b63f415c2aa66983e277d72ad9","messageTitle":"add a new line at the end of file","messageBody":"","fileTypesAndContributionMap":{"java":{"insertions":1,"deletions":1}}},{"hash":"409d603f460cefac8b4e0d13dac313df58c2dee3","messageTitle":"created a package","messageBody":"","tags":["A-Packages"],"fileTypesAndContributionMap":{"java":{"insertions":11,"deletions":1},"bat":{"insertions":1,"deletions":1},"md":{"insertions":2,"deletions":2}}}]},{"date":"2022-02-20","commitResults":[{"hash":"315b90506cd78ca01a867ee5bee51ed3ca90f6f2","messageTitle":"changed array to ArrayList\u003cTask\u003e. added deletion function. extracted methods.","messageBody":"","tags":["Level-6"],"fileTypesAndContributionMap":{"java":{"insertions":73,"deletions":44}}},{"hash":"7632f813b8c6dae905060c3a2759145ce2272c64","messageTitle":"added saveTasks function to convert the list into a text file.","messageBody":"","fileTypesAndContributionMap":{"txt":{"insertions":2,"deletions":0},"java":{"insertions":22,"deletions":0}}}]},{"date":"2022-03-02","commitResults":[{"hash":"b18486bc35ab72985f7535fe53e388458965a3b9","messageTitle":"added load/save file functions. organized tasks into a package.","messageBody":"","tags":["Level-7"],"fileTypesAndContributionMap":{"txt":{"insertions":4,"deletions":0},"java":{"insertions":188,"deletions":97}}}]},{"date":"2022-03-03","commitResults":[{"hash":"94aca1fe84eb982885655c0919ca8e6643736a8d","messageTitle":"A-MoreOOP added TaskList, changed FileManager to Storage, Added Ui.","messageBody":"","tags":["A-MoreOOP"],"fileTypesAndContributionMap":{"txt":{"insertions":2,"deletions":2},"java":{"insertions":168,"deletions":124}}},{"hash":"c04f768384668dd48d80a66fcf73580be298cb06","messageTitle":"Give users a way to find a task by searching for a keyword. used Ui to get user input.","messageBody":"","tags":["Level-9"],"fileTypesAndContributionMap":{"java":{"insertions":30,"deletions":3}}},{"hash":"a583454e6a3df94dc77e17ceebfe889bceff3882","messageTitle":"Added Java doc.","messageBody":"","tags":["A-JavaDoc"],"fileTypesAndContributionMap":{"java":{"insertions":35,"deletions":5}}}]},{"date":"2022-03-04","commitResults":[{"hash":"0ada8a32275c871d4d2ef33e5ec5790f579f0872","messageTitle":"Added User Guide in README.md","messageBody":"","tags":["A-UserGuide"],"fileTypesAndContributionMap":{"md":{"insertions":136,"deletions":24}}},{"hash":"d37e92644eee1fdea0fbd0b9cc53d757ad09dd65","messageTitle":"code quality","messageBody":"","fileTypesAndContributionMap":{"txt":{"insertions":3,"deletions":4},"java":{"insertions":2,"deletions":6}}},{"hash":"b86f4abf543aaa3a55dc09dba8cbe071a8a7b854","messageTitle":"deleted Main class because it\u0027s reductant.","messageBody":"","fileTypesAndContributionMap":{"java":{"insertions":4,"deletions":9}}},{"hash":"2b642befe26a3f3d6db7269373a0a06de3057b97","messageTitle":"minor changes","messageBody":"","fileTypesAndContributionMap":{"java":{"insertions":1,"deletions":1},"md":{"insertions":123,"deletions":16}}},{"hash":"b10c45ca78ec432d860dc395999571bf257619bb","messageTitle":"modified user guide","messageBody":"","tags":["A-Release"],"fileTypesAndContributionMap":{"md":{"insertions":7,"deletions":8}}},{"hash":"d4973266a177f7a725a55d8aeabb0718f9722b70","messageTitle":"added try and catch","messageBody":"","tags":["A-Exceptions"],"fileTypesAndContributionMap":{"java":{"insertions":29,"deletions":12}}}]}]},"authorFileTypeContributionMap":{"striris":{"java":409,"md":251,"fxml":0,"sh":0,"bat":1,"gradle":0,"txt":5}},"authorContributionVariance":{"striris":7405.042},"authorDisplayNameMap":{"striris":"CS2113-F12-1 LIU ..NRAN"}}
