{"authorDailyContributionsMap":{"timchang27":[{"date":"2022-01-27","commitResults":[{"hash":"1c143ba63cc5e12d7439b172753d079bf862f6c1","messageTitle":"Greet for Duke","messageBody":"","fileTypesAndContributionMap":{"java":{"insertions":2,"deletions":0}}},{"hash":"89318632f563a4cf6141a04de8c0fd74cff7769a","messageTitle":"Greet, Echo, Exit for Duke","messageBody":"","fileTypesAndContributionMap":{"java":{"insertions":13,"deletions":0}}}]},{"date":"2022-01-28","commitResults":[{"hash":"2f454977612a34e7ceb7d0a6eb0ddd8fabc48d91","messageTitle":"Week 3 IP","messageBody":"","fileTypesAndContributionMap":{"java":{"insertions":70,"deletions":6}}},{"hash":"97529e9270fe1767b03c9245869187021d6fed60","messageTitle":"Week 3 IP","messageBody":"","fileTypesAndContributionMap":{"java":{"insertions":29,"deletions":10}}}]},{"date":"2022-02-04","commitResults":[{"hash":"ad53131f58753b2bc902b04a9a81abc0441841a2","messageTitle":"Week 4 IP: Todo, Deadline, Event","messageBody":"","tags":["v1.0.0","Level-4","Level-3","Level-2","A-Packages","A-CodingStandard","A-CodeQuality"],"fileTypesAndContributionMap":{"java":{"insertions":86,"deletions":4}}}]},{"date":"2022-02-10","commitResults":[{"hash":"530e6423c30faeac913d500c61694e0ba86f6960","messageTitle":"Week 5: Added Exception Handlers","messageBody":"","tags":["v1.0.1","Level-5","A-Jar","A-Exceptions","A-Collections"],"fileTypesAndContributionMap":{"java":{"insertions":112,"deletions":62},"bat":{"insertions":1,"deletions":1},"md":{"insertions":2,"deletions":2}}}]},{"date":"2022-02-17","commitResults":[{"hash":"62d9872baea096586dc6b8a38a305ed460988a8f","messageTitle":"Week 6: Implement Delete and Save","messageBody":"","fileTypesAndContributionMap":{"java":{"insertions":41,"deletions":2}}}]},{"date":"2022-03-03","commitResults":[{"hash":"8aea02d58bb5ba9f8942bd9edaa76ca40f7f5cb8","messageTitle":"Week 7: MoreOOP","messageBody":"","fileTypesAndContributionMap":{"java":{"insertions":496,"deletions":178}}},{"hash":"d25130e3ddabdc59fac1e7f2d9cdcb8f3d63fb7e","messageTitle":"Update README.md","messageBody":"New README","tags":["v0.2","A-Release"],"fileTypesAndContributionMap":{"md":{"insertions":61,"deletions":12}}}]}]},"authorFileTypeContributionMap":{"timchang27":{"java":594,"md":58,"fxml":0,"sh":0,"bat":1,"gradle":0,"txt":0}},"authorContributionVariance":{"timchang27":11936.899},"authorDisplayNameMap":{"timchang27":"CS2113-F10-3 TIMO..U\u0027EN"}}
