{"authorDailyContributionsMap":{"timchang27":[{"date":"2022-01-27","commitResults":[{"hash":"1c143ba63cc5e12d7439b172753d079bf862f6c1","messageTitle":"Greet for Duke","messageBody":"","fileTypesAndContributionMap":{"java":{"insertions":2,"deletions":0}}},{"hash":"89318632f563a4cf6141a04de8c0fd74cff7769a","messageTitle":"Greet, Echo, Exit for Duke","messageBody":"","fileTypesAndContributionMap":{"java":{"insertions":13,"deletions":0}}}]},{"date":"2022-01-28","commitResults":[{"hash":"2f454977612a34e7ceb7d0a6eb0ddd8fabc48d91","messageTitle":"Week 3 IP","messageBody":"","fileTypesAndContributionMap":{"java":{"insertions":70,"deletions":6}}},{"hash":"97529e9270fe1767b03c9245869187021d6fed60","messageTitle":"Week 3 IP","messageBody":"","fileTypesAndContributionMap":{"java":{"insertions":29,"deletions":10}}}]},{"date":"2022-02-04","commitResults":[{"hash":"ad53131f58753b2bc902b04a9a81abc0441841a2","messageTitle":"Week 4 IP: Todo, Deadline, Event","messageBody":"","tags":["v1.0.0"],"fileTypesAndContributionMap":{"java":{"insertions":86,"deletions":4}}}]}]},"authorFileTypeContributionMap":{"timchang27":{"java":180,"md":0,"fxml":0,"sh":0,"bat":0,"gradle":0,"txt":0}},"authorContributionVariance":{"timchang27":879.5455},"authorDisplayNameMap":{"timchang27":"F10-3 TIMO..U\u0027EN"}}
