{"authorDailyContributionsMap":{"emilysim00":[{"date":"2022-01-26","commitResults":[{"hash":"142a0db0f3f019670e71d69cf243b252fd145e64","messageTitle":"Level-0","messageBody":"","tags":["Level-0"],"fileTypesAndContributionMap":{"java":{"insertions":18,"deletions":7}}},{"hash":"97583f6b327cbc0ed6724698265e3f21f8cea46d","messageTitle":"Level-1","messageBody":"","tags":["Level-1"],"fileTypesAndContributionMap":{"java":{"insertions":24,"deletions":3}}},{"hash":"fe6811175069743c3f480230a3517825c5ccbb3b","messageTitle":"Level-2","messageBody":"","tags":["Level-2"],"fileTypesAndContributionMap":{"java":{"insertions":19,"deletions":2}}},{"hash":"5498b99104b58cc1977cf59dd46bc24e6ca1a6b9","messageTitle":"Level-3","messageBody":"","tags":["Level-3"],"fileTypesAndContributionMap":{"java":{"insertions":74,"deletions":12}}},{"hash":"306fbd3fa24e5ec237cc80080a5c09979f6f69c5","messageTitle":"A-CodingStandard","messageBody":"","tags":["A-CodingStandard"],"fileTypesAndContributionMap":{"java":{"insertions":0,"deletions":5}}}]},{"date":"2022-02-02","commitResults":[{"hash":"c1a7a75fbac1050c30fa9b1e327088f6a944b655","messageTitle":"Level-4","messageBody":"","tags":["Level-4"],"fileTypesAndContributionMap":{"java":{"insertions":153,"deletions":54}}},{"hash":"f93ccabb3ddf06581ec403faa270fe2ddefb2fef","messageTitle":"A-CodeQuality","messageBody":"","tags":["A-CodeQuality"],"fileTypesAndContributionMap":{"java":{"insertions":0,"deletions":1}}},{"hash":"28acc2c913750d1f0fe0e63c7a0621d5917294f1","messageTitle":"A-TextUiTesting","messageBody":"","tags":["A-TextUiTesting"],"fileTypesAndContributionMap":{"txt":{"insertions":17,"deletions":0}}}]},{"date":"2022-02-09","commitResults":[{"hash":"c22f71ad0e463e1c9e730b8637eb82a8516eaefb","messageTitle":"Level-5 Handle Errors","messageBody":"","fileTypesAndContributionMap":{"txt":{"insertions":2,"deletions":0},"java":{"insertions":83,"deletions":32}}},{"hash":"4f8fea3578eef24de9bb1a79396e24048da9a3f5","messageTitle":"Rename some of the variables for better understanding","messageBody":"","fileTypesAndContributionMap":{"java":{"insertions":5,"deletions":5}}},{"hash":"68c226508c801c81b46b4716dfcab28a2d30776d","messageTitle":"A-Exceptions","messageBody":"","tags":["A-Exceptions"],"fileTypesAndContributionMap":{"java":{"insertions":2,"deletions":5}}}]},{"date":"2022-02-10","commitResults":[{"hash":"080f479c568d8f6fd1d8b4e598a003e031d6cb4e","messageTitle":"A-Packages","messageBody":"","tags":["A-Packages"],"fileTypesAndContributionMap":{"java":{"insertions":115,"deletions":104}}}]},{"date":"2022-02-16","commitResults":[{"hash":"35498c81e13583561d455087c99c9f8ae14796be","messageTitle":"Level-6, Level-7","messageBody":"","tags":["Level-7","Level-6"],"fileTypesAndContributionMap":{"txt":{"insertions":3,"deletions":0},"java":{"insertions":274,"deletions":48}}},{"hash":"b56d15a4c3f12b3625d1519a0d80e8ed7203aee3","messageTitle":"A-Jar","messageBody":"","tags":["A-Jar"],"fileTypesAndContributionMap":{"java":{"insertions":0,"deletions":7}}},{"hash":"a1851936ae6d8ea6ed5c0c30b15ee2c75ad7c6ca","messageTitle":"A-Jar","messageBody":"","tags":["A-Collections"],"fileTypesAndContributionMap":{"java":{"insertions":0,"deletions":1}}}]},{"date":"2022-02-22","commitResults":[{"hash":"25edf3ead0c33a602be480404652de201a697cf0","messageTitle":"Fixed path bugs","messageBody":"","fileTypesAndContributionMap":{"java":{"insertions":88,"deletions":60}}}]},{"date":"2022-02-25","commitResults":[{"hash":"f203a740df3636253a4a73b2a1b61f9edef4cd78","messageTitle":"A-MoreOOP","messageBody":"","tags":["A-MoreOOP"],"fileTypesAndContributionMap":{"txt":{"insertions":2,"deletions":0},"java":{"insertions":469,"deletions":370}}}]},{"date":"2022-02-26","commitResults":[{"hash":"4a298a6fe29b7c389eae3160d59723dc0749135c","messageTitle":"Level-8","messageBody":"","tags":["Level-8"],"fileTypesAndContributionMap":{"java":{"insertions":264,"deletions":34}}},{"hash":"37890ecbd76420319738bb3e73a1e06760c7ec90","messageTitle":"Level-9","messageBody":"","tags":["Level-9"],"fileTypesAndContributionMap":{"txt":{"insertions":6,"deletions":0},"java":{"insertions":8,"deletions":1}}}]},{"date":"2022-02-27","commitResults":[{"hash":"c90ca865edde9a4e30bc73c10f3182919956fb38","messageTitle":"A-JavaDoc","messageBody":"","tags":["A-JavaDoc"],"fileTypesAndContributionMap":{"txt":{"insertions":4,"deletions":2},"java":{"insertions":273,"deletions":25}}}]},{"date":"2022-02-28","commitResults":[{"hash":"ea382174337d401a25a22186ad39c0866d069de5","messageTitle":"Update README.md","messageBody":"","fileTypesAndContributionMap":{"md":{"insertions":13,"deletions":20}}},{"hash":"93a7021c075314248f1a5585c0146acce93c0dd7","messageTitle":"Update README.md","messageBody":"","fileTypesAndContributionMap":{"md":{"insertions":1,"deletions":0}}}]}]},"authorFileTypeContributionMap":{"emilysim00":{"java":1099,"md":13,"fxml":0,"sh":0,"bat":0,"gradle":0,"txt":32}},"authorContributionVariance":{"emilysim00":22061.064},"authorDisplayNameMap":{"emilysim00":"CS2113T-T09-2 SIM ..MILY"}}
