[{"path":"src/main/java/Deadline.java","fileType":"java","lines":[{"lineNumber":1,"author":{"gitId":"wraineflores"},"content":"public class Deadline extends Task {","lastModifiedDate":"2022-01-30"},{"lineNumber":2,"author":{"gitId":"wraineflores"},"content":"    protected String by;","lastModifiedDate":"2022-01-30"},{"lineNumber":3,"author":{"gitId":"wraineflores"},"content":"","lastModifiedDate":"2022-01-30"},{"lineNumber":4,"author":{"gitId":"wraineflores"},"content":"    public Deadline(String description, String by) {","lastModifiedDate":"2022-01-30"},{"lineNumber":5,"author":{"gitId":"wraineflores"},"content":"        super(description);","lastModifiedDate":"2022-01-30"},{"lineNumber":6,"author":{"gitId":"wraineflores"},"content":"        this.by \u003d by;","lastModifiedDate":"2022-01-30"},{"lineNumber":7,"author":{"gitId":"wraineflores"},"content":"    }","lastModifiedDate":"2022-01-30"},{"lineNumber":8,"author":{"gitId":"wraineflores"},"content":"","lastModifiedDate":"2022-01-30"},{"lineNumber":9,"author":{"gitId":"wraineflores"},"content":"    @Override","lastModifiedDate":"2022-01-30"},{"lineNumber":10,"author":{"gitId":"wraineflores"},"content":"    public String toString() {","lastModifiedDate":"2022-01-30"},{"lineNumber":11,"author":{"gitId":"wraineflores"},"content":"        return \"    [D]\" + super.toString() + \" (by: \" + by + \")\";","lastModifiedDate":"2022-01-30"},{"lineNumber":12,"author":{"gitId":"wraineflores"},"content":"    }","lastModifiedDate":"2022-01-30"},{"lineNumber":13,"author":{"gitId":"wraineflores"},"content":"}","lastModifiedDate":"2022-01-30"}],"authorContributionMap":{"wraineflores":13}},{"path":"src/main/java/Duke.java","fileType":"java","lines":[{"lineNumber":1,"author":{"gitId":"wraineflores"},"content":"import java.util.Scanner;","lastModifiedDate":"2022-01-23"},{"lineNumber":2,"author":{"gitId":"wraineflores"},"content":"","lastModifiedDate":"2022-01-23"},{"lineNumber":3,"author":{"gitId":"-"},"content":"public class Duke {","lastModifiedDate":"2019-07-29"},{"lineNumber":4,"author":{"gitId":"wraineflores"},"content":"    @edu.umd.cs.findbugs.annotations.SuppressFBWarnings(\"DM_DEFAULT_ENCODING\")","lastModifiedDate":"2022-01-23"},{"lineNumber":5,"author":{"gitId":"-"},"content":"    public static void main(String[] args) {","lastModifiedDate":"2019-07-29"},{"lineNumber":6,"author":{"gitId":"wraineflores"},"content":"        System.out.println(\"Hello! I\u0027m Earl Grey\\nWhat can I do for you?\");","lastModifiedDate":"2022-01-23"},{"lineNumber":7,"author":{"gitId":"wraineflores"},"content":"","lastModifiedDate":"2022-01-23"},{"lineNumber":8,"author":{"gitId":"wraineflores"},"content":"        String line;","lastModifiedDate":"2022-01-23"},{"lineNumber":9,"author":{"gitId":"wraineflores"},"content":"        Scanner in \u003d new Scanner(System.in);","lastModifiedDate":"2022-01-23"},{"lineNumber":10,"author":{"gitId":"wraineflores"},"content":"        line \u003d in.nextLine().trim();            // reads input","lastModifiedDate":"2022-01-30"},{"lineNumber":11,"author":{"gitId":"wraineflores"},"content":"        LineSplitter lineSplitter;              // class that splits input","lastModifiedDate":"2022-01-30"},{"lineNumber":12,"author":{"gitId":"wraineflores"},"content":"","lastModifiedDate":"2022-01-23"},{"lineNumber":13,"author":{"gitId":"wraineflores"},"content":"        Task[] addLists \u003d new Task[100];        // array of all tasks","lastModifiedDate":"2022-01-30"},{"lineNumber":14,"author":{"gitId":"wraineflores"},"content":"        int addListsCounter \u003d 0;                // counts the number of non-null elements in the array","lastModifiedDate":"2022-01-30"},{"lineNumber":15,"author":{"gitId":"wraineflores"},"content":"        int workingIndex \u003d 0;                   // points to the index where we want o mark or unmark","lastModifiedDate":"2022-01-30"},{"lineNumber":16,"author":{"gitId":"wraineflores"},"content":"","lastModifiedDate":"2022-01-24"},{"lineNumber":17,"author":{"gitId":"wraineflores"},"content":"        while (!\"bye\".equals(line)) {","lastModifiedDate":"2022-01-23"},{"lineNumber":18,"author":{"gitId":"wraineflores"},"content":"            if (line.startsWith(\"list\")) {","lastModifiedDate":"2022-01-30"},{"lineNumber":19,"author":{"gitId":"wraineflores"},"content":"                List updatedList \u003d new List(addLists);","lastModifiedDate":"2022-01-30"},{"lineNumber":20,"author":{"gitId":"wraineflores"},"content":"                updatedList.printList();","lastModifiedDate":"2022-01-30"},{"lineNumber":21,"author":{"gitId":"wraineflores"},"content":"            } else if (line.startsWith(\"mark\")) {","lastModifiedDate":"2022-01-24"},{"lineNumber":22,"author":{"gitId":"wraineflores"},"content":"                workingIndex \u003d Integer.parseInt(line.replace(\"mark\", \"\").trim()) - 1;","lastModifiedDate":"2022-01-30"},{"lineNumber":23,"author":{"gitId":"wraineflores"},"content":"                addLists[workingIndex].markAsDone();","lastModifiedDate":"2022-01-30"},{"lineNumber":24,"author":{"gitId":"wraineflores"},"content":"                System.out.println(addLists[workingIndex].toString());","lastModifiedDate":"2022-01-30"},{"lineNumber":25,"author":{"gitId":"wraineflores"},"content":"            } else if (line.startsWith(\"unmark\")) {","lastModifiedDate":"2022-01-24"},{"lineNumber":26,"author":{"gitId":"wraineflores"},"content":"                workingIndex \u003d Integer.parseInt(line.replace(\"unmark\", \"\").trim()) - 1;","lastModifiedDate":"2022-01-30"},{"lineNumber":27,"author":{"gitId":"wraineflores"},"content":"                addLists[workingIndex].markAsUndone();","lastModifiedDate":"2022-01-30"},{"lineNumber":28,"author":{"gitId":"wraineflores"},"content":"                System.out.println(addLists[workingIndex].toString());","lastModifiedDate":"2022-01-30"},{"lineNumber":29,"author":{"gitId":"wraineflores"},"content":"            } else if (line.startsWith(\"todo\")) {","lastModifiedDate":"2022-01-30"},{"lineNumber":30,"author":{"gitId":"wraineflores"},"content":"                lineSplitter \u003d getLineSplitter(line);","lastModifiedDate":"2022-02-02"},{"lineNumber":31,"author":{"gitId":"wraineflores"},"content":"                addLists[addListsCounter] \u003d new Todo(lineSplitter.getNewDescription());","lastModifiedDate":"2022-01-30"},{"lineNumber":32,"author":{"gitId":"wraineflores"},"content":"                addListsCounter \u003d printAdded(addListsCounter, addLists[addListsCounter]);","lastModifiedDate":"2022-02-02"},{"lineNumber":33,"author":{"gitId":"wraineflores"},"content":"            } else if (line.startsWith(\"deadline\")) {","lastModifiedDate":"2022-01-30"},{"lineNumber":34,"author":{"gitId":"wraineflores"},"content":"                lineSplitter \u003d getLineSplitter(line);","lastModifiedDate":"2022-02-02"},{"lineNumber":35,"author":{"gitId":"wraineflores"},"content":"                addLists[addListsCounter] \u003d new Deadline(lineSplitter.getNewDescription(), lineSplitter.getByOrAt());","lastModifiedDate":"2022-01-30"},{"lineNumber":36,"author":{"gitId":"wraineflores"},"content":"                addListsCounter \u003d printAdded(addListsCounter, addLists[addListsCounter]);","lastModifiedDate":"2022-02-02"},{"lineNumber":37,"author":{"gitId":"wraineflores"},"content":"            } else if (line.startsWith(\"event\")) {","lastModifiedDate":"2022-01-30"},{"lineNumber":38,"author":{"gitId":"wraineflores"},"content":"                lineSplitter \u003d getLineSplitter(line);","lastModifiedDate":"2022-02-02"},{"lineNumber":39,"author":{"gitId":"wraineflores"},"content":"                addLists[addListsCounter] \u003d new Event(lineSplitter.getNewDescription(), lineSplitter.getByOrAt());","lastModifiedDate":"2022-01-30"},{"lineNumber":40,"author":{"gitId":"wraineflores"},"content":"                addListsCounter \u003d printAdded(addListsCounter, addLists[addListsCounter]);","lastModifiedDate":"2022-02-02"},{"lineNumber":41,"author":{"gitId":"wraineflores"},"content":"            } else {","lastModifiedDate":"2022-01-30"},{"lineNumber":42,"author":{"gitId":"wraineflores"},"content":"                System.out.println(\"Invalid input: Please try again.\");","lastModifiedDate":"2022-01-30"},{"lineNumber":43,"author":{"gitId":"wraineflores"},"content":"            }","lastModifiedDate":"2022-01-24"},{"lineNumber":44,"author":{"gitId":"wraineflores"},"content":"            line \u003d in.nextLine().trim();","lastModifiedDate":"2022-01-24"},{"lineNumber":45,"author":{"gitId":"wraineflores"},"content":"        }","lastModifiedDate":"2022-01-23"},{"lineNumber":46,"author":{"gitId":"wraineflores"},"content":"        System.out.println(\"Bye. Until we meet again!\");","lastModifiedDate":"2022-01-23"},{"lineNumber":47,"author":{"gitId":"-"},"content":"    }","lastModifiedDate":"2019-07-29"},{"lineNumber":48,"author":{"gitId":"wraineflores"},"content":"","lastModifiedDate":"2022-02-02"},{"lineNumber":49,"author":{"gitId":"wraineflores"},"content":"    private static int printAdded(int addListsCounter, Task addList) {","lastModifiedDate":"2022-02-02"},{"lineNumber":50,"author":{"gitId":"wraineflores"},"content":"        addList.printAdded();","lastModifiedDate":"2022-02-02"},{"lineNumber":51,"author":{"gitId":"wraineflores"},"content":"        System.out.println(addList.toString());","lastModifiedDate":"2022-02-02"},{"lineNumber":52,"author":{"gitId":"wraineflores"},"content":"        addListsCounter++;","lastModifiedDate":"2022-02-02"},{"lineNumber":53,"author":{"gitId":"wraineflores"},"content":"        System.out.println(\"Now you have \" + addListsCounter + \" tasks in the list.\");","lastModifiedDate":"2022-02-02"},{"lineNumber":54,"author":{"gitId":"wraineflores"},"content":"        return addListsCounter;","lastModifiedDate":"2022-02-02"},{"lineNumber":55,"author":{"gitId":"wraineflores"},"content":"    }","lastModifiedDate":"2022-02-02"},{"lineNumber":56,"author":{"gitId":"wraineflores"},"content":"","lastModifiedDate":"2022-02-02"},{"lineNumber":57,"author":{"gitId":"wraineflores"},"content":"    private static LineSplitter getLineSplitter(String line) {","lastModifiedDate":"2022-02-02"},{"lineNumber":58,"author":{"gitId":"wraineflores"},"content":"        LineSplitter lineSplitter;","lastModifiedDate":"2022-02-02"},{"lineNumber":59,"author":{"gitId":"wraineflores"},"content":"        lineSplitter \u003d new LineSplitter(line);","lastModifiedDate":"2022-02-02"},{"lineNumber":60,"author":{"gitId":"wraineflores"},"content":"        lineSplitter.splitLine();","lastModifiedDate":"2022-02-02"},{"lineNumber":61,"author":{"gitId":"wraineflores"},"content":"        return lineSplitter;","lastModifiedDate":"2022-02-02"},{"lineNumber":62,"author":{"gitId":"-"},"content":"    }","lastModifiedDate":"2022-02-02"},{"lineNumber":63,"author":{"gitId":"-"},"content":"}","lastModifiedDate":"2019-07-29"}],"authorContributionMap":{"wraineflores":58,"-":5}},{"path":"src/main/java/Event.java","fileType":"java","lines":[{"lineNumber":1,"author":{"gitId":"wraineflores"},"content":"public class Event extends Task {","lastModifiedDate":"2022-01-30"},{"lineNumber":2,"author":{"gitId":"wraineflores"},"content":"    protected String at;","lastModifiedDate":"2022-01-30"},{"lineNumber":3,"author":{"gitId":"wraineflores"},"content":"","lastModifiedDate":"2022-01-30"},{"lineNumber":4,"author":{"gitId":"wraineflores"},"content":"    public Event(String description, String at) {","lastModifiedDate":"2022-01-30"},{"lineNumber":5,"author":{"gitId":"wraineflores"},"content":"        super(description);","lastModifiedDate":"2022-01-30"},{"lineNumber":6,"author":{"gitId":"wraineflores"},"content":"        this.at \u003d at;","lastModifiedDate":"2022-01-30"},{"lineNumber":7,"author":{"gitId":"wraineflores"},"content":"    }","lastModifiedDate":"2022-01-30"},{"lineNumber":8,"author":{"gitId":"wraineflores"},"content":"","lastModifiedDate":"2022-01-30"},{"lineNumber":9,"author":{"gitId":"wraineflores"},"content":"    @Override","lastModifiedDate":"2022-01-30"},{"lineNumber":10,"author":{"gitId":"wraineflores"},"content":"    public String toString() {","lastModifiedDate":"2022-01-30"},{"lineNumber":11,"author":{"gitId":"wraineflores"},"content":"        return \"    [E]\" + super.toString() + \" (at: \" + at + \")\";","lastModifiedDate":"2022-01-30"},{"lineNumber":12,"author":{"gitId":"wraineflores"},"content":"    }","lastModifiedDate":"2022-01-30"},{"lineNumber":13,"author":{"gitId":"wraineflores"},"content":"}","lastModifiedDate":"2022-01-30"}],"authorContributionMap":{"wraineflores":13}},{"path":"src/main/java/LineSplitter.java","fileType":"java","lines":[{"lineNumber":1,"author":{"gitId":"wraineflores"},"content":"public class LineSplitter {","lastModifiedDate":"2022-01-30"},{"lineNumber":2,"author":{"gitId":"wraineflores"},"content":"    protected String description;","lastModifiedDate":"2022-01-30"},{"lineNumber":3,"author":{"gitId":"wraineflores"},"content":"    protected String tempDescription;","lastModifiedDate":"2022-01-30"},{"lineNumber":4,"author":{"gitId":"wraineflores"},"content":"    protected String newDescription;","lastModifiedDate":"2022-01-30"},{"lineNumber":5,"author":{"gitId":"wraineflores"},"content":"    protected String byOrAt;","lastModifiedDate":"2022-01-30"},{"lineNumber":6,"author":{"gitId":"wraineflores"},"content":"    protected String[] arrOfDescription;","lastModifiedDate":"2022-01-30"},{"lineNumber":7,"author":{"gitId":"wraineflores"},"content":"","lastModifiedDate":"2022-01-30"},{"lineNumber":8,"author":{"gitId":"wraineflores"},"content":"    public LineSplitter(String description) {","lastModifiedDate":"2022-01-30"},{"lineNumber":9,"author":{"gitId":"wraineflores"},"content":"        this.description \u003d description;","lastModifiedDate":"2022-01-30"},{"lineNumber":10,"author":{"gitId":"wraineflores"},"content":"    }","lastModifiedDate":"2022-01-30"},{"lineNumber":11,"author":{"gitId":"wraineflores"},"content":"","lastModifiedDate":"2022-01-30"},{"lineNumber":12,"author":{"gitId":"wraineflores"},"content":"    public void splitLine() {","lastModifiedDate":"2022-01-30"},{"lineNumber":13,"author":{"gitId":"wraineflores"},"content":"        if (description.startsWith(\"todo\")) {","lastModifiedDate":"2022-01-30"},{"lineNumber":14,"author":{"gitId":"wraineflores"},"content":"            newDescription \u003d description.replace(\"todo\", \"\").trim();","lastModifiedDate":"2022-01-30"},{"lineNumber":15,"author":{"gitId":"wraineflores"},"content":"        } else if (description.startsWith(\"deadline\")) {","lastModifiedDate":"2022-01-30"},{"lineNumber":16,"author":{"gitId":"wraineflores"},"content":"            tempDescription \u003d description.replace(\"deadline\", \"\").trim();","lastModifiedDate":"2022-01-30"},{"lineNumber":17,"author":{"gitId":"wraineflores"},"content":"            arrOfDescription \u003d tempDescription.split(\"/by\", 2);","lastModifiedDate":"2022-01-30"},{"lineNumber":18,"author":{"gitId":"wraineflores"},"content":"            newDescription \u003d arrOfDescription[0];","lastModifiedDate":"2022-01-30"},{"lineNumber":19,"author":{"gitId":"wraineflores"},"content":"            if (arrOfDescription.length \u003e 1) {","lastModifiedDate":"2022-02-02"},{"lineNumber":20,"author":{"gitId":"wraineflores"},"content":"                byOrAt \u003d arrOfDescription[1];","lastModifiedDate":"2022-01-30"},{"lineNumber":21,"author":{"gitId":"wraineflores"},"content":"            }","lastModifiedDate":"2022-02-02"},{"lineNumber":22,"author":{"gitId":"wraineflores"},"content":"        } else if (description.startsWith(\"event\")) {","lastModifiedDate":"2022-01-30"},{"lineNumber":23,"author":{"gitId":"wraineflores"},"content":"            tempDescription \u003d description.replace(\"event\", \"\").trim();","lastModifiedDate":"2022-01-30"},{"lineNumber":24,"author":{"gitId":"wraineflores"},"content":"            arrOfDescription \u003d tempDescription.split(\"/at\", 2);","lastModifiedDate":"2022-01-30"},{"lineNumber":25,"author":{"gitId":"wraineflores"},"content":"            newDescription \u003d arrOfDescription[0];","lastModifiedDate":"2022-01-30"},{"lineNumber":26,"author":{"gitId":"wraineflores"},"content":"            if (arrOfDescription.length \u003e 1) {","lastModifiedDate":"2022-02-02"},{"lineNumber":27,"author":{"gitId":"wraineflores"},"content":"                byOrAt \u003d arrOfDescription[1];","lastModifiedDate":"2022-01-30"},{"lineNumber":28,"author":{"gitId":"wraineflores"},"content":"            }","lastModifiedDate":"2022-01-30"},{"lineNumber":29,"author":{"gitId":"wraineflores"},"content":"        }","lastModifiedDate":"2022-01-30"},{"lineNumber":30,"author":{"gitId":"wraineflores"},"content":"    }","lastModifiedDate":"2022-02-02"},{"lineNumber":31,"author":{"gitId":"wraineflores"},"content":"","lastModifiedDate":"2022-01-30"},{"lineNumber":32,"author":{"gitId":"wraineflores"},"content":"    public String getNewDescription() {","lastModifiedDate":"2022-01-30"},{"lineNumber":33,"author":{"gitId":"wraineflores"},"content":"        return newDescription;","lastModifiedDate":"2022-01-30"},{"lineNumber":34,"author":{"gitId":"wraineflores"},"content":"    }","lastModifiedDate":"2022-01-30"},{"lineNumber":35,"author":{"gitId":"wraineflores"},"content":"","lastModifiedDate":"2022-01-30"},{"lineNumber":36,"author":{"gitId":"wraineflores"},"content":"    public String getByOrAt() {","lastModifiedDate":"2022-01-30"},{"lineNumber":37,"author":{"gitId":"wraineflores"},"content":"        return byOrAt;","lastModifiedDate":"2022-01-30"},{"lineNumber":38,"author":{"gitId":"wraineflores"},"content":"    }","lastModifiedDate":"2022-01-30"},{"lineNumber":39,"author":{"gitId":"wraineflores"},"content":"}","lastModifiedDate":"2022-01-30"}],"authorContributionMap":{"wraineflores":39}},{"path":"src/main/java/List.java","fileType":"java","lines":[{"lineNumber":1,"author":{"gitId":"wraineflores"},"content":"public class List {","lastModifiedDate":"2022-01-30"},{"lineNumber":2,"author":{"gitId":"wraineflores"},"content":"    protected Task[] addLists;","lastModifiedDate":"2022-01-30"},{"lineNumber":3,"author":{"gitId":"wraineflores"},"content":"","lastModifiedDate":"2022-01-30"},{"lineNumber":4,"author":{"gitId":"wraineflores"},"content":"    public List(Task[] addLists) {","lastModifiedDate":"2022-01-30"},{"lineNumber":5,"author":{"gitId":"wraineflores"},"content":"        this.addLists \u003d addLists;","lastModifiedDate":"2022-01-30"},{"lineNumber":6,"author":{"gitId":"wraineflores"},"content":"    }","lastModifiedDate":"2022-01-30"},{"lineNumber":7,"author":{"gitId":"wraineflores"},"content":"","lastModifiedDate":"2022-01-30"},{"lineNumber":8,"author":{"gitId":"wraineflores"},"content":"    public void printList() {","lastModifiedDate":"2022-01-30"},{"lineNumber":9,"author":{"gitId":"wraineflores"},"content":"        System.out.println(\"Here are the tasks in your list:\");","lastModifiedDate":"2022-01-30"},{"lineNumber":10,"author":{"gitId":"wraineflores"},"content":"        for (int i \u003d 0; i \u003c addLists.length; i++) {","lastModifiedDate":"2022-01-30"},{"lineNumber":11,"author":{"gitId":"wraineflores"},"content":"            if (addLists[i] \u003d\u003d null) {","lastModifiedDate":"2022-01-30"},{"lineNumber":12,"author":{"gitId":"wraineflores"},"content":"                break;","lastModifiedDate":"2022-01-30"},{"lineNumber":13,"author":{"gitId":"wraineflores"},"content":"            } else {","lastModifiedDate":"2022-01-30"},{"lineNumber":14,"author":{"gitId":"wraineflores"},"content":"                System.out.println(Integer.toString(i + 1) + \".\" + addLists[i].toString().trim());","lastModifiedDate":"2022-01-30"},{"lineNumber":15,"author":{"gitId":"wraineflores"},"content":"            }","lastModifiedDate":"2022-01-30"},{"lineNumber":16,"author":{"gitId":"wraineflores"},"content":"        }","lastModifiedDate":"2022-01-30"},{"lineNumber":17,"author":{"gitId":"wraineflores"},"content":"    }","lastModifiedDate":"2022-01-30"},{"lineNumber":18,"author":{"gitId":"wraineflores"},"content":"}","lastModifiedDate":"2022-01-30"}],"authorContributionMap":{"wraineflores":18}},{"path":"src/main/java/Task.java","fileType":"java","lines":[{"lineNumber":1,"author":{"gitId":"wraineflores"},"content":"public class Task {","lastModifiedDate":"2022-01-24"},{"lineNumber":2,"author":{"gitId":"wraineflores"},"content":"    protected String description;","lastModifiedDate":"2022-01-24"},{"lineNumber":3,"author":{"gitId":"wraineflores"},"content":"    protected boolean isDone;","lastModifiedDate":"2022-01-24"},{"lineNumber":4,"author":{"gitId":"wraineflores"},"content":"","lastModifiedDate":"2022-01-24"},{"lineNumber":5,"author":{"gitId":"wraineflores"},"content":"    public Task(String description) {","lastModifiedDate":"2022-01-24"},{"lineNumber":6,"author":{"gitId":"wraineflores"},"content":"        this.description \u003d description;","lastModifiedDate":"2022-01-24"},{"lineNumber":7,"author":{"gitId":"wraineflores"},"content":"        this.isDone \u003d false;","lastModifiedDate":"2022-01-24"},{"lineNumber":8,"author":{"gitId":"wraineflores"},"content":"    }","lastModifiedDate":"2022-01-24"},{"lineNumber":9,"author":{"gitId":"wraineflores"},"content":"","lastModifiedDate":"2022-01-24"},{"lineNumber":10,"author":{"gitId":"wraineflores"},"content":"    public String getStatusIcon() {","lastModifiedDate":"2022-01-24"},{"lineNumber":11,"author":{"gitId":"wraineflores"},"content":"        return (isDone ? \"X\" : \" \");","lastModifiedDate":"2022-01-24"},{"lineNumber":12,"author":{"gitId":"wraineflores"},"content":"    }","lastModifiedDate":"2022-01-24"},{"lineNumber":13,"author":{"gitId":"wraineflores"},"content":"","lastModifiedDate":"2022-01-24"},{"lineNumber":14,"author":{"gitId":"wraineflores"},"content":"    public void markAsDone() {","lastModifiedDate":"2022-01-24"},{"lineNumber":15,"author":{"gitId":"wraineflores"},"content":"        System.out.println(\"Nice! I\u0027ve marked this task as done:\");","lastModifiedDate":"2022-01-30"},{"lineNumber":16,"author":{"gitId":"wraineflores"},"content":"        isDone \u003d true;","lastModifiedDate":"2022-01-24"},{"lineNumber":17,"author":{"gitId":"wraineflores"},"content":"    }","lastModifiedDate":"2022-01-24"},{"lineNumber":18,"author":{"gitId":"wraineflores"},"content":"","lastModifiedDate":"2022-01-24"},{"lineNumber":19,"author":{"gitId":"wraineflores"},"content":"    public void markAsUndone() {","lastModifiedDate":"2022-01-24"},{"lineNumber":20,"author":{"gitId":"wraineflores"},"content":"        System.out.println(\"OK, I\u0027ve marked this task as not done yet:\");","lastModifiedDate":"2022-01-30"},{"lineNumber":21,"author":{"gitId":"wraineflores"},"content":"        isDone \u003d false;","lastModifiedDate":"2022-01-24"},{"lineNumber":22,"author":{"gitId":"wraineflores"},"content":"    }","lastModifiedDate":"2022-01-24"},{"lineNumber":23,"author":{"gitId":"wraineflores"},"content":"","lastModifiedDate":"2022-01-24"},{"lineNumber":24,"author":{"gitId":"wraineflores"},"content":"    public void printAdded() {","lastModifiedDate":"2022-01-30"},{"lineNumber":25,"author":{"gitId":"wraineflores"},"content":"        System.out.println(\"Got it. I\u0027ve added this task: \");","lastModifiedDate":"2022-01-30"},{"lineNumber":26,"author":{"gitId":"wraineflores"},"content":"    }","lastModifiedDate":"2022-01-30"},{"lineNumber":27,"author":{"gitId":"wraineflores"},"content":"","lastModifiedDate":"2022-01-30"},{"lineNumber":28,"author":{"gitId":"wraineflores"},"content":"    public String getDescription() {","lastModifiedDate":"2022-01-24"},{"lineNumber":29,"author":{"gitId":"wraineflores"},"content":"        return description;","lastModifiedDate":"2022-01-24"},{"lineNumber":30,"author":{"gitId":"wraineflores"},"content":"    }","lastModifiedDate":"2022-01-24"},{"lineNumber":31,"author":{"gitId":"wraineflores"},"content":"","lastModifiedDate":"2022-01-30"},{"lineNumber":32,"author":{"gitId":"wraineflores"},"content":"    @Override","lastModifiedDate":"2022-01-30"},{"lineNumber":33,"author":{"gitId":"wraineflores"},"content":"    public String toString() {","lastModifiedDate":"2022-01-30"},{"lineNumber":34,"author":{"gitId":"wraineflores"},"content":"        return \"[\" + getStatusIcon() + \"] \" + getDescription();","lastModifiedDate":"2022-01-30"},{"lineNumber":35,"author":{"gitId":"wraineflores"},"content":"    }","lastModifiedDate":"2022-01-30"},{"lineNumber":36,"author":{"gitId":"wraineflores"},"content":"}","lastModifiedDate":"2022-01-24"}],"authorContributionMap":{"wraineflores":36}},{"path":"src/main/java/Todo.java","fileType":"java","lines":[{"lineNumber":1,"author":{"gitId":"wraineflores"},"content":"public class Todo extends Task {","lastModifiedDate":"2022-01-30"},{"lineNumber":2,"author":{"gitId":"wraineflores"},"content":"","lastModifiedDate":"2022-01-30"},{"lineNumber":3,"author":{"gitId":"wraineflores"},"content":"    public Todo(String description) {","lastModifiedDate":"2022-01-30"},{"lineNumber":4,"author":{"gitId":"wraineflores"},"content":"        super(description);","lastModifiedDate":"2022-01-30"},{"lineNumber":5,"author":{"gitId":"wraineflores"},"content":"    }","lastModifiedDate":"2022-01-30"},{"lineNumber":6,"author":{"gitId":"wraineflores"},"content":"","lastModifiedDate":"2022-01-30"},{"lineNumber":7,"author":{"gitId":"wraineflores"},"content":"    @Override","lastModifiedDate":"2022-01-30"},{"lineNumber":8,"author":{"gitId":"wraineflores"},"content":"    public String toString() {","lastModifiedDate":"2022-01-30"},{"lineNumber":9,"author":{"gitId":"wraineflores"},"content":"        return \"    [T]\" + super.toString();","lastModifiedDate":"2022-01-30"},{"lineNumber":10,"author":{"gitId":"wraineflores"},"content":"    }","lastModifiedDate":"2022-01-30"},{"lineNumber":11,"author":{"gitId":"wraineflores"},"content":"}","lastModifiedDate":"2022-01-30"}],"authorContributionMap":{"wraineflores":11}}]
