[{"path":"docs/README.md","fileType":"md","lines":[{"lineNumber":1,"author":{"gitId":"-"},"content":"# User Guide","lastModifiedDate":"2019-07-29"},{"lineNumber":2,"author":{"gitId":"-"},"content":"","lastModifiedDate":"2019-07-29"},{"lineNumber":3,"author":{"gitId":"-"},"content":"## Features","lastModifiedDate":"2019-07-29"},{"lineNumber":4,"author":{"gitId":"-"},"content":"","lastModifiedDate":"2019-07-29"},{"lineNumber":5,"author":{"gitId":"wraineflores"},"content":"### Feature - mark","lastModifiedDate":"2022-02-06"},{"lineNumber":6,"author":{"gitId":"-"},"content":"","lastModifiedDate":"2021-07-17"},{"lineNumber":7,"author":{"gitId":"wraineflores"},"content":"Marks the task done","lastModifiedDate":"2022-02-06"},{"lineNumber":8,"author":{"gitId":"-"},"content":"","lastModifiedDate":"2021-07-17"},{"lineNumber":9,"author":{"gitId":"wraineflores"},"content":"### Feature - unmark","lastModifiedDate":"2022-02-06"},{"lineNumber":10,"author":{"gitId":"-"},"content":"","lastModifiedDate":"2021-07-17"},{"lineNumber":11,"author":{"gitId":"wraineflores"},"content":"Unmarks a task","lastModifiedDate":"2022-02-06"},{"lineNumber":12,"author":{"gitId":"wraineflores"},"content":"","lastModifiedDate":"2022-02-06"},{"lineNumber":13,"author":{"gitId":"wraineflores"},"content":"### Feature - todo","lastModifiedDate":"2022-02-06"},{"lineNumber":14,"author":{"gitId":"wraineflores"},"content":"","lastModifiedDate":"2022-02-06"},{"lineNumber":15,"author":{"gitId":"wraineflores"},"content":"Adds a task in the list if todo is not empty","lastModifiedDate":"2022-02-06"},{"lineNumber":16,"author":{"gitId":"wraineflores"},"content":"","lastModifiedDate":"2022-02-06"},{"lineNumber":17,"author":{"gitId":"wraineflores"},"content":"### Feature - deadline","lastModifiedDate":"2022-02-06"},{"lineNumber":18,"author":{"gitId":"wraineflores"},"content":"","lastModifiedDate":"2022-02-06"},{"lineNumber":19,"author":{"gitId":"wraineflores"},"content":"Adds a deadline in the list if it has a task and a date between a \u0027/by\u0027","lastModifiedDate":"2022-02-06"},{"lineNumber":20,"author":{"gitId":"wraineflores"},"content":"","lastModifiedDate":"2022-02-06"},{"lineNumber":21,"author":{"gitId":"wraineflores"},"content":"### Feature - event","lastModifiedDate":"2022-02-06"},{"lineNumber":22,"author":{"gitId":"wraineflores"},"content":"","lastModifiedDate":"2022-02-06"},{"lineNumber":23,"author":{"gitId":"wraineflores"},"content":"Adds an event in the list if it has a task and a date between a \u0027/at\u0027","lastModifiedDate":"2022-02-06"},{"lineNumber":24,"author":{"gitId":"wraineflores"},"content":"","lastModifiedDate":"2022-02-06"},{"lineNumber":25,"author":{"gitId":"wraineflores"},"content":"### Feature - list","lastModifiedDate":"2022-02-06"},{"lineNumber":26,"author":{"gitId":"wraineflores"},"content":"","lastModifiedDate":"2022-02-06"},{"lineNumber":27,"author":{"gitId":"wraineflores"},"content":"Lists all tasks in the list","lastModifiedDate":"2022-02-06"},{"lineNumber":28,"author":{"gitId":"wraineflores"},"content":"","lastModifiedDate":"2022-02-06"},{"lineNumber":29,"author":{"gitId":"wraineflores"},"content":"### Feature - delete","lastModifiedDate":"2022-02-12"},{"lineNumber":30,"author":{"gitId":"wraineflores"},"content":"","lastModifiedDate":"2022-02-12"},{"lineNumber":31,"author":{"gitId":"wraineflores"},"content":"deletes a certain index in the list","lastModifiedDate":"2022-02-12"},{"lineNumber":32,"author":{"gitId":"wraineflores"},"content":"","lastModifiedDate":"2022-02-12"},{"lineNumber":33,"author":{"gitId":"wraineflores"},"content":"### Feature - bye","lastModifiedDate":"2022-02-06"},{"lineNumber":34,"author":{"gitId":"wraineflores"},"content":"","lastModifiedDate":"2022-02-06"},{"lineNumber":35,"author":{"gitId":"wraineflores"},"content":"Closes the program","lastModifiedDate":"2022-02-06"},{"lineNumber":36,"author":{"gitId":"-"},"content":"","lastModifiedDate":"2019-07-29"},{"lineNumber":37,"author":{"gitId":"wraineflores"},"content":"### Feature - read/write files","lastModifiedDate":"2022-02-12"},{"lineNumber":38,"author":{"gitId":"wraineflores"},"content":"","lastModifiedDate":"2022-02-12"},{"lineNumber":39,"author":{"gitId":"wraineflores"},"content":"To be updated in the future","lastModifiedDate":"2022-02-12"},{"lineNumber":40,"author":{"gitId":"wraineflores"},"content":"","lastModifiedDate":"2022-02-12"},{"lineNumber":41,"author":{"gitId":"wraineflores"},"content":"Examples are in \u0027input.txt\u0027 and \u0027EXPECTED.TXT\u0027 in text-ui-test file","lastModifiedDate":"2022-02-12"},{"lineNumber":42,"author":{"gitId":"wraineflores"},"content":"Test via terminal","lastModifiedDate":"2022-02-12"},{"lineNumber":43,"author":{"gitId":"wraineflores"},"content":"For windows, change directory to the directory of text-ui-test","lastModifiedDate":"2022-02-12"},{"lineNumber":44,"author":{"gitId":"wraineflores"},"content":"Type in:","lastModifiedDate":"2022-02-12"},{"lineNumber":45,"author":{"gitId":"wraineflores"},"content":"cmd.exe /c runtest.bat","lastModifiedDate":"2022-02-12"},{"lineNumber":46,"author":{"gitId":"wraineflores"},"content":"Then enter","lastModifiedDate":"2022-02-12"},{"lineNumber":47,"author":{"gitId":"wraineflores"},"content":"","lastModifiedDate":"2022-02-12"},{"lineNumber":48,"author":{"gitId":"wraineflores"},"content":"---------------------------------------------------","lastModifiedDate":"2022-02-12"},{"lineNumber":49,"author":{"gitId":"-"},"content":"","lastModifiedDate":"2022-02-12"},{"lineNumber":50,"author":{"gitId":"-"},"content":"## Usage","lastModifiedDate":"2019-07-29"},{"lineNumber":51,"author":{"gitId":"-"},"content":"","lastModifiedDate":"2019-07-29"},{"lineNumber":52,"author":{"gitId":"-"},"content":"### `Keyword` - Describe action","lastModifiedDate":"2019-07-29"},{"lineNumber":53,"author":{"gitId":"-"},"content":"","lastModifiedDate":"2019-07-29"},{"lineNumber":54,"author":{"gitId":"-"},"content":"Describe the action and its outcome.","lastModifiedDate":"2021-07-17"},{"lineNumber":55,"author":{"gitId":"-"},"content":"","lastModifiedDate":"2019-07-29"},{"lineNumber":56,"author":{"gitId":"-"},"content":"Example of usage:","lastModifiedDate":"2019-07-29"},{"lineNumber":57,"author":{"gitId":"-"},"content":"","lastModifiedDate":"2019-07-29"},{"lineNumber":58,"author":{"gitId":"-"},"content":"`keyword (optional arguments)`","lastModifiedDate":"2019-07-29"},{"lineNumber":59,"author":{"gitId":"-"},"content":"","lastModifiedDate":"2019-07-29"},{"lineNumber":60,"author":{"gitId":"-"},"content":"Expected outcome:","lastModifiedDate":"2019-07-29"},{"lineNumber":61,"author":{"gitId":"-"},"content":"","lastModifiedDate":"2019-07-29"},{"lineNumber":62,"author":{"gitId":"-"},"content":"Description of the outcome.","lastModifiedDate":"2021-07-17"},{"lineNumber":63,"author":{"gitId":"-"},"content":"","lastModifiedDate":"2021-07-17"},{"lineNumber":64,"author":{"gitId":"-"},"content":"```","lastModifiedDate":"2021-07-17"},{"lineNumber":65,"author":{"gitId":"-"},"content":"expected output","lastModifiedDate":"2021-07-17"},{"lineNumber":66,"author":{"gitId":"-"},"content":"```","lastModifiedDate":"2021-07-17"}],"authorContributionMap":{"wraineflores":40,"-":26}},{"path":"src/main/java/CommandTypes.java","fileType":"java","lines":[{"lineNumber":1,"author":{"gitId":"wraineflores"},"content":"public enum CommandTypes {","lastModifiedDate":"2022-02-06"},{"lineNumber":2,"author":{"gitId":"wraineflores"},"content":"    todo, deadline, event, mark, unmark, list, bye, delete","lastModifiedDate":"2022-02-12"},{"lineNumber":3,"author":{"gitId":"wraineflores"},"content":"}","lastModifiedDate":"2022-02-06"}],"authorContributionMap":{"wraineflores":3}},{"path":"src/main/java/Deadline.java","fileType":"java","lines":[{"lineNumber":1,"author":{"gitId":"wraineflores"},"content":"public class Deadline extends Task {","lastModifiedDate":"2022-01-30"},{"lineNumber":2,"author":{"gitId":"wraineflores"},"content":"    protected String by;","lastModifiedDate":"2022-01-30"},{"lineNumber":3,"author":{"gitId":"wraineflores"},"content":"","lastModifiedDate":"2022-01-30"},{"lineNumber":4,"author":{"gitId":"wraineflores"},"content":"    public Deadline(String description, String by) {","lastModifiedDate":"2022-01-30"},{"lineNumber":5,"author":{"gitId":"wraineflores"},"content":"        super(description);","lastModifiedDate":"2022-01-30"},{"lineNumber":6,"author":{"gitId":"wraineflores"},"content":"        this.by \u003d by;","lastModifiedDate":"2022-01-30"},{"lineNumber":7,"author":{"gitId":"wraineflores"},"content":"    }","lastModifiedDate":"2022-01-30"},{"lineNumber":8,"author":{"gitId":"wraineflores"},"content":"","lastModifiedDate":"2022-01-30"},{"lineNumber":9,"author":{"gitId":"wraineflores"},"content":"    public String getBy() {","lastModifiedDate":"2022-02-19"},{"lineNumber":10,"author":{"gitId":"wraineflores"},"content":"        return by;","lastModifiedDate":"2022-02-19"},{"lineNumber":11,"author":{"gitId":"wraineflores"},"content":"    }","lastModifiedDate":"2022-02-19"},{"lineNumber":12,"author":{"gitId":"wraineflores"},"content":"","lastModifiedDate":"2022-02-19"},{"lineNumber":13,"author":{"gitId":"wraineflores"},"content":"    @Override","lastModifiedDate":"2022-01-30"},{"lineNumber":14,"author":{"gitId":"wraineflores"},"content":"    public String toString() {","lastModifiedDate":"2022-01-30"},{"lineNumber":15,"author":{"gitId":"wraineflores"},"content":"        return \"    [D]\" + super.toString() + \" (by: \" + by + \")\";","lastModifiedDate":"2022-01-30"},{"lineNumber":16,"author":{"gitId":"wraineflores"},"content":"    }","lastModifiedDate":"2022-01-30"},{"lineNumber":17,"author":{"gitId":"wraineflores"},"content":"}","lastModifiedDate":"2022-01-30"}],"authorContributionMap":{"wraineflores":17}},{"path":"src/main/java/Duke.java","fileType":"java","lines":[{"lineNumber":1,"author":{"gitId":"wraineflores"},"content":"/**","lastModifiedDate":"2022-02-21"},{"lineNumber":2,"author":{"gitId":"wraineflores"},"content":" * Executes the main Java programme","lastModifiedDate":"2022-02-21"},{"lineNumber":3,"author":{"gitId":"wraineflores"},"content":" * To be updated","lastModifiedDate":"2022-02-21"},{"lineNumber":4,"author":{"gitId":"wraineflores"},"content":" */","lastModifiedDate":"2022-02-21"},{"lineNumber":5,"author":{"gitId":"wraineflores"},"content":"","lastModifiedDate":"2022-02-21"},{"lineNumber":6,"author":{"gitId":"wraineflores"},"content":"import java.io.File;","lastModifiedDate":"2022-02-21"},{"lineNumber":7,"author":{"gitId":"wraineflores"},"content":"import java.io.FileNotFoundException;","lastModifiedDate":"2022-02-21"},{"lineNumber":8,"author":{"gitId":"wraineflores"},"content":"import java.io.FileWriter;","lastModifiedDate":"2022-02-21"},{"lineNumber":9,"author":{"gitId":"wraineflores"},"content":"import java.io.IOException;","lastModifiedDate":"2022-02-21"},{"lineNumber":10,"author":{"gitId":"wraineflores"},"content":"import java.io.PrintWriter;","lastModifiedDate":"2022-02-21"},{"lineNumber":11,"author":{"gitId":"wraineflores"},"content":"import java.util.ArrayList;","lastModifiedDate":"2022-02-12"},{"lineNumber":12,"author":{"gitId":"wraineflores"},"content":"import java.util.Scanner;","lastModifiedDate":"2022-01-23"},{"lineNumber":13,"author":{"gitId":"wraineflores"},"content":"","lastModifiedDate":"2022-01-23"},{"lineNumber":14,"author":{"gitId":"-"},"content":"public class Duke {","lastModifiedDate":"2019-07-29"},{"lineNumber":15,"author":{"gitId":"wraineflores"},"content":"    static String fileContent \u003d \"\";","lastModifiedDate":"2022-02-12"},{"lineNumber":16,"author":{"gitId":"wraineflores"},"content":"    static int addListsCounter \u003d 0;                // counts the number of non-null elements in the array","lastModifiedDate":"2022-02-19"},{"lineNumber":17,"author":{"gitId":"wraineflores"},"content":"    static int workingIndex \u003d 0;                   // points to the index where we want o mark or unmark","lastModifiedDate":"2022-02-19"},{"lineNumber":18,"author":{"gitId":"wraineflores"},"content":"    static boolean isSaved \u003d false;","lastModifiedDate":"2022-02-19"},{"lineNumber":19,"author":{"gitId":"wraineflores"},"content":"    static String TODO_EXCEPTION_STATEMENT \u003d \"OOPS!!! The description of a todo cannot be empty.\";","lastModifiedDate":"2022-02-12"},{"lineNumber":20,"author":{"gitId":"wraineflores"},"content":"    static String DEADLINE_EXCEPTION_STATEMENT \u003d \"OOPS!!! The description of a deadline must have a task and date.\";","lastModifiedDate":"2022-02-12"},{"lineNumber":21,"author":{"gitId":"wraineflores"},"content":"    static String EVENT_EXCEPTION_STATEMENT \u003d \"OOPS!!! The description of an event must have a task and date.\";","lastModifiedDate":"2022-02-12"},{"lineNumber":22,"author":{"gitId":"wraineflores"},"content":"    static String ELSE_EXCEPTION_STATEMENT \u003d \"OOPS!!! I\u0027m sorry, but I don\u0027t know what that means :-(\";","lastModifiedDate":"2022-02-12"},{"lineNumber":23,"author":{"gitId":"wraineflores"},"content":"    static String DELETED_TASK_STATEMENT \u003d \"Noted. I\u0027ve removed this task:\";","lastModifiedDate":"2022-02-12"},{"lineNumber":24,"author":{"gitId":"wraineflores"},"content":"","lastModifiedDate":"2022-01-23"},{"lineNumber":25,"author":{"gitId":"wraineflores"},"content":"    private static void readFromFile(String filePath) throws FileNotFoundException {","lastModifiedDate":"2022-02-12"},{"lineNumber":26,"author":{"gitId":"wraineflores"},"content":"        File file \u003d new File(filePath);","lastModifiedDate":"2022-02-12"},{"lineNumber":27,"author":{"gitId":"wraineflores"},"content":"        Scanner scan \u003d new Scanner(file);","lastModifiedDate":"2022-02-12"},{"lineNumber":28,"author":{"gitId":"wraineflores"},"content":"        while (scan.hasNextLine()) {","lastModifiedDate":"2022-02-12"},{"lineNumber":29,"author":{"gitId":"wraineflores"},"content":"            fileContent \u003d fileContent.concat(scan.nextLine() + \"\\n\");","lastModifiedDate":"2022-02-12"},{"lineNumber":30,"author":{"gitId":"wraineflores"},"content":"            addListsCounter++;","lastModifiedDate":"2022-02-19"},{"lineNumber":31,"author":{"gitId":"wraineflores"},"content":"        }","lastModifiedDate":"2022-02-06"},{"lineNumber":32,"author":{"gitId":"wraineflores"},"content":"    }","lastModifiedDate":"2022-02-06"},{"lineNumber":33,"author":{"gitId":"wraineflores"},"content":"","lastModifiedDate":"2022-02-12"},{"lineNumber":34,"author":{"gitId":"wraineflores"},"content":"    private static void writeToFile(String filePath, String fileContent) throws IOException {","lastModifiedDate":"2022-02-12"},{"lineNumber":35,"author":{"gitId":"wraineflores"},"content":"        FileWriter fileWriter \u003d new FileWriter(filePath);","lastModifiedDate":"2022-02-12"},{"lineNumber":36,"author":{"gitId":"wraineflores"},"content":"        fileWriter.write(fileContent);","lastModifiedDate":"2022-02-12"},{"lineNumber":37,"author":{"gitId":"wraineflores"},"content":"        fileWriter.close();","lastModifiedDate":"2022-02-12"},{"lineNumber":38,"author":{"gitId":"wraineflores"},"content":"    }","lastModifiedDate":"2022-02-06"},{"lineNumber":39,"author":{"gitId":"wraineflores"},"content":"","lastModifiedDate":"2022-02-06"},{"lineNumber":40,"author":{"gitId":"wraineflores"},"content":"    private static int deletedFunction(String DELETED_TASK_STATEMENT, ArrayList\u003cTask\u003e addLists, int addListsCounter,","lastModifiedDate":"2022-02-21"},{"lineNumber":41,"author":{"gitId":"wraineflores"},"content":"                                       int workingIndex) {","lastModifiedDate":"2022-02-21"},{"lineNumber":42,"author":{"gitId":"wraineflores"},"content":"        System.out.println(DELETED_TASK_STATEMENT);","lastModifiedDate":"2022-02-12"},{"lineNumber":43,"author":{"gitId":"wraineflores"},"content":"        System.out.println(addLists.get(workingIndex).toString());","lastModifiedDate":"2022-02-12"},{"lineNumber":44,"author":{"gitId":"wraineflores"},"content":"        addLists.remove(workingIndex);","lastModifiedDate":"2022-02-12"},{"lineNumber":45,"author":{"gitId":"wraineflores"},"content":"        addListsCounter--;","lastModifiedDate":"2022-02-12"},{"lineNumber":46,"author":{"gitId":"wraineflores"},"content":"        System.out.println(\"Now you have \" + addListsCounter + \" tasks in the list.\");","lastModifiedDate":"2022-02-12"},{"lineNumber":47,"author":{"gitId":"wraineflores"},"content":"        return addListsCounter;","lastModifiedDate":"2022-02-12"},{"lineNumber":48,"author":{"gitId":"wraineflores"},"content":"    }","lastModifiedDate":"2022-02-12"},{"lineNumber":49,"author":{"gitId":"wraineflores"},"content":"","lastModifiedDate":"2022-02-12"},{"lineNumber":50,"author":{"gitId":"wraineflores"},"content":"    private static int todoFunction(String line, ArrayList\u003cTask\u003e addLists, int addListsCounter) throws DukeException {","lastModifiedDate":"2022-02-12"},{"lineNumber":51,"author":{"gitId":"wraineflores"},"content":"        LineSplitter lineSplitter;","lastModifiedDate":"2022-02-06"},{"lineNumber":52,"author":{"gitId":"wraineflores"},"content":"        lineSplitter \u003d getLineSplitter(line);","lastModifiedDate":"2022-02-02"},{"lineNumber":53,"author":{"gitId":"wraineflores"},"content":"        if (lineSplitter.getNewDescription().isEmpty()) {","lastModifiedDate":"2022-02-06"},{"lineNumber":54,"author":{"gitId":"wraineflores"},"content":"            throw new DukeException();","lastModifiedDate":"2022-02-06"},{"lineNumber":55,"author":{"gitId":"wraineflores"},"content":"        }","lastModifiedDate":"2022-02-06"},{"lineNumber":56,"author":{"gitId":"wraineflores"},"content":"        Todo newTodo \u003d new Todo(lineSplitter.getNewDescription());","lastModifiedDate":"2022-02-12"},{"lineNumber":57,"author":{"gitId":"wraineflores"},"content":"        addLists.add(newTodo);","lastModifiedDate":"2022-02-12"},{"lineNumber":58,"author":{"gitId":"wraineflores"},"content":"        addListsCounter \u003d printAdded(addListsCounter, addLists.get(addListsCounter));","lastModifiedDate":"2022-02-12"},{"lineNumber":59,"author":{"gitId":"wraineflores"},"content":"        return addListsCounter;","lastModifiedDate":"2022-02-06"},{"lineNumber":60,"author":{"gitId":"wraineflores"},"content":"    }","lastModifiedDate":"2022-02-06"},{"lineNumber":61,"author":{"gitId":"wraineflores"},"content":"","lastModifiedDate":"2022-02-06"},{"lineNumber":62,"author":{"gitId":"wraineflores"},"content":"    private static int deadlineFunction(String line, ArrayList\u003cTask\u003e addLists, int addListsCounter) throws","lastModifiedDate":"2022-02-19"},{"lineNumber":63,"author":{"gitId":"wraineflores"},"content":"            DukeException {","lastModifiedDate":"2022-02-12"},{"lineNumber":64,"author":{"gitId":"wraineflores"},"content":"        LineSplitter lineSplitter;","lastModifiedDate":"2022-02-06"},{"lineNumber":65,"author":{"gitId":"wraineflores"},"content":"        lineSplitter \u003d getLineSplitter(line);","lastModifiedDate":"2022-02-02"},{"lineNumber":66,"author":{"gitId":"wraineflores"},"content":"        try {","lastModifiedDate":"2022-02-06"},{"lineNumber":67,"author":{"gitId":"wraineflores"},"content":"            if (lineSplitter.getNewDescription().isEmpty() || lineSplitter.getByOrAt().isEmpty()) {","lastModifiedDate":"2022-02-06"},{"lineNumber":68,"author":{"gitId":"wraineflores"},"content":"                throw new DukeException();","lastModifiedDate":"2022-02-06"},{"lineNumber":69,"author":{"gitId":"wraineflores"},"content":"            }","lastModifiedDate":"2022-02-06"},{"lineNumber":70,"author":{"gitId":"wraineflores"},"content":"        } catch (NullPointerException e) {","lastModifiedDate":"2022-02-06"},{"lineNumber":71,"author":{"gitId":"wraineflores"},"content":"            throw new DukeException();","lastModifiedDate":"2022-02-06"},{"lineNumber":72,"author":{"gitId":"wraineflores"},"content":"        }","lastModifiedDate":"2022-02-06"},{"lineNumber":73,"author":{"gitId":"wraineflores"},"content":"        Deadline newDeadline \u003d new Deadline(lineSplitter.getNewDescription(), lineSplitter.getByOrAt());","lastModifiedDate":"2022-02-19"},{"lineNumber":74,"author":{"gitId":"wraineflores"},"content":"        addLists.add(newDeadline);","lastModifiedDate":"2022-02-19"},{"lineNumber":75,"author":{"gitId":"wraineflores"},"content":"        addListsCounter \u003d printAdded(addListsCounter, addLists.get(addListsCounter));","lastModifiedDate":"2022-02-12"},{"lineNumber":76,"author":{"gitId":"wraineflores"},"content":"        return addListsCounter;","lastModifiedDate":"2022-02-06"},{"lineNumber":77,"author":{"gitId":"wraineflores"},"content":"    }","lastModifiedDate":"2022-01-24"},{"lineNumber":78,"author":{"gitId":"wraineflores"},"content":"","lastModifiedDate":"2022-02-06"},{"lineNumber":79,"author":{"gitId":"wraineflores"},"content":"    private static int eventFunction(String line, ArrayList\u003cTask\u003e addLists, int addListsCounter) throws","lastModifiedDate":"2022-02-19"},{"lineNumber":80,"author":{"gitId":"wraineflores"},"content":"            DukeException {","lastModifiedDate":"2022-02-12"},{"lineNumber":81,"author":{"gitId":"wraineflores"},"content":"        LineSplitter lineSplitter;","lastModifiedDate":"2022-02-06"},{"lineNumber":82,"author":{"gitId":"wraineflores"},"content":"        lineSplitter \u003d getLineSplitter(line);","lastModifiedDate":"2022-02-06"},{"lineNumber":83,"author":{"gitId":"wraineflores"},"content":"        try {","lastModifiedDate":"2022-02-06"},{"lineNumber":84,"author":{"gitId":"wraineflores"},"content":"            if (lineSplitter.getNewDescription().isEmpty()) {","lastModifiedDate":"2022-02-21"},{"lineNumber":85,"author":{"gitId":"wraineflores"},"content":"                throw new DukeException();","lastModifiedDate":"2022-02-21"},{"lineNumber":86,"author":{"gitId":"wraineflores"},"content":"            } else if (lineSplitter.getByOrAt().isEmpty()) {","lastModifiedDate":"2022-02-21"},{"lineNumber":87,"author":{"gitId":"wraineflores"},"content":"                throw new DukeException();","lastModifiedDate":"2022-02-06"},{"lineNumber":88,"author":{"gitId":"wraineflores"},"content":"            }","lastModifiedDate":"2022-01-23"},{"lineNumber":89,"author":{"gitId":"wraineflores"},"content":"        } catch (NullPointerException e) {","lastModifiedDate":"2022-02-06"},{"lineNumber":90,"author":{"gitId":"wraineflores"},"content":"            throw new DukeException();","lastModifiedDate":"2022-02-06"},{"lineNumber":91,"author":{"gitId":"wraineflores"},"content":"        }","lastModifiedDate":"2022-02-06"},{"lineNumber":92,"author":{"gitId":"wraineflores"},"content":"        Event newEvent \u003d new Event(lineSplitter.getNewDescription(), lineSplitter.getByOrAt());","lastModifiedDate":"2022-02-19"},{"lineNumber":93,"author":{"gitId":"wraineflores"},"content":"        addLists.add(newEvent);","lastModifiedDate":"2022-02-19"},{"lineNumber":94,"author":{"gitId":"wraineflores"},"content":"        addListsCounter \u003d printAdded(addListsCounter, addLists.get(addListsCounter));","lastModifiedDate":"2022-02-12"},{"lineNumber":95,"author":{"gitId":"wraineflores"},"content":"        return addListsCounter;","lastModifiedDate":"2022-02-06"},{"lineNumber":96,"author":{"gitId":"-"},"content":"    }","lastModifiedDate":"2019-07-29"},{"lineNumber":97,"author":{"gitId":"wraineflores"},"content":"","lastModifiedDate":"2022-02-02"},{"lineNumber":98,"author":{"gitId":"wraineflores"},"content":"    private static int printAdded(int addListsCounter, Task addList) {","lastModifiedDate":"2022-02-02"},{"lineNumber":99,"author":{"gitId":"wraineflores"},"content":"        addList.printAdded();","lastModifiedDate":"2022-02-02"},{"lineNumber":100,"author":{"gitId":"wraineflores"},"content":"        System.out.println(addList.toString());","lastModifiedDate":"2022-02-02"},{"lineNumber":101,"author":{"gitId":"wraineflores"},"content":"        addListsCounter++;","lastModifiedDate":"2022-02-02"},{"lineNumber":102,"author":{"gitId":"wraineflores"},"content":"        System.out.println(\"Now you have \" + addListsCounter + \" tasks in the list.\");","lastModifiedDate":"2022-02-02"},{"lineNumber":103,"author":{"gitId":"wraineflores"},"content":"        return addListsCounter;","lastModifiedDate":"2022-02-02"},{"lineNumber":104,"author":{"gitId":"wraineflores"},"content":"    }","lastModifiedDate":"2022-02-02"},{"lineNumber":105,"author":{"gitId":"wraineflores"},"content":"","lastModifiedDate":"2022-02-02"},{"lineNumber":106,"author":{"gitId":"wraineflores"},"content":"    private static LineSplitter getLineSplitter(String line) {","lastModifiedDate":"2022-02-02"},{"lineNumber":107,"author":{"gitId":"wraineflores"},"content":"        LineSplitter lineSplitter;","lastModifiedDate":"2022-02-02"},{"lineNumber":108,"author":{"gitId":"wraineflores"},"content":"        lineSplitter \u003d new LineSplitter(line);","lastModifiedDate":"2022-02-02"},{"lineNumber":109,"author":{"gitId":"wraineflores"},"content":"        lineSplitter.splitLine();","lastModifiedDate":"2022-02-02"},{"lineNumber":110,"author":{"gitId":"wraineflores"},"content":"        return lineSplitter;","lastModifiedDate":"2022-02-02"},{"lineNumber":111,"author":{"gitId":"wraineflores"},"content":"    }","lastModifiedDate":"2022-02-02"},{"lineNumber":112,"author":{"gitId":"wraineflores"},"content":"","lastModifiedDate":"2022-02-12"},{"lineNumber":113,"author":{"gitId":"wraineflores"},"content":"    private static ArrayList\u003cTask\u003e tryCatchReadFile(ArrayList\u003cTask\u003e addLists) {","lastModifiedDate":"2022-02-19"},{"lineNumber":114,"author":{"gitId":"wraineflores"},"content":"        try {","lastModifiedDate":"2022-02-19"},{"lineNumber":115,"author":{"gitId":"wraineflores"},"content":"            File file \u003d new File(\"savedDukeData.txt\");","lastModifiedDate":"2022-02-19"},{"lineNumber":116,"author":{"gitId":"wraineflores"},"content":"            if (file.exists()) {","lastModifiedDate":"2022-02-19"},{"lineNumber":117,"author":{"gitId":"wraineflores"},"content":"                readFromFile(\"savedDukeData.txt\");","lastModifiedDate":"2022-02-19"},{"lineNumber":118,"author":{"gitId":"wraineflores"},"content":"                InsertFileContent insertFileContent \u003d new InsertFileContent(fileContent, addLists);","lastModifiedDate":"2022-02-19"},{"lineNumber":119,"author":{"gitId":"wraineflores"},"content":"                addLists \u003d insertFileContent.getAddLists();","lastModifiedDate":"2022-02-19"},{"lineNumber":120,"author":{"gitId":"wraineflores"},"content":"                isSaved \u003d true;","lastModifiedDate":"2022-02-19"},{"lineNumber":121,"author":{"gitId":"wraineflores"},"content":"            } else {","lastModifiedDate":"2022-02-19"},{"lineNumber":122,"author":{"gitId":"wraineflores"},"content":"                PrintWriter writer \u003d new PrintWriter(\"savedDukeData.txt\", \"UTF-8\");","lastModifiedDate":"2022-02-19"},{"lineNumber":123,"author":{"gitId":"wraineflores"},"content":"                writer.close();","lastModifiedDate":"2022-02-19"},{"lineNumber":124,"author":{"gitId":"wraineflores"},"content":"            }","lastModifiedDate":"2022-02-19"},{"lineNumber":125,"author":{"gitId":"wraineflores"},"content":"        } catch (IOException e) {","lastModifiedDate":"2022-02-19"},{"lineNumber":126,"author":{"gitId":"wraineflores"},"content":"            e.printStackTrace();","lastModifiedDate":"2022-02-19"},{"lineNumber":127,"author":{"gitId":"wraineflores"},"content":"        }","lastModifiedDate":"2022-02-19"},{"lineNumber":128,"author":{"gitId":"wraineflores"},"content":"        return addLists;","lastModifiedDate":"2022-02-19"},{"lineNumber":129,"author":{"gitId":"wraineflores"},"content":"    }","lastModifiedDate":"2022-02-19"},{"lineNumber":130,"author":{"gitId":"wraineflores"},"content":"","lastModifiedDate":"2022-02-19"},{"lineNumber":131,"author":{"gitId":"wraineflores"},"content":"    private static void mainLoopFunction(ArrayList\u003cTask\u003e addLists, String line) {","lastModifiedDate":"2022-02-21"},{"lineNumber":132,"author":{"gitId":"wraineflores"},"content":"        if (line.startsWith(String.valueOf(CommandTypes.list))) {","lastModifiedDate":"2022-02-12"},{"lineNumber":133,"author":{"gitId":"wraineflores"},"content":"            List updatedList \u003d new List(addLists);","lastModifiedDate":"2022-02-12"},{"lineNumber":134,"author":{"gitId":"wraineflores"},"content":"            updatedList.printList();","lastModifiedDate":"2022-02-12"},{"lineNumber":135,"author":{"gitId":"wraineflores"},"content":"        } else if (line.startsWith(String.valueOf(CommandTypes.mark))) {","lastModifiedDate":"2022-02-12"},{"lineNumber":136,"author":{"gitId":"wraineflores"},"content":"            workingIndex \u003d Integer.parseInt(line.replace(\"mark\", \"\").trim()) - 1;","lastModifiedDate":"2022-02-12"},{"lineNumber":137,"author":{"gitId":"wraineflores"},"content":"            addLists.get(workingIndex).markAsDone();","lastModifiedDate":"2022-02-12"},{"lineNumber":138,"author":{"gitId":"wraineflores"},"content":"            System.out.println(addLists.get(workingIndex).toString());","lastModifiedDate":"2022-02-12"},{"lineNumber":139,"author":{"gitId":"wraineflores"},"content":"        } else if (line.startsWith(String.valueOf(CommandTypes.unmark))) {","lastModifiedDate":"2022-02-12"},{"lineNumber":140,"author":{"gitId":"wraineflores"},"content":"            workingIndex \u003d Integer.parseInt(line.replace(\"unmark\", \"\").trim()) - 1;","lastModifiedDate":"2022-02-12"},{"lineNumber":141,"author":{"gitId":"wraineflores"},"content":"            addLists.get(workingIndex).markAsUndone();","lastModifiedDate":"2022-02-12"},{"lineNumber":142,"author":{"gitId":"wraineflores"},"content":"            System.out.println(addLists.get(workingIndex).toString());","lastModifiedDate":"2022-02-12"},{"lineNumber":143,"author":{"gitId":"wraineflores"},"content":"        } else if (line.startsWith(String.valueOf(CommandTypes.delete))) {","lastModifiedDate":"2022-02-12"},{"lineNumber":144,"author":{"gitId":"wraineflores"},"content":"            workingIndex \u003d Integer.parseInt(line.replace(\"delete\", \"\").trim()) - 1;","lastModifiedDate":"2022-02-12"},{"lineNumber":145,"author":{"gitId":"wraineflores"},"content":"            addListsCounter \u003d deletedFunction(DELETED_TASK_STATEMENT, addLists, addListsCounter, workingIndex);","lastModifiedDate":"2022-02-12"},{"lineNumber":146,"author":{"gitId":"wraineflores"},"content":"        } else if (line.startsWith(String.valueOf(CommandTypes.todo))) {","lastModifiedDate":"2022-02-12"},{"lineNumber":147,"author":{"gitId":"wraineflores"},"content":"            todoTryCatch(addLists, line);","lastModifiedDate":"2022-02-21"},{"lineNumber":148,"author":{"gitId":"wraineflores"},"content":"        } else if (line.startsWith(String.valueOf(CommandTypes.deadline))) {","lastModifiedDate":"2022-02-21"},{"lineNumber":149,"author":{"gitId":"wraineflores"},"content":"            deadlineTryCatch(addLists, line);","lastModifiedDate":"2022-02-21"},{"lineNumber":150,"author":{"gitId":"wraineflores"},"content":"        } else if (line.startsWith(String.valueOf(CommandTypes.event))) {","lastModifiedDate":"2022-02-21"},{"lineNumber":151,"author":{"gitId":"wraineflores"},"content":"            eventTryCatch(addLists, line);","lastModifiedDate":"2022-02-21"},{"lineNumber":152,"author":{"gitId":"wraineflores"},"content":"        } else {","lastModifiedDate":"2022-02-21"},{"lineNumber":153,"author":{"gitId":"wraineflores"},"content":"            System.out.println(ELSE_EXCEPTION_STATEMENT);","lastModifiedDate":"2022-02-21"},{"lineNumber":154,"author":{"gitId":"wraineflores"},"content":"        }","lastModifiedDate":"2022-02-21"},{"lineNumber":155,"author":{"gitId":"wraineflores"},"content":"    }","lastModifiedDate":"2022-02-21"},{"lineNumber":156,"author":{"gitId":"wraineflores"},"content":"","lastModifiedDate":"2022-02-21"},{"lineNumber":157,"author":{"gitId":"wraineflores"},"content":"    private static void eventTryCatch(ArrayList\u003cTask\u003e addLists, String line) {","lastModifiedDate":"2022-02-21"},{"lineNumber":158,"author":{"gitId":"wraineflores"},"content":"        try {","lastModifiedDate":"2022-02-12"},{"lineNumber":159,"author":{"gitId":"wraineflores"},"content":"            addListsCounter \u003d eventFunction(line, addLists, addListsCounter);","lastModifiedDate":"2022-02-21"},{"lineNumber":160,"author":{"gitId":"wraineflores"},"content":"        } catch (DukeException e) {","lastModifiedDate":"2022-02-12"},{"lineNumber":161,"author":{"gitId":"wraineflores"},"content":"            System.out.println(EVENT_EXCEPTION_STATEMENT);","lastModifiedDate":"2022-02-21"},{"lineNumber":162,"author":{"gitId":"wraineflores"},"content":"        }","lastModifiedDate":"2022-02-12"},{"lineNumber":163,"author":{"gitId":"wraineflores"},"content":"    }","lastModifiedDate":"2022-02-21"},{"lineNumber":164,"author":{"gitId":"wraineflores"},"content":"","lastModifiedDate":"2022-02-21"},{"lineNumber":165,"author":{"gitId":"wraineflores"},"content":"    private static void deadlineTryCatch(ArrayList\u003cTask\u003e addLists, String line) {","lastModifiedDate":"2022-02-21"},{"lineNumber":166,"author":{"gitId":"wraineflores"},"content":"        try {","lastModifiedDate":"2022-02-12"},{"lineNumber":167,"author":{"gitId":"wraineflores"},"content":"            addListsCounter \u003d deadlineFunction(line, addLists, addListsCounter);","lastModifiedDate":"2022-02-12"},{"lineNumber":168,"author":{"gitId":"wraineflores"},"content":"        } catch (DukeException e) {","lastModifiedDate":"2022-02-12"},{"lineNumber":169,"author":{"gitId":"wraineflores"},"content":"            System.out.println(DEADLINE_EXCEPTION_STATEMENT);","lastModifiedDate":"2022-02-12"},{"lineNumber":170,"author":{"gitId":"wraineflores"},"content":"        }","lastModifiedDate":"2022-02-12"},{"lineNumber":171,"author":{"gitId":"wraineflores"},"content":"    }","lastModifiedDate":"2022-02-21"},{"lineNumber":172,"author":{"gitId":"wraineflores"},"content":"","lastModifiedDate":"2022-02-21"},{"lineNumber":173,"author":{"gitId":"wraineflores"},"content":"    private static void todoTryCatch(ArrayList\u003cTask\u003e addLists, String line) {","lastModifiedDate":"2022-02-21"},{"lineNumber":174,"author":{"gitId":"wraineflores"},"content":"        try {","lastModifiedDate":"2022-02-12"},{"lineNumber":175,"author":{"gitId":"wraineflores"},"content":"            addListsCounter \u003d todoFunction(line, addLists, addListsCounter);","lastModifiedDate":"2022-02-21"},{"lineNumber":176,"author":{"gitId":"wraineflores"},"content":"        } catch (DukeException e) {","lastModifiedDate":"2022-02-12"},{"lineNumber":177,"author":{"gitId":"wraineflores"},"content":"            System.out.println(TODO_EXCEPTION_STATEMENT);","lastModifiedDate":"2022-02-21"},{"lineNumber":178,"author":{"gitId":"wraineflores"},"content":"        }","lastModifiedDate":"2022-02-12"},{"lineNumber":179,"author":{"gitId":"wraineflores"},"content":"    }","lastModifiedDate":"2022-02-12"},{"lineNumber":180,"author":{"gitId":"wraineflores"},"content":"","lastModifiedDate":"2022-02-21"},{"lineNumber":181,"author":{"gitId":"wraineflores"},"content":"    private static void programmeExits(ArrayList\u003cTask\u003e addLists) throws FileNotFoundException {","lastModifiedDate":"2022-02-21"},{"lineNumber":182,"author":{"gitId":"wraineflores"},"content":"        WriteOutFileContent writeOutFileContent \u003d new WriteOutFileContent(addLists);","lastModifiedDate":"2022-02-19"},{"lineNumber":183,"author":{"gitId":"wraineflores"},"content":"        writeOutFileContent.getWriteForAll();","lastModifiedDate":"2022-02-19"},{"lineNumber":184,"author":{"gitId":"wraineflores"},"content":"        System.out.println(\"Bye. Until we meet again!\");","lastModifiedDate":"2022-02-12"},{"lineNumber":185,"author":{"gitId":"wraineflores"},"content":"    }","lastModifiedDate":"2022-02-12"},{"lineNumber":186,"author":{"gitId":"wraineflores"},"content":"","lastModifiedDate":"2022-02-21"},{"lineNumber":187,"author":{"gitId":"wraineflores"},"content":"    public static void main(String[] args) throws DukeException, IOException {","lastModifiedDate":"2022-02-21"},{"lineNumber":188,"author":{"gitId":"wraineflores"},"content":"        ArrayList\u003cTask\u003e addLists \u003d new ArrayList\u003c\u003e();","lastModifiedDate":"2022-02-21"},{"lineNumber":189,"author":{"gitId":"wraineflores"},"content":"        addLists \u003d tryCatchReadFile(addLists);","lastModifiedDate":"2022-02-21"},{"lineNumber":190,"author":{"gitId":"wraineflores"},"content":"        System.out.println(\"Hello! I\u0027m Earl Grey\\nWhat can I do for you?\");","lastModifiedDate":"2022-02-21"},{"lineNumber":191,"author":{"gitId":"wraineflores"},"content":"        String line;","lastModifiedDate":"2022-02-21"},{"lineNumber":192,"author":{"gitId":"wraineflores"},"content":"        Scanner in \u003d new Scanner(System.in);","lastModifiedDate":"2022-02-21"},{"lineNumber":193,"author":{"gitId":"wraineflores"},"content":"        line \u003d in.nextLine().trim();            // reads input","lastModifiedDate":"2022-02-21"},{"lineNumber":194,"author":{"gitId":"wraineflores"},"content":"        LineSplitter lineSplitter;              // class that splits input","lastModifiedDate":"2022-02-21"},{"lineNumber":195,"author":{"gitId":"wraineflores"},"content":"","lastModifiedDate":"2022-02-21"},{"lineNumber":196,"author":{"gitId":"wraineflores"},"content":"        while (!String.valueOf(CommandTypes.bye).equals(line)) {","lastModifiedDate":"2022-02-21"},{"lineNumber":197,"author":{"gitId":"wraineflores"},"content":"            mainLoopFunction(addLists, line);","lastModifiedDate":"2022-02-21"},{"lineNumber":198,"author":{"gitId":"wraineflores"},"content":"            line \u003d in.nextLine().trim();","lastModifiedDate":"2022-02-21"},{"lineNumber":199,"author":{"gitId":"wraineflores"},"content":"        }","lastModifiedDate":"2022-02-21"},{"lineNumber":200,"author":{"gitId":"wraineflores"},"content":"        programmeExits(addLists);","lastModifiedDate":"2022-02-21"},{"lineNumber":201,"author":{"gitId":"-"},"content":"    }","lastModifiedDate":"2022-02-21"},{"lineNumber":202,"author":{"gitId":"-"},"content":"}","lastModifiedDate":"2019-07-29"}],"authorContributionMap":{"wraineflores":198,"-":4}},{"path":"src/main/java/DukeException.java","fileType":"java","lines":[{"lineNumber":1,"author":{"gitId":"wraineflores"},"content":"public class DukeException extends Exception {","lastModifiedDate":"2022-02-06"},{"lineNumber":2,"author":{"gitId":"wraineflores"},"content":"    //no other code needed","lastModifiedDate":"2022-02-06"},{"lineNumber":3,"author":{"gitId":"wraineflores"},"content":"}","lastModifiedDate":"2022-02-06"}],"authorContributionMap":{"wraineflores":3}},{"path":"src/main/java/Event.java","fileType":"java","lines":[{"lineNumber":1,"author":{"gitId":"wraineflores"},"content":"public class Event extends Task {","lastModifiedDate":"2022-01-30"},{"lineNumber":2,"author":{"gitId":"wraineflores"},"content":"    protected String at;","lastModifiedDate":"2022-01-30"},{"lineNumber":3,"author":{"gitId":"wraineflores"},"content":"","lastModifiedDate":"2022-01-30"},{"lineNumber":4,"author":{"gitId":"wraineflores"},"content":"    public Event(String description, String at) {","lastModifiedDate":"2022-01-30"},{"lineNumber":5,"author":{"gitId":"wraineflores"},"content":"        super(description);","lastModifiedDate":"2022-01-30"},{"lineNumber":6,"author":{"gitId":"wraineflores"},"content":"        this.at \u003d at;","lastModifiedDate":"2022-01-30"},{"lineNumber":7,"author":{"gitId":"wraineflores"},"content":"    }","lastModifiedDate":"2022-01-30"},{"lineNumber":8,"author":{"gitId":"wraineflores"},"content":"","lastModifiedDate":"2022-01-30"},{"lineNumber":9,"author":{"gitId":"wraineflores"},"content":"    public String getAt() {","lastModifiedDate":"2022-02-19"},{"lineNumber":10,"author":{"gitId":"wraineflores"},"content":"        return at;","lastModifiedDate":"2022-02-19"},{"lineNumber":11,"author":{"gitId":"wraineflores"},"content":"    }","lastModifiedDate":"2022-02-19"},{"lineNumber":12,"author":{"gitId":"wraineflores"},"content":"","lastModifiedDate":"2022-02-19"},{"lineNumber":13,"author":{"gitId":"wraineflores"},"content":"    @Override","lastModifiedDate":"2022-01-30"},{"lineNumber":14,"author":{"gitId":"wraineflores"},"content":"    public String toString() {","lastModifiedDate":"2022-01-30"},{"lineNumber":15,"author":{"gitId":"wraineflores"},"content":"        return \"    [E]\" + super.toString() + \" (at: \" + at + \")\";","lastModifiedDate":"2022-01-30"},{"lineNumber":16,"author":{"gitId":"wraineflores"},"content":"    }","lastModifiedDate":"2022-01-30"},{"lineNumber":17,"author":{"gitId":"wraineflores"},"content":"}","lastModifiedDate":"2022-01-30"}],"authorContributionMap":{"wraineflores":17}},{"path":"src/main/java/InsertFileContent.java","fileType":"java","lines":[{"lineNumber":1,"author":{"gitId":"wraineflores"},"content":"import java.util.ArrayList;","lastModifiedDate":"2022-02-19"},{"lineNumber":2,"author":{"gitId":"wraineflores"},"content":"import java.util.Arrays;","lastModifiedDate":"2022-02-19"},{"lineNumber":3,"author":{"gitId":"wraineflores"},"content":"","lastModifiedDate":"2022-02-19"},{"lineNumber":4,"author":{"gitId":"wraineflores"},"content":"public class InsertFileContent {","lastModifiedDate":"2022-02-19"},{"lineNumber":5,"author":{"gitId":"wraineflores"},"content":"    protected String fileContent;","lastModifiedDate":"2022-02-19"},{"lineNumber":6,"author":{"gitId":"wraineflores"},"content":"    protected ArrayList\u003cTask\u003e addLists;","lastModifiedDate":"2022-02-19"},{"lineNumber":7,"author":{"gitId":"wraineflores"},"content":"    protected ArrayList\u003cString\u003e fileContentLists;","lastModifiedDate":"2022-02-19"},{"lineNumber":8,"author":{"gitId":"wraineflores"},"content":"","lastModifiedDate":"2022-02-19"},{"lineNumber":9,"author":{"gitId":"wraineflores"},"content":"    public InsertFileContent(String fileContent, ArrayList\u003cTask\u003e addLists) {","lastModifiedDate":"2022-02-19"},{"lineNumber":10,"author":{"gitId":"wraineflores"},"content":"        this.fileContent \u003d fileContent;","lastModifiedDate":"2022-02-19"},{"lineNumber":11,"author":{"gitId":"wraineflores"},"content":"        this.addLists \u003d addLists;","lastModifiedDate":"2022-02-19"},{"lineNumber":12,"author":{"gitId":"wraineflores"},"content":"        this.fileContentLists \u003d new ArrayList\u003cString\u003e(Arrays.asList(fileContent.split(\"\\n\")));","lastModifiedDate":"2022-02-19"},{"lineNumber":13,"author":{"gitId":"wraineflores"},"content":"    }","lastModifiedDate":"2022-02-19"},{"lineNumber":14,"author":{"gitId":"wraineflores"},"content":"","lastModifiedDate":"2022-02-19"},{"lineNumber":15,"author":{"gitId":"wraineflores"},"content":"    public ArrayList\u003cTask\u003e getAddLists() {","lastModifiedDate":"2022-02-19"},{"lineNumber":16,"author":{"gitId":"wraineflores"},"content":"        for (String fileContentList : fileContentLists) {","lastModifiedDate":"2022-02-19"},{"lineNumber":17,"author":{"gitId":"wraineflores"},"content":"            if (fileContentList.startsWith(\"todo\")) {","lastModifiedDate":"2022-02-19"},{"lineNumber":18,"author":{"gitId":"wraineflores"},"content":"                todoFunc(fileContentList, addLists);","lastModifiedDate":"2022-02-19"},{"lineNumber":19,"author":{"gitId":"wraineflores"},"content":"            } else if (fileContentList.startsWith(\"deadline\")) {","lastModifiedDate":"2022-02-19"},{"lineNumber":20,"author":{"gitId":"wraineflores"},"content":"                deadlineFunc(fileContentList, addLists);","lastModifiedDate":"2022-02-19"},{"lineNumber":21,"author":{"gitId":"wraineflores"},"content":"            } else if (fileContentList.startsWith(\"event\")) {","lastModifiedDate":"2022-02-19"},{"lineNumber":22,"author":{"gitId":"wraineflores"},"content":"                eventFunc(fileContentList, addLists);","lastModifiedDate":"2022-02-19"},{"lineNumber":23,"author":{"gitId":"wraineflores"},"content":"            }","lastModifiedDate":"2022-02-19"},{"lineNumber":24,"author":{"gitId":"wraineflores"},"content":"        }","lastModifiedDate":"2022-02-19"},{"lineNumber":25,"author":{"gitId":"wraineflores"},"content":"        return addLists;","lastModifiedDate":"2022-02-19"},{"lineNumber":26,"author":{"gitId":"wraineflores"},"content":"    }","lastModifiedDate":"2022-02-19"},{"lineNumber":27,"author":{"gitId":"wraineflores"},"content":"","lastModifiedDate":"2022-02-19"},{"lineNumber":28,"author":{"gitId":"wraineflores"},"content":"    private static void todoFunc(String line, ArrayList\u003cTask\u003e addLists) {","lastModifiedDate":"2022-02-19"},{"lineNumber":29,"author":{"gitId":"wraineflores"},"content":"        LineSplitter lineSplitter;","lastModifiedDate":"2022-02-19"},{"lineNumber":30,"author":{"gitId":"wraineflores"},"content":"        lineSplitter \u003d getLineSplitter(line);","lastModifiedDate":"2022-02-19"},{"lineNumber":31,"author":{"gitId":"wraineflores"},"content":"        Todo newTodo \u003d new Todo(lineSplitter.getNewDescription());","lastModifiedDate":"2022-02-19"},{"lineNumber":32,"author":{"gitId":"wraineflores"},"content":"        if (lineSplitter.getMarkOrUnmark().equalsIgnoreCase(\"1\")) {","lastModifiedDate":"2022-02-19"},{"lineNumber":33,"author":{"gitId":"wraineflores"},"content":"            newTodo.setAsDone();","lastModifiedDate":"2022-02-19"},{"lineNumber":34,"author":{"gitId":"wraineflores"},"content":"        }","lastModifiedDate":"2022-02-19"},{"lineNumber":35,"author":{"gitId":"wraineflores"},"content":"        addLists.add(newTodo);","lastModifiedDate":"2022-02-19"},{"lineNumber":36,"author":{"gitId":"wraineflores"},"content":"    }","lastModifiedDate":"2022-02-19"},{"lineNumber":37,"author":{"gitId":"wraineflores"},"content":"","lastModifiedDate":"2022-02-19"},{"lineNumber":38,"author":{"gitId":"wraineflores"},"content":"    private static void deadlineFunc(String line, ArrayList\u003cTask\u003e addLists) {","lastModifiedDate":"2022-02-19"},{"lineNumber":39,"author":{"gitId":"wraineflores"},"content":"        LineSplitter lineSplitter;","lastModifiedDate":"2022-02-19"},{"lineNumber":40,"author":{"gitId":"wraineflores"},"content":"        lineSplitter \u003d getLineSplitter(line);","lastModifiedDate":"2022-02-19"},{"lineNumber":41,"author":{"gitId":"wraineflores"},"content":"        Event newDeadline \u003d new Event(lineSplitter.getNewDescription(), lineSplitter.getByOrAt());","lastModifiedDate":"2022-02-19"},{"lineNumber":42,"author":{"gitId":"wraineflores"},"content":"        if (lineSplitter.getMarkOrUnmark().equalsIgnoreCase(\"1\")) {","lastModifiedDate":"2022-02-19"},{"lineNumber":43,"author":{"gitId":"wraineflores"},"content":"            newDeadline.setAsDone();","lastModifiedDate":"2022-02-19"},{"lineNumber":44,"author":{"gitId":"wraineflores"},"content":"        }","lastModifiedDate":"2022-02-19"},{"lineNumber":45,"author":{"gitId":"wraineflores"},"content":"        addLists.add(newDeadline);","lastModifiedDate":"2022-02-19"},{"lineNumber":46,"author":{"gitId":"wraineflores"},"content":"    }","lastModifiedDate":"2022-02-19"},{"lineNumber":47,"author":{"gitId":"wraineflores"},"content":"","lastModifiedDate":"2022-02-19"},{"lineNumber":48,"author":{"gitId":"wraineflores"},"content":"    private static void eventFunc(String line, ArrayList\u003cTask\u003e addLists) {","lastModifiedDate":"2022-02-19"},{"lineNumber":49,"author":{"gitId":"wraineflores"},"content":"        LineSplitter lineSplitter;","lastModifiedDate":"2022-02-19"},{"lineNumber":50,"author":{"gitId":"wraineflores"},"content":"        lineSplitter \u003d getLineSplitter(line);","lastModifiedDate":"2022-02-19"},{"lineNumber":51,"author":{"gitId":"wraineflores"},"content":"        Event newEvent \u003d new Event(lineSplitter.getNewDescription(), lineSplitter.getByOrAt());","lastModifiedDate":"2022-02-19"},{"lineNumber":52,"author":{"gitId":"wraineflores"},"content":"        if (lineSplitter.getMarkOrUnmark().equalsIgnoreCase(\"1\")) {","lastModifiedDate":"2022-02-19"},{"lineNumber":53,"author":{"gitId":"wraineflores"},"content":"            newEvent.setAsDone();","lastModifiedDate":"2022-02-19"},{"lineNumber":54,"author":{"gitId":"wraineflores"},"content":"        }","lastModifiedDate":"2022-02-19"},{"lineNumber":55,"author":{"gitId":"wraineflores"},"content":"        addLists.add(newEvent);","lastModifiedDate":"2022-02-19"},{"lineNumber":56,"author":{"gitId":"wraineflores"},"content":"    }","lastModifiedDate":"2022-02-19"},{"lineNumber":57,"author":{"gitId":"wraineflores"},"content":"","lastModifiedDate":"2022-02-19"},{"lineNumber":58,"author":{"gitId":"wraineflores"},"content":"    private static LineSplitter getLineSplitter(String line) {","lastModifiedDate":"2022-02-19"},{"lineNumber":59,"author":{"gitId":"wraineflores"},"content":"        LineSplitter lineSplitter;","lastModifiedDate":"2022-02-19"},{"lineNumber":60,"author":{"gitId":"wraineflores"},"content":"        lineSplitter \u003d new LineSplitter(line);","lastModifiedDate":"2022-02-19"},{"lineNumber":61,"author":{"gitId":"wraineflores"},"content":"        lineSplitter.splitLineFileContent();","lastModifiedDate":"2022-02-19"},{"lineNumber":62,"author":{"gitId":"wraineflores"},"content":"        return lineSplitter;","lastModifiedDate":"2022-02-19"},{"lineNumber":63,"author":{"gitId":"wraineflores"},"content":"    }","lastModifiedDate":"2022-02-19"},{"lineNumber":64,"author":{"gitId":"wraineflores"},"content":"}","lastModifiedDate":"2022-02-19"}],"authorContributionMap":{"wraineflores":64}},{"path":"src/main/java/LineSplitter.java","fileType":"java","lines":[{"lineNumber":1,"author":{"gitId":"wraineflores"},"content":"import java.util.ArrayList;","lastModifiedDate":"2022-02-19"},{"lineNumber":2,"author":{"gitId":"wraineflores"},"content":"import java.util.Arrays;","lastModifiedDate":"2022-02-19"},{"lineNumber":3,"author":{"gitId":"wraineflores"},"content":"","lastModifiedDate":"2022-02-19"},{"lineNumber":4,"author":{"gitId":"wraineflores"},"content":"public class LineSplitter {","lastModifiedDate":"2022-01-30"},{"lineNumber":5,"author":{"gitId":"wraineflores"},"content":"    protected String description;","lastModifiedDate":"2022-01-30"},{"lineNumber":6,"author":{"gitId":"wraineflores"},"content":"    protected String tempDescription;","lastModifiedDate":"2022-01-30"},{"lineNumber":7,"author":{"gitId":"wraineflores"},"content":"    protected String newDescription;","lastModifiedDate":"2022-01-30"},{"lineNumber":8,"author":{"gitId":"wraineflores"},"content":"    protected String byOrAt;","lastModifiedDate":"2022-01-30"},{"lineNumber":9,"author":{"gitId":"wraineflores"},"content":"    protected String markOrUnmark;","lastModifiedDate":"2022-02-19"},{"lineNumber":10,"author":{"gitId":"wraineflores"},"content":"    protected String[] arrOfDescriptions;","lastModifiedDate":"2022-02-21"},{"lineNumber":11,"author":{"gitId":"wraineflores"},"content":"    protected ArrayList\u003cString\u003e fileContentStringLists;","lastModifiedDate":"2022-02-19"},{"lineNumber":12,"author":{"gitId":"wraineflores"},"content":"","lastModifiedDate":"2022-01-30"},{"lineNumber":13,"author":{"gitId":"wraineflores"},"content":"    public LineSplitter(String description) {","lastModifiedDate":"2022-01-30"},{"lineNumber":14,"author":{"gitId":"wraineflores"},"content":"        this.description \u003d description;","lastModifiedDate":"2022-01-30"},{"lineNumber":15,"author":{"gitId":"wraineflores"},"content":"    }","lastModifiedDate":"2022-01-30"},{"lineNumber":16,"author":{"gitId":"wraineflores"},"content":"","lastModifiedDate":"2022-01-30"},{"lineNumber":17,"author":{"gitId":"wraineflores"},"content":"    public void splitLineFileContent() {","lastModifiedDate":"2022-02-19"},{"lineNumber":18,"author":{"gitId":"wraineflores"},"content":"        fileContentStringLists \u003d new ArrayList\u003cString\u003e(Arrays.asList(description.split(\"---\")));","lastModifiedDate":"2022-02-19"},{"lineNumber":19,"author":{"gitId":"wraineflores"},"content":"        if (fileContentStringLists.get(0).equalsIgnoreCase(\"todo\")) {","lastModifiedDate":"2022-02-19"},{"lineNumber":20,"author":{"gitId":"wraineflores"},"content":"            splitFileFunction();","lastModifiedDate":"2022-02-21"},{"lineNumber":21,"author":{"gitId":"wraineflores"},"content":"        } else if (fileContentStringLists.get(0).equalsIgnoreCase(\"deadline\")) {","lastModifiedDate":"2022-02-19"},{"lineNumber":22,"author":{"gitId":"wraineflores"},"content":"            deadlineOrEventSplitFileFuntion();","lastModifiedDate":"2022-02-21"},{"lineNumber":23,"author":{"gitId":"wraineflores"},"content":"        } else if (fileContentStringLists.get(0).equalsIgnoreCase(\"event\")) {","lastModifiedDate":"2022-02-19"},{"lineNumber":24,"author":{"gitId":"wraineflores"},"content":"            deadlineOrEventSplitFileFuntion();","lastModifiedDate":"2022-02-21"},{"lineNumber":25,"author":{"gitId":"wraineflores"},"content":"        }","lastModifiedDate":"2022-02-21"},{"lineNumber":26,"author":{"gitId":"wraineflores"},"content":"    }","lastModifiedDate":"2022-02-21"},{"lineNumber":27,"author":{"gitId":"wraineflores"},"content":"","lastModifiedDate":"2022-02-21"},{"lineNumber":28,"author":{"gitId":"wraineflores"},"content":"    private void splitFileFunction() {","lastModifiedDate":"2022-02-21"},{"lineNumber":29,"author":{"gitId":"wraineflores"},"content":"        markOrUnmark \u003d fileContentStringLists.get(1).trim();","lastModifiedDate":"2022-02-19"},{"lineNumber":30,"author":{"gitId":"wraineflores"},"content":"        newDescription \u003d fileContentStringLists.get(2).trim();","lastModifiedDate":"2022-02-19"},{"lineNumber":31,"author":{"gitId":"wraineflores"},"content":"    }","lastModifiedDate":"2022-02-19"},{"lineNumber":32,"author":{"gitId":"wraineflores"},"content":"","lastModifiedDate":"2022-02-21"},{"lineNumber":33,"author":{"gitId":"wraineflores"},"content":"    private void deadlineOrEventSplitFileFuntion() {","lastModifiedDate":"2022-02-21"},{"lineNumber":34,"author":{"gitId":"wraineflores"},"content":"        splitFileFunction();","lastModifiedDate":"2022-02-21"},{"lineNumber":35,"author":{"gitId":"wraineflores"},"content":"        byOrAt \u003d fileContentStringLists.get(3).trim();","lastModifiedDate":"2022-02-21"},{"lineNumber":36,"author":{"gitId":"wraineflores"},"content":"    }","lastModifiedDate":"2022-02-19"},{"lineNumber":37,"author":{"gitId":"wraineflores"},"content":"","lastModifiedDate":"2022-02-19"},{"lineNumber":38,"author":{"gitId":"wraineflores"},"content":"    public void splitLine() {","lastModifiedDate":"2022-01-30"},{"lineNumber":39,"author":{"gitId":"wraineflores"},"content":"        if (description.startsWith(\"todo\")) {","lastModifiedDate":"2022-01-30"},{"lineNumber":40,"author":{"gitId":"wraineflores"},"content":"            newDescription \u003d description.replace(\"todo\", \"\").trim();","lastModifiedDate":"2022-01-30"},{"lineNumber":41,"author":{"gitId":"wraineflores"},"content":"        } else if (description.startsWith(\"deadline\")) {","lastModifiedDate":"2022-01-30"},{"lineNumber":42,"author":{"gitId":"wraineflores"},"content":"            try {","lastModifiedDate":"2022-02-06"},{"lineNumber":43,"author":{"gitId":"wraineflores"},"content":"                this.tempDescription \u003d description.replace(\"deadline\", \"\").trim();","lastModifiedDate":"2022-02-06"},{"lineNumber":44,"author":{"gitId":"wraineflores"},"content":"                this.arrOfDescriptions \u003d tempDescription.split(\"/by\", 2);","lastModifiedDate":"2022-02-21"},{"lineNumber":45,"author":{"gitId":"wraineflores"},"content":"                this.newDescription \u003d arrOfDescriptions[0];","lastModifiedDate":"2022-02-21"},{"lineNumber":46,"author":{"gitId":"wraineflores"},"content":"                this.byOrAt \u003d arrOfDescriptions[1];","lastModifiedDate":"2022-02-21"},{"lineNumber":47,"author":{"gitId":"wraineflores"},"content":"            } catch (ArrayIndexOutOfBoundsException e) {","lastModifiedDate":"2022-02-06"},{"lineNumber":48,"author":{"gitId":"wraineflores"},"content":"                System.out.println(\"Oh no! Something went wrong.\");","lastModifiedDate":"2022-02-06"},{"lineNumber":49,"author":{"gitId":"wraineflores"},"content":"            }","lastModifiedDate":"2022-02-02"},{"lineNumber":50,"author":{"gitId":"wraineflores"},"content":"        } else if (description.startsWith(\"event\")) {","lastModifiedDate":"2022-01-30"},{"lineNumber":51,"author":{"gitId":"wraineflores"},"content":"            try {","lastModifiedDate":"2022-02-06"},{"lineNumber":52,"author":{"gitId":"wraineflores"},"content":"                this.tempDescription \u003d description.replace(\"event\", \"\").trim();","lastModifiedDate":"2022-02-06"},{"lineNumber":53,"author":{"gitId":"wraineflores"},"content":"                this.arrOfDescriptions \u003d tempDescription.split(\"/at\", 2);","lastModifiedDate":"2022-02-21"},{"lineNumber":54,"author":{"gitId":"wraineflores"},"content":"                this.newDescription \u003d arrOfDescriptions[0];","lastModifiedDate":"2022-02-21"},{"lineNumber":55,"author":{"gitId":"wraineflores"},"content":"                this.byOrAt \u003d arrOfDescriptions[1];","lastModifiedDate":"2022-02-21"},{"lineNumber":56,"author":{"gitId":"wraineflores"},"content":"            } catch (ArrayIndexOutOfBoundsException e) {","lastModifiedDate":"2022-02-06"},{"lineNumber":57,"author":{"gitId":"wraineflores"},"content":"                System.out.println(\"Oh no! Something went wrong.\");","lastModifiedDate":"2022-02-06"},{"lineNumber":58,"author":{"gitId":"wraineflores"},"content":"            }","lastModifiedDate":"2022-01-30"},{"lineNumber":59,"author":{"gitId":"wraineflores"},"content":"        }","lastModifiedDate":"2022-01-30"},{"lineNumber":60,"author":{"gitId":"wraineflores"},"content":"    }","lastModifiedDate":"2022-02-02"},{"lineNumber":61,"author":{"gitId":"wraineflores"},"content":"","lastModifiedDate":"2022-01-30"},{"lineNumber":62,"author":{"gitId":"wraineflores"},"content":"    public String getNewDescription() {","lastModifiedDate":"2022-01-30"},{"lineNumber":63,"author":{"gitId":"wraineflores"},"content":"        return newDescription;","lastModifiedDate":"2022-01-30"},{"lineNumber":64,"author":{"gitId":"wraineflores"},"content":"    }","lastModifiedDate":"2022-01-30"},{"lineNumber":65,"author":{"gitId":"wraineflores"},"content":"","lastModifiedDate":"2022-01-30"},{"lineNumber":66,"author":{"gitId":"wraineflores"},"content":"    public String getByOrAt() {","lastModifiedDate":"2022-01-30"},{"lineNumber":67,"author":{"gitId":"wraineflores"},"content":"        return byOrAt;","lastModifiedDate":"2022-01-30"},{"lineNumber":68,"author":{"gitId":"wraineflores"},"content":"    }","lastModifiedDate":"2022-01-30"},{"lineNumber":69,"author":{"gitId":"wraineflores"},"content":"","lastModifiedDate":"2022-02-19"},{"lineNumber":70,"author":{"gitId":"wraineflores"},"content":"    public String getMarkOrUnmark() {","lastModifiedDate":"2022-02-19"},{"lineNumber":71,"author":{"gitId":"wraineflores"},"content":"        return markOrUnmark;","lastModifiedDate":"2022-02-19"},{"lineNumber":72,"author":{"gitId":"wraineflores"},"content":"    }","lastModifiedDate":"2022-02-19"},{"lineNumber":73,"author":{"gitId":"wraineflores"},"content":"}","lastModifiedDate":"2022-01-30"}],"authorContributionMap":{"wraineflores":73}},{"path":"src/main/java/List.java","fileType":"java","lines":[{"lineNumber":1,"author":{"gitId":"wraineflores"},"content":"import java.util.ArrayList;","lastModifiedDate":"2022-02-12"},{"lineNumber":2,"author":{"gitId":"wraineflores"},"content":"","lastModifiedDate":"2022-02-12"},{"lineNumber":3,"author":{"gitId":"wraineflores"},"content":"public class List {","lastModifiedDate":"2022-01-30"},{"lineNumber":4,"author":{"gitId":"wraineflores"},"content":"    //protected static Object[] addLists;","lastModifiedDate":"2022-02-12"},{"lineNumber":5,"author":{"gitId":"wraineflores"},"content":"    protected static ArrayList\u003cTask\u003e addLists;","lastModifiedDate":"2022-02-12"},{"lineNumber":6,"author":{"gitId":"wraineflores"},"content":"","lastModifiedDate":"2022-01-30"},{"lineNumber":7,"author":{"gitId":"wraineflores"},"content":"    protected List(ArrayList\u003cTask\u003e addLists) {","lastModifiedDate":"2022-02-12"},{"lineNumber":8,"author":{"gitId":"wraineflores"},"content":"        this.addLists \u003d addLists;","lastModifiedDate":"2022-01-30"},{"lineNumber":9,"author":{"gitId":"wraineflores"},"content":"    }","lastModifiedDate":"2022-01-30"},{"lineNumber":10,"author":{"gitId":"wraineflores"},"content":"","lastModifiedDate":"2022-01-30"},{"lineNumber":11,"author":{"gitId":"wraineflores"},"content":"    public static void printList() {","lastModifiedDate":"2022-02-19"},{"lineNumber":12,"author":{"gitId":"wraineflores"},"content":"        System.out.println(\"Here are the tasks in your list:\");","lastModifiedDate":"2022-01-30"},{"lineNumber":13,"author":{"gitId":"wraineflores"},"content":"        for (int i \u003d 0; i \u003c addLists.size(); i++) {","lastModifiedDate":"2022-02-12"},{"lineNumber":14,"author":{"gitId":"wraineflores"},"content":"            if (addLists.get(i) \u003d\u003d null) {","lastModifiedDate":"2022-02-12"},{"lineNumber":15,"author":{"gitId":"wraineflores"},"content":"                continue;","lastModifiedDate":"2022-02-12"},{"lineNumber":16,"author":{"gitId":"wraineflores"},"content":"            } else {","lastModifiedDate":"2022-01-30"},{"lineNumber":17,"author":{"gitId":"wraineflores"},"content":"                System.out.println(Integer.toString(i + 1) + \".\" + addLists.get(i).toString().trim());","lastModifiedDate":"2022-02-12"},{"lineNumber":18,"author":{"gitId":"wraineflores"},"content":"            }","lastModifiedDate":"2022-01-30"},{"lineNumber":19,"author":{"gitId":"wraineflores"},"content":"        }","lastModifiedDate":"2022-01-30"},{"lineNumber":20,"author":{"gitId":"wraineflores"},"content":"    }","lastModifiedDate":"2022-01-30"},{"lineNumber":21,"author":{"gitId":"wraineflores"},"content":"}","lastModifiedDate":"2022-01-30"}],"authorContributionMap":{"wraineflores":21}},{"path":"src/main/java/Task.java","fileType":"java","lines":[{"lineNumber":1,"author":{"gitId":"wraineflores"},"content":"public class Task {","lastModifiedDate":"2022-01-24"},{"lineNumber":2,"author":{"gitId":"wraineflores"},"content":"    protected String description;","lastModifiedDate":"2022-01-24"},{"lineNumber":3,"author":{"gitId":"wraineflores"},"content":"    protected boolean isDone;","lastModifiedDate":"2022-01-24"},{"lineNumber":4,"author":{"gitId":"wraineflores"},"content":"","lastModifiedDate":"2022-01-24"},{"lineNumber":5,"author":{"gitId":"wraineflores"},"content":"    public Task(String description) {","lastModifiedDate":"2022-01-24"},{"lineNumber":6,"author":{"gitId":"wraineflores"},"content":"        this.description \u003d description;","lastModifiedDate":"2022-01-24"},{"lineNumber":7,"author":{"gitId":"wraineflores"},"content":"        this.isDone \u003d false;","lastModifiedDate":"2022-01-24"},{"lineNumber":8,"author":{"gitId":"wraineflores"},"content":"    }","lastModifiedDate":"2022-01-24"},{"lineNumber":9,"author":{"gitId":"wraineflores"},"content":"","lastModifiedDate":"2022-01-24"},{"lineNumber":10,"author":{"gitId":"wraineflores"},"content":"    public String getStatusIcon() {","lastModifiedDate":"2022-01-24"},{"lineNumber":11,"author":{"gitId":"wraineflores"},"content":"        return (isDone ? \"1\" : \"0\");","lastModifiedDate":"2022-02-19"},{"lineNumber":12,"author":{"gitId":"wraineflores"},"content":"    }","lastModifiedDate":"2022-01-24"},{"lineNumber":13,"author":{"gitId":"wraineflores"},"content":"","lastModifiedDate":"2022-01-24"},{"lineNumber":14,"author":{"gitId":"wraineflores"},"content":"    public void markAsDone() {","lastModifiedDate":"2022-01-24"},{"lineNumber":15,"author":{"gitId":"wraineflores"},"content":"        System.out.println(\"Nice! I\u0027ve marked this task as done:\");","lastModifiedDate":"2022-01-30"},{"lineNumber":16,"author":{"gitId":"wraineflores"},"content":"        isDone \u003d true;","lastModifiedDate":"2022-01-24"},{"lineNumber":17,"author":{"gitId":"wraineflores"},"content":"    }","lastModifiedDate":"2022-01-24"},{"lineNumber":18,"author":{"gitId":"wraineflores"},"content":"","lastModifiedDate":"2022-01-24"},{"lineNumber":19,"author":{"gitId":"wraineflores"},"content":"    public void setAsDone() {","lastModifiedDate":"2022-02-19"},{"lineNumber":20,"author":{"gitId":"wraineflores"},"content":"        isDone \u003d true;","lastModifiedDate":"2022-02-19"},{"lineNumber":21,"author":{"gitId":"wraineflores"},"content":"    }","lastModifiedDate":"2022-02-19"},{"lineNumber":22,"author":{"gitId":"wraineflores"},"content":"","lastModifiedDate":"2022-02-19"},{"lineNumber":23,"author":{"gitId":"wraineflores"},"content":"    public void markAsUndone() {","lastModifiedDate":"2022-01-24"},{"lineNumber":24,"author":{"gitId":"wraineflores"},"content":"        System.out.println(\"OK, I\u0027ve marked this task as not done yet:\");","lastModifiedDate":"2022-01-30"},{"lineNumber":25,"author":{"gitId":"wraineflores"},"content":"        isDone \u003d false;","lastModifiedDate":"2022-01-24"},{"lineNumber":26,"author":{"gitId":"wraineflores"},"content":"    }","lastModifiedDate":"2022-01-24"},{"lineNumber":27,"author":{"gitId":"wraineflores"},"content":"","lastModifiedDate":"2022-01-24"},{"lineNumber":28,"author":{"gitId":"wraineflores"},"content":"    public void printAdded() {","lastModifiedDate":"2022-01-30"},{"lineNumber":29,"author":{"gitId":"wraineflores"},"content":"        System.out.println(\"Got it. I\u0027ve added this task:\");","lastModifiedDate":"2022-01-30"},{"lineNumber":30,"author":{"gitId":"wraineflores"},"content":"    }","lastModifiedDate":"2022-01-30"},{"lineNumber":31,"author":{"gitId":"wraineflores"},"content":"","lastModifiedDate":"2022-01-30"},{"lineNumber":32,"author":{"gitId":"wraineflores"},"content":"    public String getDescription() {","lastModifiedDate":"2022-01-24"},{"lineNumber":33,"author":{"gitId":"wraineflores"},"content":"        return description;","lastModifiedDate":"2022-01-24"},{"lineNumber":34,"author":{"gitId":"wraineflores"},"content":"    }","lastModifiedDate":"2022-01-24"},{"lineNumber":35,"author":{"gitId":"wraineflores"},"content":"","lastModifiedDate":"2022-01-30"},{"lineNumber":36,"author":{"gitId":"wraineflores"},"content":"    @Override","lastModifiedDate":"2022-01-30"},{"lineNumber":37,"author":{"gitId":"wraineflores"},"content":"    public String toString() {","lastModifiedDate":"2022-01-30"},{"lineNumber":38,"author":{"gitId":"wraineflores"},"content":"        return \"[\" + getStatusIcon() + \"] \" + getDescription();","lastModifiedDate":"2022-01-30"},{"lineNumber":39,"author":{"gitId":"wraineflores"},"content":"    }","lastModifiedDate":"2022-01-30"},{"lineNumber":40,"author":{"gitId":"wraineflores"},"content":"","lastModifiedDate":"2022-02-12"},{"lineNumber":41,"author":{"gitId":"wraineflores"},"content":"    public boolean isEmpty() {","lastModifiedDate":"2022-02-12"},{"lineNumber":42,"author":{"gitId":"wraineflores"},"content":"        return description.equals(\"\");","lastModifiedDate":"2022-02-12"},{"lineNumber":43,"author":{"gitId":"wraineflores"},"content":"    }","lastModifiedDate":"2022-02-12"},{"lineNumber":44,"author":{"gitId":"wraineflores"},"content":"}","lastModifiedDate":"2022-01-24"}],"authorContributionMap":{"wraineflores":44}},{"path":"src/main/java/Todo.java","fileType":"java","lines":[{"lineNumber":1,"author":{"gitId":"wraineflores"},"content":"public class Todo extends Task {","lastModifiedDate":"2022-01-30"},{"lineNumber":2,"author":{"gitId":"wraineflores"},"content":"","lastModifiedDate":"2022-01-30"},{"lineNumber":3,"author":{"gitId":"wraineflores"},"content":"    public Todo(String description) {","lastModifiedDate":"2022-01-30"},{"lineNumber":4,"author":{"gitId":"wraineflores"},"content":"        super(description);","lastModifiedDate":"2022-01-30"},{"lineNumber":5,"author":{"gitId":"wraineflores"},"content":"    }","lastModifiedDate":"2022-01-30"},{"lineNumber":6,"author":{"gitId":"wraineflores"},"content":"","lastModifiedDate":"2022-01-30"},{"lineNumber":7,"author":{"gitId":"wraineflores"},"content":"    @Override","lastModifiedDate":"2022-01-30"},{"lineNumber":8,"author":{"gitId":"wraineflores"},"content":"    public String toString() {","lastModifiedDate":"2022-01-30"},{"lineNumber":9,"author":{"gitId":"wraineflores"},"content":"        return \"    [T]\" + super.toString();","lastModifiedDate":"2022-01-30"},{"lineNumber":10,"author":{"gitId":"wraineflores"},"content":"    }","lastModifiedDate":"2022-01-30"},{"lineNumber":11,"author":{"gitId":"wraineflores"},"content":"}","lastModifiedDate":"2022-01-30"}],"authorContributionMap":{"wraineflores":11}},{"path":"src/main/java/WriteOutFileContent.java","fileType":"java","lines":[{"lineNumber":1,"author":{"gitId":"wraineflores"},"content":"import java.io.File;","lastModifiedDate":"2022-02-19"},{"lineNumber":2,"author":{"gitId":"wraineflores"},"content":"import java.io.FileNotFoundException;","lastModifiedDate":"2022-02-19"},{"lineNumber":3,"author":{"gitId":"wraineflores"},"content":"import java.io.PrintWriter;","lastModifiedDate":"2022-02-19"},{"lineNumber":4,"author":{"gitId":"wraineflores"},"content":"import java.util.ArrayList;","lastModifiedDate":"2022-02-19"},{"lineNumber":5,"author":{"gitId":"wraineflores"},"content":"","lastModifiedDate":"2022-02-19"},{"lineNumber":6,"author":{"gitId":"wraineflores"},"content":"public class WriteOutFileContent {","lastModifiedDate":"2022-02-19"},{"lineNumber":7,"author":{"gitId":"wraineflores"},"content":"    protected ArrayList\u003cTask\u003e addLists;","lastModifiedDate":"2022-02-19"},{"lineNumber":8,"author":{"gitId":"wraineflores"},"content":"","lastModifiedDate":"2022-02-19"},{"lineNumber":9,"author":{"gitId":"wraineflores"},"content":"    public WriteOutFileContent(ArrayList\u003cTask\u003e addLists) {","lastModifiedDate":"2022-02-19"},{"lineNumber":10,"author":{"gitId":"wraineflores"},"content":"        this.addLists \u003d addLists;","lastModifiedDate":"2022-02-19"},{"lineNumber":11,"author":{"gitId":"wraineflores"},"content":"    }","lastModifiedDate":"2022-02-19"},{"lineNumber":12,"author":{"gitId":"wraineflores"},"content":"","lastModifiedDate":"2022-02-19"},{"lineNumber":13,"author":{"gitId":"wraineflores"},"content":"    public void getWriteForAll() throws FileNotFoundException {","lastModifiedDate":"2022-02-19"},{"lineNumber":14,"author":{"gitId":"wraineflores"},"content":"        File f \u003d new File(\"savedDukeData.txt\");","lastModifiedDate":"2022-02-19"},{"lineNumber":15,"author":{"gitId":"wraineflores"},"content":"        PrintWriter pw \u003d new PrintWriter(f);","lastModifiedDate":"2022-02-19"},{"lineNumber":16,"author":{"gitId":"wraineflores"},"content":"        for (Task addlist : addLists) {","lastModifiedDate":"2022-02-19"},{"lineNumber":17,"author":{"gitId":"wraineflores"},"content":"            if (addlist instanceof Todo) {","lastModifiedDate":"2022-02-19"},{"lineNumber":18,"author":{"gitId":"wraineflores"},"content":"                pw.println(\"todo---\" + addlist.getStatusIcon() + \"---\" + addlist.getDescription());","lastModifiedDate":"2022-02-19"},{"lineNumber":19,"author":{"gitId":"wraineflores"},"content":"            } else if (addlist instanceof Deadline) {","lastModifiedDate":"2022-02-19"},{"lineNumber":20,"author":{"gitId":"wraineflores"},"content":"                pw.println(\"deadline---\" + addlist.getStatusIcon() + \"---\" + addlist.getDescription() + \"---\" + ((Deadline) addlist).getBy());","lastModifiedDate":"2022-02-19"},{"lineNumber":21,"author":{"gitId":"wraineflores"},"content":"            } else if (addlist instanceof Event) {","lastModifiedDate":"2022-02-19"},{"lineNumber":22,"author":{"gitId":"wraineflores"},"content":"                pw.println(\"event---\" + addlist.getStatusIcon() + \"---\" + addlist.getDescription() + \"---\" + ((Event) addlist).getAt());","lastModifiedDate":"2022-02-19"},{"lineNumber":23,"author":{"gitId":"wraineflores"},"content":"            }","lastModifiedDate":"2022-02-19"},{"lineNumber":24,"author":{"gitId":"wraineflores"},"content":"        }","lastModifiedDate":"2022-02-19"},{"lineNumber":25,"author":{"gitId":"wraineflores"},"content":"        pw.close();","lastModifiedDate":"2022-02-19"},{"lineNumber":26,"author":{"gitId":"wraineflores"},"content":"    }","lastModifiedDate":"2022-02-19"},{"lineNumber":27,"author":{"gitId":"wraineflores"},"content":"}","lastModifiedDate":"2022-02-19"}],"authorContributionMap":{"wraineflores":27}},{"path":"text-ui-test/input.txt","fileType":"txt","lines":[{"lineNumber":1,"author":{"gitId":"wraineflores"},"content":"todo read book","lastModifiedDate":"2022-02-03"},{"lineNumber":2,"author":{"gitId":"wraineflores"},"content":"mark 1","lastModifiedDate":"2022-02-03"},{"lineNumber":3,"author":{"gitId":"wraineflores"},"content":"list","lastModifiedDate":"2022-02-03"},{"lineNumber":4,"author":{"gitId":"wraineflores"},"content":"deadline return book /by Sunday","lastModifiedDate":"2022-02-03"},{"lineNumber":5,"author":{"gitId":"wraineflores"},"content":"mark 2","lastModifiedDate":"2022-02-03"},{"lineNumber":6,"author":{"gitId":"wraineflores"},"content":"unmark 1","lastModifiedDate":"2022-02-03"},{"lineNumber":7,"author":{"gitId":"wraineflores"},"content":"list","lastModifiedDate":"2022-02-03"},{"lineNumber":8,"author":{"gitId":"wraineflores"},"content":"event project meeting /at Mon 2-4pm","lastModifiedDate":"2022-02-03"},{"lineNumber":9,"author":{"gitId":"wraineflores"},"content":"list","lastModifiedDate":"2022-02-03"},{"lineNumber":10,"author":{"gitId":"wraineflores"},"content":"todo","lastModifiedDate":"2022-02-06"},{"lineNumber":11,"author":{"gitId":"wraineflores"},"content":"blah","lastModifiedDate":"2022-02-06"},{"lineNumber":12,"author":{"gitId":"wraineflores"},"content":"deadline","lastModifiedDate":"2022-02-06"},{"lineNumber":13,"author":{"gitId":"wraineflores"},"content":"event","lastModifiedDate":"2022-02-06"},{"lineNumber":14,"author":{"gitId":"wraineflores"},"content":"delete 1","lastModifiedDate":"2022-02-12"},{"lineNumber":15,"author":{"gitId":"wraineflores"},"content":"list","lastModifiedDate":"2022-02-12"},{"lineNumber":16,"author":{"gitId":"wraineflores"},"content":"bye","lastModifiedDate":"2022-02-03"}],"authorContributionMap":{"wraineflores":16}},{"path":"text-ui-test/runtest.bat","fileType":"bat","lines":[{"lineNumber":1,"author":{"gitId":"-"},"content":"@ECHO OFF","lastModifiedDate":"2020-05-25"},{"lineNumber":2,"author":{"gitId":"-"},"content":"","lastModifiedDate":"2020-05-25"},{"lineNumber":3,"author":{"gitId":"-"},"content":"REM create bin directory if it doesn\u0027t exist","lastModifiedDate":"2020-05-25"},{"lineNumber":4,"author":{"gitId":"-"},"content":"if not exist ..\\bin mkdir ..\\bin","lastModifiedDate":"2020-05-25"},{"lineNumber":5,"author":{"gitId":"-"},"content":"","lastModifiedDate":"2020-05-25"},{"lineNumber":6,"author":{"gitId":"-"},"content":"REM delete output from previous run","lastModifiedDate":"2020-05-25"},{"lineNumber":7,"author":{"gitId":"-"},"content":"if exist ACTUAL.TXT del ACTUAL.TXT","lastModifiedDate":"2020-08-25"},{"lineNumber":8,"author":{"gitId":"-"},"content":"","lastModifiedDate":"2020-05-25"},{"lineNumber":9,"author":{"gitId":"-"},"content":"REM compile the code into the bin folder","lastModifiedDate":"2020-05-25"},{"lineNumber":10,"author":{"gitId":"wraineflores"},"content":"javac  -cp ..\\src\\main\\java -Xlint:none -d ..\\bin ..\\src\\main\\java\\Duke.java","lastModifiedDate":"2022-02-03"},{"lineNumber":11,"author":{"gitId":"-"},"content":"IF ERRORLEVEL 1 (","lastModifiedDate":"2020-05-25"},{"lineNumber":12,"author":{"gitId":"-"},"content":"    echo ********** BUILD FAILURE **********","lastModifiedDate":"2020-05-25"},{"lineNumber":13,"author":{"gitId":"-"},"content":"    exit /b 1","lastModifiedDate":"2020-05-25"},{"lineNumber":14,"author":{"gitId":"-"},"content":")","lastModifiedDate":"2020-05-25"},{"lineNumber":15,"author":{"gitId":"-"},"content":"REM no error here, errorlevel \u003d\u003d 0","lastModifiedDate":"2020-05-25"},{"lineNumber":16,"author":{"gitId":"-"},"content":"","lastModifiedDate":"2020-05-25"},{"lineNumber":17,"author":{"gitId":"-"},"content":"REM run the program, feed commands from input.txt file and redirect the output to the ACTUAL.TXT","lastModifiedDate":"2020-05-25"},{"lineNumber":18,"author":{"gitId":"-"},"content":"java -classpath ..\\bin Duke \u003c input.txt \u003e ACTUAL.TXT","lastModifiedDate":"2020-05-25"},{"lineNumber":19,"author":{"gitId":"-"},"content":"","lastModifiedDate":"2020-05-25"},{"lineNumber":20,"author":{"gitId":"-"},"content":"REM compare the output to the expected output","lastModifiedDate":"2020-05-25"},{"lineNumber":21,"author":{"gitId":"-"},"content":"FC ACTUAL.TXT EXPECTED.TXT","lastModifiedDate":"2020-05-25"}],"authorContributionMap":{"wraineflores":1,"-":20}}]
