[{"path":"src/main/java/Deadline.java","fileType":"java","lines":[{"lineNumber":1,"author":{"gitId":"FaliciaOng"},"content":"public class Deadline extends Task {","lastModifiedDate":"2022-02-02"},{"lineNumber":2,"author":{"gitId":"FaliciaOng"},"content":"    protected String deadlineBy;","lastModifiedDate":"2022-02-04"},{"lineNumber":3,"author":{"gitId":"FaliciaOng"},"content":"","lastModifiedDate":"2022-02-02"},{"lineNumber":4,"author":{"gitId":"FaliciaOng"},"content":"    public Deadline(String description, String deadlineBy) {","lastModifiedDate":"2022-02-04"},{"lineNumber":5,"author":{"gitId":"FaliciaOng"},"content":"        super(description);","lastModifiedDate":"2022-02-02"},{"lineNumber":6,"author":{"gitId":"FaliciaOng"},"content":"        this.deadlineBy \u003d deadlineBy;","lastModifiedDate":"2022-02-04"},{"lineNumber":7,"author":{"gitId":"FaliciaOng"},"content":"    }","lastModifiedDate":"2022-02-02"},{"lineNumber":8,"author":{"gitId":"FaliciaOng"},"content":"","lastModifiedDate":"2022-02-02"},{"lineNumber":9,"author":{"gitId":"FaliciaOng"},"content":"    @Override","lastModifiedDate":"2022-02-02"},{"lineNumber":10,"author":{"gitId":"FaliciaOng"},"content":"    public String toString() {","lastModifiedDate":"2022-02-02"},{"lineNumber":11,"author":{"gitId":"FaliciaOng"},"content":"        return \"[D]\" + super.toString() + \"(by: \" + deadlineBy + \")\";","lastModifiedDate":"2022-02-04"},{"lineNumber":12,"author":{"gitId":"FaliciaOng"},"content":"    }","lastModifiedDate":"2022-02-02"},{"lineNumber":13,"author":{"gitId":"FaliciaOng"},"content":"}","lastModifiedDate":"2022-02-02"}],"authorContributionMap":{"FaliciaOng":13}},{"path":"src/main/java/Duke.java","fileType":"java","lines":[{"lineNumber":1,"author":{"gitId":"-"},"content":"public class Duke {","lastModifiedDate":"2019-07-29"},{"lineNumber":2,"author":{"gitId":"-"},"content":"    public static void main(String[] args) {","lastModifiedDate":"2019-07-29"},{"lineNumber":3,"author":{"gitId":"FaliciaOng"},"content":"        System.out.println(\"[iWish]: Hello I am iWish, what can i do for you?\");","lastModifiedDate":"2022-01-26"},{"lineNumber":4,"author":{"gitId":"FaliciaOng"},"content":"        TaskManager iWish \u003d new TaskManager();","lastModifiedDate":"2022-01-26"},{"lineNumber":5,"author":{"gitId":"FaliciaOng"},"content":"        iWish.startUp();","lastModifiedDate":"2022-01-27"},{"lineNumber":6,"author":{"gitId":"-"},"content":"    }","lastModifiedDate":"2019-07-29"},{"lineNumber":7,"author":{"gitId":"-"},"content":"}","lastModifiedDate":"2019-07-29"}],"authorContributionMap":{"FaliciaOng":3,"-":4}},{"path":"src/main/java/Event.java","fileType":"java","lines":[{"lineNumber":1,"author":{"gitId":"FaliciaOng"},"content":"public class Event extends Task {","lastModifiedDate":"2022-02-02"},{"lineNumber":2,"author":{"gitId":"FaliciaOng"},"content":"    protected String eventAt;","lastModifiedDate":"2022-02-04"},{"lineNumber":3,"author":{"gitId":"FaliciaOng"},"content":"","lastModifiedDate":"2022-02-02"},{"lineNumber":4,"author":{"gitId":"FaliciaOng"},"content":"    public Event(String description, String eventAt) {","lastModifiedDate":"2022-02-04"},{"lineNumber":5,"author":{"gitId":"FaliciaOng"},"content":"        super(description);","lastModifiedDate":"2022-02-02"},{"lineNumber":6,"author":{"gitId":"FaliciaOng"},"content":"        this.eventAt \u003d eventAt;","lastModifiedDate":"2022-02-04"},{"lineNumber":7,"author":{"gitId":"FaliciaOng"},"content":"    }","lastModifiedDate":"2022-02-02"},{"lineNumber":8,"author":{"gitId":"FaliciaOng"},"content":"","lastModifiedDate":"2022-02-02"},{"lineNumber":9,"author":{"gitId":"FaliciaOng"},"content":"    @Override","lastModifiedDate":"2022-02-02"},{"lineNumber":10,"author":{"gitId":"FaliciaOng"},"content":"    public String toString() {","lastModifiedDate":"2022-02-02"},{"lineNumber":11,"author":{"gitId":"FaliciaOng"},"content":"        return \"[E]\" + super.toString() + \"(at: \" + eventAt + \")\";","lastModifiedDate":"2022-02-04"},{"lineNumber":12,"author":{"gitId":"FaliciaOng"},"content":"    }","lastModifiedDate":"2022-02-02"},{"lineNumber":13,"author":{"gitId":"FaliciaOng"},"content":"}","lastModifiedDate":"2022-02-02"}],"authorContributionMap":{"FaliciaOng":13}},{"path":"src/main/java/Task.java","fileType":"java","lines":[{"lineNumber":1,"author":{"gitId":"FaliciaOng"},"content":"public class Task {","lastModifiedDate":"2022-01-27"},{"lineNumber":2,"author":{"gitId":"FaliciaOng"},"content":"    protected String taskName;","lastModifiedDate":"2022-01-27"},{"lineNumber":3,"author":{"gitId":"FaliciaOng"},"content":"    protected boolean isCompleted;","lastModifiedDate":"2022-01-27"},{"lineNumber":4,"author":{"gitId":"FaliciaOng"},"content":"","lastModifiedDate":"2022-01-27"},{"lineNumber":5,"author":{"gitId":"FaliciaOng"},"content":"    public Task(String description) {","lastModifiedDate":"2022-01-27"},{"lineNumber":6,"author":{"gitId":"FaliciaOng"},"content":"        this.taskName \u003d description;","lastModifiedDate":"2022-01-27"},{"lineNumber":7,"author":{"gitId":"FaliciaOng"},"content":"        this.isCompleted \u003d false;","lastModifiedDate":"2022-01-27"},{"lineNumber":8,"author":{"gitId":"FaliciaOng"},"content":"    }","lastModifiedDate":"2022-01-27"},{"lineNumber":9,"author":{"gitId":"FaliciaOng"},"content":"","lastModifiedDate":"2022-01-27"},{"lineNumber":10,"author":{"gitId":"FaliciaOng"},"content":"    public String getStatusIcon() {","lastModifiedDate":"2022-01-27"},{"lineNumber":11,"author":{"gitId":"FaliciaOng"},"content":"        if (this.isCompleted) {","lastModifiedDate":"2022-01-27"},{"lineNumber":12,"author":{"gitId":"FaliciaOng"},"content":"            return \"X\";","lastModifiedDate":"2022-01-27"},{"lineNumber":13,"author":{"gitId":"FaliciaOng"},"content":"        } else {","lastModifiedDate":"2022-01-27"},{"lineNumber":14,"author":{"gitId":"FaliciaOng"},"content":"            return \" \";","lastModifiedDate":"2022-01-27"},{"lineNumber":15,"author":{"gitId":"FaliciaOng"},"content":"        }","lastModifiedDate":"2022-01-27"},{"lineNumber":16,"author":{"gitId":"FaliciaOng"},"content":"    }","lastModifiedDate":"2022-01-27"},{"lineNumber":17,"author":{"gitId":"FaliciaOng"},"content":"","lastModifiedDate":"2022-01-27"},{"lineNumber":18,"author":{"gitId":"FaliciaOng"},"content":"    public String getTaskName() {","lastModifiedDate":"2022-01-27"},{"lineNumber":19,"author":{"gitId":"FaliciaOng"},"content":"        return taskName;","lastModifiedDate":"2022-01-27"},{"lineNumber":20,"author":{"gitId":"FaliciaOng"},"content":"    }","lastModifiedDate":"2022-01-27"},{"lineNumber":21,"author":{"gitId":"FaliciaOng"},"content":"","lastModifiedDate":"2022-01-27"},{"lineNumber":22,"author":{"gitId":"FaliciaOng"},"content":"    public void setTaskName(String taskName) {","lastModifiedDate":"2022-01-27"},{"lineNumber":23,"author":{"gitId":"FaliciaOng"},"content":"        this.taskName \u003d taskName;","lastModifiedDate":"2022-01-27"},{"lineNumber":24,"author":{"gitId":"FaliciaOng"},"content":"    }","lastModifiedDate":"2022-01-27"},{"lineNumber":25,"author":{"gitId":"FaliciaOng"},"content":"","lastModifiedDate":"2022-01-27"},{"lineNumber":26,"author":{"gitId":"FaliciaOng"},"content":"    public boolean getCompleted() {","lastModifiedDate":"2022-01-27"},{"lineNumber":27,"author":{"gitId":"FaliciaOng"},"content":"        return this.isCompleted;","lastModifiedDate":"2022-01-27"},{"lineNumber":28,"author":{"gitId":"FaliciaOng"},"content":"    }","lastModifiedDate":"2022-01-27"},{"lineNumber":29,"author":{"gitId":"FaliciaOng"},"content":"","lastModifiedDate":"2022-01-27"},{"lineNumber":30,"author":{"gitId":"FaliciaOng"},"content":"    public void setCompleted(boolean isDone) {","lastModifiedDate":"2022-01-27"},{"lineNumber":31,"author":{"gitId":"FaliciaOng"},"content":"        if (isDone) {","lastModifiedDate":"2022-01-27"},{"lineNumber":32,"author":{"gitId":"FaliciaOng"},"content":"            System.out.println(\"Nice! I\u0027ve marked this task as done: \");","lastModifiedDate":"2022-01-27"},{"lineNumber":33,"author":{"gitId":"FaliciaOng"},"content":"        } else {","lastModifiedDate":"2022-01-27"},{"lineNumber":34,"author":{"gitId":"FaliciaOng"},"content":"            System.out.println(\"OK, I\u0027ve marked this task as not done yet: \");","lastModifiedDate":"2022-01-27"},{"lineNumber":35,"author":{"gitId":"FaliciaOng"},"content":"        }","lastModifiedDate":"2022-01-27"},{"lineNumber":36,"author":{"gitId":"FaliciaOng"},"content":"        this.isCompleted \u003d isDone;","lastModifiedDate":"2022-01-27"},{"lineNumber":37,"author":{"gitId":"FaliciaOng"},"content":"    }","lastModifiedDate":"2022-01-27"},{"lineNumber":38,"author":{"gitId":"FaliciaOng"},"content":"","lastModifiedDate":"2022-01-27"},{"lineNumber":39,"author":{"gitId":"FaliciaOng"},"content":"    @Override","lastModifiedDate":"2022-02-02"},{"lineNumber":40,"author":{"gitId":"FaliciaOng"},"content":"    public String toString() {","lastModifiedDate":"2022-02-02"},{"lineNumber":41,"author":{"gitId":"FaliciaOng"},"content":"        return \"[\" + getStatusIcon() + \"] \" + this.taskName;","lastModifiedDate":"2022-02-02"},{"lineNumber":42,"author":{"gitId":"FaliciaOng"},"content":"    }","lastModifiedDate":"2022-01-27"},{"lineNumber":43,"author":{"gitId":"FaliciaOng"},"content":"}","lastModifiedDate":"2022-01-27"}],"authorContributionMap":{"FaliciaOng":43}},{"path":"src/main/java/TaskManager.java","fileType":"java","lines":[{"lineNumber":1,"author":{"gitId":"FaliciaOng"},"content":"import java.util.Scanner;","lastModifiedDate":"2022-01-26"},{"lineNumber":2,"author":{"gitId":"FaliciaOng"},"content":"","lastModifiedDate":"2022-01-26"},{"lineNumber":3,"author":{"gitId":"FaliciaOng"},"content":"public class TaskManager {","lastModifiedDate":"2022-01-26"},{"lineNumber":4,"author":{"gitId":"FaliciaOng"},"content":"    public static final int MAX_TASK \u003d 100;","lastModifiedDate":"2022-02-04"},{"lineNumber":5,"author":{"gitId":"FaliciaOng"},"content":"    private final String BOT_NAME \u003d \"[iWish]: \";","lastModifiedDate":"2022-01-26"},{"lineNumber":6,"author":{"gitId":"FaliciaOng"},"content":"    public Task[] taskList \u003d new Task[MAX_TASK];","lastModifiedDate":"2022-02-04"},{"lineNumber":7,"author":{"gitId":"FaliciaOng"},"content":"    public int trackList \u003d 0;","lastModifiedDate":"2022-01-27"},{"lineNumber":8,"author":{"gitId":"FaliciaOng"},"content":"    private final int TODO_WORD_COUNT \u003d 5;","lastModifiedDate":"2022-02-04"},{"lineNumber":9,"author":{"gitId":"FaliciaOng"},"content":"    private final int DEADLINE_WORD_COUNT \u003d 9;","lastModifiedDate":"2022-02-04"},{"lineNumber":10,"author":{"gitId":"FaliciaOng"},"content":"    private final int EVENT_WORD_COUNT \u003d 6;","lastModifiedDate":"2022-02-04"},{"lineNumber":11,"author":{"gitId":"FaliciaOng"},"content":"    private final char INDICATE_DEADLINE \u003d \u0027~\u0027;","lastModifiedDate":"2022-02-04"},{"lineNumber":12,"author":{"gitId":"FaliciaOng"},"content":"    private final char INDICATE_EVENT \u003d \u0027@\u0027;","lastModifiedDate":"2022-02-04"},{"lineNumber":13,"author":{"gitId":"FaliciaOng"},"content":"","lastModifiedDate":"2022-01-26"},{"lineNumber":14,"author":{"gitId":"FaliciaOng"},"content":"    public void startUp() {","lastModifiedDate":"2022-01-27"},{"lineNumber":15,"author":{"gitId":"FaliciaOng"},"content":"        String userInput \u003d \"\";","lastModifiedDate":"2022-01-26"},{"lineNumber":16,"author":{"gitId":"FaliciaOng"},"content":"        Scanner in \u003d new Scanner(System.in);","lastModifiedDate":"2022-01-26"},{"lineNumber":17,"author":{"gitId":"FaliciaOng"},"content":"        boolean hasAddedTask \u003d false;","lastModifiedDate":"2022-02-02"},{"lineNumber":18,"author":{"gitId":"FaliciaOng"},"content":"        while (true) {","lastModifiedDate":"2022-01-26"},{"lineNumber":19,"author":{"gitId":"FaliciaOng"},"content":"            hasAddedTask \u003d false;","lastModifiedDate":"2022-02-02"},{"lineNumber":20,"author":{"gitId":"FaliciaOng"},"content":"            userInput \u003d in.nextLine();","lastModifiedDate":"2022-01-26"},{"lineNumber":21,"author":{"gitId":"FaliciaOng"},"content":"            if (userInput.equals(\"bye\")) {","lastModifiedDate":"2022-01-26"},{"lineNumber":22,"author":{"gitId":"FaliciaOng"},"content":"                printExitMessage();","lastModifiedDate":"2022-02-04"},{"lineNumber":23,"author":{"gitId":"FaliciaOng"},"content":"                break;","lastModifiedDate":"2022-01-26"},{"lineNumber":24,"author":{"gitId":"FaliciaOng"},"content":"            } else if (userInput.equals(\"list\")) {","lastModifiedDate":"2022-01-27"},{"lineNumber":25,"author":{"gitId":"FaliciaOng"},"content":"                printList();","lastModifiedDate":"2022-01-27"},{"lineNumber":26,"author":{"gitId":"FaliciaOng"},"content":"            } else if (userInput.contains(\"untick\")) {","lastModifiedDate":"2022-01-27"},{"lineNumber":27,"author":{"gitId":"FaliciaOng"},"content":"                untickTask(userInput);","lastModifiedDate":"2022-02-04"},{"lineNumber":28,"author":{"gitId":"FaliciaOng"},"content":"            } else if (userInput.contains(\"tick\")) {","lastModifiedDate":"2022-01-27"},{"lineNumber":29,"author":{"gitId":"FaliciaOng"},"content":"                tickTaskCompleted(userInput, true);","lastModifiedDate":"2022-02-04"},{"lineNumber":30,"author":{"gitId":"FaliciaOng"},"content":"            } else if ((userInput.contains(\"todo:\"))) {","lastModifiedDate":"2022-02-02"},{"lineNumber":31,"author":{"gitId":"FaliciaOng"},"content":"                hasAddedTask \u003d addTodo(userInput);","lastModifiedDate":"2022-02-04"},{"lineNumber":32,"author":{"gitId":"FaliciaOng"},"content":"            } else if ((userInput.contains(\"deadline:\"))) {","lastModifiedDate":"2022-02-04"},{"lineNumber":33,"author":{"gitId":"FaliciaOng"},"content":"                hasAddedTask \u003d addDeadline(userInput);","lastModifiedDate":"2022-02-04"},{"lineNumber":34,"author":{"gitId":"FaliciaOng"},"content":"            } else if ((userInput.contains(\"event:\"))) {","lastModifiedDate":"2022-02-04"},{"lineNumber":35,"author":{"gitId":"FaliciaOng"},"content":"                hasAddedTask \u003d addEvent(userInput);","lastModifiedDate":"2022-02-04"},{"lineNumber":36,"author":{"gitId":"FaliciaOng"},"content":"            }","lastModifiedDate":"2022-02-04"},{"lineNumber":37,"author":{"gitId":"FaliciaOng"},"content":"            if (hasAddedTask) {","lastModifiedDate":"2022-02-04"},{"lineNumber":38,"author":{"gitId":"FaliciaOng"},"content":"                printNumberOfWish();","lastModifiedDate":"2022-02-04"},{"lineNumber":39,"author":{"gitId":"FaliciaOng"},"content":"            }","lastModifiedDate":"2022-02-04"},{"lineNumber":40,"author":{"gitId":"FaliciaOng"},"content":"        }","lastModifiedDate":"2022-02-04"},{"lineNumber":41,"author":{"gitId":"FaliciaOng"},"content":"    }","lastModifiedDate":"2022-02-04"},{"lineNumber":42,"author":{"gitId":"FaliciaOng"},"content":"","lastModifiedDate":"2022-02-04"},{"lineNumber":43,"author":{"gitId":"FaliciaOng"},"content":"    private void printExitMessage() {","lastModifiedDate":"2022-02-04"},{"lineNumber":44,"author":{"gitId":"FaliciaOng"},"content":"        System.out.println(BOT_NAME + \"Bye! Hope to hear from you soon :)\");","lastModifiedDate":"2022-02-04"},{"lineNumber":45,"author":{"gitId":"FaliciaOng"},"content":"    }","lastModifiedDate":"2022-02-04"},{"lineNumber":46,"author":{"gitId":"FaliciaOng"},"content":"","lastModifiedDate":"2022-02-04"},{"lineNumber":47,"author":{"gitId":"FaliciaOng"},"content":"    private void printNumberOfWish() {","lastModifiedDate":"2022-02-04"},{"lineNumber":48,"author":{"gitId":"FaliciaOng"},"content":"        System.out.println(\"Now you have \" + trackList + \" wish(es) in the list.\");","lastModifiedDate":"2022-02-04"},{"lineNumber":49,"author":{"gitId":"FaliciaOng"},"content":"    }","lastModifiedDate":"2022-02-04"},{"lineNumber":50,"author":{"gitId":"FaliciaOng"},"content":"","lastModifiedDate":"2022-02-04"},{"lineNumber":51,"author":{"gitId":"FaliciaOng"},"content":"    public String deriveDescription (String input, int wordCountOfTask) {","lastModifiedDate":"2022-02-04"},{"lineNumber":52,"author":{"gitId":"FaliciaOng"},"content":"        String description \u003d input.substring(input.indexOf(\"todo:\") + wordCountOfTask);","lastModifiedDate":"2022-02-04"},{"lineNumber":53,"author":{"gitId":"FaliciaOng"},"content":"        description \u003d description.trim();","lastModifiedDate":"2022-02-02"},{"lineNumber":54,"author":{"gitId":"FaliciaOng"},"content":"        return description;","lastModifiedDate":"2022-02-04"},{"lineNumber":55,"author":{"gitId":"FaliciaOng"},"content":"    }","lastModifiedDate":"2022-02-04"},{"lineNumber":56,"author":{"gitId":"FaliciaOng"},"content":"","lastModifiedDate":"2022-02-04"},{"lineNumber":57,"author":{"gitId":"FaliciaOng"},"content":"    public String deriveTimeDate (String input, char indication) {","lastModifiedDate":"2022-02-04"},{"lineNumber":58,"author":{"gitId":"FaliciaOng"},"content":"        String storeTimeDate \u003d input.substring(input.indexOf(indication) + 1);","lastModifiedDate":"2022-02-04"},{"lineNumber":59,"author":{"gitId":"FaliciaOng"},"content":"        storeTimeDate \u003d storeTimeDate.trim();","lastModifiedDate":"2022-02-04"},{"lineNumber":60,"author":{"gitId":"FaliciaOng"},"content":"        return  storeTimeDate;","lastModifiedDate":"2022-02-04"},{"lineNumber":61,"author":{"gitId":"FaliciaOng"},"content":"    }","lastModifiedDate":"2022-02-04"},{"lineNumber":62,"author":{"gitId":"FaliciaOng"},"content":"","lastModifiedDate":"2022-02-04"},{"lineNumber":63,"author":{"gitId":"FaliciaOng"},"content":"    private boolean addEvent(String userInput) {","lastModifiedDate":"2022-02-04"},{"lineNumber":64,"author":{"gitId":"FaliciaOng"},"content":"        boolean hasAddedTask;","lastModifiedDate":"2022-02-04"},{"lineNumber":65,"author":{"gitId":"FaliciaOng"},"content":"        String description \u003d deriveDescription(userInput, EVENT_WORD_COUNT);","lastModifiedDate":"2022-02-04"},{"lineNumber":66,"author":{"gitId":"FaliciaOng"},"content":"        String at \u003d deriveTimeDate(description, INDICATE_EVENT);","lastModifiedDate":"2022-02-04"},{"lineNumber":67,"author":{"gitId":"FaliciaOng"},"content":"        description \u003d description.substring(0, description.indexOf(\"@\"));","lastModifiedDate":"2022-02-04"},{"lineNumber":68,"author":{"gitId":"FaliciaOng"},"content":"        taskList[trackList] \u003d new Event(description, at);","lastModifiedDate":"2022-02-04"},{"lineNumber":69,"author":{"gitId":"FaliciaOng"},"content":"        trackList++;","lastModifiedDate":"2022-01-27"},{"lineNumber":70,"author":{"gitId":"FaliciaOng"},"content":"        printNoted();","lastModifiedDate":"2022-02-04"},{"lineNumber":71,"author":{"gitId":"FaliciaOng"},"content":"        hasAddedTask \u003d true;","lastModifiedDate":"2022-02-02"},{"lineNumber":72,"author":{"gitId":"FaliciaOng"},"content":"        return hasAddedTask;","lastModifiedDate":"2022-02-04"},{"lineNumber":73,"author":{"gitId":"FaliciaOng"},"content":"    }","lastModifiedDate":"2022-02-04"},{"lineNumber":74,"author":{"gitId":"FaliciaOng"},"content":"","lastModifiedDate":"2022-02-04"},{"lineNumber":75,"author":{"gitId":"FaliciaOng"},"content":"    private boolean addDeadline(String userInput) {","lastModifiedDate":"2022-02-04"},{"lineNumber":76,"author":{"gitId":"FaliciaOng"},"content":"        boolean hasAddedTask;","lastModifiedDate":"2022-02-04"},{"lineNumber":77,"author":{"gitId":"FaliciaOng"},"content":"        String description \u003d deriveDescription(userInput, DEADLINE_WORD_COUNT);","lastModifiedDate":"2022-02-04"},{"lineNumber":78,"author":{"gitId":"FaliciaOng"},"content":"        String by \u003d deriveTimeDate(description, INDICATE_DEADLINE);","lastModifiedDate":"2022-02-04"},{"lineNumber":79,"author":{"gitId":"FaliciaOng"},"content":"        description \u003d description.substring(0, description.indexOf(\"~\"));","lastModifiedDate":"2022-02-02"},{"lineNumber":80,"author":{"gitId":"FaliciaOng"},"content":"        taskList[trackList] \u003d new Deadline(description, by);","lastModifiedDate":"2022-02-02"},{"lineNumber":81,"author":{"gitId":"FaliciaOng"},"content":"        trackList++;","lastModifiedDate":"2022-02-02"},{"lineNumber":82,"author":{"gitId":"FaliciaOng"},"content":"        printNoted();","lastModifiedDate":"2022-02-04"},{"lineNumber":83,"author":{"gitId":"FaliciaOng"},"content":"        hasAddedTask \u003d true;","lastModifiedDate":"2022-02-02"},{"lineNumber":84,"author":{"gitId":"FaliciaOng"},"content":"        return hasAddedTask;","lastModifiedDate":"2022-02-04"},{"lineNumber":85,"author":{"gitId":"FaliciaOng"},"content":"    }","lastModifiedDate":"2022-02-04"},{"lineNumber":86,"author":{"gitId":"FaliciaOng"},"content":"","lastModifiedDate":"2022-02-04"},{"lineNumber":87,"author":{"gitId":"FaliciaOng"},"content":"    private boolean addTodo(String userInput) {","lastModifiedDate":"2022-02-04"},{"lineNumber":88,"author":{"gitId":"FaliciaOng"},"content":"        boolean hasAddedTask;","lastModifiedDate":"2022-02-04"},{"lineNumber":89,"author":{"gitId":"FaliciaOng"},"content":"        String description \u003d deriveDescription(userInput, TODO_WORD_COUNT);","lastModifiedDate":"2022-02-04"},{"lineNumber":90,"author":{"gitId":"FaliciaOng"},"content":"        taskList[trackList] \u003d new Todo(description);","lastModifiedDate":"2022-02-04"},{"lineNumber":91,"author":{"gitId":"FaliciaOng"},"content":"        trackList++;","lastModifiedDate":"2022-02-02"},{"lineNumber":92,"author":{"gitId":"FaliciaOng"},"content":"        System.out.println(BOT_NAME + \" noting down your wish -\u003e \" + taskList[trackList - 1]);","lastModifiedDate":"2022-02-02"},{"lineNumber":93,"author":{"gitId":"FaliciaOng"},"content":"        hasAddedTask \u003d true;","lastModifiedDate":"2022-02-02"},{"lineNumber":94,"author":{"gitId":"FaliciaOng"},"content":"        return hasAddedTask;","lastModifiedDate":"2022-02-04"},{"lineNumber":95,"author":{"gitId":"FaliciaOng"},"content":"    }","lastModifiedDate":"2022-02-02"},{"lineNumber":96,"author":{"gitId":"FaliciaOng"},"content":"","lastModifiedDate":"2022-02-04"},{"lineNumber":97,"author":{"gitId":"FaliciaOng"},"content":"    private void tickTaskCompleted(String userInput, boolean b) {","lastModifiedDate":"2022-02-04"},{"lineNumber":98,"author":{"gitId":"FaliciaOng"},"content":"        String choice \u003d userInput.substring(userInput.indexOf(\u0027 \u0027) + 1);","lastModifiedDate":"2022-02-04"},{"lineNumber":99,"author":{"gitId":"FaliciaOng"},"content":"        int choiceNumber \u003d Integer.parseInt(choice) - 1;","lastModifiedDate":"2022-02-04"},{"lineNumber":100,"author":{"gitId":"FaliciaOng"},"content":"        taskList[choiceNumber].setCompleted(b);","lastModifiedDate":"2022-02-04"},{"lineNumber":101,"author":{"gitId":"FaliciaOng"},"content":"        System.out.println(taskList[choiceNumber]);","lastModifiedDate":"2022-02-04"},{"lineNumber":102,"author":{"gitId":"FaliciaOng"},"content":"    }","lastModifiedDate":"2022-01-26"},{"lineNumber":103,"author":{"gitId":"FaliciaOng"},"content":"","lastModifiedDate":"2022-02-04"},{"lineNumber":104,"author":{"gitId":"FaliciaOng"},"content":"    private void untickTask(String userInput) {","lastModifiedDate":"2022-02-04"},{"lineNumber":105,"author":{"gitId":"FaliciaOng"},"content":"        tickTaskCompleted(userInput, false);","lastModifiedDate":"2022-02-04"},{"lineNumber":106,"author":{"gitId":"FaliciaOng"},"content":"    }","lastModifiedDate":"2022-01-26"},{"lineNumber":107,"author":{"gitId":"FaliciaOng"},"content":"","lastModifiedDate":"2022-02-04"},{"lineNumber":108,"author":{"gitId":"FaliciaOng"},"content":"    public void printNoted() {","lastModifiedDate":"2022-02-04"},{"lineNumber":109,"author":{"gitId":"FaliciaOng"},"content":"        System.out.println(BOT_NAME + \" noting down your wish -\u003e \" + taskList[trackList - 1]);","lastModifiedDate":"2022-02-04"},{"lineNumber":110,"author":{"gitId":"FaliciaOng"},"content":"    }","lastModifiedDate":"2022-01-26"},{"lineNumber":111,"author":{"gitId":"FaliciaOng"},"content":"","lastModifiedDate":"2022-01-27"},{"lineNumber":112,"author":{"gitId":"FaliciaOng"},"content":"    public void printList() {","lastModifiedDate":"2022-01-27"},{"lineNumber":113,"author":{"gitId":"FaliciaOng"},"content":"        System.out.println(BOT_NAME + \" ** These are your wishes **\");","lastModifiedDate":"2022-01-27"},{"lineNumber":114,"author":{"gitId":"FaliciaOng"},"content":"        for (int i \u003d 0; i \u003c trackList; i++) {","lastModifiedDate":"2022-01-27"},{"lineNumber":115,"author":{"gitId":"FaliciaOng"},"content":"            System.out.println((i + 1) + \". \" + taskList[i]);","lastModifiedDate":"2022-02-02"},{"lineNumber":116,"author":{"gitId":"FaliciaOng"},"content":"        }","lastModifiedDate":"2022-01-27"},{"lineNumber":117,"author":{"gitId":"FaliciaOng"},"content":"        System.out.println(\"We reached the end of the list. Anymore wish?\");","lastModifiedDate":"2022-01-27"},{"lineNumber":118,"author":{"gitId":"FaliciaOng"},"content":"    }","lastModifiedDate":"2022-01-27"},{"lineNumber":119,"author":{"gitId":"FaliciaOng"},"content":"}","lastModifiedDate":"2022-01-26"}],"authorContributionMap":{"FaliciaOng":119}},{"path":"src/main/java/Todo.java","fileType":"java","lines":[{"lineNumber":1,"author":{"gitId":"FaliciaOng"},"content":"public class Todo extends Task {","lastModifiedDate":"2022-02-02"},{"lineNumber":2,"author":{"gitId":"FaliciaOng"},"content":"    public Todo(String description) {","lastModifiedDate":"2022-02-02"},{"lineNumber":3,"author":{"gitId":"FaliciaOng"},"content":"        super(description);","lastModifiedDate":"2022-02-02"},{"lineNumber":4,"author":{"gitId":"FaliciaOng"},"content":"    }","lastModifiedDate":"2022-02-02"},{"lineNumber":5,"author":{"gitId":"FaliciaOng"},"content":"","lastModifiedDate":"2022-02-02"},{"lineNumber":6,"author":{"gitId":"FaliciaOng"},"content":"    @Override","lastModifiedDate":"2022-02-02"},{"lineNumber":7,"author":{"gitId":"FaliciaOng"},"content":"    public String toString() {","lastModifiedDate":"2022-02-02"},{"lineNumber":8,"author":{"gitId":"FaliciaOng"},"content":"        return \"[T]\" + super.toString();","lastModifiedDate":"2022-02-02"},{"lineNumber":9,"author":{"gitId":"FaliciaOng"},"content":"    }","lastModifiedDate":"2022-02-02"},{"lineNumber":10,"author":{"gitId":"FaliciaOng"},"content":"}","lastModifiedDate":"2022-02-02"}],"authorContributionMap":{"FaliciaOng":10}}]
