{"authorDailyContributionsMap":{"FaliciaOng":[{"date":"2022-01-19","commitResults":[{"hash":"334e715c2ccc90eb585928d0f77940b99b8aeb81","messageTitle":"Add level-0, welcome message","messageBody":"","tags":["Level-0"],"fileTypesAndContributionMap":{"java":{"insertions":6,"deletions":6}}}]},{"date":"2022-01-26","commitResults":[{"hash":"7e8d538b338c909647ae16c0f9d42201b55ab19f","messageTitle":"Add TaskManager.java","messageBody":"","tags":["Level-1","A-CodingStandard"],"fileTypesAndContributionMap":{"java":{"insertions":22,"deletions":6}}}]},{"date":"2022-01-27","commitResults":[{"hash":"28e200504394db408b3168dc338410d4b0d24296","messageTitle":"TaskManager class: add list method to store tasks and printList method to print all task stored","messageBody":"","tags":["Level-2"],"fileTypesAndContributionMap":{"java":{"insertions":17,"deletions":3}}},{"hash":"49f3d40084e8eecba990d4efb80027f2e9d7611d","messageTitle":"Task Class: Add marking method","messageBody":"","tags":["Level-3"],"fileTypesAndContributionMap":{"java":{"insertions":58,"deletions":3}}}]},{"date":"2022-02-02","commitResults":[{"hash":"e066f5a8060fc054459df295d372ae2f67f5eb15","messageTitle":"Add Todo.java, Deadline.java and Event.java which tracks the different type of task","messageBody":"","tags":["Level-4"],"fileTypesAndContributionMap":{"java":{"insertions":81,"deletions":14}}}]},{"date":"2022-02-04","commitResults":[{"hash":"eb00ef3a3b803d8ca7bf0535abe5410b70152959","messageTitle":"Update to meet code quality","messageBody":"","tags":["A-CodeQuality"],"fileTypesAndContributionMap":{"java":{"insertions":91,"deletions":48}}}]},{"date":"2022-02-09","commitResults":[{"hash":"9a6dd5a4c5860412a598f6f88dabb6f077ed0d48","messageTitle":"Added two exceptions into TaskManager.java","messageBody":"","fileTypesAndContributionMap":{"java":{"insertions":53,"deletions":16}}},{"hash":"5ed860fc192d67fd9fc02281997acb8dd47b3848","messageTitle":"Added exceptions handling","messageBody":"","tags":["A-Exceptions"],"fileTypesAndContributionMap":{"java":{"insertions":49,"deletions":33}}},{"hash":"e2ffc3bba4338864589f3aba046bb31d5de3f2de","messageTitle":"Update to meet coding standard","messageBody":"","fileTypesAndContributionMap":{"java":{"insertions":2,"deletions":2}}}]},{"date":"2022-02-16","commitResults":[{"hash":"195fa11da0b3af3ef44508309e7950987e756ce6","messageTitle":"Add delete function in TaskManager.java","messageBody":"","fileTypesAndContributionMap":{"java":{"insertions":23,"deletions":16}}},{"hash":"e11cc2e2e911107a5f907912b7b43e34ac5ec5a3","messageTitle":"Add functions to save and load Tasks","messageBody":"","fileTypesAndContributionMap":{"java":{"insertions":133,"deletions":27}}}]},{"date":"2022-02-25","commitResults":[{"hash":"25adf6d6562eef65bed5f37aa9710861e23aa199","messageTitle":"Extract UiManager class","messageBody":"","fileTypesAndContributionMap":{"java":{"insertions":45,"deletions":0}}},{"hash":"d3298a54dfdb30c23e7923b8e65cc984c08e7ec7","messageTitle":"Extracted more command type","messageBody":"","fileTypesAndContributionMap":{"java":{"insertions":140,"deletions":0}}},{"hash":"0a89f937972b27a471b73344fa92b6c09b5fb32c","messageTitle":"Extract parser to make sense of user command","messageBody":"","fileTypesAndContributionMap":{"java":{"insertions":102,"deletions":0}}},{"hash":"1a4df713d2c8010a4929bfcd214507208a5d29a8","messageTitle":"Update code to meet coding standards","messageBody":"","tags":["A-MoreOOP"],"fileTypesAndContributionMap":{"java":{"insertions":18,"deletions":185}}}]}]},"authorFileTypeContributionMap":{"FaliciaOng":{"java":490,"md":0,"fxml":0,"sh":0,"bat":0,"gradle":0,"txt":0}},"authorContributionVariance":{"FaliciaOng":7119.2646},"authorDisplayNameMap":{"FaliciaOng":"CS2113-T11-1 ONG ..ICIA"}}
