[{"path":"src/main/java/Duke.java","fileType":"java","lines":[{"lineNumber":1,"author":{"gitId":"SeanHoWB"},"content":"import java.util.Scanner;","lastModifiedDate":"2022-01-22"},{"lineNumber":2,"author":{"gitId":"SeanHoWB"},"content":"","lastModifiedDate":"2022-01-22"},{"lineNumber":3,"author":{"gitId":"-"},"content":"public class Duke {","lastModifiedDate":"2019-07-29"},{"lineNumber":4,"author":{"gitId":"SeanHoWB"},"content":"    private static String line \u003d \"____________________________________________________________\\n\";","lastModifiedDate":"2022-01-22"},{"lineNumber":5,"author":{"gitId":"SeanHoWB"},"content":"    private static UserContent[] lists \u003d new UserContent[100];","lastModifiedDate":"2022-01-23"},{"lineNumber":6,"author":{"gitId":"SeanHoWB"},"content":"    private static int listIndex \u003d 0;","lastModifiedDate":"2022-01-23"},{"lineNumber":7,"author":{"gitId":"SeanHoWB"},"content":"","lastModifiedDate":"2022-01-15"},{"lineNumber":8,"author":{"gitId":"SeanHoWB"},"content":"    public static void greeting() {","lastModifiedDate":"2022-01-22"},{"lineNumber":9,"author":{"gitId":"SeanHoWB"},"content":"        String logo \u003d \"███████╗██╗  ██╗██████╗ ███████╗██╗  ██╗\\n\" +","lastModifiedDate":"2022-01-22"},{"lineNumber":10,"author":{"gitId":"SeanHoWB"},"content":"                \"██╔════╝██║  ██║██╔══██╗██╔════╝██║ ██╔╝\\n\" +","lastModifiedDate":"2022-01-22"},{"lineNumber":11,"author":{"gitId":"SeanHoWB"},"content":"                \"███████╗███████║██████╔╝█████╗  █████╔╝ \\n\" +","lastModifiedDate":"2022-01-22"},{"lineNumber":12,"author":{"gitId":"SeanHoWB"},"content":"                \"╚════██║██╔══██║██╔══██╗██╔══╝  ██╔═██╗ \\n\" +","lastModifiedDate":"2022-01-22"},{"lineNumber":13,"author":{"gitId":"SeanHoWB"},"content":"                \"███████║██║  ██║██║  ██║███████╗██║  ██╗\\n\" +","lastModifiedDate":"2022-01-22"},{"lineNumber":14,"author":{"gitId":"SeanHoWB"},"content":"                \"╚══════╝╚═╝  ╚═╝╚═╝  ╚═╝╚══════╝╚═╝  ╚═╝\\n\" +","lastModifiedDate":"2022-01-22"},{"lineNumber":15,"author":{"gitId":"SeanHoWB"},"content":"                \"                                        \\n\";","lastModifiedDate":"2022-01-22"},{"lineNumber":16,"author":{"gitId":"SeanHoWB"},"content":"","lastModifiedDate":"2022-01-15"},{"lineNumber":17,"author":{"gitId":"SeanHoWB"},"content":"        String shrekLogo \u003d \"⢀⡴⠑⡄⠀⠀⠀⠀⠀⠀⠀⣀⣀⣤⣤⣤⣀⡀⠀⠀⠀⠀⠀⠀⠀⠀⠀⠀⠀⠀ \\n\" +","lastModifiedDate":"2022-01-22"},{"lineNumber":18,"author":{"gitId":"SeanHoWB"},"content":"                \"⠸⡇⠀⠿⡀⠀⠀⠀⣀⡴⢿⣿⣿⣿⣿⣿⣿⣿⣷⣦⡀⠀⠀⠀⠀⠀⠀⠀⠀⠀ \\n\" +","lastModifiedDate":"2022-01-22"},{"lineNumber":19,"author":{"gitId":"SeanHoWB"},"content":"                \"⠀⠀⠀⠀⠑⢄⣠⠾⠁⣀⣄⡈⠙⣿⣿⣿⣿⣿⣿⣿⣿⣆⠀⠀⠀⠀⠀⠀⠀⠀ \\n\" +","lastModifiedDate":"2022-01-22"},{"lineNumber":20,"author":{"gitId":"SeanHoWB"},"content":"                \"⠀⠀⠀⠀⢀⡀⠁⠀⠀⠈⠙⠛⠂⠈⣿⣿⣿⣿⣿⠿⡿⢿⣆⠀⠀⠀⠀⠀⠀⠀ \\n\" +","lastModifiedDate":"2022-01-22"},{"lineNumber":21,"author":{"gitId":"SeanHoWB"},"content":"                \"⠀⠀⠀⢀⡾⣁⣀⠀⠴⠂⠙⣗⡀⠀⢻⣿⣿⠭⢤⣴⣦⣤⣹⠀⠀⠀⢀⢴⣶⣆ \\n\" +","lastModifiedDate":"2022-01-22"},{"lineNumber":22,"author":{"gitId":"SeanHoWB"},"content":"                \"⠀⠀⢀⣾⣿⣿⣿⣷⣮⣽⣾⣿⣥⣴⣿⣿⡿⢂⠔⢚⡿⢿⣿⣦⣴⣾⠁⠸⣼⡿ \\n\" +","lastModifiedDate":"2022-01-22"},{"lineNumber":23,"author":{"gitId":"SeanHoWB"},"content":"                \"⠀⢀⡞⠁⠙⠻⠿⠟⠉⠀⠛⢹⣿⣿⣿⣿⣿⣌⢤⣼⣿⣾⣿⡟⠉⠀⠀⠀⠀⠀ \\n\" +","lastModifiedDate":"2022-01-22"},{"lineNumber":24,"author":{"gitId":"SeanHoWB"},"content":"                \"⠀⣾⣷⣶⠇⠀⠀⣤⣄⣀⡀⠈⠻⣿⣿⣿⣿⣿⣿⣿⣿⣿⣿⡇⠀⠀⠀⠀⠀⠀ \\n\" +","lastModifiedDate":"2022-01-22"},{"lineNumber":25,"author":{"gitId":"SeanHoWB"},"content":"                \"⠀⠉⠈⠉⠀⠀⢦⡈⢻⣿⣿⣿⣶⣶⣶⣶⣤⣽⡹⣿⣿⣿⣿⡇⠀⠀⠀⠀⠀⠀ \\n\" +","lastModifiedDate":"2022-01-22"},{"lineNumber":26,"author":{"gitId":"SeanHoWB"},"content":"                \"⠀⠀⠀⠀⠀⠀⠀⠉⠲⣽⡻⢿⣿⣿⣿⣿⣿⣿⣷⣜⣿⣿⣿⡇⠀⠀⠀⠀⠀⠀ \\n\" +","lastModifiedDate":"2022-01-22"},{"lineNumber":27,"author":{"gitId":"SeanHoWB"},"content":"                \"⠀⠀⠀⠀⠀⠀⠀⠀⢸⣿⣿⣷⣶⣮⣭⣽⣿⣿⣿⣿⣿⣿⣿⠀⠀⠀⠀⠀⠀⠀ \\n\" +","lastModifiedDate":"2022-01-22"},{"lineNumber":28,"author":{"gitId":"SeanHoWB"},"content":"                \"⠀⠀⠀⠀⠀⠀⣀⣀⣈⣿⣿⣿⣿⣿⣿⣿⣿⣿⣿⣿⣿⣿⠇⠀⠀⠀⠀⠀⠀⠀ \\n\" +","lastModifiedDate":"2022-01-22"},{"lineNumber":29,"author":{"gitId":"SeanHoWB"},"content":"                \"⠀⠀⠀⠀⠀⠀⢿⣿⣿⣿⣿⣿⣿⣿⣿⣿⣿⣿⣿⣿⣿⠃⠀⠀⠀⠀⠀⠀⠀⠀ \\n\" +","lastModifiedDate":"2022-01-22"},{"lineNumber":30,"author":{"gitId":"SeanHoWB"},"content":"                \"⠀⠀⠀⠀⠀⠀⠀⠹⣿⣿⣿⣿⣿⣿⣿⣿⣿⣿⡿⠟⠁⠀⠀⠀⠀⠀⠀⠀⠀⠀ \\n\" +","lastModifiedDate":"2022-01-22"},{"lineNumber":31,"author":{"gitId":"SeanHoWB"},"content":"                \"⠀⠀⠀⠀⠀⠀⠀⠀⠀⠉⠛⠻⠿⠿⠿⠿⠛⠉\";","lastModifiedDate":"2022-01-22"},{"lineNumber":32,"author":{"gitId":"SeanHoWB"},"content":"","lastModifiedDate":"2022-01-15"},{"lineNumber":33,"author":{"gitId":"SeanHoWB"},"content":"        String greet \u003d \" Oh! Hello there! I\u0027m Shrek\\n\" +","lastModifiedDate":"2022-01-22"},{"lineNumber":34,"author":{"gitId":"SeanHoWB"},"content":"                \" What can I do for you?\";","lastModifiedDate":"2022-01-22"},{"lineNumber":35,"author":{"gitId":"SeanHoWB"},"content":"        System.out.print(line);","lastModifiedDate":"2022-01-23"},{"lineNumber":36,"author":{"gitId":"SeanHoWB"},"content":"        System.out.println(logo + \"\\n\" + shrekLogo + \"\\n\" + line + greet);","lastModifiedDate":"2022-01-22"},{"lineNumber":37,"author":{"gitId":"SeanHoWB"},"content":"    }","lastModifiedDate":"2022-01-22"},{"lineNumber":38,"author":{"gitId":"SeanHoWB"},"content":"","lastModifiedDate":"2022-01-23"},{"lineNumber":39,"author":{"gitId":"SeanHoWB"},"content":"    public static void goodbye(){","lastModifiedDate":"2022-01-22"},{"lineNumber":40,"author":{"gitId":"SeanHoWB"},"content":"        String bye \u003d \" Bye bye! See you later!\";","lastModifiedDate":"2022-01-22"},{"lineNumber":41,"author":{"gitId":"SeanHoWB"},"content":"        System.out.print(line + bye + \"\\n\" + line);","lastModifiedDate":"2022-01-23"},{"lineNumber":42,"author":{"gitId":"SeanHoWB"},"content":"    }","lastModifiedDate":"2022-01-23"},{"lineNumber":43,"author":{"gitId":"SeanHoWB"},"content":"","lastModifiedDate":"2022-01-23"},{"lineNumber":44,"author":{"gitId":"SeanHoWB"},"content":"    public static void printList(){","lastModifiedDate":"2022-01-23"},{"lineNumber":45,"author":{"gitId":"SeanHoWB"},"content":"        System.out.println(\"Go finish these task, NOW:\");","lastModifiedDate":"2022-01-23"},{"lineNumber":46,"author":{"gitId":"SeanHoWB"},"content":"        for(int i \u003d 1; i \u003c\u003d listIndex; i++){","lastModifiedDate":"2022-01-23"},{"lineNumber":47,"author":{"gitId":"SeanHoWB"},"content":"            System.out.println(i + \". \" + \"[\" + (lists[i].getMark()? \"X\":\" \") + \"] \" + lists[i].getContent());","lastModifiedDate":"2022-01-23"},{"lineNumber":48,"author":{"gitId":"SeanHoWB"},"content":"        }","lastModifiedDate":"2022-01-23"},{"lineNumber":49,"author":{"gitId":"SeanHoWB"},"content":"    }","lastModifiedDate":"2022-01-22"},{"lineNumber":50,"author":{"gitId":"SeanHoWB"},"content":"","lastModifiedDate":"2022-01-23"},{"lineNumber":51,"author":{"gitId":"SeanHoWB"},"content":"    public static void addToList(String input){","lastModifiedDate":"2022-01-23"},{"lineNumber":52,"author":{"gitId":"SeanHoWB"},"content":"        listIndex++;","lastModifiedDate":"2022-01-23"},{"lineNumber":53,"author":{"gitId":"SeanHoWB"},"content":"        lists[listIndex] \u003d new UserContent(input, listIndex);","lastModifiedDate":"2022-01-23"},{"lineNumber":54,"author":{"gitId":"SeanHoWB"},"content":"        System.out.println(\"Added: \" + input);","lastModifiedDate":"2022-01-23"},{"lineNumber":55,"author":{"gitId":"SeanHoWB"},"content":"    }","lastModifiedDate":"2022-01-23"},{"lineNumber":56,"author":{"gitId":"SeanHoWB"},"content":"","lastModifiedDate":"2022-01-23"},{"lineNumber":57,"author":{"gitId":"SeanHoWB"},"content":"    public static void mark(String number){","lastModifiedDate":"2022-01-23"},{"lineNumber":58,"author":{"gitId":"SeanHoWB"},"content":"        System.out.println(\"So you\u0027ve done this task, that\u0027s great I guess? \");","lastModifiedDate":"2022-01-23"},{"lineNumber":59,"author":{"gitId":"SeanHoWB"},"content":"        lists[Integer.parseInt(number)].setMark();","lastModifiedDate":"2022-01-23"},{"lineNumber":60,"author":{"gitId":"SeanHoWB"},"content":"        System.out.println(number + \". \" + \"[X] \" + lists[Integer.parseInt(number)].getContent());","lastModifiedDate":"2022-01-23"},{"lineNumber":61,"author":{"gitId":"SeanHoWB"},"content":"    }","lastModifiedDate":"2022-01-23"},{"lineNumber":62,"author":{"gitId":"SeanHoWB"},"content":"","lastModifiedDate":"2022-01-23"},{"lineNumber":63,"author":{"gitId":"SeanHoWB"},"content":"    public static void unmark(String number){","lastModifiedDate":"2022-01-23"},{"lineNumber":64,"author":{"gitId":"SeanHoWB"},"content":"        System.out.println(\"What do you mean you\u0027ve undone\");","lastModifiedDate":"2022-01-23"},{"lineNumber":65,"author":{"gitId":"SeanHoWB"},"content":"        lists[Integer.parseInt(number)].setUnmark();","lastModifiedDate":"2022-01-23"},{"lineNumber":66,"author":{"gitId":"SeanHoWB"},"content":"        System.out.println(number + \". \" + \"[ ] \" + lists[Integer.parseInt(number)].getContent());","lastModifiedDate":"2022-01-23"},{"lineNumber":67,"author":{"gitId":"SeanHoWB"},"content":"","lastModifiedDate":"2022-01-23"},{"lineNumber":68,"author":{"gitId":"SeanHoWB"},"content":"    }","lastModifiedDate":"2022-01-23"},{"lineNumber":69,"author":{"gitId":"SeanHoWB"},"content":"","lastModifiedDate":"2022-01-23"},{"lineNumber":70,"author":{"gitId":"SeanHoWB"},"content":"    public static void takeInput(String userInput){","lastModifiedDate":"2022-01-22"},{"lineNumber":71,"author":{"gitId":"SeanHoWB"},"content":"        System.out.println(line);","lastModifiedDate":"2022-01-23"},{"lineNumber":72,"author":{"gitId":"SeanHoWB"},"content":"        String[] words \u003d userInput.split(\" \");","lastModifiedDate":"2022-01-23"},{"lineNumber":73,"author":{"gitId":"SeanHoWB"},"content":"        switch (words[0]){","lastModifiedDate":"2022-01-23"},{"lineNumber":74,"author":{"gitId":"SeanHoWB"},"content":"        case \"list\":","lastModifiedDate":"2022-01-23"},{"lineNumber":75,"author":{"gitId":"SeanHoWB"},"content":"            printList();","lastModifiedDate":"2022-01-23"},{"lineNumber":76,"author":{"gitId":"SeanHoWB"},"content":"            break;","lastModifiedDate":"2022-01-23"},{"lineNumber":77,"author":{"gitId":"SeanHoWB"},"content":"        case \"unmark\":","lastModifiedDate":"2022-01-23"},{"lineNumber":78,"author":{"gitId":"SeanHoWB"},"content":"            unmark(words[1]);","lastModifiedDate":"2022-01-23"},{"lineNumber":79,"author":{"gitId":"SeanHoWB"},"content":"            break;","lastModifiedDate":"2022-01-23"},{"lineNumber":80,"author":{"gitId":"SeanHoWB"},"content":"        case \"mark\":","lastModifiedDate":"2022-01-23"},{"lineNumber":81,"author":{"gitId":"SeanHoWB"},"content":"            mark(words[1]);","lastModifiedDate":"2022-01-23"},{"lineNumber":82,"author":{"gitId":"SeanHoWB"},"content":"            break;","lastModifiedDate":"2022-01-23"},{"lineNumber":83,"author":{"gitId":"SeanHoWB"},"content":"        case \"\":","lastModifiedDate":"2022-01-23"},{"lineNumber":84,"author":{"gitId":"SeanHoWB"},"content":"            System.out.println(\"Type something ya prick\");","lastModifiedDate":"2022-01-23"},{"lineNumber":85,"author":{"gitId":"SeanHoWB"},"content":"            break;","lastModifiedDate":"2022-01-23"},{"lineNumber":86,"author":{"gitId":"SeanHoWB"},"content":"        default:","lastModifiedDate":"2022-01-23"},{"lineNumber":87,"author":{"gitId":"SeanHoWB"},"content":"            addToList(userInput);","lastModifiedDate":"2022-01-23"},{"lineNumber":88,"author":{"gitId":"SeanHoWB"},"content":"        }","lastModifiedDate":"2022-01-22"},{"lineNumber":89,"author":{"gitId":"SeanHoWB"},"content":"        System.out.print(line);","lastModifiedDate":"2022-01-23"},{"lineNumber":90,"author":{"gitId":"SeanHoWB"},"content":"    }","lastModifiedDate":"2022-01-23"},{"lineNumber":91,"author":{"gitId":"SeanHoWB"},"content":"","lastModifiedDate":"2022-01-23"},{"lineNumber":92,"author":{"gitId":"-"},"content":"    public static void main(String[] args) {","lastModifiedDate":"2022-01-22"},{"lineNumber":93,"author":{"gitId":"SeanHoWB"},"content":"        greeting();","lastModifiedDate":"2022-01-22"},{"lineNumber":94,"author":{"gitId":"SeanHoWB"},"content":"        Scanner in \u003d new Scanner(System.in);","lastModifiedDate":"2022-01-22"},{"lineNumber":95,"author":{"gitId":"SeanHoWB"},"content":"        String userInput \u003d in.nextLine().toLowerCase();","lastModifiedDate":"2022-01-23"},{"lineNumber":96,"author":{"gitId":"SeanHoWB"},"content":"        while (!userInput.equals(\"bye\")){","lastModifiedDate":"2022-01-23"},{"lineNumber":97,"author":{"gitId":"SeanHoWB"},"content":"            takeInput(userInput);","lastModifiedDate":"2022-01-22"},{"lineNumber":98,"author":{"gitId":"SeanHoWB"},"content":"            userInput \u003d in.nextLine();","lastModifiedDate":"2022-01-22"},{"lineNumber":99,"author":{"gitId":"SeanHoWB"},"content":"        }","lastModifiedDate":"2022-01-22"},{"lineNumber":100,"author":{"gitId":"SeanHoWB"},"content":"        goodbye();","lastModifiedDate":"2022-01-22"},{"lineNumber":101,"author":{"gitId":"-"},"content":"    }","lastModifiedDate":"2019-07-29"},{"lineNumber":102,"author":{"gitId":"-"},"content":"}","lastModifiedDate":"2019-07-29"}],"authorContributionMap":{"SeanHoWB":98,"-":4}},{"path":"src/main/java/UserContent.java","fileType":"java","lines":[{"lineNumber":1,"author":{"gitId":"SeanHoWB"},"content":"public class UserContent {","lastModifiedDate":"2022-01-23"},{"lineNumber":2,"author":{"gitId":"SeanHoWB"},"content":"    private String content;","lastModifiedDate":"2022-01-23"},{"lineNumber":3,"author":{"gitId":"SeanHoWB"},"content":"    private boolean isMark;","lastModifiedDate":"2022-01-23"},{"lineNumber":4,"author":{"gitId":"SeanHoWB"},"content":"    private int listIndex;","lastModifiedDate":"2022-01-23"},{"lineNumber":5,"author":{"gitId":"SeanHoWB"},"content":"","lastModifiedDate":"2022-01-23"},{"lineNumber":6,"author":{"gitId":"SeanHoWB"},"content":"    public UserContent(){","lastModifiedDate":"2022-01-23"},{"lineNumber":7,"author":{"gitId":"SeanHoWB"},"content":"        this(\"\", -1);","lastModifiedDate":"2022-01-23"},{"lineNumber":8,"author":{"gitId":"SeanHoWB"},"content":"    }","lastModifiedDate":"2022-01-23"},{"lineNumber":9,"author":{"gitId":"SeanHoWB"},"content":"    public UserContent(String content, int listIndex){","lastModifiedDate":"2022-01-23"},{"lineNumber":10,"author":{"gitId":"SeanHoWB"},"content":"        setContent(content);","lastModifiedDate":"2022-01-23"},{"lineNumber":11,"author":{"gitId":"SeanHoWB"},"content":"        setUnmark();","lastModifiedDate":"2022-01-23"},{"lineNumber":12,"author":{"gitId":"SeanHoWB"},"content":"        setListIndex(listIndex);","lastModifiedDate":"2022-01-23"},{"lineNumber":13,"author":{"gitId":"SeanHoWB"},"content":"    }","lastModifiedDate":"2022-01-23"},{"lineNumber":14,"author":{"gitId":"SeanHoWB"},"content":"","lastModifiedDate":"2022-01-23"},{"lineNumber":15,"author":{"gitId":"SeanHoWB"},"content":"    public void setContent(String content) {","lastModifiedDate":"2022-01-23"},{"lineNumber":16,"author":{"gitId":"SeanHoWB"},"content":"        this.content \u003d content;","lastModifiedDate":"2022-01-23"},{"lineNumber":17,"author":{"gitId":"SeanHoWB"},"content":"    }","lastModifiedDate":"2022-01-23"},{"lineNumber":18,"author":{"gitId":"SeanHoWB"},"content":"","lastModifiedDate":"2022-01-23"},{"lineNumber":19,"author":{"gitId":"SeanHoWB"},"content":"    public void setListIndex(int listIndex) {","lastModifiedDate":"2022-01-23"},{"lineNumber":20,"author":{"gitId":"SeanHoWB"},"content":"        this.listIndex \u003d listIndex;","lastModifiedDate":"2022-01-23"},{"lineNumber":21,"author":{"gitId":"SeanHoWB"},"content":"    }","lastModifiedDate":"2022-01-23"},{"lineNumber":22,"author":{"gitId":"SeanHoWB"},"content":"","lastModifiedDate":"2022-01-23"},{"lineNumber":23,"author":{"gitId":"SeanHoWB"},"content":"    public void setMark() {","lastModifiedDate":"2022-01-23"},{"lineNumber":24,"author":{"gitId":"SeanHoWB"},"content":"        isMark \u003d true;","lastModifiedDate":"2022-01-23"},{"lineNumber":25,"author":{"gitId":"SeanHoWB"},"content":"    }","lastModifiedDate":"2022-01-23"},{"lineNumber":26,"author":{"gitId":"SeanHoWB"},"content":"    public void setUnmark() {","lastModifiedDate":"2022-01-23"},{"lineNumber":27,"author":{"gitId":"SeanHoWB"},"content":"        isMark \u003d false;","lastModifiedDate":"2022-01-23"},{"lineNumber":28,"author":{"gitId":"SeanHoWB"},"content":"    }","lastModifiedDate":"2022-01-23"},{"lineNumber":29,"author":{"gitId":"SeanHoWB"},"content":"","lastModifiedDate":"2022-01-23"},{"lineNumber":30,"author":{"gitId":"SeanHoWB"},"content":"    public int getListIndex() {","lastModifiedDate":"2022-01-23"},{"lineNumber":31,"author":{"gitId":"SeanHoWB"},"content":"        return listIndex;","lastModifiedDate":"2022-01-23"},{"lineNumber":32,"author":{"gitId":"SeanHoWB"},"content":"    }","lastModifiedDate":"2022-01-23"},{"lineNumber":33,"author":{"gitId":"SeanHoWB"},"content":"","lastModifiedDate":"2022-01-23"},{"lineNumber":34,"author":{"gitId":"SeanHoWB"},"content":"    public String getContent() {","lastModifiedDate":"2022-01-23"},{"lineNumber":35,"author":{"gitId":"SeanHoWB"},"content":"        return content;","lastModifiedDate":"2022-01-23"},{"lineNumber":36,"author":{"gitId":"SeanHoWB"},"content":"    }","lastModifiedDate":"2022-01-23"},{"lineNumber":37,"author":{"gitId":"SeanHoWB"},"content":"","lastModifiedDate":"2022-01-23"},{"lineNumber":38,"author":{"gitId":"SeanHoWB"},"content":"    public boolean getMark() {","lastModifiedDate":"2022-01-23"},{"lineNumber":39,"author":{"gitId":"SeanHoWB"},"content":"        return isMark;","lastModifiedDate":"2022-01-23"},{"lineNumber":40,"author":{"gitId":"SeanHoWB"},"content":"    }","lastModifiedDate":"2022-01-23"},{"lineNumber":41,"author":{"gitId":"SeanHoWB"},"content":"}","lastModifiedDate":"2022-01-23"}],"authorContributionMap":{"SeanHoWB":41}}]
