[{"path":"README.md","fileType":"md","lines":[{"lineNumber":1,"author":{"gitId":"SeanHoWB"},"content":"# Shrek project","lastModifiedDate":"2022-02-06"},{"lineNumber":2,"author":{"gitId":"-"},"content":"","lastModifiedDate":"2020-05-25"},{"lineNumber":3,"author":{"gitId":"SeanHoWB"},"content":"This is a CS2113/T Java project. It\u0027s named after the Shrek movie character _Shrek_. Given below are instructions on how to use it.","lastModifiedDate":"2022-02-06"},{"lineNumber":4,"author":{"gitId":"-"},"content":"","lastModifiedDate":"2020-05-25"},{"lineNumber":5,"author":{"gitId":"-"},"content":"## Setting up in Intellij","lastModifiedDate":"2020-05-25"},{"lineNumber":6,"author":{"gitId":"-"},"content":"","lastModifiedDate":"2020-05-25"},{"lineNumber":7,"author":{"gitId":"-"},"content":"Prerequisites: JDK 11, update Intellij to the most recent version.","lastModifiedDate":"2020-05-25"},{"lineNumber":8,"author":{"gitId":"-"},"content":"","lastModifiedDate":"2020-05-25"},{"lineNumber":9,"author":{"gitId":"-"},"content":"1. Open Intellij (if you are not in the welcome screen, click `File` \u003e `Close Project` to close the existing project first)","lastModifiedDate":"2021-01-17"},{"lineNumber":10,"author":{"gitId":"-"},"content":"1. Open the project into Intellij as follows:","lastModifiedDate":"2021-01-17"},{"lineNumber":11,"author":{"gitId":"-"},"content":"   1. Click `Open`.","lastModifiedDate":"2021-01-17"},{"lineNumber":12,"author":{"gitId":"-"},"content":"   1. Select the project directory, and click `OK`.","lastModifiedDate":"2021-01-17"},{"lineNumber":13,"author":{"gitId":"-"},"content":"   1. If there are any further prompts, accept the defaults.","lastModifiedDate":"2020-05-25"},{"lineNumber":14,"author":{"gitId":"-"},"content":"1. Configure the project to use **JDK 11** (not other versions) as explained in [here](https://www.jetbrains.com/help/idea/sdk.html#set-up-jdk).\u003cbr\u003e","lastModifiedDate":"2021-07-29"},{"lineNumber":15,"author":{"gitId":"-"},"content":"   In the same dialog, set the **Project language level** field to the `SDK default` option.","lastModifiedDate":"2021-07-29"},{"lineNumber":16,"author":{"gitId":"SeanHoWB"},"content":"3. After that, locate the `src/main/java/shrek/Shrek.java` file, right-click it, and choose `Run Shrek.main()` (if the code editor is showing compile errors, try restarting the IDE). If the setup is correct, you should see something like the below as the output:","lastModifiedDate":"2022-02-07"},{"lineNumber":17,"author":{"gitId":"SeanHoWB"},"content":"\u003cpre\u003e","lastModifiedDate":"2022-02-07"},{"lineNumber":18,"author":{"gitId":"SeanHoWB"},"content":"____________________________________________________________","lastModifiedDate":"2022-02-06"},{"lineNumber":19,"author":{"gitId":"SeanHoWB"},"content":"███████╗██╗  ██╗██████╗ ███████╗██╗  ██╗","lastModifiedDate":"2022-02-07"},{"lineNumber":20,"author":{"gitId":"SeanHoWB"},"content":"██╔════╝██║  ██║██╔══██╗██╔════╝██║ ██╔╝","lastModifiedDate":"2022-02-07"},{"lineNumber":21,"author":{"gitId":"SeanHoWB"},"content":"███████╗███████║██████╔╝█████╗  █████╔╝  ","lastModifiedDate":"2022-02-07"},{"lineNumber":22,"author":{"gitId":"SeanHoWB"},"content":"╚════██║██╔══██║██╔══██╗██╔══╝  ██╔═██╗  ","lastModifiedDate":"2022-02-07"},{"lineNumber":23,"author":{"gitId":"SeanHoWB"},"content":"███████║██║  ██║██║  ██║███████╗██║  ██╗ ","lastModifiedDate":"2022-02-07"},{"lineNumber":24,"author":{"gitId":"SeanHoWB"},"content":"╚══════╝╚═╝  ╚═╝╚═╝  ╚═╝╚══════╝╚═╝  ╚═╝ ","lastModifiedDate":"2022-02-07"},{"lineNumber":25,"author":{"gitId":"SeanHoWB"},"content":"","lastModifiedDate":"2022-02-07"},{"lineNumber":26,"author":{"gitId":"SeanHoWB"},"content":"","lastModifiedDate":"2022-02-07"},{"lineNumber":27,"author":{"gitId":"SeanHoWB"},"content":"⢀⡴⠑⡄⠀⠀⠀⠀⠀⠀⠀⣀⣀⣤⣤⣤⣀⡀⠀⠀⠀⠀⠀⠀⠀⠀⠀⠀⠀⠀","lastModifiedDate":"2022-02-07"},{"lineNumber":28,"author":{"gitId":"SeanHoWB"},"content":"⠸⡇⠀⠿⡀⠀⠀⠀⣀⡴⢿⣿⣿⣿⣿⣿⣿⣿⣷⣦⡀⠀⠀⠀⠀⠀⠀⠀⠀⠀","lastModifiedDate":"2022-02-07"},{"lineNumber":29,"author":{"gitId":"SeanHoWB"},"content":"⠀⠀⠀⠀⠑⢄⣠⠾⠁⣀⣄⡈⠙⣿⣿⣿⣿⣿⣿⣿⣿⣆⠀⠀⠀⠀⠀⠀⠀⠀","lastModifiedDate":"2022-02-07"},{"lineNumber":30,"author":{"gitId":"SeanHoWB"},"content":"⠀⠀⠀⠀⢀⡀⠁⠀⠀⠈⠙⠛⠂⠈⣿⣿⣿⣿⣿⠿⡿⢿⣆⠀⠀⠀⠀⠀⠀⠀","lastModifiedDate":"2022-02-07"},{"lineNumber":31,"author":{"gitId":"SeanHoWB"},"content":"⠀⠀⠀⢀⡾⣁⣀⠀⠴⠂⠙⣗⡀⠀⢻⣿⣿⠭⢤⣴⣦⣤⣹⠀⠀⠀⢀⢴⣶⣆","lastModifiedDate":"2022-02-07"},{"lineNumber":32,"author":{"gitId":"SeanHoWB"},"content":"⠀⠀⢀⣾⣿⣿⣿⣷⣮⣽⣾⣿⣥⣴⣿⣿⡿⢂⠔⢚⡿⢿⣿⣦⣴⣾⠁⠸⣼⡿","lastModifiedDate":"2022-02-07"},{"lineNumber":33,"author":{"gitId":"SeanHoWB"},"content":"⠀⢀⡞⠁⠙⠻⠿⠟⠉⠀⠛⢹⣿⣿⣿⣿⣿⣌⢤⣼⣿⣾⣿⡟⠉⠀⠀⠀⠀⠀","lastModifiedDate":"2022-02-07"},{"lineNumber":34,"author":{"gitId":"SeanHoWB"},"content":"⠀⣾⣷⣶⠇⠀⠀⣤⣄⣀⡀⠈⠻⣿⣿⣿⣿⣿⣿⣿⣿⣿⣿⡇⠀⠀⠀⠀⠀⠀","lastModifiedDate":"2022-02-07"},{"lineNumber":35,"author":{"gitId":"SeanHoWB"},"content":"⠀⠉⠈⠉⠀⠀⢦⡈⢻⣿⣿⣿⣶⣶⣶⣶⣤⣽⡹⣿⣿⣿⣿⡇⠀⠀⠀⠀⠀⠀","lastModifiedDate":"2022-02-07"},{"lineNumber":36,"author":{"gitId":"SeanHoWB"},"content":"⠀⠀⠀⠀⠀⠀⠀⠉⠲⣽⡻⢿⣿⣿⣿⣿⣿⣿⣷⣜⣿⣿⣿⡇⠀⠀⠀⠀⠀⠀","lastModifiedDate":"2022-02-07"},{"lineNumber":37,"author":{"gitId":"SeanHoWB"},"content":"⠀⠀⠀⠀⠀⠀⠀⠀⢸⣿⣿⣷⣶⣮⣭⣽⣿⣿⣿⣿⣿⣿⣿⠀⠀⠀⠀⠀⠀⠀","lastModifiedDate":"2022-02-07"},{"lineNumber":38,"author":{"gitId":"SeanHoWB"},"content":"⠀⠀⠀⠀⠀⠀⣀⣀⣈⣿⣿⣿⣿⣿⣿⣿⣿⣿⣿⣿⣿⣿⠇⠀⠀⠀⠀⠀⠀⠀","lastModifiedDate":"2022-02-07"},{"lineNumber":39,"author":{"gitId":"SeanHoWB"},"content":"⠀⠀⠀⠀⠀⠀⢿⣿⣿⣿⣿⣿⣿⣿⣿⣿⣿⣿⣿⣿⣿⠃⠀⠀⠀⠀⠀⠀⠀⠀","lastModifiedDate":"2022-02-07"},{"lineNumber":40,"author":{"gitId":"SeanHoWB"},"content":"⠀⠀⠀⠀⠀⠀⠀⠹⣿⣿⣿⣿⣿⣿⣿⣿⣿⣿⡿⠟⠁⠀⠀⠀⠀⠀⠀⠀⠀⠀","lastModifiedDate":"2022-02-07"},{"lineNumber":41,"author":{"gitId":"SeanHoWB"},"content":"⠀⠀⠀⠀⠀⠀⠀⠀⠀⠉⠛⠻⠿⠿⠿⠿⠛⠉","lastModifiedDate":"2022-02-07"},{"lineNumber":42,"author":{"gitId":"SeanHoWB"},"content":"____________________________________________________________","lastModifiedDate":"2022-02-06"},{"lineNumber":43,"author":{"gitId":"SeanHoWB"},"content":"Oh! Hello there! I\u0027m Shrek ","lastModifiedDate":"2022-02-07"},{"lineNumber":44,"author":{"gitId":"SeanHoWB"},"content":"What can I do for you?","lastModifiedDate":"2022-02-06"},{"lineNumber":45,"author":{"gitId":"SeanHoWB"},"content":"\u003c/pre\u003e","lastModifiedDate":"2022-02-07"}],"authorContributionMap":{"SeanHoWB":32,"-":13}},{"path":"data/output.txt","fileType":"txt","lines":[{"lineNumber":1,"author":{"gitId":"SeanHoWB"},"content":"unmarked deadline asdasd /by 2022-11-01 12:34","lastModifiedDate":"2022-02-19"},{"lineNumber":2,"author":{"gitId":"SeanHoWB"},"content":"unmarked deadline asdads /by 2022-03-12 12:34","lastModifiedDate":"2022-02-19"}],"authorContributionMap":{"SeanHoWB":2}},{"path":"src/main/java/shrek/Shrek.java","fileType":"java","lines":[{"lineNumber":1,"author":{"gitId":"SeanHoWB"},"content":"package shrek;","lastModifiedDate":"2022-02-06"},{"lineNumber":2,"author":{"gitId":"SeanHoWB"},"content":"","lastModifiedDate":"2022-02-06"},{"lineNumber":3,"author":{"gitId":"SeanHoWB"},"content":"import shrek.task.UserContent;","lastModifiedDate":"2022-02-06"},{"lineNumber":4,"author":{"gitId":"SeanHoWB"},"content":"import shrek.task.Deadlines;","lastModifiedDate":"2022-02-06"},{"lineNumber":5,"author":{"gitId":"SeanHoWB"},"content":"import shrek.task.Events;","lastModifiedDate":"2022-02-06"},{"lineNumber":6,"author":{"gitId":"SeanHoWB"},"content":"import shrek.task.ToDo;","lastModifiedDate":"2022-02-06"},{"lineNumber":7,"author":{"gitId":"SeanHoWB"},"content":"import shrek.constant.PrintStrings;","lastModifiedDate":"2022-02-06"},{"lineNumber":8,"author":{"gitId":"SeanHoWB"},"content":"import shrek.exception.InvalidCommandException;","lastModifiedDate":"2022-02-06"},{"lineNumber":9,"author":{"gitId":"SeanHoWB"},"content":"","lastModifiedDate":"2022-02-11"},{"lineNumber":10,"author":{"gitId":"SeanHoWB"},"content":"import java.text.ParseException;","lastModifiedDate":"2022-02-19"},{"lineNumber":11,"author":{"gitId":"SeanHoWB"},"content":"import java.time.DateTimeException;","lastModifiedDate":"2022-02-19"},{"lineNumber":12,"author":{"gitId":"SeanHoWB"},"content":"import java.util.Scanner;","lastModifiedDate":"2022-01-22"},{"lineNumber":13,"author":{"gitId":"SeanHoWB"},"content":"import java.util.ArrayList;","lastModifiedDate":"2022-02-11"},{"lineNumber":14,"author":{"gitId":"SeanHoWB"},"content":"import java.io.FileNotFoundException;","lastModifiedDate":"2022-02-12"},{"lineNumber":15,"author":{"gitId":"SeanHoWB"},"content":"import java.io.IOException;","lastModifiedDate":"2022-02-12"},{"lineNumber":16,"author":{"gitId":"SeanHoWB"},"content":"import java.io.File;","lastModifiedDate":"2022-02-12"},{"lineNumber":17,"author":{"gitId":"SeanHoWB"},"content":"import java.io.FileWriter;","lastModifiedDate":"2022-02-12"},{"lineNumber":18,"author":{"gitId":"SeanHoWB"},"content":"import java.time.LocalDate;","lastModifiedDate":"2022-02-19"},{"lineNumber":19,"author":{"gitId":"SeanHoWB"},"content":"import java.time.LocalTime;","lastModifiedDate":"2022-02-19"},{"lineNumber":20,"author":{"gitId":"SeanHoWB"},"content":"import java.time.format.DateTimeFormatter;","lastModifiedDate":"2022-02-19"},{"lineNumber":21,"author":{"gitId":"SeanHoWB"},"content":"import java.text.SimpleDateFormat;","lastModifiedDate":"2022-02-19"},{"lineNumber":22,"author":{"gitId":"SeanHoWB"},"content":"import java.util.Date;","lastModifiedDate":"2022-02-19"},{"lineNumber":23,"author":{"gitId":"SeanHoWB"},"content":"import java.time.temporal.ChronoUnit;","lastModifiedDate":"2022-02-19"},{"lineNumber":24,"author":{"gitId":"SeanHoWB"},"content":"","lastModifiedDate":"2022-02-19"},{"lineNumber":25,"author":{"gitId":"SeanHoWB"},"content":"","lastModifiedDate":"2022-01-22"},{"lineNumber":26,"author":{"gitId":"SeanHoWB"},"content":"public class Shrek {","lastModifiedDate":"2022-01-30"},{"lineNumber":27,"author":{"gitId":"SeanHoWB"},"content":"    private static final ArrayList\u003cUserContent\u003e lists \u003d new ArrayList\u003c\u003e();","lastModifiedDate":"2022-02-11"},{"lineNumber":28,"author":{"gitId":"SeanHoWB"},"content":"    private static final String LINE \u003d PrintStrings.LINE;","lastModifiedDate":"2022-01-30"},{"lineNumber":29,"author":{"gitId":"SeanHoWB"},"content":"    private static final int INDEX_OF_TASK_CONTENT \u003d 0;","lastModifiedDate":"2022-01-30"},{"lineNumber":30,"author":{"gitId":"SeanHoWB"},"content":"    private static final int INDEX_OF_TASK_NAME \u003d 1;","lastModifiedDate":"2022-01-30"},{"lineNumber":31,"author":{"gitId":"SeanHoWB"},"content":"    private static final int INDEX_OF_TASK_COMMAND \u003d 0;","lastModifiedDate":"2022-01-30"},{"lineNumber":32,"author":{"gitId":"SeanHoWB"},"content":"    private static final int INDEX_OF_TASK_INPUT \u003d 1;","lastModifiedDate":"2022-01-30"},{"lineNumber":33,"author":{"gitId":"SeanHoWB"},"content":"    private static final int FIND_TASK_OR_TIME \u003d 0;","lastModifiedDate":"2022-02-19"},{"lineNumber":34,"author":{"gitId":"SeanHoWB"},"content":"    private static final int FIND_CONTENT \u003d 1;","lastModifiedDate":"2022-02-19"},{"lineNumber":35,"author":{"gitId":"SeanHoWB"},"content":"    private static final int INDEX_OF_TASK_MARKED \u003d 0;","lastModifiedDate":"2022-02-12"},{"lineNumber":36,"author":{"gitId":"SeanHoWB"},"content":"    private static final int INDEX_OF_TIME_INPUT \u003d 1;","lastModifiedDate":"2022-02-19"},{"lineNumber":37,"author":{"gitId":"SeanHoWB"},"content":"    private static final int INDEX_OF_DATE_INPUT \u003d 0;","lastModifiedDate":"2022-02-19"},{"lineNumber":38,"author":{"gitId":"SeanHoWB"},"content":"    private static final int NUMBER_OF_TERMS_IN_SPLIT \u003d 2;","lastModifiedDate":"2022-02-05"},{"lineNumber":39,"author":{"gitId":"SeanHoWB"},"content":"    private static final int LIST_INDEX_CORRECTION \u003d -1;","lastModifiedDate":"2022-02-11"},{"lineNumber":40,"author":{"gitId":"SeanHoWB"},"content":"    public static final String NEW_LINE \u003d System.lineSeparator();","lastModifiedDate":"2022-01-30"},{"lineNumber":41,"author":{"gitId":"SeanHoWB"},"content":"    private static int errorCount \u003d 0;","lastModifiedDate":"2022-02-05"},{"lineNumber":42,"author":{"gitId":"SeanHoWB"},"content":"    private static final String[] listOfCommands \u003d {\"todo\", \"deadline\", \"event\", \"mark\", \"unmark\", \"delete\", \"save\", \"find\", \"list\"};","lastModifiedDate":"2022-02-19"},{"lineNumber":43,"author":{"gitId":"SeanHoWB"},"content":"    private static String OUTPUT_FILE_PATH;","lastModifiedDate":"2022-02-12"},{"lineNumber":44,"author":{"gitId":"SeanHoWB"},"content":"    public static final String ANSI_GREEN \u003d \"\\u001B[32m\";","lastModifiedDate":"2022-02-06"},{"lineNumber":45,"author":{"gitId":"SeanHoWB"},"content":"    public static final String ANSI_RESET \u003d \"\\u001B[0m\";","lastModifiedDate":"2022-02-06"},{"lineNumber":46,"author":{"gitId":"SeanHoWB"},"content":"","lastModifiedDate":"2022-01-15"},{"lineNumber":47,"author":{"gitId":"SeanHoWB"},"content":"    public static void initialiseShrek() throws InvalidCommandException {","lastModifiedDate":"2022-02-12"},{"lineNumber":48,"author":{"gitId":"SeanHoWB"},"content":"        try {","lastModifiedDate":"2022-02-12"},{"lineNumber":49,"author":{"gitId":"SeanHoWB"},"content":"            String currentDirectory \u003d System.getProperty(\"user.dir\");","lastModifiedDate":"2022-02-12"},{"lineNumber":50,"author":{"gitId":"SeanHoWB"},"content":"            OUTPUT_FILE_PATH \u003d currentDirectory + \"/data/output.txt\";","lastModifiedDate":"2022-02-12"},{"lineNumber":51,"author":{"gitId":"SeanHoWB"},"content":"            File dataDirectory \u003d new File(currentDirectory + \"/data\");","lastModifiedDate":"2022-02-12"},{"lineNumber":52,"author":{"gitId":"SeanHoWB"},"content":"            if (!dataDirectory.exists()) {","lastModifiedDate":"2022-02-12"},{"lineNumber":53,"author":{"gitId":"SeanHoWB"},"content":"                dataDirectory.mkdir();","lastModifiedDate":"2022-02-12"},{"lineNumber":54,"author":{"gitId":"SeanHoWB"},"content":"            }","lastModifiedDate":"2022-02-12"},{"lineNumber":55,"author":{"gitId":"SeanHoWB"},"content":"            File outputFile \u003d new File(OUTPUT_FILE_PATH);","lastModifiedDate":"2022-02-12"},{"lineNumber":56,"author":{"gitId":"SeanHoWB"},"content":"            if (!outputFile.createNewFile()) {","lastModifiedDate":"2022-02-12"},{"lineNumber":57,"author":{"gitId":"SeanHoWB"},"content":"                loadFromOutput();","lastModifiedDate":"2022-02-12"},{"lineNumber":58,"author":{"gitId":"SeanHoWB"},"content":"            }","lastModifiedDate":"2022-02-12"},{"lineNumber":59,"author":{"gitId":"SeanHoWB"},"content":"        } catch (IOException e) {","lastModifiedDate":"2022-02-12"},{"lineNumber":60,"author":{"gitId":"SeanHoWB"},"content":"            throw new InvalidCommandException(\"IO excepts you!\", errorCount);","lastModifiedDate":"2022-02-12"},{"lineNumber":61,"author":{"gitId":"SeanHoWB"},"content":"        }","lastModifiedDate":"2022-02-12"},{"lineNumber":62,"author":{"gitId":"SeanHoWB"},"content":"    }","lastModifiedDate":"2022-02-12"},{"lineNumber":63,"author":{"gitId":"SeanHoWB"},"content":"","lastModifiedDate":"2022-02-12"},{"lineNumber":64,"author":{"gitId":"SeanHoWB"},"content":"    public static String convertMark(UserContent task) {","lastModifiedDate":"2022-02-12"},{"lineNumber":65,"author":{"gitId":"SeanHoWB"},"content":"        String mark;","lastModifiedDate":"2022-02-12"},{"lineNumber":66,"author":{"gitId":"SeanHoWB"},"content":"        if (task.getMark()) {","lastModifiedDate":"2022-02-12"},{"lineNumber":67,"author":{"gitId":"SeanHoWB"},"content":"            mark \u003d \"marked\";","lastModifiedDate":"2022-02-12"},{"lineNumber":68,"author":{"gitId":"SeanHoWB"},"content":"        } else {","lastModifiedDate":"2022-02-12"},{"lineNumber":69,"author":{"gitId":"SeanHoWB"},"content":"            mark \u003d \"unmarked\";","lastModifiedDate":"2022-02-12"},{"lineNumber":70,"author":{"gitId":"SeanHoWB"},"content":"        }","lastModifiedDate":"2022-02-12"},{"lineNumber":71,"author":{"gitId":"SeanHoWB"},"content":"        return mark;","lastModifiedDate":"2022-02-12"},{"lineNumber":72,"author":{"gitId":"SeanHoWB"},"content":"    }","lastModifiedDate":"2022-02-12"},{"lineNumber":73,"author":{"gitId":"SeanHoWB"},"content":"","lastModifiedDate":"2022-02-12"},{"lineNumber":74,"author":{"gitId":"SeanHoWB"},"content":"    public static void loadFromOutput() throws FileNotFoundException {","lastModifiedDate":"2022-02-12"},{"lineNumber":75,"author":{"gitId":"SeanHoWB"},"content":"        File outputFile \u003d new File(OUTPUT_FILE_PATH);","lastModifiedDate":"2022-02-12"},{"lineNumber":76,"author":{"gitId":"SeanHoWB"},"content":"        Scanner lineScanner \u003d new Scanner(outputFile);","lastModifiedDate":"2022-02-12"},{"lineNumber":77,"author":{"gitId":"SeanHoWB"},"content":"        while (lineScanner.hasNext()) {","lastModifiedDate":"2022-02-12"},{"lineNumber":78,"author":{"gitId":"SeanHoWB"},"content":"            String[] splitMarkAndContents \u003d lineScanner.nextLine().split(\" \", NUMBER_OF_TERMS_IN_SPLIT);","lastModifiedDate":"2022-02-19"},{"lineNumber":79,"author":{"gitId":"SeanHoWB"},"content":"            takeInput(splitMarkAndContents[INDEX_OF_TASK_INPUT], false);","lastModifiedDate":"2022-02-19"},{"lineNumber":80,"author":{"gitId":"SeanHoWB"},"content":"            if (splitMarkAndContents[INDEX_OF_TASK_MARKED].equals(\"marked\")) {","lastModifiedDate":"2022-02-19"},{"lineNumber":81,"author":{"gitId":"SeanHoWB"},"content":"                lists.get(lists.size() + LIST_INDEX_CORRECTION).setMark();","lastModifiedDate":"2022-02-12"},{"lineNumber":82,"author":{"gitId":"SeanHoWB"},"content":"            }","lastModifiedDate":"2022-02-12"},{"lineNumber":83,"author":{"gitId":"SeanHoWB"},"content":"        }","lastModifiedDate":"2022-02-12"},{"lineNumber":84,"author":{"gitId":"SeanHoWB"},"content":"    }","lastModifiedDate":"2022-02-12"},{"lineNumber":85,"author":{"gitId":"SeanHoWB"},"content":"","lastModifiedDate":"2022-02-12"},{"lineNumber":86,"author":{"gitId":"SeanHoWB"},"content":"    public static void saveToOutput() throws InvalidCommandException {","lastModifiedDate":"2022-02-12"},{"lineNumber":87,"author":{"gitId":"SeanHoWB"},"content":"        try {","lastModifiedDate":"2022-02-12"},{"lineNumber":88,"author":{"gitId":"SeanHoWB"},"content":"            clearOutput();","lastModifiedDate":"2022-02-12"},{"lineNumber":89,"author":{"gitId":"SeanHoWB"},"content":"            for (UserContent task : lists) {","lastModifiedDate":"2022-02-12"},{"lineNumber":90,"author":{"gitId":"SeanHoWB"},"content":"                String taskName \u003d task.getTaskName();","lastModifiedDate":"2022-02-12"},{"lineNumber":91,"author":{"gitId":"SeanHoWB"},"content":"                switch (taskName) {","lastModifiedDate":"2022-02-12"},{"lineNumber":92,"author":{"gitId":"SeanHoWB"},"content":"                case \"T\":","lastModifiedDate":"2022-02-12"},{"lineNumber":93,"author":{"gitId":"SeanHoWB"},"content":"                    saveTodoToOutput(task);","lastModifiedDate":"2022-02-12"},{"lineNumber":94,"author":{"gitId":"SeanHoWB"},"content":"                    break;","lastModifiedDate":"2022-02-12"},{"lineNumber":95,"author":{"gitId":"SeanHoWB"},"content":"                case \"D\":","lastModifiedDate":"2022-02-12"},{"lineNumber":96,"author":{"gitId":"SeanHoWB"},"content":"                    Deadlines deadlineTask \u003d (Deadlines) task;","lastModifiedDate":"2022-02-12"},{"lineNumber":97,"author":{"gitId":"SeanHoWB"},"content":"                    saveDeadlineToOutput(deadlineTask);","lastModifiedDate":"2022-02-12"},{"lineNumber":98,"author":{"gitId":"SeanHoWB"},"content":"                    break;","lastModifiedDate":"2022-02-12"},{"lineNumber":99,"author":{"gitId":"SeanHoWB"},"content":"                case \"E\":","lastModifiedDate":"2022-02-12"},{"lineNumber":100,"author":{"gitId":"SeanHoWB"},"content":"                    Events eventTask \u003d (Events) task;","lastModifiedDate":"2022-02-12"},{"lineNumber":101,"author":{"gitId":"SeanHoWB"},"content":"                    saveEventToOutput(eventTask);","lastModifiedDate":"2022-02-12"},{"lineNumber":102,"author":{"gitId":"SeanHoWB"},"content":"                    break;","lastModifiedDate":"2022-02-12"},{"lineNumber":103,"author":{"gitId":"SeanHoWB"},"content":"                default:","lastModifiedDate":"2022-02-12"},{"lineNumber":104,"author":{"gitId":"SeanHoWB"},"content":"                    throw new InvalidCommandException(\"Not a valid task to save!\", errorCount);","lastModifiedDate":"2022-02-12"},{"lineNumber":105,"author":{"gitId":"SeanHoWB"},"content":"                }","lastModifiedDate":"2022-02-12"},{"lineNumber":106,"author":{"gitId":"SeanHoWB"},"content":"            }","lastModifiedDate":"2022-02-12"},{"lineNumber":107,"author":{"gitId":"SeanHoWB"},"content":"        } catch (IOException e) {","lastModifiedDate":"2022-02-12"},{"lineNumber":108,"author":{"gitId":"SeanHoWB"},"content":"            throw new InvalidCommandException(\"Cannot write to file!\", errorCount);","lastModifiedDate":"2022-02-12"},{"lineNumber":109,"author":{"gitId":"SeanHoWB"},"content":"        } catch (NullPointerException e) {","lastModifiedDate":"2022-02-12"},{"lineNumber":110,"author":{"gitId":"SeanHoWB"},"content":"            throw new InvalidCommandException(\"Invalid task name\", errorCount);","lastModifiedDate":"2022-02-12"},{"lineNumber":111,"author":{"gitId":"SeanHoWB"},"content":"        } catch (ClassCastException e) {","lastModifiedDate":"2022-02-12"},{"lineNumber":112,"author":{"gitId":"SeanHoWB"},"content":"            throw new InvalidCommandException(\"Cannot anyhow typecast leh\", errorCount);","lastModifiedDate":"2022-02-12"},{"lineNumber":113,"author":{"gitId":"SeanHoWB"},"content":"        } catch (ParseException e) {","lastModifiedDate":"2022-02-19"},{"lineNumber":114,"author":{"gitId":"SeanHoWB"},"content":"            throw new InvalidCommandException(\"date time error\", errorCount);","lastModifiedDate":"2022-02-19"},{"lineNumber":115,"author":{"gitId":"SeanHoWB"},"content":"        } catch (InvalidCommandException e) {","lastModifiedDate":"2022-02-12"},{"lineNumber":116,"author":{"gitId":"SeanHoWB"},"content":"            errorCount++;","lastModifiedDate":"2022-02-12"},{"lineNumber":117,"author":{"gitId":"SeanHoWB"},"content":"        }","lastModifiedDate":"2022-02-12"},{"lineNumber":118,"author":{"gitId":"SeanHoWB"},"content":"    }","lastModifiedDate":"2022-02-12"},{"lineNumber":119,"author":{"gitId":"SeanHoWB"},"content":"","lastModifiedDate":"2022-02-12"},{"lineNumber":120,"author":{"gitId":"SeanHoWB"},"content":"    public static void saveTodoToOutput(UserContent task) throws IOException {","lastModifiedDate":"2022-02-12"},{"lineNumber":121,"author":{"gitId":"SeanHoWB"},"content":"        String baseString \u003d \"todo\";","lastModifiedDate":"2022-02-12"},{"lineNumber":122,"author":{"gitId":"SeanHoWB"},"content":"        String mark \u003d convertMark(task);","lastModifiedDate":"2022-02-12"},{"lineNumber":123,"author":{"gitId":"SeanHoWB"},"content":"        String taskContent \u003d task.getContent();","lastModifiedDate":"2022-02-12"},{"lineNumber":124,"author":{"gitId":"SeanHoWB"},"content":"        baseString \u003d mark + \" \" + baseString + \" \" + taskContent;","lastModifiedDate":"2022-02-12"},{"lineNumber":125,"author":{"gitId":"SeanHoWB"},"content":"        writeToFile(baseString);","lastModifiedDate":"2022-02-12"},{"lineNumber":126,"author":{"gitId":"SeanHoWB"},"content":"    }","lastModifiedDate":"2022-02-12"},{"lineNumber":127,"author":{"gitId":"SeanHoWB"},"content":"","lastModifiedDate":"2022-02-12"},{"lineNumber":128,"author":{"gitId":"SeanHoWB"},"content":"    public static String revertDatetime(String datetime) throws ParseException {","lastModifiedDate":"2022-02-19"},{"lineNumber":129,"author":{"gitId":"SeanHoWB"},"content":"        SimpleDateFormat formatter \u003d new SimpleDateFormat(\"yyyy-MM-dd hh:mm\");","lastModifiedDate":"2022-02-19"},{"lineNumber":130,"author":{"gitId":"SeanHoWB"},"content":"        Date date \u003d new SimpleDateFormat(\"MMM d yyyy hh:mma\").parse(datetime);","lastModifiedDate":"2022-02-19"},{"lineNumber":131,"author":{"gitId":"SeanHoWB"},"content":"        return formatter.format(date);","lastModifiedDate":"2022-02-19"},{"lineNumber":132,"author":{"gitId":"SeanHoWB"},"content":"    }","lastModifiedDate":"2022-02-19"},{"lineNumber":133,"author":{"gitId":"SeanHoWB"},"content":"","lastModifiedDate":"2022-02-19"},{"lineNumber":134,"author":{"gitId":"SeanHoWB"},"content":"    public static void saveDeadlineToOutput(Deadlines task) throws IOException, ParseException {","lastModifiedDate":"2022-02-19"},{"lineNumber":135,"author":{"gitId":"SeanHoWB"},"content":"        String baseString \u003d \"deadline\";","lastModifiedDate":"2022-02-12"},{"lineNumber":136,"author":{"gitId":"SeanHoWB"},"content":"        String mark \u003d convertMark(task);","lastModifiedDate":"2022-02-12"},{"lineNumber":137,"author":{"gitId":"SeanHoWB"},"content":"        String taskContent \u003d task.getContent();","lastModifiedDate":"2022-02-12"},{"lineNumber":138,"author":{"gitId":"SeanHoWB"},"content":"        String taskBy \u003d task.getBy();","lastModifiedDate":"2022-02-12"},{"lineNumber":139,"author":{"gitId":"SeanHoWB"},"content":"        String userInputStyleDatetime \u003d revertDatetime(taskBy);","lastModifiedDate":"2022-02-19"},{"lineNumber":140,"author":{"gitId":"SeanHoWB"},"content":"        baseString \u003d mark + \" \" + baseString + \" \" + taskContent + \"/by \" + userInputStyleDatetime;","lastModifiedDate":"2022-02-19"},{"lineNumber":141,"author":{"gitId":"SeanHoWB"},"content":"        writeToFile(baseString);","lastModifiedDate":"2022-02-12"},{"lineNumber":142,"author":{"gitId":"SeanHoWB"},"content":"    }","lastModifiedDate":"2022-02-12"},{"lineNumber":143,"author":{"gitId":"SeanHoWB"},"content":"","lastModifiedDate":"2022-02-12"},{"lineNumber":144,"author":{"gitId":"SeanHoWB"},"content":"    public static void saveEventToOutput(Events task) throws IOException, ParseException {","lastModifiedDate":"2022-02-19"},{"lineNumber":145,"author":{"gitId":"SeanHoWB"},"content":"        String baseString \u003d \"event\";","lastModifiedDate":"2022-02-12"},{"lineNumber":146,"author":{"gitId":"SeanHoWB"},"content":"        String mark \u003d convertMark(task);","lastModifiedDate":"2022-02-12"},{"lineNumber":147,"author":{"gitId":"SeanHoWB"},"content":"        String taskContent \u003d task.getContent();","lastModifiedDate":"2022-02-12"},{"lineNumber":148,"author":{"gitId":"SeanHoWB"},"content":"        String taskAt \u003d task.getAt();","lastModifiedDate":"2022-02-12"},{"lineNumber":149,"author":{"gitId":"SeanHoWB"},"content":"        String userInputStyleDatetime \u003d revertDatetime(taskAt);","lastModifiedDate":"2022-02-19"},{"lineNumber":150,"author":{"gitId":"SeanHoWB"},"content":"        baseString \u003d mark + \" \" + baseString + \" \" + taskContent + \"/at \" + userInputStyleDatetime;","lastModifiedDate":"2022-02-19"},{"lineNumber":151,"author":{"gitId":"SeanHoWB"},"content":"        writeToFile(baseString);","lastModifiedDate":"2022-02-12"},{"lineNumber":152,"author":{"gitId":"SeanHoWB"},"content":"    }","lastModifiedDate":"2022-02-12"},{"lineNumber":153,"author":{"gitId":"SeanHoWB"},"content":"","lastModifiedDate":"2022-02-12"},{"lineNumber":154,"author":{"gitId":"SeanHoWB"},"content":"    public static void writeToFile(String task) throws IOException {","lastModifiedDate":"2022-02-12"},{"lineNumber":155,"author":{"gitId":"SeanHoWB"},"content":"        FileWriter outputFile \u003d new FileWriter(OUTPUT_FILE_PATH, true);","lastModifiedDate":"2022-02-12"},{"lineNumber":156,"author":{"gitId":"SeanHoWB"},"content":"        outputFile.write(task + System.lineSeparator());","lastModifiedDate":"2022-02-12"},{"lineNumber":157,"author":{"gitId":"SeanHoWB"},"content":"        outputFile.close();","lastModifiedDate":"2022-02-12"},{"lineNumber":158,"author":{"gitId":"SeanHoWB"},"content":"    }","lastModifiedDate":"2022-02-12"},{"lineNumber":159,"author":{"gitId":"SeanHoWB"},"content":"","lastModifiedDate":"2022-02-12"},{"lineNumber":160,"author":{"gitId":"SeanHoWB"},"content":"    public static void clearOutput() throws IOException {","lastModifiedDate":"2022-02-12"},{"lineNumber":161,"author":{"gitId":"SeanHoWB"},"content":"        FileWriter outputFile \u003d new FileWriter(OUTPUT_FILE_PATH, false);","lastModifiedDate":"2022-02-12"},{"lineNumber":162,"author":{"gitId":"SeanHoWB"},"content":"        outputFile.write(\"\");","lastModifiedDate":"2022-02-12"},{"lineNumber":163,"author":{"gitId":"SeanHoWB"},"content":"        outputFile.close();","lastModifiedDate":"2022-02-12"},{"lineNumber":164,"author":{"gitId":"SeanHoWB"},"content":"    }","lastModifiedDate":"2022-02-12"},{"lineNumber":165,"author":{"gitId":"SeanHoWB"},"content":"","lastModifiedDate":"2022-02-12"},{"lineNumber":166,"author":{"gitId":"SeanHoWB"},"content":"    public static void findTaskOrTime(String input) {","lastModifiedDate":"2022-02-19"},{"lineNumber":167,"author":{"gitId":"SeanHoWB"},"content":"        try {","lastModifiedDate":"2022-02-19"},{"lineNumber":168,"author":{"gitId":"SeanHoWB"},"content":"            String[] splitTaskOrTimeInputs \u003d input.split(\" \", NUMBER_OF_TERMS_IN_SPLIT);","lastModifiedDate":"2022-02-19"},{"lineNumber":169,"author":{"gitId":"SeanHoWB"},"content":"            if (splitTaskOrTimeInputs[FIND_CONTENT].equals(\"\")) {","lastModifiedDate":"2022-02-19"},{"lineNumber":170,"author":{"gitId":"SeanHoWB"},"content":"                throw new InvalidCommandException(\"Did you forget to input time or task?\", errorCount);","lastModifiedDate":"2022-02-19"},{"lineNumber":171,"author":{"gitId":"SeanHoWB"},"content":"            }","lastModifiedDate":"2022-02-19"},{"lineNumber":172,"author":{"gitId":"SeanHoWB"},"content":"            switch (splitTaskOrTimeInputs[FIND_TASK_OR_TIME]) {","lastModifiedDate":"2022-02-19"},{"lineNumber":173,"author":{"gitId":"SeanHoWB"},"content":"            case \"time\":","lastModifiedDate":"2022-02-19"},{"lineNumber":174,"author":{"gitId":"SeanHoWB"},"content":"                findTime(splitTaskOrTimeInputs[FIND_CONTENT]);","lastModifiedDate":"2022-02-19"},{"lineNumber":175,"author":{"gitId":"SeanHoWB"},"content":"                break;","lastModifiedDate":"2022-02-19"},{"lineNumber":176,"author":{"gitId":"SeanHoWB"},"content":"            case \"task\":","lastModifiedDate":"2022-02-19"},{"lineNumber":177,"author":{"gitId":"SeanHoWB"},"content":"                findTask(splitTaskOrTimeInputs[FIND_CONTENT]);","lastModifiedDate":"2022-02-19"},{"lineNumber":178,"author":{"gitId":"SeanHoWB"},"content":"                break;","lastModifiedDate":"2022-02-19"},{"lineNumber":179,"author":{"gitId":"SeanHoWB"},"content":"            default:","lastModifiedDate":"2022-02-19"},{"lineNumber":180,"author":{"gitId":"SeanHoWB"},"content":"                throw new InvalidCommandException(\"Did you type time or task wrongly?\", errorCount);","lastModifiedDate":"2022-02-19"},{"lineNumber":181,"author":{"gitId":"SeanHoWB"},"content":"            }","lastModifiedDate":"2022-02-19"},{"lineNumber":182,"author":{"gitId":"SeanHoWB"},"content":"        } catch (ArrayIndexOutOfBoundsException e) {","lastModifiedDate":"2022-02-19"},{"lineNumber":183,"author":{"gitId":"SeanHoWB"},"content":"            throw new InvalidCommandException(\"Did you forget to declare the time or task?\", errorCount);","lastModifiedDate":"2022-02-19"},{"lineNumber":184,"author":{"gitId":"SeanHoWB"},"content":"        }","lastModifiedDate":"2022-02-19"},{"lineNumber":185,"author":{"gitId":"SeanHoWB"},"content":"    }","lastModifiedDate":"2022-02-19"},{"lineNumber":186,"author":{"gitId":"SeanHoWB"},"content":"","lastModifiedDate":"2022-02-19"},{"lineNumber":187,"author":{"gitId":"SeanHoWB"},"content":"    public static void findTask(String inputToSearchFor) {","lastModifiedDate":"2022-02-19"},{"lineNumber":188,"author":{"gitId":"SeanHoWB"},"content":"        ArrayList\u003cUserContent\u003e listOfFoundTasks \u003d new ArrayList\u003c\u003e();","lastModifiedDate":"2022-02-19"},{"lineNumber":189,"author":{"gitId":"SeanHoWB"},"content":"        for (UserContent item : lists) {","lastModifiedDate":"2022-02-19"},{"lineNumber":190,"author":{"gitId":"SeanHoWB"},"content":"            if (item.getContent().contains(inputToSearchFor)) {","lastModifiedDate":"2022-02-19"},{"lineNumber":191,"author":{"gitId":"SeanHoWB"},"content":"                listOfFoundTasks.add(item);","lastModifiedDate":"2022-02-19"},{"lineNumber":192,"author":{"gitId":"SeanHoWB"},"content":"            }","lastModifiedDate":"2022-02-19"},{"lineNumber":193,"author":{"gitId":"SeanHoWB"},"content":"        }","lastModifiedDate":"2022-02-19"},{"lineNumber":194,"author":{"gitId":"SeanHoWB"},"content":"        if(listOfFoundTasks.size() \u003d\u003d 0){","lastModifiedDate":"2022-02-19"},{"lineNumber":195,"author":{"gitId":"SeanHoWB"},"content":"            System.out.println(\"The task \\\"\" + inputToSearchFor + \"\\\" was not found in the list, sorry!\");","lastModifiedDate":"2022-02-19"},{"lineNumber":196,"author":{"gitId":"SeanHoWB"},"content":"        } else {","lastModifiedDate":"2022-02-19"},{"lineNumber":197,"author":{"gitId":"SeanHoWB"},"content":"            printList(listOfFoundTasks, \"Here are the tasks containing \\\"\"","lastModifiedDate":"2022-02-19"},{"lineNumber":198,"author":{"gitId":"SeanHoWB"},"content":"                    + inputToSearchFor + \"\\\" in the list\");","lastModifiedDate":"2022-02-19"},{"lineNumber":199,"author":{"gitId":"SeanHoWB"},"content":"        }","lastModifiedDate":"2022-02-19"},{"lineNumber":200,"author":{"gitId":"SeanHoWB"},"content":"    }","lastModifiedDate":"2022-02-19"},{"lineNumber":201,"author":{"gitId":"SeanHoWB"},"content":"","lastModifiedDate":"2022-02-19"},{"lineNumber":202,"author":{"gitId":"SeanHoWB"},"content":"    public static void findTime(String inputToSearchFor) {","lastModifiedDate":"2022-02-19"},{"lineNumber":203,"author":{"gitId":"SeanHoWB"},"content":"        ArrayList\u003cUserContent\u003e listOfFoundTimes \u003d new ArrayList\u003c\u003e();","lastModifiedDate":"2022-02-19"},{"lineNumber":204,"author":{"gitId":"SeanHoWB"},"content":"        for (UserContent item : lists) {","lastModifiedDate":"2022-02-19"},{"lineNumber":205,"author":{"gitId":"SeanHoWB"},"content":"            String taskName \u003d item.getTaskName();","lastModifiedDate":"2022-02-19"},{"lineNumber":206,"author":{"gitId":"SeanHoWB"},"content":"            switch (taskName) {","lastModifiedDate":"2022-02-19"},{"lineNumber":207,"author":{"gitId":"SeanHoWB"},"content":"            case \"T\":","lastModifiedDate":"2022-02-19"},{"lineNumber":208,"author":{"gitId":"SeanHoWB"},"content":"                break;","lastModifiedDate":"2022-02-19"},{"lineNumber":209,"author":{"gitId":"SeanHoWB"},"content":"            case \"D\":","lastModifiedDate":"2022-02-19"},{"lineNumber":210,"author":{"gitId":"SeanHoWB"},"content":"                Deadlines deadlineTask \u003d (Deadlines) item;","lastModifiedDate":"2022-02-19"},{"lineNumber":211,"author":{"gitId":"SeanHoWB"},"content":"                if (deadlineTask.getBy().contains(inputToSearchFor)) {","lastModifiedDate":"2022-02-19"},{"lineNumber":212,"author":{"gitId":"SeanHoWB"},"content":"                    listOfFoundTimes.add(item);","lastModifiedDate":"2022-02-19"},{"lineNumber":213,"author":{"gitId":"SeanHoWB"},"content":"                }","lastModifiedDate":"2022-02-19"},{"lineNumber":214,"author":{"gitId":"SeanHoWB"},"content":"                break;","lastModifiedDate":"2022-02-19"},{"lineNumber":215,"author":{"gitId":"SeanHoWB"},"content":"            case \"E\":","lastModifiedDate":"2022-02-19"},{"lineNumber":216,"author":{"gitId":"SeanHoWB"},"content":"                Events eventTask \u003d (Events) item;","lastModifiedDate":"2022-02-19"},{"lineNumber":217,"author":{"gitId":"SeanHoWB"},"content":"                if (eventTask.getAt().contains(inputToSearchFor)) {","lastModifiedDate":"2022-02-19"},{"lineNumber":218,"author":{"gitId":"SeanHoWB"},"content":"                    listOfFoundTimes.add(item);","lastModifiedDate":"2022-02-19"},{"lineNumber":219,"author":{"gitId":"SeanHoWB"},"content":"                }","lastModifiedDate":"2022-02-19"},{"lineNumber":220,"author":{"gitId":"SeanHoWB"},"content":"                break;","lastModifiedDate":"2022-02-19"},{"lineNumber":221,"author":{"gitId":"SeanHoWB"},"content":"            default:","lastModifiedDate":"2022-02-19"},{"lineNumber":222,"author":{"gitId":"SeanHoWB"},"content":"                throw new InvalidCommandException(\"Not a valid task to find!\", errorCount);","lastModifiedDate":"2022-02-19"},{"lineNumber":223,"author":{"gitId":"SeanHoWB"},"content":"            }","lastModifiedDate":"2022-02-19"},{"lineNumber":224,"author":{"gitId":"SeanHoWB"},"content":"        }","lastModifiedDate":"2022-02-19"},{"lineNumber":225,"author":{"gitId":"SeanHoWB"},"content":"        if(listOfFoundTimes.size() \u003d\u003d 0){","lastModifiedDate":"2022-02-19"},{"lineNumber":226,"author":{"gitId":"SeanHoWB"},"content":"            System.out.println(\"No task has the deadline or occurs at \\\"\" + inputToSearchFor + \"\\\", sorry!\");","lastModifiedDate":"2022-02-19"},{"lineNumber":227,"author":{"gitId":"SeanHoWB"},"content":"        } else {","lastModifiedDate":"2022-02-19"},{"lineNumber":228,"author":{"gitId":"SeanHoWB"},"content":"            printList(listOfFoundTimes, \"Here are the times containing \\\"\"","lastModifiedDate":"2022-02-19"},{"lineNumber":229,"author":{"gitId":"SeanHoWB"},"content":"                    + inputToSearchFor + \"\\\" in the list\");","lastModifiedDate":"2022-02-19"},{"lineNumber":230,"author":{"gitId":"SeanHoWB"},"content":"        }","lastModifiedDate":"2022-02-19"},{"lineNumber":231,"author":{"gitId":"SeanHoWB"},"content":"    }","lastModifiedDate":"2022-02-19"},{"lineNumber":232,"author":{"gitId":"SeanHoWB"},"content":"","lastModifiedDate":"2022-02-19"},{"lineNumber":233,"author":{"gitId":"SeanHoWB"},"content":"    public static void printGreeting() {","lastModifiedDate":"2022-01-30"},{"lineNumber":234,"author":{"gitId":"SeanHoWB"},"content":"        String logo \u003d \"███████╗██╗  ██╗██████╗ ███████╗██╗  ██╗\\n\" +","lastModifiedDate":"2022-01-22"},{"lineNumber":235,"author":{"gitId":"SeanHoWB"},"content":"                \"██╔════╝██║  ██║██╔══██╗██╔════╝██║ ██╔╝\\n\" +","lastModifiedDate":"2022-01-22"},{"lineNumber":236,"author":{"gitId":"SeanHoWB"},"content":"                \"███████╗███████║██████╔╝█████╗  █████╔╝ \\n\" +","lastModifiedDate":"2022-01-22"},{"lineNumber":237,"author":{"gitId":"SeanHoWB"},"content":"                \"╚════██║██╔══██║██╔══██╗██╔══╝  ██╔═██╗ \\n\" +","lastModifiedDate":"2022-01-22"},{"lineNumber":238,"author":{"gitId":"SeanHoWB"},"content":"                \"███████║██║  ██║██║  ██║███████╗██║  ██╗\\n\" +","lastModifiedDate":"2022-01-22"},{"lineNumber":239,"author":{"gitId":"SeanHoWB"},"content":"                \"╚══════╝╚═╝  ╚═╝╚═╝  ╚═╝╚══════╝╚═╝  ╚═╝\\n\" +","lastModifiedDate":"2022-01-22"},{"lineNumber":240,"author":{"gitId":"SeanHoWB"},"content":"                \"                                        \\n\";","lastModifiedDate":"2022-01-22"},{"lineNumber":241,"author":{"gitId":"SeanHoWB"},"content":"","lastModifiedDate":"2022-01-15"},{"lineNumber":242,"author":{"gitId":"SeanHoWB"},"content":"        String shrekLogo \u003d \"⢀⡴⠑⡄⠀⠀⠀⠀⠀⠀⠀⣀⣀⣤⣤⣤⣀⡀⠀⠀⠀⠀⠀⠀⠀⠀⠀⠀⠀⠀ \\n\" +","lastModifiedDate":"2022-01-22"},{"lineNumber":243,"author":{"gitId":"SeanHoWB"},"content":"                \"⠸⡇⠀⠿⡀⠀⠀⠀⣀⡴⢿⣿⣿⣿⣿⣿⣿⣿⣷⣦⡀⠀⠀⠀⠀⠀⠀⠀⠀⠀ \\n\" +","lastModifiedDate":"2022-01-22"},{"lineNumber":244,"author":{"gitId":"SeanHoWB"},"content":"                \"⠀⠀⠀⠀⠑⢄⣠⠾⠁⣀⣄⡈⠙⣿⣿⣿⣿⣿⣿⣿⣿⣆⠀⠀⠀⠀⠀⠀⠀⠀ \\n\" +","lastModifiedDate":"2022-01-22"},{"lineNumber":245,"author":{"gitId":"SeanHoWB"},"content":"                \"⠀⠀⠀⠀⢀⡀⠁⠀⠀⠈⠙⠛⠂⠈⣿⣿⣿⣿⣿⠿⡿⢿⣆⠀⠀⠀⠀⠀⠀⠀ \\n\" +","lastModifiedDate":"2022-01-22"},{"lineNumber":246,"author":{"gitId":"SeanHoWB"},"content":"                \"⠀⠀⠀⢀⡾⣁⣀⠀⠴⠂⠙⣗⡀⠀⢻⣿⣿⠭⢤⣴⣦⣤⣹⠀⠀⠀⢀⢴⣶⣆ \\n\" +","lastModifiedDate":"2022-01-22"},{"lineNumber":247,"author":{"gitId":"SeanHoWB"},"content":"                \"⠀⠀⢀⣾⣿⣿⣿⣷⣮⣽⣾⣿⣥⣴⣿⣿⡿⢂⠔⢚⡿⢿⣿⣦⣴⣾⠁⠸⣼⡿ \\n\" +","lastModifiedDate":"2022-01-22"},{"lineNumber":248,"author":{"gitId":"SeanHoWB"},"content":"                \"⠀⢀⡞⠁⠙⠻⠿⠟⠉⠀⠛⢹⣿⣿⣿⣿⣿⣌⢤⣼⣿⣾⣿⡟⠉⠀⠀⠀⠀⠀ \\n\" +","lastModifiedDate":"2022-01-22"},{"lineNumber":249,"author":{"gitId":"SeanHoWB"},"content":"                \"⠀⣾⣷⣶⠇⠀⠀⣤⣄⣀⡀⠈⠻⣿⣿⣿⣿⣿⣿⣿⣿⣿⣿⡇⠀⠀⠀⠀⠀⠀ \\n\" +","lastModifiedDate":"2022-01-22"},{"lineNumber":250,"author":{"gitId":"SeanHoWB"},"content":"                \"⠀⠉⠈⠉⠀⠀⢦⡈⢻⣿⣿⣿⣶⣶⣶⣶⣤⣽⡹⣿⣿⣿⣿⡇⠀⠀⠀⠀⠀⠀ \\n\" +","lastModifiedDate":"2022-01-22"},{"lineNumber":251,"author":{"gitId":"SeanHoWB"},"content":"                \"⠀⠀⠀⠀⠀⠀⠀⠉⠲⣽⡻⢿⣿⣿⣿⣿⣿⣿⣷⣜⣿⣿⣿⡇⠀⠀⠀⠀⠀⠀ \\n\" +","lastModifiedDate":"2022-01-22"},{"lineNumber":252,"author":{"gitId":"SeanHoWB"},"content":"                \"⠀⠀⠀⠀⠀⠀⠀⠀⢸⣿⣿⣷⣶⣮⣭⣽⣿⣿⣿⣿⣿⣿⣿⠀⠀⠀⠀⠀⠀⠀ \\n\" +","lastModifiedDate":"2022-01-22"},{"lineNumber":253,"author":{"gitId":"SeanHoWB"},"content":"                \"⠀⠀⠀⠀⠀⠀⣀⣀⣈⣿⣿⣿⣿⣿⣿⣿⣿⣿⣿⣿⣿⣿⠇⠀⠀⠀⠀⠀⠀⠀ \\n\" +","lastModifiedDate":"2022-01-22"},{"lineNumber":254,"author":{"gitId":"SeanHoWB"},"content":"                \"⠀⠀⠀⠀⠀⠀⢿⣿⣿⣿⣿⣿⣿⣿⣿⣿⣿⣿⣿⣿⣿⠃⠀⠀⠀⠀⠀⠀⠀⠀ \\n\" +","lastModifiedDate":"2022-01-22"},{"lineNumber":255,"author":{"gitId":"SeanHoWB"},"content":"                \"⠀⠀⠀⠀⠀⠀⠀⠹⣿⣿⣿⣿⣿⣿⣿⣿⣿⣿⡿⠟⠁⠀⠀⠀⠀⠀⠀⠀⠀⠀ \\n\" +","lastModifiedDate":"2022-01-22"},{"lineNumber":256,"author":{"gitId":"SeanHoWB"},"content":"                \"⠀⠀⠀⠀⠀⠀⠀⠀⠀⠉⠛⠻⠿⠿⠿⠿⠛⠉\";","lastModifiedDate":"2022-01-22"},{"lineNumber":257,"author":{"gitId":"SeanHoWB"},"content":"        String greet \u003d \" Oh! Hello there! I\u0027m Shrek\" + NEW_LINE + \" What can I do for you?\";","lastModifiedDate":"2022-02-07"},{"lineNumber":258,"author":{"gitId":"SeanHoWB"},"content":"        System.out.print(LINE);","lastModifiedDate":"2022-01-30"},{"lineNumber":259,"author":{"gitId":"SeanHoWB"},"content":"        System.out.println(ANSI_GREEN + logo + NEW_LINE);","lastModifiedDate":"2022-02-06"},{"lineNumber":260,"author":{"gitId":"SeanHoWB"},"content":"        System.out.println(shrekLogo + NEW_LINE + ANSI_RESET);","lastModifiedDate":"2022-02-06"},{"lineNumber":261,"author":{"gitId":"SeanHoWB"},"content":"        System.out.println(LINE + greet);","lastModifiedDate":"2022-02-06"},{"lineNumber":262,"author":{"gitId":"SeanHoWB"},"content":"    }","lastModifiedDate":"2022-01-22"},{"lineNumber":263,"author":{"gitId":"SeanHoWB"},"content":"","lastModifiedDate":"2022-01-23"},{"lineNumber":264,"author":{"gitId":"SeanHoWB"},"content":"    public static void printGoodbye() {","lastModifiedDate":"2022-01-30"},{"lineNumber":265,"author":{"gitId":"SeanHoWB"},"content":"        String bye \u003d \" Bye bye! See you later!\";","lastModifiedDate":"2022-01-22"},{"lineNumber":266,"author":{"gitId":"SeanHoWB"},"content":"        System.out.print(LINE + bye + NEW_LINE + LINE);","lastModifiedDate":"2022-01-30"},{"lineNumber":267,"author":{"gitId":"SeanHoWB"},"content":"    }","lastModifiedDate":"2022-01-23"},{"lineNumber":268,"author":{"gitId":"SeanHoWB"},"content":"","lastModifiedDate":"2022-01-23"},{"lineNumber":269,"author":{"gitId":"SeanHoWB"},"content":"    public static void printList(ArrayList\u003cUserContent\u003e listToPrint, String messageToPrint) {","lastModifiedDate":"2022-02-19"},{"lineNumber":270,"author":{"gitId":"SeanHoWB"},"content":"        System.out.println(messageToPrint);","lastModifiedDate":"2022-02-19"},{"lineNumber":271,"author":{"gitId":"SeanHoWB"},"content":"        int indexOfList \u003d 1;","lastModifiedDate":"2022-02-11"},{"lineNumber":272,"author":{"gitId":"SeanHoWB"},"content":"        for (UserContent i : listToPrint) {","lastModifiedDate":"2022-02-19"},{"lineNumber":273,"author":{"gitId":"SeanHoWB"},"content":"            System.out.println(indexOfList + \". \" + i);","lastModifiedDate":"2022-02-11"},{"lineNumber":274,"author":{"gitId":"SeanHoWB"},"content":"            indexOfList++;","lastModifiedDate":"2022-02-11"},{"lineNumber":275,"author":{"gitId":"SeanHoWB"},"content":"        }","lastModifiedDate":"2022-01-23"},{"lineNumber":276,"author":{"gitId":"SeanHoWB"},"content":"    }","lastModifiedDate":"2022-01-22"},{"lineNumber":277,"author":{"gitId":"SeanHoWB"},"content":"","lastModifiedDate":"2022-01-23"},{"lineNumber":278,"author":{"gitId":"SeanHoWB"},"content":"    public static boolean isCommandInList(String input) {","lastModifiedDate":"2022-02-07"},{"lineNumber":279,"author":{"gitId":"SeanHoWB"},"content":"        for (String str : listOfCommands) {","lastModifiedDate":"2022-02-07"},{"lineNumber":280,"author":{"gitId":"SeanHoWB"},"content":"            if (str.equals(input)) {","lastModifiedDate":"2022-02-07"},{"lineNumber":281,"author":{"gitId":"SeanHoWB"},"content":"                return true;","lastModifiedDate":"2022-02-07"},{"lineNumber":282,"author":{"gitId":"SeanHoWB"},"content":"            }","lastModifiedDate":"2022-02-07"},{"lineNumber":283,"author":{"gitId":"SeanHoWB"},"content":"        }","lastModifiedDate":"2022-02-07"},{"lineNumber":284,"author":{"gitId":"SeanHoWB"},"content":"        return false;","lastModifiedDate":"2022-02-07"},{"lineNumber":285,"author":{"gitId":"SeanHoWB"},"content":"    }","lastModifiedDate":"2022-02-07"},{"lineNumber":286,"author":{"gitId":"SeanHoWB"},"content":"","lastModifiedDate":"2022-02-07"},{"lineNumber":287,"author":{"gitId":"SeanHoWB"},"content":"    public static String modifyDatetime(String inputTime) throws InvalidCommandException {","lastModifiedDate":"2022-02-19"},{"lineNumber":288,"author":{"gitId":"SeanHoWB"},"content":"        String[] timeAndDate \u003d inputTime.split(\" \");","lastModifiedDate":"2022-02-19"},{"lineNumber":289,"author":{"gitId":"SeanHoWB"},"content":"        String refinedDatetimeFormat \u003d \"\";","lastModifiedDate":"2022-02-19"},{"lineNumber":290,"author":{"gitId":"SeanHoWB"},"content":"        LocalDate date;","lastModifiedDate":"2022-02-19"},{"lineNumber":291,"author":{"gitId":"SeanHoWB"},"content":"        try {","lastModifiedDate":"2022-02-19"},{"lineNumber":292,"author":{"gitId":"SeanHoWB"},"content":"            date \u003d LocalDate.parse(timeAndDate[INDEX_OF_DATE_INPUT]);","lastModifiedDate":"2022-02-19"},{"lineNumber":293,"author":{"gitId":"SeanHoWB"},"content":"            if (date.isBefore(LocalDate.now())) {","lastModifiedDate":"2022-02-19"},{"lineNumber":294,"author":{"gitId":"SeanHoWB"},"content":"                throw new InvalidCommandException(\"Invalid date! The date is past current date\", errorCount);","lastModifiedDate":"2022-02-19"},{"lineNumber":295,"author":{"gitId":"SeanHoWB"},"content":"            }","lastModifiedDate":"2022-02-19"},{"lineNumber":296,"author":{"gitId":"SeanHoWB"},"content":"            refinedDatetimeFormat +\u003d date.format(DateTimeFormatter.ofPattern(\"MMM d yyyy\")) + \" \";","lastModifiedDate":"2022-02-19"},{"lineNumber":297,"author":{"gitId":"SeanHoWB"},"content":"        } catch (DateTimeException e) {","lastModifiedDate":"2022-02-19"},{"lineNumber":298,"author":{"gitId":"SeanHoWB"},"content":"            throw new InvalidCommandException(\"Wrong date format! Remember to input date as yyyy-mm-dd\",","lastModifiedDate":"2022-02-19"},{"lineNumber":299,"author":{"gitId":"SeanHoWB"},"content":"                    errorCount);","lastModifiedDate":"2022-02-19"},{"lineNumber":300,"author":{"gitId":"SeanHoWB"},"content":"        }","lastModifiedDate":"2022-02-19"},{"lineNumber":301,"author":{"gitId":"SeanHoWB"},"content":"        try {","lastModifiedDate":"2022-02-19"},{"lineNumber":302,"author":{"gitId":"SeanHoWB"},"content":"            LocalTime time \u003d LocalTime.parse(timeAndDate[INDEX_OF_TIME_INPUT]);","lastModifiedDate":"2022-02-19"},{"lineNumber":303,"author":{"gitId":"SeanHoWB"},"content":"            if (date.isEqual(LocalDate.now()) \u0026\u0026 time.isBefore(LocalTime.now())) {","lastModifiedDate":"2022-02-19"},{"lineNumber":304,"author":{"gitId":"SeanHoWB"},"content":"                throw new InvalidCommandException(\"Invalid time! The time is past current time\", errorCount);","lastModifiedDate":"2022-02-19"},{"lineNumber":305,"author":{"gitId":"SeanHoWB"},"content":"            }","lastModifiedDate":"2022-02-19"},{"lineNumber":306,"author":{"gitId":"SeanHoWB"},"content":"            refinedDatetimeFormat +\u003d time.format(DateTimeFormatter.ofPattern(\"h:mma\"));","lastModifiedDate":"2022-02-19"},{"lineNumber":307,"author":{"gitId":"SeanHoWB"},"content":"        } catch (DateTimeException e) {","lastModifiedDate":"2022-02-19"},{"lineNumber":308,"author":{"gitId":"SeanHoWB"},"content":"            throw new InvalidCommandException(\"Wrong time format! Remember to input time in 24hr format\", errorCount);","lastModifiedDate":"2022-02-19"},{"lineNumber":309,"author":{"gitId":"SeanHoWB"},"content":"        }","lastModifiedDate":"2022-02-19"},{"lineNumber":310,"author":{"gitId":"SeanHoWB"},"content":"        return refinedDatetimeFormat;","lastModifiedDate":"2022-02-19"},{"lineNumber":311,"author":{"gitId":"SeanHoWB"},"content":"    }","lastModifiedDate":"2022-02-19"},{"lineNumber":312,"author":{"gitId":"SeanHoWB"},"content":"","lastModifiedDate":"2022-02-19"},{"lineNumber":313,"author":{"gitId":"SeanHoWB"},"content":"    public static void addDeadlineOrEventToList(String input, String taskTimeReference)","lastModifiedDate":"2022-02-05"},{"lineNumber":314,"author":{"gitId":"SeanHoWB"},"content":"            throws InvalidCommandException {","lastModifiedDate":"2022-02-05"},{"lineNumber":315,"author":{"gitId":"SeanHoWB"},"content":"        String[] splitDeadlineOrEventInputs;","lastModifiedDate":"2022-02-19"},{"lineNumber":316,"author":{"gitId":"SeanHoWB"},"content":"        try {","lastModifiedDate":"2022-02-05"},{"lineNumber":317,"author":{"gitId":"SeanHoWB"},"content":"            splitDeadlineOrEventInputs \u003d input.split(taskTimeReference);","lastModifiedDate":"2022-02-19"},{"lineNumber":318,"author":{"gitId":"SeanHoWB"},"content":"            if (splitDeadlineOrEventInputs.length \u003e NUMBER_OF_TERMS_IN_SPLIT) {","lastModifiedDate":"2022-02-19"},{"lineNumber":319,"author":{"gitId":"SeanHoWB"},"content":"                throw new InvalidCommandException(\"Did you add in more than one \\\"\"","lastModifiedDate":"2022-02-06"},{"lineNumber":320,"author":{"gitId":"SeanHoWB"},"content":"                        + taskTimeReference + \"\\\"?\", errorCount);","lastModifiedDate":"2022-02-06"},{"lineNumber":321,"author":{"gitId":"SeanHoWB"},"content":"            } else if (splitDeadlineOrEventInputs[INDEX_OF_TASK_CONTENT].equals(\"\") ||","lastModifiedDate":"2022-02-19"},{"lineNumber":322,"author":{"gitId":"SeanHoWB"},"content":"                    splitDeadlineOrEventInputs[INDEX_OF_TASK_NAME].equals(\"\")) {","lastModifiedDate":"2022-02-19"},{"lineNumber":323,"author":{"gitId":"SeanHoWB"},"content":"                throw new InvalidCommandException(\"Did you forget to add in the time or task?\", errorCount);","lastModifiedDate":"2022-02-06"},{"lineNumber":324,"author":{"gitId":"SeanHoWB"},"content":"            }","lastModifiedDate":"2022-02-05"},{"lineNumber":325,"author":{"gitId":"SeanHoWB"},"content":"            String Datetime \u003d modifyDatetime(chunkOfInput[INDEX_OF_TASK_NAME]);","lastModifiedDate":"2022-02-19"},{"lineNumber":326,"author":{"gitId":"SeanHoWB"},"content":"            if (taskTimeReference.equals(\"/at \")) {","lastModifiedDate":"2022-02-05"},{"lineNumber":327,"author":{"gitId":"SeanHoWB"},"content":"                lists.add(new Events(splitDeadlineOrEventInputs[INDEX_OF_TASK_CONTENT],","lastModifiedDate":"2022-02-19"},{"lineNumber":328,"author":{"gitId":"SeanHoWB"},"content":"                        splitDeadlineOrEventInputs[INDEX_OF_TASK_NAME]));","lastModifiedDate":"2022-02-19"},{"lineNumber":329,"author":{"gitId":"SeanHoWB"},"content":"            } else {","lastModifiedDate":"2022-02-05"},{"lineNumber":330,"author":{"gitId":"SeanHoWB"},"content":"                lists.add(new Deadlines(splitDeadlineOrEventInputs[INDEX_OF_TASK_CONTENT],","lastModifiedDate":"2022-02-19"},{"lineNumber":331,"author":{"gitId":"SeanHoWB"},"content":"                        splitDeadlineOrEventInputs[INDEX_OF_TASK_NAME]));","lastModifiedDate":"2022-02-19"},{"lineNumber":332,"author":{"gitId":"SeanHoWB"},"content":"            }","lastModifiedDate":"2022-02-05"},{"lineNumber":333,"author":{"gitId":"SeanHoWB"},"content":"        } catch (ArrayIndexOutOfBoundsException err) {","lastModifiedDate":"2022-02-05"},{"lineNumber":334,"author":{"gitId":"SeanHoWB"},"content":"            if (!input.contains(taskTimeReference)) {","lastModifiedDate":"2022-02-05"},{"lineNumber":335,"author":{"gitId":"SeanHoWB"},"content":"                throw new InvalidCommandException(\"Did you forget \\\"\" + taskTimeReference + \"\\\"?\", errorCount);","lastModifiedDate":"2022-02-05"},{"lineNumber":336,"author":{"gitId":"SeanHoWB"},"content":"            }","lastModifiedDate":"2022-02-05"},{"lineNumber":337,"author":{"gitId":"SeanHoWB"},"content":"            throw new InvalidCommandException(\"Did you forget to add in the time or task?\", errorCount);","lastModifiedDate":"2022-02-06"},{"lineNumber":338,"author":{"gitId":"SeanHoWB"},"content":"        }","lastModifiedDate":"2022-02-05"},{"lineNumber":339,"author":{"gitId":"SeanHoWB"},"content":"    }","lastModifiedDate":"2022-02-05"},{"lineNumber":340,"author":{"gitId":"SeanHoWB"},"content":"","lastModifiedDate":"2022-02-05"},{"lineNumber":341,"author":{"gitId":"SeanHoWB"},"content":"    public static void addToList(String input, String taskName, boolean toPrint) {","lastModifiedDate":"2022-02-12"},{"lineNumber":342,"author":{"gitId":"SeanHoWB"},"content":"        boolean isTaskRanSuccessful \u003d true;","lastModifiedDate":"2022-02-06"},{"lineNumber":343,"author":{"gitId":"SeanHoWB"},"content":"        switch (taskName) {","lastModifiedDate":"2022-01-30"},{"lineNumber":344,"author":{"gitId":"SeanHoWB"},"content":"        case \"todo\":","lastModifiedDate":"2022-01-30"},{"lineNumber":345,"author":{"gitId":"SeanHoWB"},"content":"            lists.add(new ToDo(input));","lastModifiedDate":"2022-02-11"},{"lineNumber":346,"author":{"gitId":"SeanHoWB"},"content":"            break;","lastModifiedDate":"2022-01-30"},{"lineNumber":347,"author":{"gitId":"SeanHoWB"},"content":"        case \"deadline\":","lastModifiedDate":"2022-01-30"},{"lineNumber":348,"author":{"gitId":"SeanHoWB"},"content":"            addDeadlineOrEventToList(input, \"/by \");","lastModifiedDate":"2022-02-05"},{"lineNumber":349,"author":{"gitId":"SeanHoWB"},"content":"            break;","lastModifiedDate":"2022-01-30"},{"lineNumber":350,"author":{"gitId":"SeanHoWB"},"content":"        case \"event\":","lastModifiedDate":"2022-01-30"},{"lineNumber":351,"author":{"gitId":"SeanHoWB"},"content":"            addDeadlineOrEventToList(input, \"/at \");","lastModifiedDate":"2022-02-05"},{"lineNumber":352,"author":{"gitId":"SeanHoWB"},"content":"            break;","lastModifiedDate":"2022-01-30"},{"lineNumber":353,"author":{"gitId":"SeanHoWB"},"content":"        default:","lastModifiedDate":"2022-01-30"},{"lineNumber":354,"author":{"gitId":"SeanHoWB"},"content":"            System.out.println(\"Did you type the task properly? Re-enter your task\");","lastModifiedDate":"2022-01-30"},{"lineNumber":355,"author":{"gitId":"SeanHoWB"},"content":"            isTaskRanSuccessful \u003d false;","lastModifiedDate":"2022-02-06"},{"lineNumber":356,"author":{"gitId":"SeanHoWB"},"content":"        }","lastModifiedDate":"2022-01-30"},{"lineNumber":357,"author":{"gitId":"SeanHoWB"},"content":"        if (isTaskRanSuccessful) {","lastModifiedDate":"2022-02-06"},{"lineNumber":358,"author":{"gitId":"SeanHoWB"},"content":"            if (toPrint) {","lastModifiedDate":"2022-02-12"},{"lineNumber":359,"author":{"gitId":"SeanHoWB"},"content":"                System.out.println(\"Done putting this in the list:\");","lastModifiedDate":"2022-01-30"},{"lineNumber":360,"author":{"gitId":"SeanHoWB"},"content":"                System.out.println(lists.get(lists.size() + LIST_INDEX_CORRECTION));","lastModifiedDate":"2022-02-11"},{"lineNumber":361,"author":{"gitId":"SeanHoWB"},"content":"                System.out.println(\"Go do the \" + lists.size() + \" task(s)!!\");","lastModifiedDate":"2022-02-11"},{"lineNumber":362,"author":{"gitId":"SeanHoWB"},"content":"                saveToOutput();","lastModifiedDate":"2022-02-19"},{"lineNumber":363,"author":{"gitId":"SeanHoWB"},"content":"            }","lastModifiedDate":"2022-01-30"},{"lineNumber":364,"author":{"gitId":"SeanHoWB"},"content":"","lastModifiedDate":"2022-02-12"},{"lineNumber":365,"author":{"gitId":"SeanHoWB"},"content":"        }","lastModifiedDate":"2022-01-30"},{"lineNumber":366,"author":{"gitId":"SeanHoWB"},"content":"    }","lastModifiedDate":"2022-01-23"},{"lineNumber":367,"author":{"gitId":"SeanHoWB"},"content":"","lastModifiedDate":"2022-01-23"},{"lineNumber":368,"author":{"gitId":"SeanHoWB"},"content":"    public static void deleteFromList(String indexOfList) throws InvalidCommandException {","lastModifiedDate":"2022-02-11"},{"lineNumber":369,"author":{"gitId":"SeanHoWB"},"content":"        UserContent taskToBeRemoved;","lastModifiedDate":"2022-02-11"},{"lineNumber":370,"author":{"gitId":"SeanHoWB"},"content":"        try {","lastModifiedDate":"2022-02-11"},{"lineNumber":371,"author":{"gitId":"SeanHoWB"},"content":"            taskToBeRemoved \u003d lists.get(Integer.parseInt(indexOfList) + LIST_INDEX_CORRECTION);","lastModifiedDate":"2022-02-11"},{"lineNumber":372,"author":{"gitId":"SeanHoWB"},"content":"            lists.remove(Integer.parseInt(indexOfList) + LIST_INDEX_CORRECTION);","lastModifiedDate":"2022-02-11"},{"lineNumber":373,"author":{"gitId":"SeanHoWB"},"content":"        } catch (IndexOutOfBoundsException e) {","lastModifiedDate":"2022-02-11"},{"lineNumber":374,"author":{"gitId":"SeanHoWB"},"content":"            throw new InvalidCommandException(\"You cannot delete whats not there!\", errorCount);","lastModifiedDate":"2022-02-11"},{"lineNumber":375,"author":{"gitId":"SeanHoWB"},"content":"        }","lastModifiedDate":"2022-02-11"},{"lineNumber":376,"author":{"gitId":"SeanHoWB"},"content":"        System.out.println(\"This task is gone, reduced to ashes:\");","lastModifiedDate":"2022-02-11"},{"lineNumber":377,"author":{"gitId":"SeanHoWB"},"content":"        System.out.println(taskToBeRemoved);","lastModifiedDate":"2022-02-11"},{"lineNumber":378,"author":{"gitId":"SeanHoWB"},"content":"        System.out.println(lists.size() + \" task(s) remain\");","lastModifiedDate":"2022-02-11"},{"lineNumber":379,"author":{"gitId":"SeanHoWB"},"content":"    }","lastModifiedDate":"2022-02-11"},{"lineNumber":380,"author":{"gitId":"SeanHoWB"},"content":"","lastModifiedDate":"2022-02-11"},{"lineNumber":381,"author":{"gitId":"SeanHoWB"},"content":"    public static void markTask(String indexOfList) throws InvalidCommandException {","lastModifiedDate":"2022-02-05"},{"lineNumber":382,"author":{"gitId":"SeanHoWB"},"content":"        try {","lastModifiedDate":"2022-02-05"},{"lineNumber":383,"author":{"gitId":"SeanHoWB"},"content":"            if (!lists.get(Integer.parseInt(indexOfList) + LIST_INDEX_CORRECTION).getMark()) {","lastModifiedDate":"2022-02-11"},{"lineNumber":384,"author":{"gitId":"SeanHoWB"},"content":"                lists.get(Integer.parseInt(indexOfList) + LIST_INDEX_CORRECTION).setMark();","lastModifiedDate":"2022-02-11"},{"lineNumber":385,"author":{"gitId":"SeanHoWB"},"content":"                System.out.println(\"So you\u0027ve done this task, that\u0027s great I guess?\");","lastModifiedDate":"2022-02-07"},{"lineNumber":386,"author":{"gitId":"SeanHoWB"},"content":"            } else {","lastModifiedDate":"2022-02-07"},{"lineNumber":387,"author":{"gitId":"SeanHoWB"},"content":"                System.out.println(\"You have done this task already!\");","lastModifiedDate":"2022-02-07"},{"lineNumber":388,"author":{"gitId":"SeanHoWB"},"content":"            }","lastModifiedDate":"2022-02-07"},{"lineNumber":389,"author":{"gitId":"SeanHoWB"},"content":"        } catch (NumberFormatException e) {","lastModifiedDate":"2022-02-05"},{"lineNumber":390,"author":{"gitId":"SeanHoWB"},"content":"            throw new InvalidCommandException(\"Input of mark must be a number!\", errorCount);","lastModifiedDate":"2022-02-05"},{"lineNumber":391,"author":{"gitId":"SeanHoWB"},"content":"        } catch (IndexOutOfBoundsException e) {","lastModifiedDate":"2022-02-11"},{"lineNumber":392,"author":{"gitId":"SeanHoWB"},"content":"            throw new InvalidCommandException(\"You do not have that many items in the list!\", errorCount);","lastModifiedDate":"2022-02-07"},{"lineNumber":393,"author":{"gitId":"SeanHoWB"},"content":"        }","lastModifiedDate":"2022-02-05"},{"lineNumber":394,"author":{"gitId":"SeanHoWB"},"content":"        System.out.println(lists.get(Integer.parseInt(indexOfList) + LIST_INDEX_CORRECTION));","lastModifiedDate":"2022-02-11"},{"lineNumber":395,"author":{"gitId":"SeanHoWB"},"content":"    }","lastModifiedDate":"2022-01-23"},{"lineNumber":396,"author":{"gitId":"SeanHoWB"},"content":"","lastModifiedDate":"2022-01-23"},{"lineNumber":397,"author":{"gitId":"SeanHoWB"},"content":"    public static void unmarkTask(String indexOfList) throws InvalidCommandException {","lastModifiedDate":"2022-02-05"},{"lineNumber":398,"author":{"gitId":"SeanHoWB"},"content":"        try {","lastModifiedDate":"2022-02-05"},{"lineNumber":399,"author":{"gitId":"SeanHoWB"},"content":"            if (lists.get(Integer.parseInt(indexOfList) + LIST_INDEX_CORRECTION).getMark()) {","lastModifiedDate":"2022-02-11"},{"lineNumber":400,"author":{"gitId":"SeanHoWB"},"content":"                System.out.println(\"What do you mean you\u0027ve undone\");","lastModifiedDate":"2022-02-07"},{"lineNumber":401,"author":{"gitId":"SeanHoWB"},"content":"                lists.get(Integer.parseInt(indexOfList) + LIST_INDEX_CORRECTION).setUnmark();","lastModifiedDate":"2022-02-11"},{"lineNumber":402,"author":{"gitId":"SeanHoWB"},"content":"            } else {","lastModifiedDate":"2022-02-07"},{"lineNumber":403,"author":{"gitId":"SeanHoWB"},"content":"                System.out.println(\"How can you undo something you\u0027ve never did?\");","lastModifiedDate":"2022-02-07"},{"lineNumber":404,"author":{"gitId":"SeanHoWB"},"content":"            }","lastModifiedDate":"2022-02-07"},{"lineNumber":405,"author":{"gitId":"SeanHoWB"},"content":"        } catch (NumberFormatException e) {","lastModifiedDate":"2022-02-05"},{"lineNumber":406,"author":{"gitId":"SeanHoWB"},"content":"            throw new InvalidCommandException(\"Input of unmark must be a number!\", errorCount);","lastModifiedDate":"2022-02-05"},{"lineNumber":407,"author":{"gitId":"SeanHoWB"},"content":"        } catch (IndexOutOfBoundsException e) {","lastModifiedDate":"2022-02-11"},{"lineNumber":408,"author":{"gitId":"SeanHoWB"},"content":"            throw new InvalidCommandException(\"You do not have that many items in the list!\", errorCount);","lastModifiedDate":"2022-02-07"},{"lineNumber":409,"author":{"gitId":"SeanHoWB"},"content":"        }","lastModifiedDate":"2022-02-05"},{"lineNumber":410,"author":{"gitId":"SeanHoWB"},"content":"        System.out.println(lists.get(Integer.parseInt(indexOfList) + LIST_INDEX_CORRECTION));","lastModifiedDate":"2022-02-11"},{"lineNumber":411,"author":{"gitId":"SeanHoWB"},"content":"    }","lastModifiedDate":"2022-01-23"},{"lineNumber":412,"author":{"gitId":"SeanHoWB"},"content":"","lastModifiedDate":"2022-01-23"},{"lineNumber":413,"author":{"gitId":"SeanHoWB"},"content":"    public static void takeInput(String userInput, boolean toPrint) throws InvalidCommandException {","lastModifiedDate":"2022-02-12"},{"lineNumber":414,"author":{"gitId":"SeanHoWB"},"content":"        if (toPrint) {","lastModifiedDate":"2022-02-12"},{"lineNumber":415,"author":{"gitId":"SeanHoWB"},"content":"            System.out.print(LINE);","lastModifiedDate":"2022-02-12"},{"lineNumber":416,"author":{"gitId":"SeanHoWB"},"content":"        }","lastModifiedDate":"2022-02-12"},{"lineNumber":417,"author":{"gitId":"SeanHoWB"},"content":"        try {","lastModifiedDate":"2022-02-05"},{"lineNumber":418,"author":{"gitId":"SeanHoWB"},"content":"            String[] splitUserInputs \u003d userInput.split(\" \", NUMBER_OF_TERMS_IN_SPLIT);","lastModifiedDate":"2022-02-19"},{"lineNumber":419,"author":{"gitId":"SeanHoWB"},"content":"            if (!isCommandInList(splitUserInputs[INDEX_OF_TASK_COMMAND])) {","lastModifiedDate":"2022-02-19"},{"lineNumber":420,"author":{"gitId":"SeanHoWB"},"content":"                throw new InvalidCommandException(\"Input a command from the list\", errorCount);","lastModifiedDate":"2022-02-07"},{"lineNumber":421,"author":{"gitId":"SeanHoWB"},"content":"            }","lastModifiedDate":"2022-02-05"},{"lineNumber":422,"author":{"gitId":"SeanHoWB"},"content":"            switch (splitUserInputs[INDEX_OF_TASK_COMMAND]) {","lastModifiedDate":"2022-02-19"},{"lineNumber":423,"author":{"gitId":"SeanHoWB"},"content":"            case \"list\":","lastModifiedDate":"2022-02-19"},{"lineNumber":424,"author":{"gitId":"SeanHoWB"},"content":"                printList(lists, \"Go finish these tasks, NOW:\");","lastModifiedDate":"2022-02-19"},{"lineNumber":425,"author":{"gitId":"SeanHoWB"},"content":"                break;","lastModifiedDate":"2022-02-19"},{"lineNumber":426,"author":{"gitId":"SeanHoWB"},"content":"            case \"save\":","lastModifiedDate":"2022-02-19"},{"lineNumber":427,"author":{"gitId":"SeanHoWB"},"content":"                saveToOutput();","lastModifiedDate":"2022-02-19"},{"lineNumber":428,"author":{"gitId":"SeanHoWB"},"content":"                break;","lastModifiedDate":"2022-02-19"},{"lineNumber":429,"author":{"gitId":"SeanHoWB"},"content":"            case \"find\":","lastModifiedDate":"2022-02-19"},{"lineNumber":430,"author":{"gitId":"SeanHoWB"},"content":"                findTaskOrTime(splitUserInputs[INDEX_OF_TASK_INPUT]);","lastModifiedDate":"2022-02-19"},{"lineNumber":431,"author":{"gitId":"SeanHoWB"},"content":"                break;","lastModifiedDate":"2022-02-19"},{"lineNumber":432,"author":{"gitId":"SeanHoWB"},"content":"            case \"unmark\":","lastModifiedDate":"2022-01-23"},{"lineNumber":433,"author":{"gitId":"SeanHoWB"},"content":"                unmarkTask(splitUserInputs[INDEX_OF_TASK_INPUT]);","lastModifiedDate":"2022-02-19"},{"lineNumber":434,"author":{"gitId":"SeanHoWB"},"content":"                break;","lastModifiedDate":"2022-01-23"},{"lineNumber":435,"author":{"gitId":"SeanHoWB"},"content":"            case \"mark\":","lastModifiedDate":"2022-01-23"},{"lineNumber":436,"author":{"gitId":"SeanHoWB"},"content":"                markTask(splitUserInputs[INDEX_OF_TASK_INPUT]);","lastModifiedDate":"2022-02-19"},{"lineNumber":437,"author":{"gitId":"SeanHoWB"},"content":"                break;","lastModifiedDate":"2022-01-30"},{"lineNumber":438,"author":{"gitId":"SeanHoWB"},"content":"            case \"todo\":","lastModifiedDate":"2022-01-30"},{"lineNumber":439,"author":{"gitId":"SeanHoWB"},"content":"                addToList(splitUserInputs[INDEX_OF_TASK_INPUT], \"todo\", toPrint);","lastModifiedDate":"2022-02-19"},{"lineNumber":440,"author":{"gitId":"SeanHoWB"},"content":"                break;","lastModifiedDate":"2022-01-30"},{"lineNumber":441,"author":{"gitId":"SeanHoWB"},"content":"            case \"deadline\":","lastModifiedDate":"2022-01-30"},{"lineNumber":442,"author":{"gitId":"SeanHoWB"},"content":"                addToList(splitUserInputs[INDEX_OF_TASK_INPUT], \"deadline\", toPrint);","lastModifiedDate":"2022-02-19"},{"lineNumber":443,"author":{"gitId":"SeanHoWB"},"content":"                break;","lastModifiedDate":"2022-01-30"},{"lineNumber":444,"author":{"gitId":"SeanHoWB"},"content":"            case \"event\":","lastModifiedDate":"2022-01-30"},{"lineNumber":445,"author":{"gitId":"SeanHoWB"},"content":"                addToList(splitUserInputs[INDEX_OF_TASK_INPUT], \"event\", toPrint);","lastModifiedDate":"2022-02-19"},{"lineNumber":446,"author":{"gitId":"SeanHoWB"},"content":"                break;","lastModifiedDate":"2022-01-23"},{"lineNumber":447,"author":{"gitId":"SeanHoWB"},"content":"            case \"delete\":","lastModifiedDate":"2022-02-11"},{"lineNumber":448,"author":{"gitId":"SeanHoWB"},"content":"                deleteFromList(splitUserInputs[INDEX_OF_TASK_INPUT]);","lastModifiedDate":"2022-02-19"},{"lineNumber":449,"author":{"gitId":"SeanHoWB"},"content":"                break;","lastModifiedDate":"2022-02-11"},{"lineNumber":450,"author":{"gitId":"SeanHoWB"},"content":"            default:","lastModifiedDate":"2022-01-23"},{"lineNumber":451,"author":{"gitId":"SeanHoWB"},"content":"                if (splitUserInputs.length \u003c NUMBER_OF_TERMS_IN_SPLIT) {","lastModifiedDate":"2022-02-19"},{"lineNumber":452,"author":{"gitId":"SeanHoWB"},"content":"                    throw new InvalidCommandException(\"Missing input after the command!\", errorCount);","lastModifiedDate":"2022-02-19"},{"lineNumber":453,"author":{"gitId":"SeanHoWB"},"content":"                }","lastModifiedDate":"2022-02-19"},{"lineNumber":454,"author":{"gitId":"SeanHoWB"},"content":"                throw new InvalidCommandException(\"How did you get here?\", errorCount);","lastModifiedDate":"2022-02-07"},{"lineNumber":455,"author":{"gitId":"SeanHoWB"},"content":"            }","lastModifiedDate":"2022-02-05"},{"lineNumber":456,"author":{"gitId":"SeanHoWB"},"content":"        } catch (InvalidCommandException e) {","lastModifiedDate":"2022-02-12"},{"lineNumber":457,"author":{"gitId":"SeanHoWB"},"content":"            errorCount++;","lastModifiedDate":"2022-02-05"},{"lineNumber":458,"author":{"gitId":"SeanHoWB"},"content":"        }","lastModifiedDate":"2022-01-22"},{"lineNumber":459,"author":{"gitId":"SeanHoWB"},"content":"        if (toPrint) {","lastModifiedDate":"2022-02-12"},{"lineNumber":460,"author":{"gitId":"SeanHoWB"},"content":"            System.out.print(LINE);","lastModifiedDate":"2022-01-30"},{"lineNumber":461,"author":{"gitId":"SeanHoWB"},"content":"        }","lastModifiedDate":"2022-01-23"},{"lineNumber":462,"author":{"gitId":"SeanHoWB"},"content":"    }","lastModifiedDate":"2022-02-12"},{"lineNumber":463,"author":{"gitId":"SeanHoWB"},"content":"","lastModifiedDate":"2022-01-23"},{"lineNumber":464,"author":{"gitId":"SeanHoWB"},"content":"    public static void main(String[] args) {","lastModifiedDate":"2022-01-22"},{"lineNumber":465,"author":{"gitId":"SeanHoWB"},"content":"        initialiseShrek();","lastModifiedDate":"2022-02-12"},{"lineNumber":466,"author":{"gitId":"SeanHoWB"},"content":"        printGreeting();","lastModifiedDate":"2022-01-30"},{"lineNumber":467,"author":{"gitId":"SeanHoWB"},"content":"        Scanner in \u003d new Scanner(System.in);","lastModifiedDate":"2022-01-22"},{"lineNumber":468,"author":{"gitId":"SeanHoWB"},"content":"        String userInput \u003d in.nextLine();","lastModifiedDate":"2022-01-30"},{"lineNumber":469,"author":{"gitId":"SeanHoWB"},"content":"        while (!userInput.equals(\"bye\")) {","lastModifiedDate":"2022-01-23"},{"lineNumber":470,"author":{"gitId":"SeanHoWB"},"content":"            takeInput(userInput, true);","lastModifiedDate":"2022-02-12"},{"lineNumber":471,"author":{"gitId":"SeanHoWB"},"content":"            userInput \u003d in.nextLine();","lastModifiedDate":"2022-01-22"},{"lineNumber":472,"author":{"gitId":"SeanHoWB"},"content":"        }","lastModifiedDate":"2022-01-22"},{"lineNumber":473,"author":{"gitId":"SeanHoWB"},"content":"        takeInput(\"save\", true);","lastModifiedDate":"2022-02-12"},{"lineNumber":474,"author":{"gitId":"SeanHoWB"},"content":"        printGoodbye();","lastModifiedDate":"2022-01-30"},{"lineNumber":475,"author":{"gitId":"-"},"content":"    }","lastModifiedDate":"2019-07-29"},{"lineNumber":476,"author":{"gitId":"-"},"content":"}","lastModifiedDate":"2019-07-29"}],"authorContributionMap":{"SeanHoWB":474,"-":2}},{"path":"src/main/java/shrek/constant/PrintStrings.java","fileType":"java","lines":[{"lineNumber":1,"author":{"gitId":"SeanHoWB"},"content":"package shrek.constant;","lastModifiedDate":"2022-02-06"},{"lineNumber":2,"author":{"gitId":"SeanHoWB"},"content":"","lastModifiedDate":"2022-02-06"},{"lineNumber":3,"author":{"gitId":"SeanHoWB"},"content":"public class PrintStrings {","lastModifiedDate":"2022-01-30"},{"lineNumber":4,"author":{"gitId":"SeanHoWB"},"content":"    private PrintStrings() {","lastModifiedDate":"2022-01-30"},{"lineNumber":5,"author":{"gitId":"SeanHoWB"},"content":"    }","lastModifiedDate":"2022-01-30"},{"lineNumber":6,"author":{"gitId":"SeanHoWB"},"content":"","lastModifiedDate":"2022-01-30"},{"lineNumber":7,"author":{"gitId":"SeanHoWB"},"content":"    public static final String LINE \u003d \"____________________________________________________________\"","lastModifiedDate":"2022-01-30"},{"lineNumber":8,"author":{"gitId":"SeanHoWB"},"content":"            + System.lineSeparator();","lastModifiedDate":"2022-01-30"},{"lineNumber":9,"author":{"gitId":"SeanHoWB"},"content":"}","lastModifiedDate":"2022-01-30"}],"authorContributionMap":{"SeanHoWB":9}},{"path":"src/main/java/shrek/exception/InvalidCommandException.java","fileType":"java","lines":[{"lineNumber":1,"author":{"gitId":"SeanHoWB"},"content":"package shrek.exception;","lastModifiedDate":"2022-02-06"},{"lineNumber":2,"author":{"gitId":"SeanHoWB"},"content":"","lastModifiedDate":"2022-02-06"},{"lineNumber":3,"author":{"gitId":"SeanHoWB"},"content":"public class InvalidCommandException extends RuntimeException {","lastModifiedDate":"2022-02-05"},{"lineNumber":4,"author":{"gitId":"SeanHoWB"},"content":"    public InvalidCommandException(String errorMessage, int errorCount) {","lastModifiedDate":"2022-02-05"},{"lineNumber":5,"author":{"gitId":"SeanHoWB"},"content":"        if (errorCount \u003c 3) {","lastModifiedDate":"2022-02-05"},{"lineNumber":6,"author":{"gitId":"SeanHoWB"},"content":"            System.out.println(\"UwU *whats this?* : \" + errorMessage);","lastModifiedDate":"2022-02-05"},{"lineNumber":7,"author":{"gitId":"SeanHoWB"},"content":"        } else if (errorCount \u003c 8) {","lastModifiedDate":"2022-02-07"},{"lineNumber":8,"author":{"gitId":"SeanHoWB"},"content":"            System.out.println(\"OwO *notices error* : \" + errorMessage);","lastModifiedDate":"2022-02-05"},{"lineNumber":9,"author":{"gitId":"SeanHoWB"},"content":"        } else if (errorCount \u003c 15){","lastModifiedDate":"2022-02-07"},{"lineNumber":10,"author":{"gitId":"SeanHoWB"},"content":"            System.out.println(\"ÒwÓ *intensifies* : \" + errorMessage);","lastModifiedDate":"2022-02-05"},{"lineNumber":11,"author":{"gitId":"SeanHoWB"},"content":"        } else {","lastModifiedDate":"2022-02-07"},{"lineNumber":12,"author":{"gitId":"SeanHoWB"},"content":"            System.out.println(\"Quit fuzzing me!: \" + errorMessage);","lastModifiedDate":"2022-02-07"},{"lineNumber":13,"author":{"gitId":"SeanHoWB"},"content":"        }","lastModifiedDate":"2022-02-05"},{"lineNumber":14,"author":{"gitId":"SeanHoWB"},"content":"","lastModifiedDate":"2022-02-05"},{"lineNumber":15,"author":{"gitId":"SeanHoWB"},"content":"    }","lastModifiedDate":"2022-02-05"},{"lineNumber":16,"author":{"gitId":"SeanHoWB"},"content":"}","lastModifiedDate":"2022-02-05"},{"lineNumber":17,"author":{"gitId":"SeanHoWB"},"content":"","lastModifiedDate":"2022-02-05"}],"authorContributionMap":{"SeanHoWB":17}},{"path":"src/main/java/shrek/task/Deadlines.java","fileType":"java","lines":[{"lineNumber":1,"author":{"gitId":"SeanHoWB"},"content":"package shrek.task;","lastModifiedDate":"2022-02-06"},{"lineNumber":2,"author":{"gitId":"SeanHoWB"},"content":"","lastModifiedDate":"2022-02-06"},{"lineNumber":3,"author":{"gitId":"SeanHoWB"},"content":"public class Deadlines extends UserContent {","lastModifiedDate":"2022-01-30"},{"lineNumber":4,"author":{"gitId":"SeanHoWB"},"content":"    protected String by;","lastModifiedDate":"2022-01-30"},{"lineNumber":5,"author":{"gitId":"SeanHoWB"},"content":"","lastModifiedDate":"2022-01-30"},{"lineNumber":6,"author":{"gitId":"SeanHoWB"},"content":"    public Deadlines(String description, String by) {","lastModifiedDate":"2022-02-11"},{"lineNumber":7,"author":{"gitId":"SeanHoWB"},"content":"        super(description);","lastModifiedDate":"2022-02-11"},{"lineNumber":8,"author":{"gitId":"SeanHoWB"},"content":"        setTaskName(\"D\");","lastModifiedDate":"2022-01-30"},{"lineNumber":9,"author":{"gitId":"SeanHoWB"},"content":"        this.by \u003d by;","lastModifiedDate":"2022-01-30"},{"lineNumber":10,"author":{"gitId":"SeanHoWB"},"content":"    }","lastModifiedDate":"2022-01-30"},{"lineNumber":11,"author":{"gitId":"SeanHoWB"},"content":"","lastModifiedDate":"2022-01-30"},{"lineNumber":12,"author":{"gitId":"SeanHoWB"},"content":"    public String getBy() {","lastModifiedDate":"2022-02-12"},{"lineNumber":13,"author":{"gitId":"SeanHoWB"},"content":"        return by;","lastModifiedDate":"2022-02-12"},{"lineNumber":14,"author":{"gitId":"SeanHoWB"},"content":"    }","lastModifiedDate":"2022-02-12"},{"lineNumber":15,"author":{"gitId":"SeanHoWB"},"content":"","lastModifiedDate":"2022-02-12"},{"lineNumber":16,"author":{"gitId":"SeanHoWB"},"content":"    @Override","lastModifiedDate":"2022-01-30"},{"lineNumber":17,"author":{"gitId":"SeanHoWB"},"content":"    public String toString() {","lastModifiedDate":"2022-01-30"},{"lineNumber":18,"author":{"gitId":"SeanHoWB"},"content":"        return super.toString() + \" (by: \" + by + \")\";","lastModifiedDate":"2022-01-30"},{"lineNumber":19,"author":{"gitId":"SeanHoWB"},"content":"    }","lastModifiedDate":"2022-01-30"},{"lineNumber":20,"author":{"gitId":"SeanHoWB"},"content":"}","lastModifiedDate":"2022-01-30"}],"authorContributionMap":{"SeanHoWB":20}},{"path":"src/main/java/shrek/task/Events.java","fileType":"java","lines":[{"lineNumber":1,"author":{"gitId":"SeanHoWB"},"content":"package shrek.task;","lastModifiedDate":"2022-02-06"},{"lineNumber":2,"author":{"gitId":"SeanHoWB"},"content":"","lastModifiedDate":"2022-02-06"},{"lineNumber":3,"author":{"gitId":"SeanHoWB"},"content":"public class Events extends UserContent {","lastModifiedDate":"2022-01-30"},{"lineNumber":4,"author":{"gitId":"SeanHoWB"},"content":"    protected String at;","lastModifiedDate":"2022-01-30"},{"lineNumber":5,"author":{"gitId":"SeanHoWB"},"content":"","lastModifiedDate":"2022-01-30"},{"lineNumber":6,"author":{"gitId":"SeanHoWB"},"content":"    public Events(String description, String at) {","lastModifiedDate":"2022-02-11"},{"lineNumber":7,"author":{"gitId":"SeanHoWB"},"content":"        super(description);","lastModifiedDate":"2022-02-11"},{"lineNumber":8,"author":{"gitId":"SeanHoWB"},"content":"        setTaskName(\"E\");","lastModifiedDate":"2022-01-30"},{"lineNumber":9,"author":{"gitId":"SeanHoWB"},"content":"        this.at \u003d at;","lastModifiedDate":"2022-01-30"},{"lineNumber":10,"author":{"gitId":"SeanHoWB"},"content":"    }","lastModifiedDate":"2022-01-30"},{"lineNumber":11,"author":{"gitId":"SeanHoWB"},"content":"","lastModifiedDate":"2022-01-30"},{"lineNumber":12,"author":{"gitId":"SeanHoWB"},"content":"    public String getAt() {","lastModifiedDate":"2022-02-12"},{"lineNumber":13,"author":{"gitId":"SeanHoWB"},"content":"        return at;","lastModifiedDate":"2022-02-12"},{"lineNumber":14,"author":{"gitId":"SeanHoWB"},"content":"    }","lastModifiedDate":"2022-02-12"},{"lineNumber":15,"author":{"gitId":"SeanHoWB"},"content":"","lastModifiedDate":"2022-02-12"},{"lineNumber":16,"author":{"gitId":"SeanHoWB"},"content":"    @Override","lastModifiedDate":"2022-01-30"},{"lineNumber":17,"author":{"gitId":"SeanHoWB"},"content":"    public String toString() {","lastModifiedDate":"2022-01-30"},{"lineNumber":18,"author":{"gitId":"SeanHoWB"},"content":"        return super.toString() + \" (at: \" + at + \")\";","lastModifiedDate":"2022-01-30"},{"lineNumber":19,"author":{"gitId":"SeanHoWB"},"content":"    }","lastModifiedDate":"2022-01-30"},{"lineNumber":20,"author":{"gitId":"SeanHoWB"},"content":"}","lastModifiedDate":"2022-01-30"}],"authorContributionMap":{"SeanHoWB":20}},{"path":"src/main/java/shrek/task/ToDo.java","fileType":"java","lines":[{"lineNumber":1,"author":{"gitId":"SeanHoWB"},"content":"package shrek.task;","lastModifiedDate":"2022-02-06"},{"lineNumber":2,"author":{"gitId":"SeanHoWB"},"content":"","lastModifiedDate":"2022-02-06"},{"lineNumber":3,"author":{"gitId":"SeanHoWB"},"content":"public class ToDo extends UserContent {","lastModifiedDate":"2022-01-30"},{"lineNumber":4,"author":{"gitId":"SeanHoWB"},"content":"","lastModifiedDate":"2022-01-30"},{"lineNumber":5,"author":{"gitId":"SeanHoWB"},"content":"    public ToDo(String description) {","lastModifiedDate":"2022-02-11"},{"lineNumber":6,"author":{"gitId":"SeanHoWB"},"content":"        super(description);","lastModifiedDate":"2022-02-11"},{"lineNumber":7,"author":{"gitId":"SeanHoWB"},"content":"        setTaskName(\"T\");","lastModifiedDate":"2022-01-30"},{"lineNumber":8,"author":{"gitId":"SeanHoWB"},"content":"    }","lastModifiedDate":"2022-01-30"},{"lineNumber":9,"author":{"gitId":"SeanHoWB"},"content":"}","lastModifiedDate":"2022-01-30"}],"authorContributionMap":{"SeanHoWB":9}},{"path":"src/main/java/shrek/task/UserContent.java","fileType":"java","lines":[{"lineNumber":1,"author":{"gitId":"SeanHoWB"},"content":"package shrek.task;","lastModifiedDate":"2022-02-06"},{"lineNumber":2,"author":{"gitId":"SeanHoWB"},"content":"","lastModifiedDate":"2022-02-06"},{"lineNumber":3,"author":{"gitId":"SeanHoWB"},"content":"public class UserContent {","lastModifiedDate":"2022-01-23"},{"lineNumber":4,"author":{"gitId":"SeanHoWB"},"content":"    private String content;","lastModifiedDate":"2022-01-23"},{"lineNumber":5,"author":{"gitId":"SeanHoWB"},"content":"    private boolean isMark;","lastModifiedDate":"2022-01-23"},{"lineNumber":6,"author":{"gitId":"SeanHoWB"},"content":"    private int listIndex;","lastModifiedDate":"2022-01-23"},{"lineNumber":7,"author":{"gitId":"SeanHoWB"},"content":"    private String taskName;","lastModifiedDate":"2022-01-30"},{"lineNumber":8,"author":{"gitId":"SeanHoWB"},"content":"","lastModifiedDate":"2022-01-23"},{"lineNumber":9,"author":{"gitId":"SeanHoWB"},"content":"    public UserContent(){","lastModifiedDate":"2022-01-23"},{"lineNumber":10,"author":{"gitId":"SeanHoWB"},"content":"        this(\"\");","lastModifiedDate":"2022-02-11"},{"lineNumber":11,"author":{"gitId":"SeanHoWB"},"content":"    }","lastModifiedDate":"2022-01-23"},{"lineNumber":12,"author":{"gitId":"SeanHoWB"},"content":"","lastModifiedDate":"2022-01-30"},{"lineNumber":13,"author":{"gitId":"SeanHoWB"},"content":"    public UserContent(String content){","lastModifiedDate":"2022-02-11"},{"lineNumber":14,"author":{"gitId":"SeanHoWB"},"content":"        setContent(content);","lastModifiedDate":"2022-01-23"},{"lineNumber":15,"author":{"gitId":"SeanHoWB"},"content":"        setUnmark();","lastModifiedDate":"2022-01-23"},{"lineNumber":16,"author":{"gitId":"SeanHoWB"},"content":"        setTaskName(\" \");","lastModifiedDate":"2022-01-30"},{"lineNumber":17,"author":{"gitId":"SeanHoWB"},"content":"    }","lastModifiedDate":"2022-01-23"},{"lineNumber":18,"author":{"gitId":"SeanHoWB"},"content":"","lastModifiedDate":"2022-01-23"},{"lineNumber":19,"author":{"gitId":"SeanHoWB"},"content":"    public void setContent(String content) {","lastModifiedDate":"2022-01-23"},{"lineNumber":20,"author":{"gitId":"SeanHoWB"},"content":"        this.content \u003d content;","lastModifiedDate":"2022-01-23"},{"lineNumber":21,"author":{"gitId":"SeanHoWB"},"content":"    }","lastModifiedDate":"2022-01-23"},{"lineNumber":22,"author":{"gitId":"SeanHoWB"},"content":"","lastModifiedDate":"2022-01-23"},{"lineNumber":23,"author":{"gitId":"SeanHoWB"},"content":"    public void setMark() {","lastModifiedDate":"2022-01-23"},{"lineNumber":24,"author":{"gitId":"SeanHoWB"},"content":"        isMark \u003d true;","lastModifiedDate":"2022-01-23"},{"lineNumber":25,"author":{"gitId":"SeanHoWB"},"content":"    }","lastModifiedDate":"2022-01-23"},{"lineNumber":26,"author":{"gitId":"SeanHoWB"},"content":"","lastModifiedDate":"2022-02-06"},{"lineNumber":27,"author":{"gitId":"SeanHoWB"},"content":"    public void setUnmark() {","lastModifiedDate":"2022-01-23"},{"lineNumber":28,"author":{"gitId":"SeanHoWB"},"content":"        isMark \u003d false;","lastModifiedDate":"2022-01-23"},{"lineNumber":29,"author":{"gitId":"SeanHoWB"},"content":"    }","lastModifiedDate":"2022-01-23"},{"lineNumber":30,"author":{"gitId":"SeanHoWB"},"content":"","lastModifiedDate":"2022-01-23"},{"lineNumber":31,"author":{"gitId":"SeanHoWB"},"content":"    public String getContent() {","lastModifiedDate":"2022-01-23"},{"lineNumber":32,"author":{"gitId":"SeanHoWB"},"content":"        return content;","lastModifiedDate":"2022-01-23"},{"lineNumber":33,"author":{"gitId":"SeanHoWB"},"content":"    }","lastModifiedDate":"2022-01-23"},{"lineNumber":34,"author":{"gitId":"SeanHoWB"},"content":"","lastModifiedDate":"2022-01-23"},{"lineNumber":35,"author":{"gitId":"SeanHoWB"},"content":"    public boolean getMark() {","lastModifiedDate":"2022-01-23"},{"lineNumber":36,"author":{"gitId":"SeanHoWB"},"content":"        return isMark;","lastModifiedDate":"2022-01-23"},{"lineNumber":37,"author":{"gitId":"SeanHoWB"},"content":"    }","lastModifiedDate":"2022-01-23"},{"lineNumber":38,"author":{"gitId":"SeanHoWB"},"content":"","lastModifiedDate":"2022-01-30"},{"lineNumber":39,"author":{"gitId":"SeanHoWB"},"content":"    public void setTaskName(String taskName) {","lastModifiedDate":"2022-01-30"},{"lineNumber":40,"author":{"gitId":"SeanHoWB"},"content":"        this.taskName \u003d taskName;","lastModifiedDate":"2022-01-30"},{"lineNumber":41,"author":{"gitId":"SeanHoWB"},"content":"    }","lastModifiedDate":"2022-01-30"},{"lineNumber":42,"author":{"gitId":"SeanHoWB"},"content":"","lastModifiedDate":"2022-01-30"},{"lineNumber":43,"author":{"gitId":"SeanHoWB"},"content":"    public String getTaskName() {","lastModifiedDate":"2022-02-12"},{"lineNumber":44,"author":{"gitId":"SeanHoWB"},"content":"        return taskName;","lastModifiedDate":"2022-02-12"},{"lineNumber":45,"author":{"gitId":"SeanHoWB"},"content":"    }","lastModifiedDate":"2022-02-12"},{"lineNumber":46,"author":{"gitId":"SeanHoWB"},"content":"","lastModifiedDate":"2022-02-12"},{"lineNumber":47,"author":{"gitId":"SeanHoWB"},"content":"    @Override","lastModifiedDate":"2022-01-30"},{"lineNumber":48,"author":{"gitId":"SeanHoWB"},"content":"    public String toString() {","lastModifiedDate":"2022-01-30"},{"lineNumber":49,"author":{"gitId":"SeanHoWB"},"content":"        String mark;","lastModifiedDate":"2022-01-30"},{"lineNumber":50,"author":{"gitId":"SeanHoWB"},"content":"        if (this.getMark()) {","lastModifiedDate":"2022-01-30"},{"lineNumber":51,"author":{"gitId":"SeanHoWB"},"content":"            mark \u003d \"X\";","lastModifiedDate":"2022-01-30"},{"lineNumber":52,"author":{"gitId":"SeanHoWB"},"content":"        } else {","lastModifiedDate":"2022-01-30"},{"lineNumber":53,"author":{"gitId":"SeanHoWB"},"content":"            mark \u003d \" \";","lastModifiedDate":"2022-01-30"},{"lineNumber":54,"author":{"gitId":"SeanHoWB"},"content":"        }","lastModifiedDate":"2022-01-30"},{"lineNumber":55,"author":{"gitId":"SeanHoWB"},"content":"        return (\"[\" + this.taskName + \"]\" + \"[\" + mark +\"] \" + getContent());","lastModifiedDate":"2022-02-11"},{"lineNumber":56,"author":{"gitId":"SeanHoWB"},"content":"    }","lastModifiedDate":"2022-01-30"},{"lineNumber":57,"author":{"gitId":"SeanHoWB"},"content":"}","lastModifiedDate":"2022-01-23"}],"authorContributionMap":{"SeanHoWB":57}},{"path":"text-ui-test/data/output.txt","fileType":"txt","lines":[{"lineNumber":1,"author":{"gitId":"SeanHoWB"},"content":"unmarked todo borrow book","lastModifiedDate":"2022-02-19"},{"lineNumber":2,"author":{"gitId":"SeanHoWB"},"content":"unmarked deadline return book /by Sunday","lastModifiedDate":"2022-02-19"},{"lineNumber":3,"author":{"gitId":"SeanHoWB"},"content":"unmarked event project meeting /at Mon 2-4pm","lastModifiedDate":"2022-02-19"},{"lineNumber":4,"author":{"gitId":"SeanHoWB"},"content":"unmarked deadline do homework /by no idea :-p","lastModifiedDate":"2022-02-19"},{"lineNumber":5,"author":{"gitId":"SeanHoWB"},"content":"unmarked deadline 1/by 1234","lastModifiedDate":"2022-02-19"},{"lineNumber":6,"author":{"gitId":"SeanHoWB"},"content":"unmarked event 4/at 1234","lastModifiedDate":"2022-02-19"}],"authorContributionMap":{"SeanHoWB":6}},{"path":"text-ui-test/input.txt","fileType":"txt","lines":[{"lineNumber":1,"author":{"gitId":"SeanHoWB"},"content":"todo borrow book","lastModifiedDate":"2022-01-30"},{"lineNumber":2,"author":{"gitId":"SeanHoWB"},"content":"list","lastModifiedDate":"2022-01-30"},{"lineNumber":3,"author":{"gitId":"SeanHoWB"},"content":"deadline return book /by Sunday","lastModifiedDate":"2022-01-30"},{"lineNumber":4,"author":{"gitId":"SeanHoWB"},"content":"event project meeting /at Mon 2-4pm","lastModifiedDate":"2022-01-30"},{"lineNumber":5,"author":{"gitId":"SeanHoWB"},"content":"deadline do homework /by no idea :-p","lastModifiedDate":"2022-01-30"},{"lineNumber":6,"author":{"gitId":"SeanHoWB"},"content":"wronginput","lastModifiedDate":"2022-01-30"},{"lineNumber":7,"author":{"gitId":"SeanHoWB"},"content":"deadline bad deadline /b no idea :-p","lastModifiedDate":"2022-01-30"},{"lineNumber":8,"author":{"gitId":"SeanHoWB"},"content":"event bad event /a Mon 2-4pm","lastModifiedDate":"2022-01-30"},{"lineNumber":9,"author":{"gitId":"SeanHoWB"},"content":"todont sadfsad","lastModifiedDate":"2022-01-30"},{"lineNumber":10,"author":{"gitId":"SeanHoWB"},"content":"list","lastModifiedDate":"2022-01-30"},{"lineNumber":11,"author":{"gitId":"SeanHoWB"},"content":"deadline/by 1234","lastModifiedDate":"2022-02-07"},{"lineNumber":12,"author":{"gitId":"SeanHoWB"},"content":"deadline /by 1234","lastModifiedDate":"2022-02-07"},{"lineNumber":13,"author":{"gitId":"SeanHoWB"},"content":"deadline 1/by 1234","lastModifiedDate":"2022-02-07"},{"lineNumber":14,"author":{"gitId":"SeanHoWB"},"content":"deadline 2 /by","lastModifiedDate":"2022-02-07"},{"lineNumber":15,"author":{"gitId":"SeanHoWB"},"content":"deadline 3 /by","lastModifiedDate":"2022-02-07"},{"lineNumber":16,"author":{"gitId":"SeanHoWB"},"content":"event/at 1234","lastModifiedDate":"2022-02-07"},{"lineNumber":17,"author":{"gitId":"SeanHoWB"},"content":"event /at 1234","lastModifiedDate":"2022-02-07"},{"lineNumber":18,"author":{"gitId":"SeanHoWB"},"content":"event 4/at 1234","lastModifiedDate":"2022-02-07"},{"lineNumber":19,"author":{"gitId":"SeanHoWB"},"content":"event 5 /at","lastModifiedDate":"2022-02-07"},{"lineNumber":20,"author":{"gitId":"SeanHoWB"},"content":"event 6 /at","lastModifiedDate":"2022-02-07"},{"lineNumber":21,"author":{"gitId":"SeanHoWB"},"content":"mark 1","lastModifiedDate":"2022-02-07"},{"lineNumber":22,"author":{"gitId":"SeanHoWB"},"content":"mark 1","lastModifiedDate":"2022-02-07"},{"lineNumber":23,"author":{"gitId":"SeanHoWB"},"content":"mark 50","lastModifiedDate":"2022-02-07"},{"lineNumber":24,"author":{"gitId":"SeanHoWB"},"content":"mark -1","lastModifiedDate":"2022-02-07"},{"lineNumber":25,"author":{"gitId":"SeanHoWB"},"content":"mark 1001","lastModifiedDate":"2022-02-07"},{"lineNumber":26,"author":{"gitId":"SeanHoWB"},"content":"list","lastModifiedDate":"2022-02-07"},{"lineNumber":27,"author":{"gitId":"SeanHoWB"},"content":"unmark 1","lastModifiedDate":"2022-02-07"},{"lineNumber":28,"author":{"gitId":"SeanHoWB"},"content":"unmark 1","lastModifiedDate":"2022-02-07"},{"lineNumber":29,"author":{"gitId":"SeanHoWB"},"content":"unmark 50","lastModifiedDate":"2022-02-07"},{"lineNumber":30,"author":{"gitId":"SeanHoWB"},"content":"unmark -1","lastModifiedDate":"2022-02-07"},{"lineNumber":31,"author":{"gitId":"SeanHoWB"},"content":"unmark 1001","lastModifiedDate":"2022-02-07"},{"lineNumber":32,"author":{"gitId":"SeanHoWB"},"content":"event asd /at /at /at","lastModifiedDate":"2022-02-10"},{"lineNumber":33,"author":{"gitId":"SeanHoWB"},"content":"deadline asd /by /by /by","lastModifiedDate":"2022-02-10"},{"lineNumber":34,"author":{"gitId":"SeanHoWB"},"content":"bye","lastModifiedDate":"2022-01-30"}],"authorContributionMap":{"SeanHoWB":34}},{"path":"text-ui-test/runtest.bat","fileType":"bat","lines":[{"lineNumber":1,"author":{"gitId":"-"},"content":"@ECHO OFF","lastModifiedDate":"2020-05-25"},{"lineNumber":2,"author":{"gitId":"-"},"content":"","lastModifiedDate":"2020-05-25"},{"lineNumber":3,"author":{"gitId":"-"},"content":"REM create bin directory if it doesn\u0027t exist","lastModifiedDate":"2020-05-25"},{"lineNumber":4,"author":{"gitId":"-"},"content":"if not exist ..\\bin mkdir ..\\bin","lastModifiedDate":"2020-05-25"},{"lineNumber":5,"author":{"gitId":"-"},"content":"","lastModifiedDate":"2020-05-25"},{"lineNumber":6,"author":{"gitId":"-"},"content":"REM delete output from previous run","lastModifiedDate":"2020-05-25"},{"lineNumber":7,"author":{"gitId":"-"},"content":"if exist ACTUAL.TXT del ACTUAL.TXT","lastModifiedDate":"2020-08-25"},{"lineNumber":8,"author":{"gitId":"-"},"content":"","lastModifiedDate":"2020-05-25"},{"lineNumber":9,"author":{"gitId":"-"},"content":"REM compile the code into the bin folder","lastModifiedDate":"2020-05-25"},{"lineNumber":10,"author":{"gitId":"SeanHoWB"},"content":"javac -encoding UTF8 -cp ..\\src\\main\\java -Xlint:none -d  ..\\bin ..\\src\\main\\java\\shrek\\*.java","lastModifiedDate":"2022-02-07"},{"lineNumber":11,"author":{"gitId":"-"},"content":"IF ERRORLEVEL 1 (","lastModifiedDate":"2020-05-25"},{"lineNumber":12,"author":{"gitId":"-"},"content":"    echo ********** BUILD FAILURE **********","lastModifiedDate":"2020-05-25"},{"lineNumber":13,"author":{"gitId":"-"},"content":"    exit /b 1","lastModifiedDate":"2020-05-25"},{"lineNumber":14,"author":{"gitId":"-"},"content":")","lastModifiedDate":"2020-05-25"},{"lineNumber":15,"author":{"gitId":"-"},"content":"REM no error here, errorlevel \u003d\u003d 0","lastModifiedDate":"2020-05-25"},{"lineNumber":16,"author":{"gitId":"-"},"content":"","lastModifiedDate":"2020-05-25"},{"lineNumber":17,"author":{"gitId":"-"},"content":"REM run the program, feed commands from input.txt file and redirect the output to the ACTUAL.TXT","lastModifiedDate":"2020-05-25"},{"lineNumber":18,"author":{"gitId":"SeanHoWB"},"content":"java -classpath ..\\bin shrek.Shrek \u003c input.txt \u003e ACTUAL.txt","lastModifiedDate":"2022-02-06"},{"lineNumber":19,"author":{"gitId":"-"},"content":"","lastModifiedDate":"2020-05-25"},{"lineNumber":20,"author":{"gitId":"-"},"content":"REM compare the output to the expected output","lastModifiedDate":"2020-05-25"},{"lineNumber":21,"author":{"gitId":"-"},"content":"FC ACTUAL.TXT EXPECTED.TXT","lastModifiedDate":"2020-05-25"}],"authorContributionMap":{"SeanHoWB":2,"-":19}}]
