{"authorDailyContributionsMap":{"Anvitha-r":[{"date":"2022-03-19","commitResults":[{"hash":"63fd391aca904be5971388d7560db32b1dc2cc64","messageTitle":"Level-0","messageBody":"","tags":["Level-0"],"fileTypesAndContributionMap":{"java":{"insertions":12,"deletions":1}}}]},{"date":"2022-03-20","commitResults":[{"hash":"d8bd450050e646615d18f4da17802efced987299","messageTitle":"(Level-1) Greet, echo, exit","messageBody":"","tags":["Level-1"],"fileTypesAndContributionMap":{"java":{"insertions":28,"deletions":3}}}]},{"date":"2022-03-22","commitResults":[{"hash":"1d82eb92bdc2343c5ab2c9334f1c17796a6b2052","messageTitle":"(Level-2) Add,list","messageBody":"","tags":["Level-2"],"fileTypesAndContributionMap":{"java":{"insertions":45,"deletions":4}}},{"hash":"7dde91301e311dca5a2156d22b46be73b83f0692","messageTitle":"(Level-3) Mark as done","messageBody":"","tags":["Level-3"],"fileTypesAndContributionMap":{"java":{"insertions":123,"deletions":8}}},{"hash":"7163526d0e1dc61d2ceffd96e2361da91fa0112d","messageTitle":"(A-CodingStandard) Make changes to name and formatting","messageBody":"","tags":["A-CodingStandards"],"fileTypesAndContributionMap":{"java":{"insertions":5,"deletions":5}}},{"hash":"ad48827c8edf4db9739de9700e0898d5b3670955","messageTitle":"(Level-4) ToDos, Events, Deadlines","messageBody":"","fileTypesAndContributionMap":{"java":{"insertions":331,"deletions":55}}},{"hash":"307245adabe60ed759d6fc1b09c9d0fd27089361","messageTitle":"(A-TextUiTesting) Automated Text UI Testing","messageBody":"","fileTypesAndContributionMap":{"txt":{"insertions":5,"deletions":0},"bat":{"insertions":1,"deletions":1}}},{"hash":"77b5b44c87875e968c00b665736294710a69805e","messageTitle":"(A-CodeQuality) Improve code quality","messageBody":"","fileTypesAndContributionMap":{"java":{"insertions":5,"deletions":5}}},{"hash":"0b4d0ce3b659dfdda4d1bb550ede2e6f94f4d88b","messageTitle":"(Level-5) handle errors","messageBody":"","fileTypesAndContributionMap":{"java":{"insertions":264,"deletions":89}}},{"hash":"610b098483ab8a813e95ae67c3e82c473ecc4d08","messageTitle":"(A-Packages) package the various classes","messageBody":"","fileTypesAndContributionMap":{"java":{"insertions":63,"deletions":116},"md":{"insertions":2,"deletions":2}}},{"hash":"96c2dbc4a13ea5fccad8dd5efae7c59cbb88efec","messageTitle":"(Level-6) Delete","messageBody":"","fileTypesAndContributionMap":{"java":{"insertions":83,"deletions":15}}},{"hash":"34527366430c12e45a0476519509fbde0bc4237c","messageTitle":"(Level-7) Save","messageBody":"","fileTypesAndContributionMap":{"txt":{"insertions":7,"deletions":0},"java":{"insertions":234,"deletions":23}}},{"hash":"891176c572ad39bc68d2c27a245fd81702abf9bf","messageTitle":"Revert \"(Level-7) Save\"","messageBody":"This reverts commit 34527366430c12e45a0476519509fbde0bc4237c.\n","fileTypesAndContributionMap":{"txt":{"insertions":0,"deletions":7},"java":{"insertions":23,"deletions":234}}},{"hash":"d2eb342649136df7819aad88485de5a6a34754d6","messageTitle":"updated the readme","messageBody":"","tags":["duke"],"fileTypesAndContributionMap":{"md":{"insertions":236,"deletions":24}}}]}]},"authorFileTypeContributionMap":{"Anvitha-r":{"java":665,"md":230,"fxml":0,"sh":0,"bat":1,"gradle":0,"txt":5}},"authorContributionVariance":{"Anvitha-r":58808.97},"authorDisplayNameMap":{"Anvitha-r":"CS2113T-T09-3 ANVI..ARAM"}}
