[{"path":"src/main/java/Deadline.java","fileType":"java","lines":[{"lineNumber":1,"author":{"gitId":"lihao-InfoSec"},"content":"public class Deadline extends Task {","lastModifiedDate":"2022-02-03"},{"lineNumber":2,"author":{"gitId":"lihao-InfoSec"},"content":"","lastModifiedDate":"2022-02-03"},{"lineNumber":3,"author":{"gitId":"lihao-InfoSec"},"content":"    protected String by;","lastModifiedDate":"2022-02-03"},{"lineNumber":4,"author":{"gitId":"lihao-InfoSec"},"content":"","lastModifiedDate":"2022-02-03"},{"lineNumber":5,"author":{"gitId":"lihao-InfoSec"},"content":"    public Deadline(String description, String by) {","lastModifiedDate":"2022-02-03"},{"lineNumber":6,"author":{"gitId":"lihao-InfoSec"},"content":"        super(description);","lastModifiedDate":"2022-02-03"},{"lineNumber":7,"author":{"gitId":"lihao-InfoSec"},"content":"        this.by \u003d by;","lastModifiedDate":"2022-02-03"},{"lineNumber":8,"author":{"gitId":"lihao-InfoSec"},"content":"    }","lastModifiedDate":"2022-02-03"},{"lineNumber":9,"author":{"gitId":"lihao-InfoSec"},"content":"","lastModifiedDate":"2022-02-03"},{"lineNumber":10,"author":{"gitId":"lihao-InfoSec"},"content":"    @Override","lastModifiedDate":"2022-02-03"},{"lineNumber":11,"author":{"gitId":"lihao-InfoSec"},"content":"    public String toString() {","lastModifiedDate":"2022-02-03"},{"lineNumber":12,"author":{"gitId":"lihao-InfoSec"},"content":"        return \"   [D]\" + super.toString() + \"(by: \" + by + \")\";","lastModifiedDate":"2022-02-03"},{"lineNumber":13,"author":{"gitId":"lihao-InfoSec"},"content":"    }","lastModifiedDate":"2022-02-03"},{"lineNumber":14,"author":{"gitId":"lihao-InfoSec"},"content":"}","lastModifiedDate":"2022-02-03"}],"authorContributionMap":{"lihao-InfoSec":14}},{"path":"src/main/java/Duke.java","fileType":"java","lines":[{"lineNumber":1,"author":{"gitId":"lihao-InfoSec"},"content":"import java.util.Scanner;","lastModifiedDate":"2022-01-27"},{"lineNumber":2,"author":{"gitId":"lihao-InfoSec"},"content":"import java.util.Arrays;","lastModifiedDate":"2022-01-28"},{"lineNumber":3,"author":{"gitId":"lihao-InfoSec"},"content":"","lastModifiedDate":"2022-01-27"},{"lineNumber":4,"author":{"gitId":"-"},"content":"public class Duke {","lastModifiedDate":"2019-07-29"},{"lineNumber":5,"author":{"gitId":"lihao-InfoSec"},"content":"","lastModifiedDate":"2022-01-27"},{"lineNumber":6,"author":{"gitId":"lihao-InfoSec"},"content":"    private static final String HORIZONTAL_LINE \u003d \"____________________________________________________________\";","lastModifiedDate":"2022-01-27"},{"lineNumber":7,"author":{"gitId":"lihao-InfoSec"},"content":"    private static final String EXIT_COMMAND \u003d \"bye\";","lastModifiedDate":"2022-01-27"},{"lineNumber":8,"author":{"gitId":"lihao-InfoSec"},"content":"    private static final String LIST_COMMAND \u003d \"list\";","lastModifiedDate":"2022-01-28"},{"lineNumber":9,"author":{"gitId":"lihao-InfoSec"},"content":"    private static final String MARK_COMMAND \u003d \"mark\";","lastModifiedDate":"2022-01-28"},{"lineNumber":10,"author":{"gitId":"lihao-InfoSec"},"content":"    private static final String UNMARK_COMMAND \u003d \"unmark\";","lastModifiedDate":"2022-01-28"},{"lineNumber":11,"author":{"gitId":"lihao-InfoSec"},"content":"","lastModifiedDate":"2022-01-27"},{"lineNumber":12,"author":{"gitId":"-"},"content":"    public static void main(String[] args) {","lastModifiedDate":"2019-07-29"},{"lineNumber":13,"author":{"gitId":"-"},"content":"        String logo \u003d \" ____        _        \\n\"","lastModifiedDate":"2019-07-29"},{"lineNumber":14,"author":{"gitId":"-"},"content":"                + \"|  _ \\\\ _   _| | _____ \\n\"","lastModifiedDate":"2019-07-29"},{"lineNumber":15,"author":{"gitId":"-"},"content":"                + \"| | | | | | | |/ / _ \\\\\\n\"","lastModifiedDate":"2019-07-29"},{"lineNumber":16,"author":{"gitId":"-"},"content":"                + \"| |_| | |_| |   \u003c  __/\\n\"","lastModifiedDate":"2019-07-29"},{"lineNumber":17,"author":{"gitId":"-"},"content":"                + \"|____/ \\\\__,_|_|\\\\_\\\\___|\\n\";","lastModifiedDate":"2019-07-29"},{"lineNumber":18,"author":{"gitId":"lihao-InfoSec"},"content":"","lastModifiedDate":"2022-01-26"},{"lineNumber":19,"author":{"gitId":"-"},"content":"        System.out.println(\"Hello from\\n\" + logo);","lastModifiedDate":"2022-01-27"},{"lineNumber":20,"author":{"gitId":"lihao-InfoSec"},"content":"        System.out.println(HORIZONTAL_LINE);","lastModifiedDate":"2022-01-27"},{"lineNumber":21,"author":{"gitId":"lihao-InfoSec"},"content":"        System.out.println(\" Hello! I\u0027m Duke\");","lastModifiedDate":"2022-01-26"},{"lineNumber":22,"author":{"gitId":"lihao-InfoSec"},"content":"        System.out.println(\" What can I do for you?\");","lastModifiedDate":"2022-01-26"},{"lineNumber":23,"author":{"gitId":"lihao-InfoSec"},"content":"        System.out.println(HORIZONTAL_LINE);","lastModifiedDate":"2022-01-27"},{"lineNumber":24,"author":{"gitId":"lihao-InfoSec"},"content":"","lastModifiedDate":"2022-01-27"},{"lineNumber":25,"author":{"gitId":"lihao-InfoSec"},"content":"        Scanner in \u003d new Scanner(System.in);","lastModifiedDate":"2022-01-27"},{"lineNumber":26,"author":{"gitId":"lihao-InfoSec"},"content":"        String userInput;","lastModifiedDate":"2022-01-27"},{"lineNumber":27,"author":{"gitId":"lihao-InfoSec"},"content":"        TaskManager t \u003d new TaskManager();","lastModifiedDate":"2022-01-28"},{"lineNumber":28,"author":{"gitId":"lihao-InfoSec"},"content":"","lastModifiedDate":"2022-01-28"},{"lineNumber":29,"author":{"gitId":"lihao-InfoSec"},"content":"        String firstWord \u003d \"\";","lastModifiedDate":"2022-01-28"},{"lineNumber":30,"author":{"gitId":"lihao-InfoSec"},"content":"        String index;","lastModifiedDate":"2022-01-28"},{"lineNumber":31,"author":{"gitId":"lihao-InfoSec"},"content":"","lastModifiedDate":"2022-01-27"},{"lineNumber":32,"author":{"gitId":"lihao-InfoSec"},"content":"        do {","lastModifiedDate":"2022-01-27"},{"lineNumber":33,"author":{"gitId":"lihao-InfoSec"},"content":"            userInput \u003d in.nextLine();","lastModifiedDate":"2022-01-27"},{"lineNumber":34,"author":{"gitId":"lihao-InfoSec"},"content":"            if (userInput.contains(\" \")) {","lastModifiedDate":"2022-01-28"},{"lineNumber":35,"author":{"gitId":"lihao-InfoSec"},"content":"                firstWord \u003d userInput.substring(0, userInput.indexOf(\" \"));","lastModifiedDate":"2022-01-28"},{"lineNumber":36,"author":{"gitId":"lihao-InfoSec"},"content":"            }","lastModifiedDate":"2022-01-28"},{"lineNumber":37,"author":{"gitId":"lihao-InfoSec"},"content":"","lastModifiedDate":"2022-01-28"},{"lineNumber":38,"author":{"gitId":"lihao-InfoSec"},"content":"            if (userInput.equalsIgnoreCase(LIST_COMMAND)) {","lastModifiedDate":"2022-01-28"},{"lineNumber":39,"author":{"gitId":"lihao-InfoSec"},"content":"                System.out.println(HORIZONTAL_LINE);","lastModifiedDate":"2022-01-28"},{"lineNumber":40,"author":{"gitId":"lihao-InfoSec"},"content":"                t.listTasks();","lastModifiedDate":"2022-01-28"},{"lineNumber":41,"author":{"gitId":"lihao-InfoSec"},"content":"                System.out.println(HORIZONTAL_LINE);","lastModifiedDate":"2022-01-27"},{"lineNumber":42,"author":{"gitId":"lihao-InfoSec"},"content":"            }","lastModifiedDate":"2022-01-28"},{"lineNumber":43,"author":{"gitId":"lihao-InfoSec"},"content":"            else if (firstWord.equalsIgnoreCase(MARK_COMMAND)) {","lastModifiedDate":"2022-01-28"},{"lineNumber":44,"author":{"gitId":"lihao-InfoSec"},"content":"                index \u003d userInput.substring(userInput.indexOf(\" \") + 1);","lastModifiedDate":"2022-01-28"},{"lineNumber":45,"author":{"gitId":"lihao-InfoSec"},"content":"                t.markAsDone(Integer.parseInt(index) - 1);","lastModifiedDate":"2022-01-28"},{"lineNumber":46,"author":{"gitId":"lihao-InfoSec"},"content":"                System.out.println(HORIZONTAL_LINE);","lastModifiedDate":"2022-01-28"},{"lineNumber":47,"author":{"gitId":"lihao-InfoSec"},"content":"            }","lastModifiedDate":"2022-01-28"},{"lineNumber":48,"author":{"gitId":"lihao-InfoSec"},"content":"            else if (firstWord.equalsIgnoreCase(UNMARK_COMMAND)) {","lastModifiedDate":"2022-01-28"},{"lineNumber":49,"author":{"gitId":"lihao-InfoSec"},"content":"                index \u003d userInput.substring(userInput.indexOf(\" \") + 1);","lastModifiedDate":"2022-01-28"},{"lineNumber":50,"author":{"gitId":"lihao-InfoSec"},"content":"                t.unmarkAsNotDone(Integer.parseInt(index) - 1);","lastModifiedDate":"2022-01-28"},{"lineNumber":51,"author":{"gitId":"lihao-InfoSec"},"content":"                System.out.println(HORIZONTAL_LINE);","lastModifiedDate":"2022-01-28"},{"lineNumber":52,"author":{"gitId":"lihao-InfoSec"},"content":"            }","lastModifiedDate":"2022-01-28"},{"lineNumber":53,"author":{"gitId":"lihao-InfoSec"},"content":"            else if (userInput.equalsIgnoreCase(EXIT_COMMAND) \u003d\u003d false) {","lastModifiedDate":"2022-01-28"},{"lineNumber":54,"author":{"gitId":"lihao-InfoSec"},"content":"                System.out.println(HORIZONTAL_LINE);","lastModifiedDate":"2022-01-27"},{"lineNumber":55,"author":{"gitId":"lihao-InfoSec"},"content":"                t.addTask(firstWord, userInput);","lastModifiedDate":"2022-02-03"},{"lineNumber":56,"author":{"gitId":"lihao-InfoSec"},"content":"                System.out.println(HORIZONTAL_LINE);","lastModifiedDate":"2022-01-28"},{"lineNumber":57,"author":{"gitId":"lihao-InfoSec"},"content":"            }","lastModifiedDate":"2022-01-28"},{"lineNumber":58,"author":{"gitId":"lihao-InfoSec"},"content":"        } while (!userInput.equalsIgnoreCase(EXIT_COMMAND));","lastModifiedDate":"2022-01-27"},{"lineNumber":59,"author":{"gitId":"lihao-InfoSec"},"content":"","lastModifiedDate":"2022-01-27"},{"lineNumber":60,"author":{"gitId":"lihao-InfoSec"},"content":"        System.out.println(HORIZONTAL_LINE);","lastModifiedDate":"2022-01-28"},{"lineNumber":61,"author":{"gitId":"lihao-InfoSec"},"content":"        System.out.println(\" Bye. Hope to see you again soon!\");","lastModifiedDate":"2022-01-26"},{"lineNumber":62,"author":{"gitId":"lihao-InfoSec"},"content":"        System.out.println(HORIZONTAL_LINE);","lastModifiedDate":"2022-01-27"},{"lineNumber":63,"author":{"gitId":"-"},"content":"    }","lastModifiedDate":"2019-07-29"},{"lineNumber":64,"author":{"gitId":"-"},"content":"}","lastModifiedDate":"2019-07-29"}],"authorContributionMap":{"lihao-InfoSec":54,"-":10}},{"path":"src/main/java/Event.java","fileType":"java","lines":[{"lineNumber":1,"author":{"gitId":"lihao-InfoSec"},"content":"public class Event extends Task {","lastModifiedDate":"2022-02-03"},{"lineNumber":2,"author":{"gitId":"lihao-InfoSec"},"content":"    protected String at;","lastModifiedDate":"2022-02-03"},{"lineNumber":3,"author":{"gitId":"lihao-InfoSec"},"content":"","lastModifiedDate":"2022-02-03"},{"lineNumber":4,"author":{"gitId":"lihao-InfoSec"},"content":"    public Event(String description, String at) {","lastModifiedDate":"2022-02-03"},{"lineNumber":5,"author":{"gitId":"lihao-InfoSec"},"content":"        super(description);","lastModifiedDate":"2022-02-03"},{"lineNumber":6,"author":{"gitId":"lihao-InfoSec"},"content":"        this.at \u003d at;","lastModifiedDate":"2022-02-03"},{"lineNumber":7,"author":{"gitId":"lihao-InfoSec"},"content":"    }","lastModifiedDate":"2022-02-03"},{"lineNumber":8,"author":{"gitId":"lihao-InfoSec"},"content":"","lastModifiedDate":"2022-02-03"},{"lineNumber":9,"author":{"gitId":"lihao-InfoSec"},"content":"    @Override","lastModifiedDate":"2022-02-03"},{"lineNumber":10,"author":{"gitId":"lihao-InfoSec"},"content":"    public String toString() {","lastModifiedDate":"2022-02-03"},{"lineNumber":11,"author":{"gitId":"lihao-InfoSec"},"content":"        return \"   [E]\" + super.toString() + \"(at: \" + at + \")\";","lastModifiedDate":"2022-02-03"},{"lineNumber":12,"author":{"gitId":"lihao-InfoSec"},"content":"    }","lastModifiedDate":"2022-02-03"},{"lineNumber":13,"author":{"gitId":"lihao-InfoSec"},"content":"}","lastModifiedDate":"2022-02-03"}],"authorContributionMap":{"lihao-InfoSec":13}},{"path":"src/main/java/Task.java","fileType":"java","lines":[{"lineNumber":1,"author":{"gitId":"lihao-InfoSec"},"content":"public class Task {","lastModifiedDate":"2022-01-28"},{"lineNumber":2,"author":{"gitId":"lihao-InfoSec"},"content":"","lastModifiedDate":"2022-02-03"},{"lineNumber":3,"author":{"gitId":"lihao-InfoSec"},"content":"    private String description;","lastModifiedDate":"2022-01-28"},{"lineNumber":4,"author":{"gitId":"lihao-InfoSec"},"content":"    private boolean isDone;","lastModifiedDate":"2022-01-28"},{"lineNumber":5,"author":{"gitId":"lihao-InfoSec"},"content":"","lastModifiedDate":"2022-01-28"},{"lineNumber":6,"author":{"gitId":"lihao-InfoSec"},"content":"    public Task(String description) {","lastModifiedDate":"2022-01-28"},{"lineNumber":7,"author":{"gitId":"lihao-InfoSec"},"content":"        this.description \u003d description;","lastModifiedDate":"2022-01-28"},{"lineNumber":8,"author":{"gitId":"lihao-InfoSec"},"content":"        this.isDone \u003d false;","lastModifiedDate":"2022-01-28"},{"lineNumber":9,"author":{"gitId":"lihao-InfoSec"},"content":"    }","lastModifiedDate":"2022-01-28"},{"lineNumber":10,"author":{"gitId":"lihao-InfoSec"},"content":"","lastModifiedDate":"2022-01-28"},{"lineNumber":11,"author":{"gitId":"lihao-InfoSec"},"content":"    public String getStatusIcon() {","lastModifiedDate":"2022-01-28"},{"lineNumber":12,"author":{"gitId":"lihao-InfoSec"},"content":"        return (isDone ? \"X\" : \" \"); // mark done task with X","lastModifiedDate":"2022-01-28"},{"lineNumber":13,"author":{"gitId":"lihao-InfoSec"},"content":"    }","lastModifiedDate":"2022-01-28"},{"lineNumber":14,"author":{"gitId":"lihao-InfoSec"},"content":"","lastModifiedDate":"2022-01-28"},{"lineNumber":15,"author":{"gitId":"lihao-InfoSec"},"content":"    public String getDescription() {","lastModifiedDate":"2022-01-28"},{"lineNumber":16,"author":{"gitId":"lihao-InfoSec"},"content":"        return description;","lastModifiedDate":"2022-01-28"},{"lineNumber":17,"author":{"gitId":"lihao-InfoSec"},"content":"    }","lastModifiedDate":"2022-01-28"},{"lineNumber":18,"author":{"gitId":"lihao-InfoSec"},"content":"","lastModifiedDate":"2022-01-28"},{"lineNumber":19,"author":{"gitId":"lihao-InfoSec"},"content":"    public boolean getStatus() {","lastModifiedDate":"2022-01-28"},{"lineNumber":20,"author":{"gitId":"lihao-InfoSec"},"content":"        return isDone;","lastModifiedDate":"2022-01-28"},{"lineNumber":21,"author":{"gitId":"lihao-InfoSec"},"content":"    }","lastModifiedDate":"2022-01-28"},{"lineNumber":22,"author":{"gitId":"lihao-InfoSec"},"content":"","lastModifiedDate":"2022-01-28"},{"lineNumber":23,"author":{"gitId":"lihao-InfoSec"},"content":"    public void markAsDone() {","lastModifiedDate":"2022-01-28"},{"lineNumber":24,"author":{"gitId":"lihao-InfoSec"},"content":"        isDone \u003d true;","lastModifiedDate":"2022-01-28"},{"lineNumber":25,"author":{"gitId":"lihao-InfoSec"},"content":"    }","lastModifiedDate":"2022-01-28"},{"lineNumber":26,"author":{"gitId":"lihao-InfoSec"},"content":"    public void unmarkAsNotDone() {","lastModifiedDate":"2022-01-28"},{"lineNumber":27,"author":{"gitId":"lihao-InfoSec"},"content":"        isDone \u003d false;","lastModifiedDate":"2022-01-28"},{"lineNumber":28,"author":{"gitId":"lihao-InfoSec"},"content":"    }","lastModifiedDate":"2022-01-28"},{"lineNumber":29,"author":{"gitId":"lihao-InfoSec"},"content":"","lastModifiedDate":"2022-02-03"},{"lineNumber":30,"author":{"gitId":"lihao-InfoSec"},"content":"    @Override","lastModifiedDate":"2022-02-03"},{"lineNumber":31,"author":{"gitId":"lihao-InfoSec"},"content":"    public String toString() {","lastModifiedDate":"2022-02-03"},{"lineNumber":32,"author":{"gitId":"lihao-InfoSec"},"content":"        return \"[\" + getStatusIcon() + \"] \" + description;","lastModifiedDate":"2022-02-03"},{"lineNumber":33,"author":{"gitId":"lihao-InfoSec"},"content":"    }","lastModifiedDate":"2022-02-03"},{"lineNumber":34,"author":{"gitId":"lihao-InfoSec"},"content":"}","lastModifiedDate":"2022-01-28"}],"authorContributionMap":{"lihao-InfoSec":34}},{"path":"src/main/java/TaskManager.java","fileType":"java","lines":[{"lineNumber":1,"author":{"gitId":"lihao-InfoSec"},"content":"public class TaskManager {","lastModifiedDate":"2022-01-28"},{"lineNumber":2,"author":{"gitId":"lihao-InfoSec"},"content":"    private static final String TODO_COMMAND \u003d \"todo\";","lastModifiedDate":"2022-02-03"},{"lineNumber":3,"author":{"gitId":"lihao-InfoSec"},"content":"    private static final String DEADLINE_COMMAND \u003d \"deadline\";","lastModifiedDate":"2022-02-03"},{"lineNumber":4,"author":{"gitId":"lihao-InfoSec"},"content":"    private static final String EVENT_COMMAND \u003d \"event\";","lastModifiedDate":"2022-02-03"},{"lineNumber":5,"author":{"gitId":"lihao-InfoSec"},"content":"","lastModifiedDate":"2022-02-03"},{"lineNumber":6,"author":{"gitId":"lihao-InfoSec"},"content":"    private Task[] tasks \u003d new Task[100];","lastModifiedDate":"2022-01-28"},{"lineNumber":7,"author":{"gitId":"lihao-InfoSec"},"content":"    private int tasksCount \u003d 0;","lastModifiedDate":"2022-01-28"},{"lineNumber":8,"author":{"gitId":"lihao-InfoSec"},"content":"","lastModifiedDate":"2022-01-28"},{"lineNumber":9,"author":{"gitId":"lihao-InfoSec"},"content":"    public void addTask(String typeOfTask, String userInput) {","lastModifiedDate":"2022-02-03"},{"lineNumber":10,"author":{"gitId":"lihao-InfoSec"},"content":"","lastModifiedDate":"2022-02-09"},{"lineNumber":11,"author":{"gitId":"lihao-InfoSec"},"content":"        try {","lastModifiedDate":"2022-02-09"},{"lineNumber":12,"author":{"gitId":"lihao-InfoSec"},"content":"            String[] inputs \u003d userInput.split(\" \");","lastModifiedDate":"2022-02-09"},{"lineNumber":13,"author":{"gitId":"lihao-InfoSec"},"content":"            String task \u003d inputs[1];","lastModifiedDate":"2022-02-09"},{"lineNumber":14,"author":{"gitId":"lihao-InfoSec"},"content":"","lastModifiedDate":"2022-02-09"},{"lineNumber":15,"author":{"gitId":"lihao-InfoSec"},"content":"            if (typeOfTask.equalsIgnoreCase(TODO_COMMAND)) {","lastModifiedDate":"2022-02-03"},{"lineNumber":16,"author":{"gitId":"lihao-InfoSec"},"content":"                tasks[tasksCount] \u003d new ToDo(userInput.substring(userInput.indexOf(\" \") + 1));","lastModifiedDate":"2022-02-03"},{"lineNumber":17,"author":{"gitId":"lihao-InfoSec"},"content":"                System.out.println(\" Got it. I\u0027ve added this task: \");","lastModifiedDate":"2022-02-09"},{"lineNumber":18,"author":{"gitId":"lihao-InfoSec"},"content":"                System.out.println(tasks[tasksCount]);","lastModifiedDate":"2022-02-09"},{"lineNumber":19,"author":{"gitId":"lihao-InfoSec"},"content":"                tasksCount++;","lastModifiedDate":"2022-02-09"},{"lineNumber":20,"author":{"gitId":"lihao-InfoSec"},"content":"                System.out.println(\" Now you have \" + tasksCount + \" tasks in the list\");","lastModifiedDate":"2022-02-09"},{"lineNumber":21,"author":{"gitId":"lihao-InfoSec"},"content":"            }","lastModifiedDate":"2022-02-03"},{"lineNumber":22,"author":{"gitId":"lihao-InfoSec"},"content":"            else if (typeOfTask.equalsIgnoreCase(DEADLINE_COMMAND)) {","lastModifiedDate":"2022-02-03"},{"lineNumber":23,"author":{"gitId":"lihao-InfoSec"},"content":"                tasks[tasksCount] \u003d new Deadline(userInput.substring(userInput.indexOf(\" \") + 1, userInput.indexOf(\"/by\")), userInput.substring(userInput.indexOf(\"/by\") + 4));","lastModifiedDate":"2022-02-03"},{"lineNumber":24,"author":{"gitId":"lihao-InfoSec"},"content":"                System.out.println(\" Got it. I\u0027ve added this task: \");","lastModifiedDate":"2022-02-09"},{"lineNumber":25,"author":{"gitId":"lihao-InfoSec"},"content":"                System.out.println(tasks[tasksCount]);","lastModifiedDate":"2022-02-09"},{"lineNumber":26,"author":{"gitId":"lihao-InfoSec"},"content":"                tasksCount++;","lastModifiedDate":"2022-02-09"},{"lineNumber":27,"author":{"gitId":"lihao-InfoSec"},"content":"                System.out.println(\" Now you have \" + tasksCount + \" tasks in the list\");","lastModifiedDate":"2022-02-09"},{"lineNumber":28,"author":{"gitId":"lihao-InfoSec"},"content":"            }","lastModifiedDate":"2022-02-03"},{"lineNumber":29,"author":{"gitId":"lihao-InfoSec"},"content":"            else if (typeOfTask.equalsIgnoreCase(EVENT_COMMAND)) {","lastModifiedDate":"2022-02-03"},{"lineNumber":30,"author":{"gitId":"lihao-InfoSec"},"content":"                tasks[tasksCount] \u003d new Event(userInput.substring(userInput.indexOf(\" \") + 1, userInput.indexOf(\"/at\")), userInput.substring(userInput.indexOf(\"/at\") + 4));","lastModifiedDate":"2022-02-03"},{"lineNumber":31,"author":{"gitId":"lihao-InfoSec"},"content":"                System.out.println(\" Got it. I\u0027ve added this task: \");","lastModifiedDate":"2022-02-09"},{"lineNumber":32,"author":{"gitId":"lihao-InfoSec"},"content":"                System.out.println(tasks[tasksCount]);","lastModifiedDate":"2022-02-03"},{"lineNumber":33,"author":{"gitId":"lihao-InfoSec"},"content":"                tasksCount++;","lastModifiedDate":"2022-01-28"},{"lineNumber":34,"author":{"gitId":"lihao-InfoSec"},"content":"                System.out.println(\" Now you have \" + tasksCount + \" tasks in the list\");","lastModifiedDate":"2022-02-03"},{"lineNumber":35,"author":{"gitId":"lihao-InfoSec"},"content":"            }","lastModifiedDate":"2022-01-28"},{"lineNumber":36,"author":{"gitId":"lihao-InfoSec"},"content":"            else {","lastModifiedDate":"2022-02-09"},{"lineNumber":37,"author":{"gitId":"lihao-InfoSec"},"content":"                System.out.println(\" ☹ OOPS!!! I\u0027m sorry, but I don\u0027t know what that means :-(\");","lastModifiedDate":"2022-02-09"},{"lineNumber":38,"author":{"gitId":"lihao-InfoSec"},"content":"            }","lastModifiedDate":"2022-02-09"},{"lineNumber":39,"author":{"gitId":"lihao-InfoSec"},"content":"","lastModifiedDate":"2022-02-09"},{"lineNumber":40,"author":{"gitId":"lihao-InfoSec"},"content":"        } catch (IndexOutOfBoundsException e) {","lastModifiedDate":"2022-02-09"},{"lineNumber":41,"author":{"gitId":"lihao-InfoSec"},"content":"            System.out.println(\" ☹ OOPS!!! The description of a task cannot be empty.\");","lastModifiedDate":"2022-02-09"},{"lineNumber":42,"author":{"gitId":"lihao-InfoSec"},"content":"        }","lastModifiedDate":"2022-02-09"},{"lineNumber":43,"author":{"gitId":"lihao-InfoSec"},"content":"","lastModifiedDate":"2022-02-09"},{"lineNumber":44,"author":{"gitId":"lihao-InfoSec"},"content":"    }","lastModifiedDate":"2022-02-09"},{"lineNumber":45,"author":{"gitId":"lihao-InfoSec"},"content":"","lastModifiedDate":"2022-01-28"},{"lineNumber":46,"author":{"gitId":"lihao-InfoSec"},"content":"    public void markAsDone(int taskIndex) {","lastModifiedDate":"2022-01-28"},{"lineNumber":47,"author":{"gitId":"lihao-InfoSec"},"content":"        if (tasks[taskIndex].getStatus() \u003d\u003d false) {","lastModifiedDate":"2022-01-28"},{"lineNumber":48,"author":{"gitId":"lihao-InfoSec"},"content":"            tasks[taskIndex].markAsDone();","lastModifiedDate":"2022-01-28"},{"lineNumber":49,"author":{"gitId":"lihao-InfoSec"},"content":"            System.out.println(\" Nice! I\u0027ve marked this task as done:\");","lastModifiedDate":"2022-01-28"},{"lineNumber":50,"author":{"gitId":"lihao-InfoSec"},"content":"            System.out.println(\"    [\" + tasks[taskIndex].getStatusIcon() + \"] \" + tasks[taskIndex].getDescription());","lastModifiedDate":"2022-01-28"},{"lineNumber":51,"author":{"gitId":"lihao-InfoSec"},"content":"        }","lastModifiedDate":"2022-01-28"},{"lineNumber":52,"author":{"gitId":"lihao-InfoSec"},"content":"    }","lastModifiedDate":"2022-01-28"},{"lineNumber":53,"author":{"gitId":"lihao-InfoSec"},"content":"","lastModifiedDate":"2022-01-28"},{"lineNumber":54,"author":{"gitId":"lihao-InfoSec"},"content":"    public void unmarkAsNotDone(int taskIndex) {","lastModifiedDate":"2022-01-28"},{"lineNumber":55,"author":{"gitId":"lihao-InfoSec"},"content":"        if (tasks[taskIndex].getStatus() \u003d\u003d true) {","lastModifiedDate":"2022-01-28"},{"lineNumber":56,"author":{"gitId":"lihao-InfoSec"},"content":"            tasks[taskIndex].unmarkAsNotDone();","lastModifiedDate":"2022-01-28"},{"lineNumber":57,"author":{"gitId":"lihao-InfoSec"},"content":"            System.out.println(\" OK, I\u0027ve marked this task as not done yet:\");","lastModifiedDate":"2022-01-28"},{"lineNumber":58,"author":{"gitId":"lihao-InfoSec"},"content":"            System.out.println(\"    [\" + tasks[taskIndex].getStatusIcon() + \"] \" + tasks[taskIndex].getDescription());","lastModifiedDate":"2022-01-28"},{"lineNumber":59,"author":{"gitId":"lihao-InfoSec"},"content":"        }","lastModifiedDate":"2022-01-28"},{"lineNumber":60,"author":{"gitId":"lihao-InfoSec"},"content":"    }","lastModifiedDate":"2022-01-28"},{"lineNumber":61,"author":{"gitId":"lihao-InfoSec"},"content":"","lastModifiedDate":"2022-01-28"},{"lineNumber":62,"author":{"gitId":"lihao-InfoSec"},"content":"    public void listTasks() {","lastModifiedDate":"2022-01-28"},{"lineNumber":63,"author":{"gitId":"lihao-InfoSec"},"content":"        System.out.println(\" Here are the tasks in your list:\");","lastModifiedDate":"2022-01-28"},{"lineNumber":64,"author":{"gitId":"lihao-InfoSec"},"content":"        for (int i \u003d 0; i \u003c tasksCount; i++) {","lastModifiedDate":"2022-01-28"},{"lineNumber":65,"author":{"gitId":"lihao-InfoSec"},"content":"            System.out.println(\" \" + (i + 1) + \".\"+ tasks[i]);","lastModifiedDate":"2022-02-03"},{"lineNumber":66,"author":{"gitId":"lihao-InfoSec"},"content":"        }","lastModifiedDate":"2022-01-28"},{"lineNumber":67,"author":{"gitId":"lihao-InfoSec"},"content":"    }","lastModifiedDate":"2022-01-28"},{"lineNumber":68,"author":{"gitId":"lihao-InfoSec"},"content":"}","lastModifiedDate":"2022-01-28"}],"authorContributionMap":{"lihao-InfoSec":68}},{"path":"src/main/java/ToDo.java","fileType":"java","lines":[{"lineNumber":1,"author":{"gitId":"lihao-InfoSec"},"content":"public class ToDo extends Task {","lastModifiedDate":"2022-02-03"},{"lineNumber":2,"author":{"gitId":"lihao-InfoSec"},"content":"","lastModifiedDate":"2022-02-03"},{"lineNumber":3,"author":{"gitId":"lihao-InfoSec"},"content":"    public ToDo(String description) {","lastModifiedDate":"2022-02-03"},{"lineNumber":4,"author":{"gitId":"lihao-InfoSec"},"content":"        super(description);","lastModifiedDate":"2022-02-03"},{"lineNumber":5,"author":{"gitId":"lihao-InfoSec"},"content":"    }","lastModifiedDate":"2022-02-03"},{"lineNumber":6,"author":{"gitId":"lihao-InfoSec"},"content":"","lastModifiedDate":"2022-02-03"},{"lineNumber":7,"author":{"gitId":"lihao-InfoSec"},"content":"    @Override","lastModifiedDate":"2022-02-03"},{"lineNumber":8,"author":{"gitId":"lihao-InfoSec"},"content":"    public String toString() {","lastModifiedDate":"2022-02-03"},{"lineNumber":9,"author":{"gitId":"lihao-InfoSec"},"content":"        return \"   [T]\" + super.toString();","lastModifiedDate":"2022-02-03"},{"lineNumber":10,"author":{"gitId":"lihao-InfoSec"},"content":"    }","lastModifiedDate":"2022-02-03"},{"lineNumber":11,"author":{"gitId":"lihao-InfoSec"},"content":"}","lastModifiedDate":"2022-02-03"}],"authorContributionMap":{"lihao-InfoSec":11}}]
