{"authorDailyContributionsMap":{"lihao-InfoSec":[{"date":"2022-01-26","commitResults":[{"hash":"1f71adb558aa5575f20cb9df8d2f9ff75b5d315b","messageTitle":"Add Increment: Level - 0","messageBody":"","tags":["Level-0"],"fileTypesAndContributionMap":{"java":{"insertions":8,"deletions":0}}}]},{"date":"2022-01-27","commitResults":[{"hash":"c4acff8530ce5a0af4cc97dbc324a7de75e50d27","messageTitle":"Add Increment: Level-1. Greet, Echo, Exit","messageBody":"","tags":["Level-1"],"fileTypesAndContributionMap":{"java":{"insertions":21,"deletions":5}}}]},{"date":"2022-01-28","commitResults":[{"hash":"9e0198d1237226da6d6dcd45666cffdab4ae34b3","messageTitle":"Add Increment: Level-2. Add, List","messageBody":"","tags":["Level-2"],"fileTypesAndContributionMap":{"java":{"insertions":21,"deletions":3}}},{"hash":"2d9c3590e9f312a9024473b8b9aa5b7224bdfd40","messageTitle":"Add Increment: Level-3. Mark as Done","messageBody":"","tags":["Level-3"],"fileTypesAndContributionMap":{"java":{"insertions":26,"deletions":1}}},{"hash":"62f7c5fbd6bcf0ad271ac4c664c0474ca582841c","messageTitle":"Add task class","messageBody":"","fileTypesAndContributionMap":{"java":{"insertions":28,"deletions":0}}},{"hash":"55f892ae55f6c1b7165380ac067b0002bbf14169","messageTitle":"Add task manager class","messageBody":"","fileTypesAndContributionMap":{"java":{"insertions":33,"deletions":0}}},{"hash":"73b9bf0b851ff0ed214a90e9b4d93154f1214fb9","messageTitle":"Update Duke to use task manager","messageBody":"","fileTypesAndContributionMap":{"java":{"insertions":6,"deletions":19}}}]},{"date":"2022-02-03","commitResults":[{"hash":"af59d07303881392fac7f4595d46fdbeb8b5d2ae","messageTitle":"Add Increment: Level-4. ToDos, Events, Deadlines","messageBody":"","tags":["Level-4"],"fileTypesAndContributionMap":{"java":{"insertions":25,"deletions":5}}},{"hash":"921a212591c942747e92f086d60f304314f6415e","messageTitle":"Add deadline class","messageBody":"","fileTypesAndContributionMap":{"java":{"insertions":14,"deletions":0}}},{"hash":"037c1512ae9bff83fdae82d71d13d055c04817ae","messageTitle":"Add event class","messageBody":"","fileTypesAndContributionMap":{"java":{"insertions":13,"deletions":0}}},{"hash":"5f36c84d1c19ac58f95d5ea460746991c2645281","messageTitle":"add todo class","messageBody":"","fileTypesAndContributionMap":{"java":{"insertions":11,"deletions":0}}}]},{"date":"2022-02-09","commitResults":[{"hash":"30c1415c51a90ff37eb3d6a7d9b9a29d27d01b66","messageTitle":"Add Increment: Level-5. Handle Errors","messageBody":"","tags":["Level-5"],"fileTypesAndContributionMap":{"java":{"insertions":33,"deletions":12}}}]}]},"authorFileTypeContributionMap":{"lihao-InfoSec":{"java":194,"md":0,"fxml":0,"sh":0,"bat":0,"gradle":0,"txt":0}},"authorContributionVariance":{"lihao-InfoSec":858.1754},"authorDisplayNameMap":{"lihao-InfoSec":"T11-3 LI H.. HAO"}}
