{"authorDailyContributionsMap":{"lihao-InfoSec":[{"date":"2022-01-26","commitResults":[{"hash":"1f71adb558aa5575f20cb9df8d2f9ff75b5d315b","messageTitle":"Add Increment: Level - 0","messageBody":"","tags":["Level-0"],"fileTypesAndContributionMap":{"java":{"insertions":8,"deletions":0}}}]},{"date":"2022-01-27","commitResults":[{"hash":"c4acff8530ce5a0af4cc97dbc324a7de75e50d27","messageTitle":"Add Increment: Level-1. Greet, Echo, Exit","messageBody":"","tags":["Level-1"],"fileTypesAndContributionMap":{"java":{"insertions":21,"deletions":5}}}]},{"date":"2022-01-28","commitResults":[{"hash":"9e0198d1237226da6d6dcd45666cffdab4ae34b3","messageTitle":"Add Increment: Level-2. Add, List","messageBody":"","tags":["Level-2"],"fileTypesAndContributionMap":{"java":{"insertions":21,"deletions":3}}},{"hash":"2d9c3590e9f312a9024473b8b9aa5b7224bdfd40","messageTitle":"Add Increment: Level-3. Mark as Done","messageBody":"","tags":["Level-3"],"fileTypesAndContributionMap":{"java":{"insertions":26,"deletions":1}}},{"hash":"62f7c5fbd6bcf0ad271ac4c664c0474ca582841c","messageTitle":"Add task class","messageBody":"","fileTypesAndContributionMap":{"java":{"insertions":28,"deletions":0}}},{"hash":"55f892ae55f6c1b7165380ac067b0002bbf14169","messageTitle":"Add task manager class","messageBody":"","fileTypesAndContributionMap":{"java":{"insertions":33,"deletions":0}}},{"hash":"73b9bf0b851ff0ed214a90e9b4d93154f1214fb9","messageTitle":"Update Duke to use task manager","messageBody":"","tags":["A-CodingStandard"],"fileTypesAndContributionMap":{"java":{"insertions":6,"deletions":19}}}]},{"date":"2022-02-03","commitResults":[{"hash":"af59d07303881392fac7f4595d46fdbeb8b5d2ae","messageTitle":"Add Increment: Level-4. ToDos, Events, Deadlines","messageBody":"","tags":["Level-4"],"fileTypesAndContributionMap":{"java":{"insertions":25,"deletions":5}}},{"hash":"921a212591c942747e92f086d60f304314f6415e","messageTitle":"Add deadline class","messageBody":"","fileTypesAndContributionMap":{"java":{"insertions":14,"deletions":0}}},{"hash":"037c1512ae9bff83fdae82d71d13d055c04817ae","messageTitle":"Add event class","messageBody":"","fileTypesAndContributionMap":{"java":{"insertions":13,"deletions":0}}},{"hash":"5f36c84d1c19ac58f95d5ea460746991c2645281","messageTitle":"add todo class","messageBody":"","tags":["A-CodeQuality"],"fileTypesAndContributionMap":{"java":{"insertions":11,"deletions":0}}}]},{"date":"2022-02-09","commitResults":[{"hash":"30c1415c51a90ff37eb3d6a7d9b9a29d27d01b66","messageTitle":"Add Increment: Level-5. Handle Errors","messageBody":"","tags":["Level-5","A-Exceptions"],"fileTypesAndContributionMap":{"java":{"insertions":33,"deletions":12}}}]},{"date":"2022-02-16","commitResults":[{"hash":"ea32ace1695dca9d0937a3e47596a666eb25a779","messageTitle":"Add Increment: Level-6. Delete","messageBody":"","tags":["Level-6"],"fileTypesAndContributionMap":{"java":{"insertions":31,"deletions":0}}},{"hash":"b9fb35c2d17a9f2e8ed47ad31ac43d5f08a58527","messageTitle":"Add Increment: Level-7. Save","messageBody":"","tags":["v1.0","Level-7","A-Jar"],"fileTypesAndContributionMap":{"java":{"insertions":18,"deletions":0}}}]},{"date":"2022-03-01","commitResults":[{"hash":"ab031e27ebce7fedada37f34e3d86ab0ac20a450","messageTitle":"Add arraylist for storing data","messageBody":"","tags":["A-Collections"],"fileTypesAndContributionMap":{"java":{"insertions":93,"deletions":60}}}]},{"date":"2022-03-04","commitResults":[{"hash":"22bebbe9e3db087f32ce1cf35a809819b1520351","messageTitle":"Add Increment: Level-9. Find","messageBody":"","fileTypesAndContributionMap":{"java":{"insertions":106,"deletions":99}}},{"hash":"b3734c4eda6b459a72e7481758b3b009eef046a6","messageTitle":"A-MoreOOP: Use More OOP","messageBody":"","tags":["A-MoreOOP"],"fileTypesAndContributionMap":{"java":{"insertions":324,"deletions":68}}},{"hash":"cb656155d4feac5169df3ac51fd148dd783a6d65","messageTitle":"Add a new error message","messageBody":"","fileTypesAndContributionMap":{"java":{"insertions":13,"deletions":7}}},{"hash":"e94d3cfc0a8e1ee27e73dde853f6d02e859e9ea3","messageTitle":"Add a new error handler","messageBody":"","fileTypesAndContributionMap":{"java":{"insertions":2,"deletions":0}}},{"hash":"8609119a310191473c9dc0c4ef823aa3eb78f85c","messageTitle":"Add JavaDoc comments to the code.","messageBody":"","tags":["A-JavaDoc"],"fileTypesAndContributionMap":{"java":{"insertions":172,"deletions":1}}},{"hash":"92e501bb1d35e5fbbcb8b170ad439ad8963953d8","messageTitle":"Add System Exit","messageBody":"","fileTypesAndContributionMap":{"java":{"insertions":8,"deletions":0}}},{"hash":"6f20dbb727fe2412795fb054bb7d458ef1d4b0da","messageTitle":"Add a User Guide","messageBody":"","tags":["A-UserGuide","A-Release"],"fileTypesAndContributionMap":{"md":{"insertions":188,"deletions":11}}}]}]},"authorFileTypeContributionMap":{"lihao-InfoSec":{"java":732,"md":178,"fxml":0,"sh":0,"bat":0,"gradle":0,"txt":0}},"authorContributionVariance":{"lihao-InfoSec":20117.29},"authorDisplayNameMap":{"lihao-InfoSec":"CS2113-T11-3 LI H.. HAO"}}
