{"authorDailyContributionsMap":{"mafpovbul":[{"date":"2022-01-17","commitResults":[{"hash":"7ccddbf1b723a53f528b2d26b487c6d2d07185e7","messageTitle":"Level 0 - Greet","messageBody":"","tags":["Level-1"],"fileTypesAndContributionMap":{"java":{"insertions":5,"deletions":6}}}]},{"date":"2022-01-24","commitResults":[{"hash":"45c29b9af1b7db77fb173faab91229a7fb716c9d","messageTitle":"Add greet, echo, exit","messageBody":"","tags":["Level-2"],"fileTypesAndContributionMap":{"java":{"insertions":10,"deletions":1}}},{"hash":"fcdbf0d6a6fa31714684866dbc9d36b823d46fba","messageTitle":"Level 2. Add, List","messageBody":"","tags":["Level-3"],"fileTypesAndContributionMap":{"java":{"insertions":14,"deletions":1}}},{"hash":"065d91cb95ddd32cb7deeebc25d5c2da72a66395","messageTitle":"Level 3. Mark as Done","messageBody":"","tags":["Level-4"],"fileTypesAndContributionMap":{"java":{"insertions":63,"deletions":4}}}]},{"date":"2022-01-31","commitResults":[{"hash":"031af6fdada57489d47002cfc86c05c848958db4","messageTitle":"Level 4. ToDos, Events, Deadlines","messageBody":"","tags":["Level-5"],"fileTypesAndContributionMap":{"java":{"insertions":117,"deletions":29}}}]},{"date":"2022-02-07","commitResults":[{"hash":"c7c5b8b7db344019cd74592e225a24e9723e05fc","messageTitle":"Level-5","messageBody":"","tags":["Level-7","Level-6","A-Packages"],"fileTypesAndContributionMap":{"txt":{"insertions":23,"deletions":0},"java":{"insertions":62,"deletions":21}}}]},{"date":"2022-02-14","commitResults":[{"hash":"f3d46ed515a58b25a03bcc44fb06ec3365b4b6a5","messageTitle":"Level-6","messageBody":"","fileTypesAndContributionMap":{"java":{"insertions":101,"deletions":34}}},{"hash":"23f57c4cdd9d3eede0e222572d925580f98c9b9e","messageTitle":"Level-7","messageBody":"","fileTypesAndContributionMap":{"txt":{"insertions":5,"deletions":0},"java":{"insertions":104,"deletions":5}}},{"hash":"8f075badb07febacfe06267180fa5a7160cd57a8","messageTitle":"Level-7","messageBody":"","fileTypesAndContributionMap":{"txt":{"insertions":5,"deletions":0}}},{"hash":"a9ef7a22716ac8280ee10848a2ffc40019b1318a","messageTitle":"Level-7-merge","messageBody":"","tags":["Level-7-merged"],"fileTypesAndContributionMap":{"java":{"insertions":104,"deletions":0}}},{"hash":"fc15269ec2543c6513075a48a57f7359b7addd65","messageTitle":"Level-7-merged","messageBody":"","tags":["A-MoreOOP"],"fileTypesAndContributionMap":{"txt":{"insertions":1,"deletions":2},"java":{"insertions":48,"deletions":87}}}]},{"date":"2022-02-20","commitResults":[{"hash":"0d21678c8650f78733febcd7f5011dd184fe8c3d","messageTitle":"A-MoreOOP","messageBody":"","fileTypesAndContributionMap":{"txt":{"insertions":3,"deletions":4},"java":{"insertions":224,"deletions":159}}}]}]},"authorFileTypeContributionMap":{"mafpovbul":{"java":437,"md":0,"fxml":0,"sh":0,"bat":0,"gradle":0,"txt":26}},"authorContributionVariance":{"mafpovbul":10495.898},"authorDisplayNameMap":{"mafpovbul":"F10-3 JUST..IREN"}}
