{"authorDailyContributionsMap":{"mafpovbul":[{"date":"2022-01-17","commitResults":[{"hash":"7ccddbf1b723a53f528b2d26b487c6d2d07185e7","messageTitle":"Level 0 - Greet","messageBody":"","tags":["Level-1"],"fileTypesAndContributionMap":{"java":{"insertions":5,"deletions":6}}}]},{"date":"2022-01-24","commitResults":[{"hash":"45c29b9af1b7db77fb173faab91229a7fb716c9d","messageTitle":"Add greet, echo, exit","messageBody":"","tags":["Level-2"],"fileTypesAndContributionMap":{"java":{"insertions":10,"deletions":1}}},{"hash":"fcdbf0d6a6fa31714684866dbc9d36b823d46fba","messageTitle":"Level 2. Add, List","messageBody":"","tags":["Level-3"],"fileTypesAndContributionMap":{"java":{"insertions":14,"deletions":1}}},{"hash":"065d91cb95ddd32cb7deeebc25d5c2da72a66395","messageTitle":"Level 3. Mark as Done","messageBody":"","tags":["Level-4"],"fileTypesAndContributionMap":{"java":{"insertions":63,"deletions":4}}}]},{"date":"2022-01-31","commitResults":[{"hash":"031af6fdada57489d47002cfc86c05c848958db4","messageTitle":"Level 4. ToDos, Events, Deadlines","messageBody":"","fileTypesAndContributionMap":{"java":{"insertions":117,"deletions":29}}}]}]},"authorFileTypeContributionMap":{"mafpovbul":{"java":173,"md":0,"fxml":0,"sh":0,"bat":0,"gradle":0,"txt":0}},"authorContributionVariance":{"mafpovbul":1478.5433},"authorDisplayNameMap":{"mafpovbul":"F10-3 JUST..IREN"}}
