[{"path":"src/main/java/Deadline.java","fileType":"java","lines":[{"lineNumber":1,"author":{"gitId":"HansHengGit"},"content":"public class Deadline extends Task {","lastModifiedDate":"2022-02-03"},{"lineNumber":2,"author":{"gitId":"HansHengGit"},"content":"","lastModifiedDate":"2022-02-03"},{"lineNumber":3,"author":{"gitId":"HansHengGit"},"content":"    protected String by;","lastModifiedDate":"2022-02-03"},{"lineNumber":4,"author":{"gitId":"HansHengGit"},"content":"    public Deadline(String description, String by) {","lastModifiedDate":"2022-02-03"},{"lineNumber":5,"author":{"gitId":"HansHengGit"},"content":"        super(description);","lastModifiedDate":"2022-02-03"},{"lineNumber":6,"author":{"gitId":"HansHengGit"},"content":"        this.by \u003d by;","lastModifiedDate":"2022-02-03"},{"lineNumber":7,"author":{"gitId":"HansHengGit"},"content":"    }","lastModifiedDate":"2022-02-03"},{"lineNumber":8,"author":{"gitId":"HansHengGit"},"content":"","lastModifiedDate":"2022-02-03"},{"lineNumber":9,"author":{"gitId":"HansHengGit"},"content":"    public String toString() {","lastModifiedDate":"2022-02-03"},{"lineNumber":10,"author":{"gitId":"HansHengGit"},"content":"","lastModifiedDate":"2022-02-03"},{"lineNumber":11,"author":{"gitId":"HansHengGit"},"content":"        return \"[D]\" + super.toString() + \" (by: \" + by + \")\";","lastModifiedDate":"2022-02-03"},{"lineNumber":12,"author":{"gitId":"HansHengGit"},"content":"    }","lastModifiedDate":"2022-02-03"},{"lineNumber":13,"author":{"gitId":"HansHengGit"},"content":"}","lastModifiedDate":"2022-02-03"}],"authorContributionMap":{"HansHengGit":13}},{"path":"src/main/java/Duke.java","fileType":"java","lines":[{"lineNumber":1,"author":{"gitId":"HansHengGit"},"content":"import java.util.Scanner;","lastModifiedDate":"2022-01-27"},{"lineNumber":2,"author":{"gitId":"HansHengGit"},"content":"","lastModifiedDate":"2022-01-27"},{"lineNumber":3,"author":{"gitId":"-"},"content":"public class Duke {","lastModifiedDate":"2022-01-30"},{"lineNumber":4,"author":{"gitId":"HansHengGit"},"content":"","lastModifiedDate":"2022-01-27"},{"lineNumber":5,"author":{"gitId":"HansHengGit"},"content":"    public static final int MAX_TASK \u003d 100;","lastModifiedDate":"2022-01-30"},{"lineNumber":6,"author":{"gitId":"HansHengGit"},"content":"    public static final String COMMAND_LIST \u003d \"list\";","lastModifiedDate":"2022-01-30"},{"lineNumber":7,"author":{"gitId":"HansHengGit"},"content":"    public static final String COMMAND_MARK \u003d \"mark\";","lastModifiedDate":"2022-01-30"},{"lineNumber":8,"author":{"gitId":"HansHengGit"},"content":"    public static final String COMMAND_UNMARK \u003d \"unmark\";","lastModifiedDate":"2022-01-30"},{"lineNumber":9,"author":{"gitId":"HansHengGit"},"content":"    public static final String COMMAND_BYE \u003d \"bye\";","lastModifiedDate":"2022-01-30"},{"lineNumber":10,"author":{"gitId":"HansHengGit"},"content":"    public static final String COMMAND_EVENT \u003d \"event\";","lastModifiedDate":"2022-01-30"},{"lineNumber":11,"author":{"gitId":"HansHengGit"},"content":"    public static final String COMMAND_DEADLINE \u003d \"deadline\";","lastModifiedDate":"2022-01-30"},{"lineNumber":12,"author":{"gitId":"HansHengGit"},"content":"    public static final String COMMAND_TODO \u003d \"todo\";","lastModifiedDate":"2022-01-30"},{"lineNumber":13,"author":{"gitId":"HansHengGit"},"content":"","lastModifiedDate":"2022-01-27"},{"lineNumber":14,"author":{"gitId":"HansHengGit"},"content":"    private static Task[] taskItems;","lastModifiedDate":"2022-01-30"},{"lineNumber":15,"author":{"gitId":"HansHengGit"},"content":"    private static int itemNum;","lastModifiedDate":"2022-01-30"},{"lineNumber":16,"author":{"gitId":"HansHengGit"},"content":"    private static final Scanner SCANNER \u003d new Scanner(System.in);","lastModifiedDate":"2022-01-30"},{"lineNumber":17,"author":{"gitId":"HansHengGit"},"content":"","lastModifiedDate":"2022-01-27"},{"lineNumber":18,"author":{"gitId":"-"},"content":"    public static void main(String[] args) {","lastModifiedDate":"2019-07-29"},{"lineNumber":19,"author":{"gitId":"HansHengGit"},"content":"","lastModifiedDate":"2022-01-27"},{"lineNumber":20,"author":{"gitId":"HansHengGit"},"content":"        printWelcomeMessage();","lastModifiedDate":"2022-02-03"},{"lineNumber":21,"author":{"gitId":"HansHengGit"},"content":"        initTaskTable();","lastModifiedDate":"2022-01-30"},{"lineNumber":22,"author":{"gitId":"HansHengGit"},"content":"        while (true) {","lastModifiedDate":"2022-01-30"},{"lineNumber":23,"author":{"gitId":"HansHengGit"},"content":"            getNewInput();","lastModifiedDate":"2022-02-03"},{"lineNumber":24,"author":{"gitId":"HansHengGit"},"content":"        }","lastModifiedDate":"2022-02-03"},{"lineNumber":25,"author":{"gitId":"HansHengGit"},"content":"    }","lastModifiedDate":"2022-01-30"},{"lineNumber":26,"author":{"gitId":"HansHengGit"},"content":"","lastModifiedDate":"2022-01-30"},{"lineNumber":27,"author":{"gitId":"HansHengGit"},"content":"    private static void getNewInput() {","lastModifiedDate":"2022-02-03"},{"lineNumber":28,"author":{"gitId":"HansHengGit"},"content":"        String inputCommand \u003d SCANNER.nextLine();","lastModifiedDate":"2022-02-03"},{"lineNumber":29,"author":{"gitId":"HansHengGit"},"content":"        executeCommand(inputCommand);","lastModifiedDate":"2022-02-03"},{"lineNumber":30,"author":{"gitId":"HansHengGit"},"content":"    }","lastModifiedDate":"2022-01-30"},{"lineNumber":31,"author":{"gitId":"HansHengGit"},"content":"","lastModifiedDate":"2022-01-27"},{"lineNumber":32,"author":{"gitId":"HansHengGit"},"content":"    private static void executeCommand(String inputCommand) {","lastModifiedDate":"2022-02-03"},{"lineNumber":33,"author":{"gitId":"HansHengGit"},"content":"        String[] commandArr \u003d inputCommand.split(\" \");","lastModifiedDate":"2022-02-03"},{"lineNumber":34,"author":{"gitId":"HansHengGit"},"content":"        int listNum;","lastModifiedDate":"2022-01-30"},{"lineNumber":35,"author":{"gitId":"HansHengGit"},"content":"        switch (commandArr[0]) {","lastModifiedDate":"2022-01-30"},{"lineNumber":36,"author":{"gitId":"HansHengGit"},"content":"        case COMMAND_LIST:","lastModifiedDate":"2022-01-30"},{"lineNumber":37,"author":{"gitId":"HansHengGit"},"content":"            listNum \u003d 1;","lastModifiedDate":"2022-01-30"},{"lineNumber":38,"author":{"gitId":"HansHengGit"},"content":"            if (itemNum \u003d\u003d 0) {","lastModifiedDate":"2022-01-30"},{"lineNumber":39,"author":{"gitId":"HansHengGit"},"content":"                System.out.println(\"List is empty\");","lastModifiedDate":"2022-01-30"},{"lineNumber":40,"author":{"gitId":"HansHengGit"},"content":"            }","lastModifiedDate":"2022-01-30"},{"lineNumber":41,"author":{"gitId":"HansHengGit"},"content":"            else {","lastModifiedDate":"2022-01-30"},{"lineNumber":42,"author":{"gitId":"HansHengGit"},"content":"                for (int i \u003d 0; i \u003c itemNum; i++) {","lastModifiedDate":"2022-01-27"},{"lineNumber":43,"author":{"gitId":"HansHengGit"},"content":"                    System.out.println(listNum + \". \" + taskItems[i]);","lastModifiedDate":"2022-02-03"},{"lineNumber":44,"author":{"gitId":"HansHengGit"},"content":"                    listNum++;","lastModifiedDate":"2022-01-27"},{"lineNumber":45,"author":{"gitId":"HansHengGit"},"content":"                }","lastModifiedDate":"2022-01-27"},{"lineNumber":46,"author":{"gitId":"HansHengGit"},"content":"            }","lastModifiedDate":"2022-01-27"},{"lineNumber":47,"author":{"gitId":"HansHengGit"},"content":"            break;","lastModifiedDate":"2022-01-30"},{"lineNumber":48,"author":{"gitId":"HansHengGit"},"content":"        case COMMAND_MARK:","lastModifiedDate":"2022-01-30"},{"lineNumber":49,"author":{"gitId":"HansHengGit"},"content":"            int markNum \u003d Integer.parseInt(commandArr[1]) - 1;","lastModifiedDate":"2022-01-27"},{"lineNumber":50,"author":{"gitId":"HansHengGit"},"content":"            taskItems[markNum].isDone \u003d true;","lastModifiedDate":"2022-01-27"},{"lineNumber":51,"author":{"gitId":"HansHengGit"},"content":"            System.out.println(\"Nice! I\u0027ve marked this task as done:\\n\" + taskItems[markNum]);","lastModifiedDate":"2022-02-03"},{"lineNumber":52,"author":{"gitId":"HansHengGit"},"content":"            break;","lastModifiedDate":"2022-01-30"},{"lineNumber":53,"author":{"gitId":"HansHengGit"},"content":"        case COMMAND_UNMARK:","lastModifiedDate":"2022-01-30"},{"lineNumber":54,"author":{"gitId":"HansHengGit"},"content":"            int unMarkNum \u003d Integer.parseInt(commandArr[1]) - 1;","lastModifiedDate":"2022-01-30"},{"lineNumber":55,"author":{"gitId":"HansHengGit"},"content":"            taskItems[unMarkNum].isDone \u003d false;","lastModifiedDate":"2022-01-30"},{"lineNumber":56,"author":{"gitId":"HansHengGit"},"content":"            System.out.println(\"Nice! I\u0027ve marked this task as not done yet:\\n\" + taskItems[unMarkNum]);","lastModifiedDate":"2022-02-03"},{"lineNumber":57,"author":{"gitId":"HansHengGit"},"content":"            break;","lastModifiedDate":"2022-01-30"},{"lineNumber":58,"author":{"gitId":"HansHengGit"},"content":"        case COMMAND_BYE:","lastModifiedDate":"2022-01-30"},{"lineNumber":59,"author":{"gitId":"HansHengGit"},"content":"            exitProgram();","lastModifiedDate":"2022-01-30"},{"lineNumber":60,"author":{"gitId":"HansHengGit"},"content":"            break;","lastModifiedDate":"2022-01-30"},{"lineNumber":61,"author":{"gitId":"HansHengGit"},"content":"        default:","lastModifiedDate":"2022-01-30"},{"lineNumber":62,"author":{"gitId":"HansHengGit"},"content":"            addTask(inputCommand);","lastModifiedDate":"2022-02-03"},{"lineNumber":63,"author":{"gitId":"HansHengGit"},"content":"            break;","lastModifiedDate":"2022-01-30"},{"lineNumber":64,"author":{"gitId":"HansHengGit"},"content":"        }","lastModifiedDate":"2022-01-27"},{"lineNumber":65,"author":{"gitId":"HansHengGit"},"content":"    }","lastModifiedDate":"2022-01-30"},{"lineNumber":66,"author":{"gitId":"HansHengGit"},"content":"","lastModifiedDate":"2022-01-30"},{"lineNumber":67,"author":{"gitId":"HansHengGit"},"content":"    private static void exitProgram() {","lastModifiedDate":"2022-01-30"},{"lineNumber":68,"author":{"gitId":"HansHengGit"},"content":"        System.out.println(\"Bye. Hope to see you again soon!\");","lastModifiedDate":"2022-01-30"},{"lineNumber":69,"author":{"gitId":"HansHengGit"},"content":"        System.exit(0);","lastModifiedDate":"2022-01-30"},{"lineNumber":70,"author":{"gitId":"HansHengGit"},"content":"    }","lastModifiedDate":"2022-01-30"},{"lineNumber":71,"author":{"gitId":"HansHengGit"},"content":"","lastModifiedDate":"2022-01-30"},{"lineNumber":72,"author":{"gitId":"HansHengGit"},"content":"    private static void addTask(String inCommand) {","lastModifiedDate":"2022-01-30"},{"lineNumber":73,"author":{"gitId":"HansHengGit"},"content":"        String[] sentenceArr \u003d inCommand.split(\" \", 2);","lastModifiedDate":"2022-02-03"},{"lineNumber":74,"author":{"gitId":"HansHengGit"},"content":"        switch (sentenceArr[0]) {","lastModifiedDate":"2022-01-30"},{"lineNumber":75,"author":{"gitId":"HansHengGit"},"content":"        case COMMAND_TODO:","lastModifiedDate":"2022-01-30"},{"lineNumber":76,"author":{"gitId":"HansHengGit"},"content":"            taskItems[itemNum] \u003d new ToDo(sentenceArr[1]);","lastModifiedDate":"2022-02-03"},{"lineNumber":77,"author":{"gitId":"HansHengGit"},"content":"            printAcknowledgeAddMessage();","lastModifiedDate":"2022-02-03"},{"lineNumber":78,"author":{"gitId":"HansHengGit"},"content":"            itemNum++;","lastModifiedDate":"2022-01-27"},{"lineNumber":79,"author":{"gitId":"HansHengGit"},"content":"            break;","lastModifiedDate":"2022-01-30"},{"lineNumber":80,"author":{"gitId":"HansHengGit"},"content":"        case COMMAND_DEADLINE:","lastModifiedDate":"2022-01-30"},{"lineNumber":81,"author":{"gitId":"HansHengGit"},"content":"            String[] date \u003d sentenceArr[1].split(\"/by\", 2);","lastModifiedDate":"2022-02-03"},{"lineNumber":82,"author":{"gitId":"HansHengGit"},"content":"            taskItems[itemNum] \u003d new Deadline(date[0], date[1]);","lastModifiedDate":"2022-02-03"},{"lineNumber":83,"author":{"gitId":"HansHengGit"},"content":"            printAcknowledgeAddMessage();","lastModifiedDate":"2022-02-03"},{"lineNumber":84,"author":{"gitId":"HansHengGit"},"content":"            itemNum++;","lastModifiedDate":"2022-01-30"},{"lineNumber":85,"author":{"gitId":"HansHengGit"},"content":"            break;","lastModifiedDate":"2022-01-30"},{"lineNumber":86,"author":{"gitId":"HansHengGit"},"content":"        case COMMAND_EVENT:","lastModifiedDate":"2022-01-30"},{"lineNumber":87,"author":{"gitId":"HansHengGit"},"content":"            String[] finalEventArr \u003d sentenceArr[1].split(\"/at\", 2);","lastModifiedDate":"2022-02-03"},{"lineNumber":88,"author":{"gitId":"HansHengGit"},"content":"            taskItems[itemNum] \u003d new Event(finalEventArr[0], finalEventArr[1]);","lastModifiedDate":"2022-02-03"},{"lineNumber":89,"author":{"gitId":"HansHengGit"},"content":"            printAcknowledgeAddMessage();","lastModifiedDate":"2022-02-03"},{"lineNumber":90,"author":{"gitId":"HansHengGit"},"content":"            itemNum++;","lastModifiedDate":"2022-01-30"},{"lineNumber":91,"author":{"gitId":"HansHengGit"},"content":"            break;","lastModifiedDate":"2022-01-30"},{"lineNumber":92,"author":{"gitId":"HansHengGit"},"content":"        default:","lastModifiedDate":"2022-01-30"},{"lineNumber":93,"author":{"gitId":"HansHengGit"},"content":"            System.out.println(\"Invalid input\");","lastModifiedDate":"2022-01-30"},{"lineNumber":94,"author":{"gitId":"HansHengGit"},"content":"            break;","lastModifiedDate":"2022-01-30"},{"lineNumber":95,"author":{"gitId":"HansHengGit"},"content":"        }","lastModifiedDate":"2022-01-27"},{"lineNumber":96,"author":{"gitId":"HansHengGit"},"content":"    }","lastModifiedDate":"2022-01-30"},{"lineNumber":97,"author":{"gitId":"HansHengGit"},"content":"","lastModifiedDate":"2022-01-30"},{"lineNumber":98,"author":{"gitId":"HansHengGit"},"content":"    private static void printAcknowledgeAddMessage() {","lastModifiedDate":"2022-02-03"},{"lineNumber":99,"author":{"gitId":"HansHengGit"},"content":"        System.out.println(\"Got it. I\u0027ve added this task:\\n\" + taskItems[itemNum]);","lastModifiedDate":"2022-02-03"},{"lineNumber":100,"author":{"gitId":"HansHengGit"},"content":"        System.out.println(\"Now you have \" + (itemNum + 1) +  \" tasks in the list.\");","lastModifiedDate":"2022-02-03"},{"lineNumber":101,"author":{"gitId":"HansHengGit"},"content":"    }","lastModifiedDate":"2022-01-30"},{"lineNumber":102,"author":{"gitId":"HansHengGit"},"content":"","lastModifiedDate":"2022-01-30"},{"lineNumber":103,"author":{"gitId":"HansHengGit"},"content":"    private static void initTaskTable() {","lastModifiedDate":"2022-01-30"},{"lineNumber":104,"author":{"gitId":"HansHengGit"},"content":"        taskItems \u003d new Task[MAX_TASK];","lastModifiedDate":"2022-01-30"},{"lineNumber":105,"author":{"gitId":"HansHengGit"},"content":"        itemNum \u003d 0;","lastModifiedDate":"2022-01-30"},{"lineNumber":106,"author":{"gitId":"HansHengGit"},"content":"    }","lastModifiedDate":"2022-01-30"},{"lineNumber":107,"author":{"gitId":"HansHengGit"},"content":"","lastModifiedDate":"2022-01-30"},{"lineNumber":108,"author":{"gitId":"HansHengGit"},"content":"    private static void printWelcomeMessage() {","lastModifiedDate":"2022-02-03"},{"lineNumber":109,"author":{"gitId":"HansHengGit"},"content":"        System.out.println(\"Hello! I\u0027m Hage\");","lastModifiedDate":"2022-01-30"},{"lineNumber":110,"author":{"gitId":"HansHengGit"},"content":"        System.out.println(\"What can I do for you?\");","lastModifiedDate":"2022-01-30"},{"lineNumber":111,"author":{"gitId":"-"},"content":"    }","lastModifiedDate":"2019-07-29"},{"lineNumber":112,"author":{"gitId":"-"},"content":"}","lastModifiedDate":"2019-07-29"}],"authorContributionMap":{"HansHengGit":108,"-":4}},{"path":"src/main/java/Event.java","fileType":"java","lines":[{"lineNumber":1,"author":{"gitId":"HansHengGit"},"content":"public class Event extends Task {","lastModifiedDate":"2022-02-03"},{"lineNumber":2,"author":{"gitId":"HansHengGit"},"content":"","lastModifiedDate":"2022-02-03"},{"lineNumber":3,"author":{"gitId":"HansHengGit"},"content":"    protected String at;","lastModifiedDate":"2022-02-03"},{"lineNumber":4,"author":{"gitId":"HansHengGit"},"content":"    public Event(String description, String at) {","lastModifiedDate":"2022-02-03"},{"lineNumber":5,"author":{"gitId":"HansHengGit"},"content":"        super(description);","lastModifiedDate":"2022-02-03"},{"lineNumber":6,"author":{"gitId":"HansHengGit"},"content":"        this.at \u003d at;","lastModifiedDate":"2022-02-03"},{"lineNumber":7,"author":{"gitId":"HansHengGit"},"content":"    }","lastModifiedDate":"2022-02-03"},{"lineNumber":8,"author":{"gitId":"HansHengGit"},"content":"","lastModifiedDate":"2022-02-03"},{"lineNumber":9,"author":{"gitId":"HansHengGit"},"content":"    public String toString() {","lastModifiedDate":"2022-02-03"},{"lineNumber":10,"author":{"gitId":"HansHengGit"},"content":"","lastModifiedDate":"2022-02-03"},{"lineNumber":11,"author":{"gitId":"HansHengGit"},"content":"        return \"[E]\" + super.toString() + \" (at: \" + at + \")\";","lastModifiedDate":"2022-02-03"},{"lineNumber":12,"author":{"gitId":"HansHengGit"},"content":"    }","lastModifiedDate":"2022-02-03"},{"lineNumber":13,"author":{"gitId":"HansHengGit"},"content":"}","lastModifiedDate":"2022-02-03"}],"authorContributionMap":{"HansHengGit":13}},{"path":"src/main/java/Task.java","fileType":"java","lines":[{"lineNumber":1,"author":{"gitId":"HansHengGit"},"content":"public class Task {","lastModifiedDate":"2022-01-27"},{"lineNumber":2,"author":{"gitId":"HansHengGit"},"content":"","lastModifiedDate":"2022-01-27"},{"lineNumber":3,"author":{"gitId":"HansHengGit"},"content":"    protected String description;","lastModifiedDate":"2022-01-27"},{"lineNumber":4,"author":{"gitId":"HansHengGit"},"content":"    protected boolean isDone;","lastModifiedDate":"2022-01-27"},{"lineNumber":5,"author":{"gitId":"HansHengGit"},"content":"","lastModifiedDate":"2022-01-27"},{"lineNumber":6,"author":{"gitId":"HansHengGit"},"content":"    public Task(String description) {","lastModifiedDate":"2022-01-27"},{"lineNumber":7,"author":{"gitId":"HansHengGit"},"content":"        this.description \u003d description;","lastModifiedDate":"2022-01-27"},{"lineNumber":8,"author":{"gitId":"HansHengGit"},"content":"        this.isDone \u003d false;","lastModifiedDate":"2022-01-27"},{"lineNumber":9,"author":{"gitId":"HansHengGit"},"content":"    }","lastModifiedDate":"2022-01-27"},{"lineNumber":10,"author":{"gitId":"HansHengGit"},"content":"","lastModifiedDate":"2022-01-27"},{"lineNumber":11,"author":{"gitId":"HansHengGit"},"content":"    public String getStatusIcon() {","lastModifiedDate":"2022-01-27"},{"lineNumber":12,"author":{"gitId":"HansHengGit"},"content":"        if (isDone \u003d\u003d true) {","lastModifiedDate":"2022-01-27"},{"lineNumber":13,"author":{"gitId":"HansHengGit"},"content":"            return \"X\";","lastModifiedDate":"2022-01-27"},{"lineNumber":14,"author":{"gitId":"HansHengGit"},"content":"        }","lastModifiedDate":"2022-01-27"},{"lineNumber":15,"author":{"gitId":"HansHengGit"},"content":"        else {","lastModifiedDate":"2022-01-27"},{"lineNumber":16,"author":{"gitId":"HansHengGit"},"content":"            return \" \";","lastModifiedDate":"2022-01-27"},{"lineNumber":17,"author":{"gitId":"HansHengGit"},"content":"        }","lastModifiedDate":"2022-01-27"},{"lineNumber":18,"author":{"gitId":"HansHengGit"},"content":"    }","lastModifiedDate":"2022-01-27"},{"lineNumber":19,"author":{"gitId":"HansHengGit"},"content":"","lastModifiedDate":"2022-02-03"},{"lineNumber":20,"author":{"gitId":"HansHengGit"},"content":"    @Override","lastModifiedDate":"2022-02-03"},{"lineNumber":21,"author":{"gitId":"HansHengGit"},"content":"    public String toString() {","lastModifiedDate":"2022-02-03"},{"lineNumber":22,"author":{"gitId":"HansHengGit"},"content":"        return \"[\" + getStatusIcon() + \"] \" + description;","lastModifiedDate":"2022-02-03"},{"lineNumber":23,"author":{"gitId":"HansHengGit"},"content":"    }","lastModifiedDate":"2022-02-03"},{"lineNumber":24,"author":{"gitId":"HansHengGit"},"content":"}","lastModifiedDate":"2022-01-27"}],"authorContributionMap":{"HansHengGit":24}},{"path":"src/main/java/ToDo.java","fileType":"java","lines":[{"lineNumber":1,"author":{"gitId":"HansHengGit"},"content":"public class ToDo extends Task {","lastModifiedDate":"2022-02-03"},{"lineNumber":2,"author":{"gitId":"HansHengGit"},"content":"","lastModifiedDate":"2022-02-03"},{"lineNumber":3,"author":{"gitId":"HansHengGit"},"content":"","lastModifiedDate":"2022-02-03"},{"lineNumber":4,"author":{"gitId":"HansHengGit"},"content":"    public ToDo(String description) {","lastModifiedDate":"2022-02-03"},{"lineNumber":5,"author":{"gitId":"HansHengGit"},"content":"        super(description);","lastModifiedDate":"2022-02-03"},{"lineNumber":6,"author":{"gitId":"HansHengGit"},"content":"    }","lastModifiedDate":"2022-02-03"},{"lineNumber":7,"author":{"gitId":"HansHengGit"},"content":"","lastModifiedDate":"2022-02-03"},{"lineNumber":8,"author":{"gitId":"HansHengGit"},"content":"    public String toString() {","lastModifiedDate":"2022-02-03"},{"lineNumber":9,"author":{"gitId":"HansHengGit"},"content":"        return \"[T]\" + super.toString();","lastModifiedDate":"2022-02-03"},{"lineNumber":10,"author":{"gitId":"HansHengGit"},"content":"    }","lastModifiedDate":"2022-02-03"},{"lineNumber":11,"author":{"gitId":"HansHengGit"},"content":"}","lastModifiedDate":"2022-02-03"}],"authorContributionMap":{"HansHengGit":11}}]
