{"authorDailyContributionsMap":{"HansHengGit":[{"date":"2022-01-27","commitResults":[{"hash":"91c926b78b40ee08adbfeb785a4cc626a89f99e7","messageTitle":"level-0 Greet","messageBody":"","fileTypesAndContributionMap":{"java":{"insertions":3,"deletions":6}}},{"hash":"16750df42b96e72877444731dd7d5d03976e08ee","messageTitle":"Greet level 0","messageBody":"","tags":["Level-0"],"fileTypesAndContributionMap":{"java":{"insertions":1,"deletions":1}}},{"hash":"6a63b1c342732de5bb4d78e888449939258bb298","messageTitle":"level-1 greet, echo, exit","messageBody":"","tags":["Level-1"],"fileTypesAndContributionMap":{"java":{"insertions":9,"deletions":0}}},{"hash":"638d5973cab477b1d760e6eb90b4c7d72c5af3e1","messageTitle":"Level 2 add, list","messageBody":"","tags":["Level-2"],"fileTypesAndContributionMap":{"java":{"insertions":19,"deletions":2}}},{"hash":"60cdbc950d1f1002b8ef1cf69223f55f288e2b73","messageTitle":"Level-3 Mark as Done","messageBody":"","tags":["Level-3","A-CodingStandard"],"fileTypesAndContributionMap":{"java":{"insertions":39,"deletions":6}}}]},{"date":"2022-01-30","commitResults":[{"hash":"e42e00d3c3d6b235f3b49e4a27ce844f8e521776","messageTitle":"Level 4 ToDos, Events and deadline task","messageBody":"","tags":["Level-4"],"fileTypesAndContributionMap":{"java":{"insertions":140,"deletions":29}}}]},{"date":"2022-02-01","commitResults":[{"hash":"791aeb5fbbc79af01d9e22f5ee749bc7189899aa","messageTitle":"Touch up on code quality","messageBody":"","tags":["A-CodeQuality"],"fileTypesAndContributionMap":{"java":{"insertions":6,"deletions":5}}}]},{"date":"2022-02-03","commitResults":[{"hash":"3d354fce795dec632d8a5ecc78410155fd6a5c8f","messageTitle":"Add todo, deadline and event class","messageBody":"","tags":["A-CodeQuality2"],"fileTypesAndContributionMap":{"java":{"insertions":67,"deletions":72}}}]},{"date":"2022-02-05","commitResults":[{"hash":"707cf3ea538f76874e6b28a0c76c1efbd06c3ec0","messageTitle":"Added exceptions to handle error","messageBody":"","tags":["Level-5","A-Exceptions"],"fileTypesAndContributionMap":{"java":{"insertions":43,"deletions":16}}}]},{"date":"2022-02-06","commitResults":[{"hash":"9458078ea31014bbc182b0cfc89960b4c2b608f8","messageTitle":"Divided classes into packages","messageBody":"","tags":["A-Packages"],"fileTypesAndContributionMap":{"java":{"insertions":27,"deletions":2}}}]},{"date":"2022-02-12","commitResults":[{"hash":"536ea48ba75e326d07757d7d9e699ff6ab5a1e3a","messageTitle":"Implemented arraylist and added delete finction","messageBody":"","tags":["branch-Level-6"],"fileTypesAndContributionMap":{"java":{"insertions":34,"deletions":14}}}]},{"date":"2022-02-13","commitResults":[{"hash":"bea0dbfe15ada4f382b31082d99a304cbf3f7528","messageTitle":"Implement saving and loading of data","messageBody":"","tags":["branch-Level-7"],"fileTypesAndContributionMap":{"java":{"insertions":175,"deletions":19}}}]}]},"authorFileTypeContributionMap":{"HansHengGit":{"java":391,"md":0,"fxml":0,"sh":0,"bat":0,"gradle":0,"txt":0}},"authorContributionVariance":{"HansHengGit":2652.722},"authorDisplayNameMap":{"HansHengGit":"CS2113T-T10-2 HANS.. WEI"}}
