{"authorDailyContributionsMap":{"wli-linda":[{"date":"2022-01-20","commitResults":[{"hash":"6873b2ad308983191e5344edf3f313d6930d92a5","messageTitle":"update Duke.java","messageBody":"","tags":["Level-0"],"fileTypesAndContributionMap":{"java":{"insertions":10,"deletions":2}}}]},{"date":"2022-01-27","commitResults":[{"hash":"fe8f3720801e4a07c4db89ad6e07223a73cbb6cc","messageTitle":"Add echoing feature","messageBody":"","tags":["Level-1"],"fileTypesAndContributionMap":{"java":{"insertions":22,"deletions":9}}},{"hash":"6985eeca26161be64f96c6f6fc541bdbce1a74b0","messageTitle":"Add list feature","messageBody":"","tags":["Level-2"],"fileTypesAndContributionMap":{"java":{"insertions":21,"deletions":3}}},{"hash":"635c6298dfac76ca4ba707fb31978e24d677d456","messageTitle":"Add Task class and mark as done feature","messageBody":"Also, refactoring some code\n","tags":["Level-3"],"fileTypesAndContributionMap":{"java":{"insertions":62,"deletions":16}}}]},{"date":"2022-01-28","commitResults":[{"hash":"f701438b45ed86ffe956773d6fe49ce9673dda67","messageTitle":"Tweak format and customization","messageBody":"Editing some things to match coding standard and adding customizations\n","tags":["A-CodingStandard"],"fileTypesAndContributionMap":{"java":{"insertions":17,"deletions":26}}}]},{"date":"2022-02-03","commitResults":[{"hash":"7a4ad18701588b8448972936ee20c111a5a1a3af","messageTitle":"Add Task subclasses","messageBody":"kind of a messy implementation :\u0027(\n","tags":["Level-4","A-Inheritance"],"fileTypesAndContributionMap":{"java":{"insertions":117,"deletions":36}}},{"hash":"e8c81bf02b2abc48667d544bd47b7b44978124e3","messageTitle":"Edit testing files","messageBody":"and some debugging / refactoring / changes in text\n","tags":["A-TextUiTesting"],"fileTypesAndContributionMap":{"txt":{"insertions":14,"deletions":0},"java":{"insertions":14,"deletions":11},"bat":{"insertions":1,"deletions":1}}},{"hash":"25653cdd8cbce6173111a311729870960b8d353f","messageTitle":"Refactor Duke.java","messageBody":"with regression testing; small change to output message\n","tags":["A-CodeQuality"],"fileTypesAndContributionMap":{"java":{"insertions":84,"deletions":63}}}]},{"date":"2022-02-04","commitResults":[{"hash":"627a1603795921e2b1214c4cf3efb29b75957157","messageTitle":"Tweak output messages","messageBody":"And some more debugging / refactoring\n","fileTypesAndContributionMap":{"txt":{"insertions":1,"deletions":0},"java":{"insertions":24,"deletions":27}}},{"hash":"0baebffef27f5d14cc475c10c2a81db494ba0b41","messageTitle":"Refactor Duke.java further","messageBody":"","fileTypesAndContributionMap":{"java":{"insertions":16,"deletions":10}}}]},{"date":"2022-02-08","commitResults":[{"hash":"170db8f857a3ad2e2ba9761a12d8697c6e404120","messageTitle":"Refactor further and make Task class abstract","messageBody":"","fileTypesAndContributionMap":{"java":{"insertions":15,"deletions":13}}},{"hash":"9ce02d6bc1342b721f593ca90a6451660aa988b8","messageTitle":"Add new error types and messages","messageBody":"","tags":["A-Exceptions"],"fileTypesAndContributionMap":{"txt":{"insertions":1,"deletions":0},"java":{"insertions":40,"deletions":22}}},{"hash":"d44d4cfc0490e451650b815f95fc7c5970529d7a","messageTitle":"Tweak error-raising logic and add minimal test cases","messageBody":"","fileTypesAndContributionMap":{"txt":{"insertions":2,"deletions":0},"java":{"insertions":8,"deletions":3}}},{"hash":"dbf52d8f536152610f4e7de222a5cb84dada9597","messageTitle":"Divide classes into packages duke and duke.task","messageBody":"","fileTypesAndContributionMap":{"java":{"insertions":17,"deletions":0},"bat":{"insertions":1,"deletions":1}}}]},{"date":"2022-02-11","commitResults":[{"hash":"5294b0ddbfc21331c3d8524dfc5d1d7ddfdc32cf","messageTitle":"Change access modifiers and coding standard edits","messageBody":"","fileTypesAndContributionMap":{"java":{"insertions":21,"deletions":13}}},{"hash":"4ffe56b8f25a65ad4a0a2ad83a35839ed6b73a5a","messageTitle":"Replace Task list with ArrayList\u003cTask\u003e","messageBody":"","tags":["A-Collections"],"fileTypesAndContributionMap":{"java":{"insertions":9,"deletions":10}}},{"hash":"ee6f31c9e5b548a70e29d2ce4509d20280460e19","messageTitle":"Implement delete and new error-handling; add tests","messageBody":"","tags":["Level-6"],"fileTypesAndContributionMap":{"txt":{"insertions":5,"deletions":0},"java":{"insertions":37,"deletions":7}}}]},{"date":"2022-02-12","commitResults":[{"hash":"c4afb421787cae9117c587c0f10566a5ed17ba4d","messageTitle":"Implement basic version of reading data file","messageBody":"","fileTypesAndContributionMap":{"txt":{"insertions":6,"deletions":0},"java":{"insertions":158,"deletions":1}}},{"hash":"66afc32b83117bd99e7f2f98d7843c8f00713e16","messageTitle":"Implement basic writing to file and some refactoring","messageBody":"","fileTypesAndContributionMap":{"txt":{"insertions":2,"deletions":2},"java":{"insertions":125,"deletions":60}}}]},{"date":"2022-02-17","commitResults":[{"hash":"39f9ec08d78336331b4f57c113faf0265d8ed463","messageTitle":"Resolve conflicts and refactor according to comments","messageBody":"","tags":["v0.1","A-Jar"],"fileTypesAndContributionMap":{"txt":{"insertions":0,"deletions":1},"java":{"insertions":36,"deletions":36}}}]}]},"authorFileTypeContributionMap":{"wli-linda":{"java":493,"md":0,"fxml":0,"sh":0,"bat":1,"gradle":0,"txt":28}},"authorContributionVariance":{"wli-linda":7226.769},"authorDisplayNameMap":{"wli-linda":"F10-4 LI, ..NDAN"}}
