{"authorDailyContributionsMap":{"TianaiYan":[{"date":"2022-01-26","commitResults":[{"hash":"498c97868eaca34a8c98f0c891b0c1e9750fc103","messageTitle":"Add greeting and goodbye function","messageBody":"","tags":["Level-0"],"fileTypesAndContributionMap":{"java":{"insertions":24,"deletions":0}}},{"hash":"f19271c242395b760ddd45409e67579d18668a23","messageTitle":"Add echo function","messageBody":"","tags":["Level-1"],"fileTypesAndContributionMap":{"java":{"insertions":20,"deletions":1}}}]},{"date":"2022-01-27","commitResults":[{"hash":"accad84356106474ccfabb503ad91339a78bb0f4","messageTitle":"Finish add task function and print task function Complete Level-2","messageBody":"","tags":["Level-2"],"fileTypesAndContributionMap":{"java":{"insertions":20,"deletions":6}}},{"hash":"9926d60ef8efe10cc50cf8f3e7ffa5e474846cf5","messageTitle":"Add task class Add task list class Update main to use task class and task list class Add mark task done and unmark function","messageBody":"","tags":["Level-3","A-CodingStandard"],"fileTypesAndContributionMap":{"java":{"insertions":97,"deletions":41}}}]},{"date":"2022-02-01","commitResults":[{"hash":"845dcab341b0579a575bac60f89f5ab97606c4f6","messageTitle":"Add support for tracking three types of tasks (Todos, Deadline, Events)","messageBody":"","tags":["Level-4"],"fileTypesAndContributionMap":{"java":{"insertions":95,"deletions":28}}}]},{"date":"2022-02-02","commitResults":[{"hash":"38e751d431aa21211a09c168b9b9f37f23be62b2","messageTitle":"Improve code quality","messageBody":"","tags":["A-CodeQuality"],"fileTypesAndContributionMap":{"java":{"insertions":12,"deletions":8}}}]},{"date":"2022-02-10","commitResults":[{"hash":"b9b2c3bbe3ba5090cf80ce68859d5f8823625b89","messageTitle":"Add error handler","messageBody":"","tags":["A-Exceptions"],"fileTypesAndContributionMap":{"java":{"insertions":110,"deletions":33}}},{"hash":"eb6667c42dbf9e81ade0b01375eef11f69fe7d53","messageTitle":"Organize into packages","messageBody":"","fileTypesAndContributionMap":{"java":{"insertions":21,"deletions":0}}}]},{"date":"2022-02-17","commitResults":[{"hash":"2bf5193d39eacf3e94db2a8322c02a67ccf199c7","messageTitle":"Add A-Collections","messageBody":"","tags":["A-Collections"],"fileTypesAndContributionMap":{"java":{"insertions":35,"deletions":30}}},{"hash":"71500d264df4d3f0772232427e1f4e0c2cef349a","messageTitle":"Add Level 6 Delete","messageBody":"Add support for deleting tasks from the list\n","tags":["Level-6"],"fileTypesAndContributionMap":{"java":{"insertions":35,"deletions":17}}},{"hash":"50995ffb16daa10b3b25fddae12543a39bb53841","messageTitle":"Add Level 7 Save","messageBody":"","tags":["Level-7"],"fileTypesAndContributionMap":{"txt":{"insertions":44,"deletions":0},"java":{"insertions":124,"deletions":3}}},{"hash":"19bc5cd7352bd91b4336d390008cc7f90c9eaa95","messageTitle":"Fix some bugs","messageBody":"","fileTypesAndContributionMap":{"java":{"insertions":30,"deletions":24}}}]}]},"authorFileTypeContributionMap":{"TianaiYan":{"java":433,"md":0,"fxml":0,"sh":0,"bat":0,"gradle":0,"txt":44}},"authorContributionVariance":{"TianaiYan":4779.336},"authorDisplayNameMap":{"TianaiYan":"CS2113T-T09-2 YAN ..ANAI"}}
