[{"path":"src/main/java/Components/Deadline.java","fileType":"java","lines":[{"lineNumber":1,"author":{"gitId":"allyfern72"},"content":"package Components;","lastModifiedDate":"2022-02-04"},{"lineNumber":2,"author":{"gitId":"allyfern72"},"content":"","lastModifiedDate":"2022-02-04"},{"lineNumber":3,"author":{"gitId":"allyfern72"},"content":"public class Deadline extends Task {","lastModifiedDate":"2022-02-04"},{"lineNumber":4,"author":{"gitId":"allyfern72"},"content":"    private String dateTime;","lastModifiedDate":"2022-02-10"},{"lineNumber":5,"author":{"gitId":"allyfern72"},"content":"","lastModifiedDate":"2022-02-04"},{"lineNumber":6,"author":{"gitId":"allyfern72"},"content":"    public Deadline(String description, String dateTime) {","lastModifiedDate":"2022-02-04"},{"lineNumber":7,"author":{"gitId":"allyfern72"},"content":"        super(description);","lastModifiedDate":"2022-02-04"},{"lineNumber":8,"author":{"gitId":"allyfern72"},"content":"        this.dateTime \u003d dateTime;","lastModifiedDate":"2022-02-04"},{"lineNumber":9,"author":{"gitId":"allyfern72"},"content":"    }","lastModifiedDate":"2022-02-04"},{"lineNumber":10,"author":{"gitId":"allyfern72"},"content":"","lastModifiedDate":"2022-02-04"},{"lineNumber":11,"author":{"gitId":"allyfern72"},"content":"    public String getDateTime() {","lastModifiedDate":"2022-02-04"},{"lineNumber":12,"author":{"gitId":"allyfern72"},"content":"        return dateTime;","lastModifiedDate":"2022-02-04"},{"lineNumber":13,"author":{"gitId":"allyfern72"},"content":"    }","lastModifiedDate":"2022-02-04"},{"lineNumber":14,"author":{"gitId":"allyfern72"},"content":"","lastModifiedDate":"2022-02-04"},{"lineNumber":15,"author":{"gitId":"allyfern72"},"content":"    public void setDateTime(String dateTime) {","lastModifiedDate":"2022-02-18"},{"lineNumber":16,"author":{"gitId":"allyfern72"},"content":"        this.dateTime \u003d dateTime;","lastModifiedDate":"2022-02-18"},{"lineNumber":17,"author":{"gitId":"allyfern72"},"content":"    }","lastModifiedDate":"2022-02-18"},{"lineNumber":18,"author":{"gitId":"allyfern72"},"content":"","lastModifiedDate":"2022-02-18"},{"lineNumber":19,"author":{"gitId":"allyfern72"},"content":"    public String toString() {","lastModifiedDate":"2022-02-04"},{"lineNumber":20,"author":{"gitId":"allyfern72"},"content":"        return \"[D]\" + super.toString() + \" (by: \" + getDateTime() + \")\";","lastModifiedDate":"2022-02-10"},{"lineNumber":21,"author":{"gitId":"allyfern72"},"content":"    }","lastModifiedDate":"2022-02-04"},{"lineNumber":22,"author":{"gitId":"allyfern72"},"content":"}","lastModifiedDate":"2022-02-04"}],"authorContributionMap":{"allyfern72":22}},{"path":"src/main/java/Components/Event.java","fileType":"java","lines":[{"lineNumber":1,"author":{"gitId":"allyfern72"},"content":"package Components;","lastModifiedDate":"2022-02-04"},{"lineNumber":2,"author":{"gitId":"allyfern72"},"content":"","lastModifiedDate":"2022-02-04"},{"lineNumber":3,"author":{"gitId":"allyfern72"},"content":"public class Event extends Task {","lastModifiedDate":"2022-02-04"},{"lineNumber":4,"author":{"gitId":"allyfern72"},"content":"    private String dateTime;","lastModifiedDate":"2022-02-10"},{"lineNumber":5,"author":{"gitId":"allyfern72"},"content":"","lastModifiedDate":"2022-02-04"},{"lineNumber":6,"author":{"gitId":"allyfern72"},"content":"    public Event(String description, String dateTime) {","lastModifiedDate":"2022-02-04"},{"lineNumber":7,"author":{"gitId":"allyfern72"},"content":"        super(description);","lastModifiedDate":"2022-02-04"},{"lineNumber":8,"author":{"gitId":"allyfern72"},"content":"        this.dateTime \u003d dateTime;","lastModifiedDate":"2022-02-04"},{"lineNumber":9,"author":{"gitId":"allyfern72"},"content":"    }","lastModifiedDate":"2022-02-04"},{"lineNumber":10,"author":{"gitId":"allyfern72"},"content":"","lastModifiedDate":"2022-02-04"},{"lineNumber":11,"author":{"gitId":"allyfern72"},"content":"    public String getDateTime() {","lastModifiedDate":"2022-02-04"},{"lineNumber":12,"author":{"gitId":"allyfern72"},"content":"        return dateTime;","lastModifiedDate":"2022-02-04"},{"lineNumber":13,"author":{"gitId":"allyfern72"},"content":"    }","lastModifiedDate":"2022-02-04"},{"lineNumber":14,"author":{"gitId":"allyfern72"},"content":"","lastModifiedDate":"2022-02-04"},{"lineNumber":15,"author":{"gitId":"allyfern72"},"content":"    public void setDateTime(String dateTime) {","lastModifiedDate":"2022-02-18"},{"lineNumber":16,"author":{"gitId":"allyfern72"},"content":"        this.dateTime \u003d dateTime;","lastModifiedDate":"2022-02-18"},{"lineNumber":17,"author":{"gitId":"allyfern72"},"content":"    }","lastModifiedDate":"2022-02-18"},{"lineNumber":18,"author":{"gitId":"allyfern72"},"content":"","lastModifiedDate":"2022-02-18"},{"lineNumber":19,"author":{"gitId":"allyfern72"},"content":"    public String toString() {","lastModifiedDate":"2022-02-04"},{"lineNumber":20,"author":{"gitId":"allyfern72"},"content":"        return \"[E]\" + super.toString() + \" (at: \" + getDateTime() + \")\";","lastModifiedDate":"2022-02-10"},{"lineNumber":21,"author":{"gitId":"allyfern72"},"content":"    }","lastModifiedDate":"2022-02-04"},{"lineNumber":22,"author":{"gitId":"allyfern72"},"content":"}","lastModifiedDate":"2022-02-04"}],"authorContributionMap":{"allyfern72":22}},{"path":"src/main/java/Components/Task.java","fileType":"java","lines":[{"lineNumber":1,"author":{"gitId":"allyfern72"},"content":"package Components;","lastModifiedDate":"2022-02-03"},{"lineNumber":2,"author":{"gitId":"allyfern72"},"content":"","lastModifiedDate":"2022-02-03"},{"lineNumber":3,"author":{"gitId":"allyfern72"},"content":"public class Task {","lastModifiedDate":"2022-01-27"},{"lineNumber":4,"author":{"gitId":"allyfern72"},"content":"    private String description;","lastModifiedDate":"2022-02-10"},{"lineNumber":5,"author":{"gitId":"allyfern72"},"content":"    private boolean isDone;","lastModifiedDate":"2022-02-10"},{"lineNumber":6,"author":{"gitId":"allyfern72"},"content":"","lastModifiedDate":"2022-01-27"},{"lineNumber":7,"author":{"gitId":"allyfern72"},"content":"    public Task() {","lastModifiedDate":"2022-02-04"},{"lineNumber":8,"author":{"gitId":"allyfern72"},"content":"        this.description \u003d null;","lastModifiedDate":"2022-02-04"},{"lineNumber":9,"author":{"gitId":"allyfern72"},"content":"        this.isDone \u003d false;","lastModifiedDate":"2022-02-04"},{"lineNumber":10,"author":{"gitId":"allyfern72"},"content":"    }","lastModifiedDate":"2022-02-04"},{"lineNumber":11,"author":{"gitId":"allyfern72"},"content":"","lastModifiedDate":"2022-02-04"},{"lineNumber":12,"author":{"gitId":"allyfern72"},"content":"    public Task(String description) {","lastModifiedDate":"2022-01-27"},{"lineNumber":13,"author":{"gitId":"allyfern72"},"content":"        this.description \u003d description;","lastModifiedDate":"2022-01-27"},{"lineNumber":14,"author":{"gitId":"allyfern72"},"content":"        this.isDone \u003d false;","lastModifiedDate":"2022-01-27"},{"lineNumber":15,"author":{"gitId":"allyfern72"},"content":"    }","lastModifiedDate":"2022-01-27"},{"lineNumber":16,"author":{"gitId":"allyfern72"},"content":"","lastModifiedDate":"2022-01-27"},{"lineNumber":17,"author":{"gitId":"allyfern72"},"content":"    public String getStatusIcon() {","lastModifiedDate":"2022-01-27"},{"lineNumber":18,"author":{"gitId":"allyfern72"},"content":"        // mark done task with X, undone task with space","lastModifiedDate":"2022-02-10"},{"lineNumber":19,"author":{"gitId":"allyfern72"},"content":"        return (isDone ? \"X\" : \" \");","lastModifiedDate":"2022-02-10"},{"lineNumber":20,"author":{"gitId":"allyfern72"},"content":"    }","lastModifiedDate":"2022-01-27"},{"lineNumber":21,"author":{"gitId":"allyfern72"},"content":"","lastModifiedDate":"2022-01-27"},{"lineNumber":22,"author":{"gitId":"allyfern72"},"content":"    public String toString() {","lastModifiedDate":"2022-01-27"},{"lineNumber":23,"author":{"gitId":"allyfern72"},"content":"        return \"[\" + getStatusIcon() + \"] \" + description;","lastModifiedDate":"2022-01-27"},{"lineNumber":24,"author":{"gitId":"allyfern72"},"content":"    }","lastModifiedDate":"2022-01-27"},{"lineNumber":25,"author":{"gitId":"allyfern72"},"content":"","lastModifiedDate":"2022-01-27"},{"lineNumber":26,"author":{"gitId":"allyfern72"},"content":"    public void setIsDone(boolean isDone) {","lastModifiedDate":"2022-01-27"},{"lineNumber":27,"author":{"gitId":"allyfern72"},"content":"        this.isDone \u003d isDone;","lastModifiedDate":"2022-01-27"},{"lineNumber":28,"author":{"gitId":"allyfern72"},"content":"    }","lastModifiedDate":"2022-01-27"},{"lineNumber":29,"author":{"gitId":"allyfern72"},"content":"}","lastModifiedDate":"2022-01-27"},{"lineNumber":30,"author":{"gitId":"allyfern72"},"content":"","lastModifiedDate":"2022-01-27"}],"authorContributionMap":{"allyfern72":30}},{"path":"src/main/java/Components/Todo.java","fileType":"java","lines":[{"lineNumber":1,"author":{"gitId":"allyfern72"},"content":"package Components;","lastModifiedDate":"2022-02-04"},{"lineNumber":2,"author":{"gitId":"allyfern72"},"content":"","lastModifiedDate":"2022-02-04"},{"lineNumber":3,"author":{"gitId":"allyfern72"},"content":"public class Todo extends Task {","lastModifiedDate":"2022-02-04"},{"lineNumber":4,"author":{"gitId":"allyfern72"},"content":"    public Todo (String description) {","lastModifiedDate":"2022-02-04"},{"lineNumber":5,"author":{"gitId":"allyfern72"},"content":"        super(description);","lastModifiedDate":"2022-02-04"},{"lineNumber":6,"author":{"gitId":"allyfern72"},"content":"    }","lastModifiedDate":"2022-02-04"},{"lineNumber":7,"author":{"gitId":"allyfern72"},"content":"","lastModifiedDate":"2022-02-04"},{"lineNumber":8,"author":{"gitId":"allyfern72"},"content":"    public String toString() {","lastModifiedDate":"2022-02-04"},{"lineNumber":9,"author":{"gitId":"allyfern72"},"content":"        return \"[T]\" + super.toString();","lastModifiedDate":"2022-02-10"},{"lineNumber":10,"author":{"gitId":"allyfern72"},"content":"    }","lastModifiedDate":"2022-02-04"},{"lineNumber":11,"author":{"gitId":"allyfern72"},"content":"}","lastModifiedDate":"2022-02-04"}],"authorContributionMap":{"allyfern72":11}},{"path":"src/main/java/Constants/BaoConstants.java","fileType":"java","lines":[{"lineNumber":1,"author":{"gitId":"allyfern72"},"content":"package Constants;","lastModifiedDate":"2022-02-11"},{"lineNumber":2,"author":{"gitId":"allyfern72"},"content":"","lastModifiedDate":"2022-02-11"},{"lineNumber":3,"author":{"gitId":"allyfern72"},"content":"public class BaoConstants {","lastModifiedDate":"2022-02-11"},{"lineNumber":4,"author":{"gitId":"allyfern72"},"content":"    public static final String LOGO \u003d \"\\t  ____       _       ___  \" + System.lineSeparator()","lastModifiedDate":"2022-02-11"},{"lineNumber":5,"author":{"gitId":"allyfern72"},"content":"            + \"\\t | __ )     / \\\\     / _ \\\\\" + System.lineSeparator()","lastModifiedDate":"2022-02-11"},{"lineNumber":6,"author":{"gitId":"allyfern72"},"content":"            + \"\\t |  _ \\\\    / _ \\\\   | | | |\" + System.lineSeparator()","lastModifiedDate":"2022-02-11"},{"lineNumber":7,"author":{"gitId":"allyfern72"},"content":"            + \"\\t | |_) |  / ___ \\\\  | |_| |\" + System.lineSeparator()","lastModifiedDate":"2022-02-11"},{"lineNumber":8,"author":{"gitId":"allyfern72"},"content":"            + \"\\t |____/  /_/   \\\\_\\\\  \\\\___/\";","lastModifiedDate":"2022-02-11"},{"lineNumber":9,"author":{"gitId":"allyfern72"},"content":"    public static final String LINE_BREAK \u003d \"______________________________________________________________________________________\"","lastModifiedDate":"2022-02-11"},{"lineNumber":10,"author":{"gitId":"allyfern72"},"content":"                                            + System.lineSeparator();","lastModifiedDate":"2022-02-11"},{"lineNumber":11,"author":{"gitId":"allyfern72"},"content":"","lastModifiedDate":"2022-02-11"},{"lineNumber":12,"author":{"gitId":"allyfern72"},"content":"}","lastModifiedDate":"2022-02-11"}],"authorContributionMap":{"allyfern72":12}},{"path":"src/main/java/Constants/TaskManagerConstants.java","fileType":"java","lines":[{"lineNumber":1,"author":{"gitId":"allyfern72"},"content":"package Constants;","lastModifiedDate":"2022-02-11"},{"lineNumber":2,"author":{"gitId":"allyfern72"},"content":"","lastModifiedDate":"2022-02-11"},{"lineNumber":3,"author":{"gitId":"allyfern72"},"content":"public class TaskManagerConstants {","lastModifiedDate":"2022-02-11"},{"lineNumber":4,"author":{"gitId":"allyfern72"},"content":"    public static final int MAX_TASKS \u003d 100;","lastModifiedDate":"2022-02-11"},{"lineNumber":5,"author":{"gitId":"allyfern72"},"content":"    public static final int TODO_LENGTH \u003d \"todo\".length();","lastModifiedDate":"2022-02-11"},{"lineNumber":6,"author":{"gitId":"allyfern72"},"content":"    public static final int DEADLINE_LENGTH \u003d \"deadline\".length();","lastModifiedDate":"2022-02-11"},{"lineNumber":7,"author":{"gitId":"allyfern72"},"content":"    public static final int EVENT_LENGTH \u003d \"event\".length();","lastModifiedDate":"2022-02-11"},{"lineNumber":8,"author":{"gitId":"allyfern72"},"content":"    public static final int DATETIME_DELIMITER_LENGTH \u003d \"/at\".length(); // \"/at\" and \"/by\" are of same length","lastModifiedDate":"2022-02-11"},{"lineNumber":9,"author":{"gitId":"allyfern72"},"content":"}","lastModifiedDate":"2022-02-11"}],"authorContributionMap":{"allyfern72":9}},{"path":"src/main/java/Exceptions/BadDateTimeFormatException.java","fileType":"java","lines":[{"lineNumber":1,"author":{"gitId":"allyfern72"},"content":"package Exceptions;","lastModifiedDate":"2022-02-11"},{"lineNumber":2,"author":{"gitId":"allyfern72"},"content":"","lastModifiedDate":"2022-02-11"},{"lineNumber":3,"author":{"gitId":"allyfern72"},"content":"public class BadDateTimeFormatException extends Exception {","lastModifiedDate":"2022-02-11"},{"lineNumber":4,"author":{"gitId":"allyfern72"},"content":"    public BadDateTimeFormatException(String message) {","lastModifiedDate":"2022-02-11"},{"lineNumber":5,"author":{"gitId":"allyfern72"},"content":"        super(message);","lastModifiedDate":"2022-02-11"},{"lineNumber":6,"author":{"gitId":"allyfern72"},"content":"    }","lastModifiedDate":"2022-02-11"},{"lineNumber":7,"author":{"gitId":"allyfern72"},"content":"}","lastModifiedDate":"2022-02-11"}],"authorContributionMap":{"allyfern72":7}},{"path":"src/main/java/Exceptions/BadIndexException.java","fileType":"java","lines":[{"lineNumber":1,"author":{"gitId":"allyfern72"},"content":"package Exceptions;","lastModifiedDate":"2022-02-11"},{"lineNumber":2,"author":{"gitId":"allyfern72"},"content":"","lastModifiedDate":"2022-02-11"},{"lineNumber":3,"author":{"gitId":"allyfern72"},"content":"public class BadIndexException extends Exception {","lastModifiedDate":"2022-02-11"},{"lineNumber":4,"author":{"gitId":"allyfern72"},"content":"    public BadIndexException(String message) {","lastModifiedDate":"2022-02-11"},{"lineNumber":5,"author":{"gitId":"allyfern72"},"content":"        super(message);","lastModifiedDate":"2022-02-11"},{"lineNumber":6,"author":{"gitId":"allyfern72"},"content":"    }","lastModifiedDate":"2022-02-11"},{"lineNumber":7,"author":{"gitId":"allyfern72"},"content":"}","lastModifiedDate":"2022-02-11"}],"authorContributionMap":{"allyfern72":7}},{"path":"src/main/java/Exceptions/BaoUnknownCommand.java","fileType":"java","lines":[{"lineNumber":1,"author":{"gitId":"allyfern72"},"content":"package Exceptions;","lastModifiedDate":"2022-02-11"},{"lineNumber":2,"author":{"gitId":"allyfern72"},"content":"","lastModifiedDate":"2022-02-11"},{"lineNumber":3,"author":{"gitId":"allyfern72"},"content":"public class BaoUnknownCommand extends Exception {","lastModifiedDate":"2022-02-11"},{"lineNumber":4,"author":{"gitId":"allyfern72"},"content":"    public BaoUnknownCommand(String message) {","lastModifiedDate":"2022-02-11"},{"lineNumber":5,"author":{"gitId":"allyfern72"},"content":"        super(message);","lastModifiedDate":"2022-02-11"},{"lineNumber":6,"author":{"gitId":"allyfern72"},"content":"    }","lastModifiedDate":"2022-02-11"},{"lineNumber":7,"author":{"gitId":"allyfern72"},"content":"}","lastModifiedDate":"2022-02-11"}],"authorContributionMap":{"allyfern72":7}},{"path":"src/main/java/Exceptions/MaxTaskException.java","fileType":"java","lines":[{"lineNumber":1,"author":{"gitId":"allyfern72"},"content":"package Exceptions;","lastModifiedDate":"2022-02-11"},{"lineNumber":2,"author":{"gitId":"allyfern72"},"content":"","lastModifiedDate":"2022-02-11"},{"lineNumber":3,"author":{"gitId":"allyfern72"},"content":"public class MaxTaskException extends Exception {","lastModifiedDate":"2022-02-11"},{"lineNumber":4,"author":{"gitId":"allyfern72"},"content":"    public MaxTaskException(String message) {","lastModifiedDate":"2022-02-11"},{"lineNumber":5,"author":{"gitId":"allyfern72"},"content":"        super(message);","lastModifiedDate":"2022-02-11"},{"lineNumber":6,"author":{"gitId":"allyfern72"},"content":"    }","lastModifiedDate":"2022-02-11"},{"lineNumber":7,"author":{"gitId":"allyfern72"},"content":"}","lastModifiedDate":"2022-02-11"}],"authorContributionMap":{"allyfern72":7}},{"path":"src/main/java/Exceptions/NoDateTimeException.java","fileType":"java","lines":[{"lineNumber":1,"author":{"gitId":"allyfern72"},"content":"package Exceptions;","lastModifiedDate":"2022-02-11"},{"lineNumber":2,"author":{"gitId":"allyfern72"},"content":"","lastModifiedDate":"2022-02-11"},{"lineNumber":3,"author":{"gitId":"allyfern72"},"content":"public class NoDateTimeException extends Exception {","lastModifiedDate":"2022-02-11"},{"lineNumber":4,"author":{"gitId":"allyfern72"},"content":"    public NoDateTimeException(String message) {","lastModifiedDate":"2022-02-11"},{"lineNumber":5,"author":{"gitId":"allyfern72"},"content":"        super(message);","lastModifiedDate":"2022-02-11"},{"lineNumber":6,"author":{"gitId":"allyfern72"},"content":"    }","lastModifiedDate":"2022-02-11"},{"lineNumber":7,"author":{"gitId":"allyfern72"},"content":"}","lastModifiedDate":"2022-02-11"}],"authorContributionMap":{"allyfern72":7}},{"path":"src/main/java/Exceptions/NoTaskDescriptionException.java","fileType":"java","lines":[{"lineNumber":1,"author":{"gitId":"allyfern72"},"content":"package Exceptions;","lastModifiedDate":"2022-02-11"},{"lineNumber":2,"author":{"gitId":"allyfern72"},"content":"","lastModifiedDate":"2022-02-11"},{"lineNumber":3,"author":{"gitId":"allyfern72"},"content":"public class NoTaskDescriptionException extends Exception {","lastModifiedDate":"2022-02-11"},{"lineNumber":4,"author":{"gitId":"allyfern72"},"content":"    public NoTaskDescriptionException(String message) {","lastModifiedDate":"2022-02-11"},{"lineNumber":5,"author":{"gitId":"allyfern72"},"content":"        super(message);","lastModifiedDate":"2022-02-11"},{"lineNumber":6,"author":{"gitId":"allyfern72"},"content":"    }","lastModifiedDate":"2022-02-11"},{"lineNumber":7,"author":{"gitId":"allyfern72"},"content":"}","lastModifiedDate":"2022-02-11"}],"authorContributionMap":{"allyfern72":7}},{"path":"src/main/java/Main.java","fileType":"java","lines":[{"lineNumber":1,"author":{"gitId":"allyfern72"},"content":"import Managers.Bao;","lastModifiedDate":"2022-02-18"},{"lineNumber":2,"author":{"gitId":"allyfern72"},"content":"","lastModifiedDate":"2022-02-11"},{"lineNumber":3,"author":{"gitId":"allyfern72"},"content":"public class Main {","lastModifiedDate":"2022-02-11"},{"lineNumber":4,"author":{"gitId":"allyfern72"},"content":"    public static void main(String[] args){","lastModifiedDate":"2022-02-11"},{"lineNumber":5,"author":{"gitId":"allyfern72"},"content":"        Bao bao \u003d new Bao();","lastModifiedDate":"2022-02-18"},{"lineNumber":6,"author":{"gitId":"allyfern72"},"content":"        bao.initiateBao();","lastModifiedDate":"2022-02-18"},{"lineNumber":7,"author":{"gitId":"allyfern72"},"content":"    }","lastModifiedDate":"2022-02-11"},{"lineNumber":8,"author":{"gitId":"allyfern72"},"content":"}","lastModifiedDate":"2022-02-11"}],"authorContributionMap":{"allyfern72":8}},{"path":"src/main/java/Managers/Bao.java","fileType":"java","lines":[{"lineNumber":1,"author":{"gitId":"allyfern72"},"content":"package Managers;","lastModifiedDate":"2022-02-11"},{"lineNumber":2,"author":{"gitId":"allyfern72"},"content":"","lastModifiedDate":"2022-02-11"},{"lineNumber":3,"author":{"gitId":"allyfern72"},"content":"import java.util.Locale;","lastModifiedDate":"2022-02-11"},{"lineNumber":4,"author":{"gitId":"allyfern72"},"content":"import java.util.Scanner;","lastModifiedDate":"2022-02-11"},{"lineNumber":5,"author":{"gitId":"allyfern72"},"content":"","lastModifiedDate":"2022-02-10"},{"lineNumber":6,"author":{"gitId":"allyfern72"},"content":"import Components.Task;","lastModifiedDate":"2022-02-11"},{"lineNumber":7,"author":{"gitId":"allyfern72"},"content":"","lastModifiedDate":"2022-02-18"},{"lineNumber":8,"author":{"gitId":"allyfern72"},"content":"import Exceptions.BadDateTimeFormatException;","lastModifiedDate":"2022-02-18"},{"lineNumber":9,"author":{"gitId":"allyfern72"},"content":"import Exceptions.BadIndexException;","lastModifiedDate":"2022-02-18"},{"lineNumber":10,"author":{"gitId":"allyfern72"},"content":"import Exceptions.BaoUnknownCommand;","lastModifiedDate":"2022-02-18"},{"lineNumber":11,"author":{"gitId":"allyfern72"},"content":"import Exceptions.MaxTaskException;","lastModifiedDate":"2022-02-18"},{"lineNumber":12,"author":{"gitId":"allyfern72"},"content":"import Exceptions.NoDateTimeException;","lastModifiedDate":"2022-02-18"},{"lineNumber":13,"author":{"gitId":"allyfern72"},"content":"import Exceptions.NoTaskDescriptionException;","lastModifiedDate":"2022-02-18"},{"lineNumber":14,"author":{"gitId":"allyfern72"},"content":"","lastModifiedDate":"2022-02-03"},{"lineNumber":15,"author":{"gitId":"allyfern72"},"content":"import static Constants.BaoConstants.LOGO;","lastModifiedDate":"2022-02-11"},{"lineNumber":16,"author":{"gitId":"allyfern72"},"content":"import static Constants.BaoConstants.LINE_BREAK;","lastModifiedDate":"2022-02-11"},{"lineNumber":17,"author":{"gitId":"allyfern72"},"content":"","lastModifiedDate":"2022-01-20"},{"lineNumber":18,"author":{"gitId":"allyfern72"},"content":"public class Bao {","lastModifiedDate":"2022-01-27"},{"lineNumber":19,"author":{"gitId":"allyfern72"},"content":"    private static Scanner in \u003d new Scanner(System.in);","lastModifiedDate":"2022-01-27"},{"lineNumber":20,"author":{"gitId":"allyfern72"},"content":"    private static TaskManager taskManager;","lastModifiedDate":"2022-02-18"},{"lineNumber":21,"author":{"gitId":"allyfern72"},"content":"","lastModifiedDate":"2022-02-18"},{"lineNumber":22,"author":{"gitId":"allyfern72"},"content":"    public static void Bao() {","lastModifiedDate":"2022-02-18"},{"lineNumber":23,"author":{"gitId":"allyfern72"},"content":"        taskManager \u003d new TaskManager();","lastModifiedDate":"2022-02-18"},{"lineNumber":24,"author":{"gitId":"allyfern72"},"content":"    }","lastModifiedDate":"2022-02-18"},{"lineNumber":25,"author":{"gitId":"allyfern72"},"content":"","lastModifiedDate":"2022-01-27"},{"lineNumber":26,"author":{"gitId":"allyfern72"},"content":"    private static void greet() {","lastModifiedDate":"2022-01-27"},{"lineNumber":27,"author":{"gitId":"allyfern72"},"content":"        System.out.print(LINE_BREAK);","lastModifiedDate":"2022-02-11"},{"lineNumber":28,"author":{"gitId":"allyfern72"},"content":"        System.out.println(\"You have\" + System.lineSeparator()","lastModifiedDate":"2022-02-11"},{"lineNumber":29,"author":{"gitId":"allyfern72"},"content":"                          + LOGO + System.lineSeparator()","lastModifiedDate":"2022-02-11"},{"lineNumber":30,"author":{"gitId":"allyfern72"},"content":"                          + \"\\t\\t\\t\\t\\tat your service\");","lastModifiedDate":"2022-02-11"},{"lineNumber":31,"author":{"gitId":"allyfern72"},"content":"        System.out.println(\"Hello there! Bao here!\" + System.lineSeparator()","lastModifiedDate":"2022-02-10"},{"lineNumber":32,"author":{"gitId":"allyfern72"},"content":"                           + \"How can I help?\");","lastModifiedDate":"2022-02-10"},{"lineNumber":33,"author":{"gitId":"allyfern72"},"content":"        System.out.print(LINE_BREAK);","lastModifiedDate":"2022-02-11"},{"lineNumber":34,"author":{"gitId":"allyfern72"},"content":"    }","lastModifiedDate":"2022-01-20"},{"lineNumber":35,"author":{"gitId":"allyfern72"},"content":"","lastModifiedDate":"2022-01-20"},{"lineNumber":36,"author":{"gitId":"allyfern72"},"content":"    private static void serveUser(){","lastModifiedDate":"2022-02-11"},{"lineNumber":37,"author":{"gitId":"allyfern72"},"content":"        String userInput \u003d in.nextLine();","lastModifiedDate":"2022-02-11"},{"lineNumber":38,"author":{"gitId":"allyfern72"},"content":"","lastModifiedDate":"2022-02-11"},{"lineNumber":39,"author":{"gitId":"allyfern72"},"content":"        while (!userInput.equals(\"bye\")) {","lastModifiedDate":"2022-02-11"},{"lineNumber":40,"author":{"gitId":"allyfern72"},"content":"            try {","lastModifiedDate":"2022-02-11"},{"lineNumber":41,"author":{"gitId":"allyfern72"},"content":"                if (userInput.equalsIgnoreCase(\"list\")) {","lastModifiedDate":"2022-02-11"},{"lineNumber":42,"author":{"gitId":"allyfern72"},"content":"                    listTasks();","lastModifiedDate":"2022-02-11"},{"lineNumber":43,"author":{"gitId":"allyfern72"},"content":"                } else if (userInput.toLowerCase().startsWith (\"mark\")) {","lastModifiedDate":"2022-02-11"},{"lineNumber":44,"author":{"gitId":"allyfern72"},"content":"                    markTask(userInput);","lastModifiedDate":"2022-02-11"},{"lineNumber":45,"author":{"gitId":"allyfern72"},"content":"                } else if (userInput.toLowerCase().startsWith(\"unmark\")) {","lastModifiedDate":"2022-02-11"},{"lineNumber":46,"author":{"gitId":"allyfern72"},"content":"                    unmarkTask(userInput);","lastModifiedDate":"2022-02-11"},{"lineNumber":47,"author":{"gitId":"allyfern72"},"content":"                } else if (userInput.toLowerCase().startsWith(\"todo\")) {","lastModifiedDate":"2022-02-11"},{"lineNumber":48,"author":{"gitId":"allyfern72"},"content":"                    addToDo(userInput);","lastModifiedDate":"2022-02-11"},{"lineNumber":49,"author":{"gitId":"allyfern72"},"content":"                } else if (userInput.toLowerCase().startsWith(\"deadline\")) {","lastModifiedDate":"2022-02-11"},{"lineNumber":50,"author":{"gitId":"allyfern72"},"content":"                    addDeadline(userInput);","lastModifiedDate":"2022-02-11"},{"lineNumber":51,"author":{"gitId":"allyfern72"},"content":"                } else if (userInput.toLowerCase().startsWith(\"event\")) {","lastModifiedDate":"2022-02-11"},{"lineNumber":52,"author":{"gitId":"allyfern72"},"content":"                    addEvent(userInput);","lastModifiedDate":"2022-02-11"},{"lineNumber":53,"author":{"gitId":"allyfern72"},"content":"                } else if (userInput.toLowerCase().startsWith(\"delete\")) {","lastModifiedDate":"2022-02-18"},{"lineNumber":54,"author":{"gitId":"allyfern72"},"content":"                    deleteTask(userInput);","lastModifiedDate":"2022-02-18"},{"lineNumber":55,"author":{"gitId":"allyfern72"},"content":"                } else {","lastModifiedDate":"2022-02-11"},{"lineNumber":56,"author":{"gitId":"allyfern72"},"content":"                    throw new BaoUnknownCommand(userInput + \" is an unknown command.\");","lastModifiedDate":"2022-02-11"},{"lineNumber":57,"author":{"gitId":"allyfern72"},"content":"                }","lastModifiedDate":"2022-02-11"},{"lineNumber":58,"author":{"gitId":"allyfern72"},"content":"            } catch (BaoUnknownCommand e) {","lastModifiedDate":"2022-02-11"},{"lineNumber":59,"author":{"gitId":"allyfern72"},"content":"                System.out.print(LINE_BREAK);","lastModifiedDate":"2022-02-11"},{"lineNumber":60,"author":{"gitId":"allyfern72"},"content":"                System.out.println(\"OOPS!! I do not understand that.\");","lastModifiedDate":"2022-02-11"},{"lineNumber":61,"author":{"gitId":"allyfern72"},"content":"                System.out.print(LINE_BREAK);","lastModifiedDate":"2022-02-11"},{"lineNumber":62,"author":{"gitId":"allyfern72"},"content":"            }","lastModifiedDate":"2022-02-11"},{"lineNumber":63,"author":{"gitId":"allyfern72"},"content":"            userInput \u003d in.nextLine();","lastModifiedDate":"2022-02-11"},{"lineNumber":64,"author":{"gitId":"allyfern72"},"content":"        }","lastModifiedDate":"2022-02-11"},{"lineNumber":65,"author":{"gitId":"allyfern72"},"content":"    }","lastModifiedDate":"2022-02-11"},{"lineNumber":66,"author":{"gitId":"allyfern72"},"content":"","lastModifiedDate":"2022-02-11"},{"lineNumber":67,"author":{"gitId":"allyfern72"},"content":"    private static void farewell() {","lastModifiedDate":"2022-02-11"},{"lineNumber":68,"author":{"gitId":"allyfern72"},"content":"        System.out.print(LINE_BREAK);","lastModifiedDate":"2022-02-11"},{"lineNumber":69,"author":{"gitId":"allyfern72"},"content":"        System.out.println(\"Alright, goodbye. See you later alligator!\");","lastModifiedDate":"2022-02-11"},{"lineNumber":70,"author":{"gitId":"allyfern72"},"content":"        System.out.print(LINE_BREAK);","lastModifiedDate":"2022-02-11"},{"lineNumber":71,"author":{"gitId":"allyfern72"},"content":"    }","lastModifiedDate":"2022-02-11"},{"lineNumber":72,"author":{"gitId":"allyfern72"},"content":"","lastModifiedDate":"2022-02-11"},{"lineNumber":73,"author":{"gitId":"allyfern72"},"content":"    private static void addedTaskMessage(Task task) {","lastModifiedDate":"2022-02-10"},{"lineNumber":74,"author":{"gitId":"allyfern72"},"content":"        System.out.print(LINE_BREAK);","lastModifiedDate":"2022-02-11"},{"lineNumber":75,"author":{"gitId":"allyfern72"},"content":"        System.out.println(\"Yup yup yup, \" + System.lineSeparator()","lastModifiedDate":"2022-02-10"},{"lineNumber":76,"author":{"gitId":"allyfern72"},"content":"                          + task.toString() + \",\" + System.lineSeparator()","lastModifiedDate":"2022-02-10"},{"lineNumber":77,"author":{"gitId":"allyfern72"},"content":"                          + \"annnd there we go, it\u0027s been added!\" + System.lineSeparator()","lastModifiedDate":"2022-02-10"},{"lineNumber":78,"author":{"gitId":"allyfern72"},"content":"                          + \"You have \" + taskManager.getNumTasks() + \" tasks in the list.\");","lastModifiedDate":"2022-02-18"},{"lineNumber":79,"author":{"gitId":"allyfern72"},"content":"        System.out.print(LINE_BREAK);","lastModifiedDate":"2022-02-11"},{"lineNumber":80,"author":{"gitId":"allyfern72"},"content":"    }","lastModifiedDate":"2022-01-27"},{"lineNumber":81,"author":{"gitId":"allyfern72"},"content":"","lastModifiedDate":"2022-01-27"},{"lineNumber":82,"author":{"gitId":"allyfern72"},"content":"    private static void deleteTaskMessage(Task task) {","lastModifiedDate":"2022-02-18"},{"lineNumber":83,"author":{"gitId":"allyfern72"},"content":"        System.out.print(LINE_BREAK);","lastModifiedDate":"2022-02-18"},{"lineNumber":84,"author":{"gitId":"allyfern72"},"content":"        System.out.println(\"You wanna see a magic trick? Now you see this: \" + System.lineSeparator()","lastModifiedDate":"2022-02-18"},{"lineNumber":85,"author":{"gitId":"allyfern72"},"content":"                + task.toString() + \",\" + System.lineSeparator()","lastModifiedDate":"2022-02-18"},{"lineNumber":86,"author":{"gitId":"allyfern72"},"content":"                + \"AND NOW, you don\u0027t!\" + System.lineSeparator()","lastModifiedDate":"2022-02-18"},{"lineNumber":87,"author":{"gitId":"allyfern72"},"content":"                + \"Check behind your ear, for you still have \" + TaskManager.getNumTasks() + \" tasks in the list.\");","lastModifiedDate":"2022-02-18"},{"lineNumber":88,"author":{"gitId":"allyfern72"},"content":"        System.out.print(LINE_BREAK);","lastModifiedDate":"2022-02-18"},{"lineNumber":89,"author":{"gitId":"allyfern72"},"content":"    }","lastModifiedDate":"2022-02-18"},{"lineNumber":90,"author":{"gitId":"allyfern72"},"content":"","lastModifiedDate":"2022-02-18"},{"lineNumber":91,"author":{"gitId":"allyfern72"},"content":"    private static void deleteTask(String msg) {","lastModifiedDate":"2022-02-18"},{"lineNumber":92,"author":{"gitId":"allyfern72"},"content":"        try{","lastModifiedDate":"2022-02-18"},{"lineNumber":93,"author":{"gitId":"allyfern72"},"content":"            Task deletedTask \u003d TaskManager.deleteTask(msg);","lastModifiedDate":"2022-02-18"},{"lineNumber":94,"author":{"gitId":"allyfern72"},"content":"            deleteTaskMessage(deletedTask);","lastModifiedDate":"2022-02-18"},{"lineNumber":95,"author":{"gitId":"allyfern72"},"content":"        } catch (NumberFormatException e) {","lastModifiedDate":"2022-02-18"},{"lineNumber":96,"author":{"gitId":"allyfern72"},"content":"            System.out.print(LINE_BREAK);","lastModifiedDate":"2022-02-18"},{"lineNumber":97,"author":{"gitId":"allyfern72"},"content":"            System.out.println(\"I need a task number to work with.\");","lastModifiedDate":"2022-02-18"},{"lineNumber":98,"author":{"gitId":"allyfern72"},"content":"            System.out.print(LINE_BREAK);","lastModifiedDate":"2022-02-18"},{"lineNumber":99,"author":{"gitId":"allyfern72"},"content":"        } catch (BadIndexException e) {","lastModifiedDate":"2022-02-18"},{"lineNumber":100,"author":{"gitId":"allyfern72"},"content":"            System.out.println(\"Give me a task number, just, any other number.\");","lastModifiedDate":"2022-02-18"},{"lineNumber":101,"author":{"gitId":"allyfern72"},"content":"            listTasks();","lastModifiedDate":"2022-02-18"},{"lineNumber":102,"author":{"gitId":"allyfern72"},"content":"        }","lastModifiedDate":"2022-02-18"},{"lineNumber":103,"author":{"gitId":"allyfern72"},"content":"    }","lastModifiedDate":"2022-02-18"},{"lineNumber":104,"author":{"gitId":"allyfern72"},"content":"","lastModifiedDate":"2022-02-18"},{"lineNumber":105,"author":{"gitId":"allyfern72"},"content":"    private static void addToDo(String msg) {","lastModifiedDate":"2022-02-04"},{"lineNumber":106,"author":{"gitId":"allyfern72"},"content":"        try{","lastModifiedDate":"2022-02-11"},{"lineNumber":107,"author":{"gitId":"allyfern72"},"content":"            taskManager.addToDo(msg);","lastModifiedDate":"2022-02-18"},{"lineNumber":108,"author":{"gitId":"allyfern72"},"content":"            addedTaskMessage(taskManager.getLastTask());","lastModifiedDate":"2022-02-18"},{"lineNumber":109,"author":{"gitId":"allyfern72"},"content":"        } catch (NoTaskDescriptionException e) {","lastModifiedDate":"2022-02-11"},{"lineNumber":110,"author":{"gitId":"allyfern72"},"content":"            System.out.println(\"You ain\u0027t fooling me with empty tasks!\");","lastModifiedDate":"2022-02-11"},{"lineNumber":111,"author":{"gitId":"allyfern72"},"content":"        } catch (MaxTaskException e) {","lastModifiedDate":"2022-02-11"},{"lineNumber":112,"author":{"gitId":"allyfern72"},"content":"            System.out.println(\"Hey! Calm down, Charlie Brown. You\u0027ve too many on your plate right now.\");","lastModifiedDate":"2022-02-11"},{"lineNumber":113,"author":{"gitId":"allyfern72"},"content":"        }","lastModifiedDate":"2022-02-11"},{"lineNumber":114,"author":{"gitId":"allyfern72"},"content":"    }","lastModifiedDate":"2022-02-04"},{"lineNumber":115,"author":{"gitId":"allyfern72"},"content":"","lastModifiedDate":"2022-02-04"},{"lineNumber":116,"author":{"gitId":"allyfern72"},"content":"    private static void addDeadline(String msg) {","lastModifiedDate":"2022-02-04"},{"lineNumber":117,"author":{"gitId":"allyfern72"},"content":"        try {","lastModifiedDate":"2022-02-11"},{"lineNumber":118,"author":{"gitId":"allyfern72"},"content":"            taskManager.addDeadline(msg);","lastModifiedDate":"2022-02-18"},{"lineNumber":119,"author":{"gitId":"allyfern72"},"content":"            addedTaskMessage(taskManager.getLastTask());","lastModifiedDate":"2022-02-18"},{"lineNumber":120,"author":{"gitId":"allyfern72"},"content":"        } catch (BadDateTimeFormatException e) {","lastModifiedDate":"2022-02-11"},{"lineNumber":121,"author":{"gitId":"allyfern72"},"content":"            System.out.print(LINE_BREAK);","lastModifiedDate":"2022-02-11"},{"lineNumber":122,"author":{"gitId":"allyfern72"},"content":"            System.out.println(\"Include a deadline with \\\"/by\\\".\");","lastModifiedDate":"2022-02-11"},{"lineNumber":123,"author":{"gitId":"allyfern72"},"content":"            System.out.print(LINE_BREAK);","lastModifiedDate":"2022-02-11"},{"lineNumber":124,"author":{"gitId":"allyfern72"},"content":"        } catch (NoTaskDescriptionException e) {","lastModifiedDate":"2022-02-11"},{"lineNumber":125,"author":{"gitId":"allyfern72"},"content":"            System.out.print(LINE_BREAK);","lastModifiedDate":"2022-02-11"},{"lineNumber":126,"author":{"gitId":"allyfern72"},"content":"            System.out.println(\"You ain\u0027t fooling me with an empty task!\");","lastModifiedDate":"2022-02-11"},{"lineNumber":127,"author":{"gitId":"allyfern72"},"content":"            System.out.print(LINE_BREAK);","lastModifiedDate":"2022-02-11"},{"lineNumber":128,"author":{"gitId":"allyfern72"},"content":"        } catch (NoDateTimeException e) {","lastModifiedDate":"2022-02-11"},{"lineNumber":129,"author":{"gitId":"allyfern72"},"content":"            System.out.print(LINE_BREAK);","lastModifiedDate":"2022-02-11"},{"lineNumber":130,"author":{"gitId":"allyfern72"},"content":"            System.out.println(\"Deadlines work better when there\u0027s a deadline!\");","lastModifiedDate":"2022-02-11"},{"lineNumber":131,"author":{"gitId":"allyfern72"},"content":"            System.out.print(LINE_BREAK);","lastModifiedDate":"2022-02-11"},{"lineNumber":132,"author":{"gitId":"allyfern72"},"content":"        } catch (MaxTaskException e) {","lastModifiedDate":"2022-02-11"},{"lineNumber":133,"author":{"gitId":"allyfern72"},"content":"            System.out.print(LINE_BREAK);","lastModifiedDate":"2022-02-11"},{"lineNumber":134,"author":{"gitId":"allyfern72"},"content":"            System.out.println(\"Calm down, Charlie Brown! You have too much on your plate at the moment.\");","lastModifiedDate":"2022-02-11"},{"lineNumber":135,"author":{"gitId":"allyfern72"},"content":"            System.out.print(LINE_BREAK);","lastModifiedDate":"2022-02-11"},{"lineNumber":136,"author":{"gitId":"allyfern72"},"content":"        }","lastModifiedDate":"2022-02-11"},{"lineNumber":137,"author":{"gitId":"allyfern72"},"content":"    }","lastModifiedDate":"2022-02-04"},{"lineNumber":138,"author":{"gitId":"allyfern72"},"content":"","lastModifiedDate":"2022-02-04"},{"lineNumber":139,"author":{"gitId":"allyfern72"},"content":"    private static void addEvent(String msg) {","lastModifiedDate":"2022-02-04"},{"lineNumber":140,"author":{"gitId":"allyfern72"},"content":"        try {","lastModifiedDate":"2022-02-11"},{"lineNumber":141,"author":{"gitId":"allyfern72"},"content":"            taskManager.addEvent(msg);","lastModifiedDate":"2022-02-18"},{"lineNumber":142,"author":{"gitId":"allyfern72"},"content":"            addedTaskMessage(taskManager.getLastTask());","lastModifiedDate":"2022-02-18"},{"lineNumber":143,"author":{"gitId":"allyfern72"},"content":"        } catch (BadDateTimeFormatException e) {","lastModifiedDate":"2022-02-11"},{"lineNumber":144,"author":{"gitId":"allyfern72"},"content":"            System.out.print(LINE_BREAK);","lastModifiedDate":"2022-02-11"},{"lineNumber":145,"author":{"gitId":"allyfern72"},"content":"            System.out.println(\"Include a date with \\\"/at\\\".\");","lastModifiedDate":"2022-02-11"},{"lineNumber":146,"author":{"gitId":"allyfern72"},"content":"            System.out.print(LINE_BREAK);","lastModifiedDate":"2022-02-11"},{"lineNumber":147,"author":{"gitId":"allyfern72"},"content":"        } catch (NoTaskDescriptionException e) {","lastModifiedDate":"2022-02-11"},{"lineNumber":148,"author":{"gitId":"allyfern72"},"content":"            System.out.print(LINE_BREAK);","lastModifiedDate":"2022-02-11"},{"lineNumber":149,"author":{"gitId":"allyfern72"},"content":"            System.out.println(\"Need more details on this event, Boss!\");","lastModifiedDate":"2022-02-11"},{"lineNumber":150,"author":{"gitId":"allyfern72"},"content":"            System.out.print(LINE_BREAK);","lastModifiedDate":"2022-02-11"},{"lineNumber":151,"author":{"gitId":"allyfern72"},"content":"        } catch (NoDateTimeException e) {","lastModifiedDate":"2022-02-11"},{"lineNumber":152,"author":{"gitId":"allyfern72"},"content":"            System.out.print(LINE_BREAK);","lastModifiedDate":"2022-02-11"},{"lineNumber":153,"author":{"gitId":"allyfern72"},"content":"            System.out.println(\"When\u0027s it happening?\");","lastModifiedDate":"2022-02-11"},{"lineNumber":154,"author":{"gitId":"allyfern72"},"content":"            System.out.print(LINE_BREAK);","lastModifiedDate":"2022-02-11"},{"lineNumber":155,"author":{"gitId":"allyfern72"},"content":"        } catch (MaxTaskException e) {","lastModifiedDate":"2022-02-11"},{"lineNumber":156,"author":{"gitId":"allyfern72"},"content":"            System.out.print(LINE_BREAK);","lastModifiedDate":"2022-02-11"},{"lineNumber":157,"author":{"gitId":"allyfern72"},"content":"            System.out.println(\"Calm down, Charlie Brown! You have too much on your plate at the moment.\");","lastModifiedDate":"2022-02-11"},{"lineNumber":158,"author":{"gitId":"allyfern72"},"content":"            System.out.print(LINE_BREAK);","lastModifiedDate":"2022-02-11"},{"lineNumber":159,"author":{"gitId":"allyfern72"},"content":"        }","lastModifiedDate":"2022-02-11"},{"lineNumber":160,"author":{"gitId":"allyfern72"},"content":"    }","lastModifiedDate":"2022-02-04"},{"lineNumber":161,"author":{"gitId":"allyfern72"},"content":"","lastModifiedDate":"2022-02-04"},{"lineNumber":162,"author":{"gitId":"allyfern72"},"content":"    private static void markTask(String msg) {","lastModifiedDate":"2022-01-27"},{"lineNumber":163,"author":{"gitId":"allyfern72"},"content":"        try {","lastModifiedDate":"2022-02-11"},{"lineNumber":164,"author":{"gitId":"allyfern72"},"content":"            System.out.print(LINE_BREAK);","lastModifiedDate":"2022-02-11"},{"lineNumber":165,"author":{"gitId":"allyfern72"},"content":"            taskManager.markTask(msg);","lastModifiedDate":"2022-02-18"},{"lineNumber":166,"author":{"gitId":"allyfern72"},"content":"            System.out.println(\"Boom! Another task done already???\");","lastModifiedDate":"2022-01-27"},{"lineNumber":167,"author":{"gitId":"allyfern72"},"content":"            System.out.print(LINE_BREAK);","lastModifiedDate":"2022-02-11"},{"lineNumber":168,"author":{"gitId":"allyfern72"},"content":"        } catch (NumberFormatException e) {","lastModifiedDate":"2022-02-11"},{"lineNumber":169,"author":{"gitId":"allyfern72"},"content":"            System.out.println(\"So close! You just need to provide me the task number to mark.\");","lastModifiedDate":"2022-02-11"},{"lineNumber":170,"author":{"gitId":"allyfern72"},"content":"            System.out.print(LINE_BREAK);","lastModifiedDate":"2022-02-11"},{"lineNumber":171,"author":{"gitId":"allyfern72"},"content":"        } catch (BadIndexException e) {","lastModifiedDate":"2022-02-11"},{"lineNumber":172,"author":{"gitId":"allyfern72"},"content":"            System.out.println(\"I\u0027ve checked and double checked. There is no such task.\");","lastModifiedDate":"2022-02-11"},{"lineNumber":173,"author":{"gitId":"allyfern72"},"content":"            listTasks();","lastModifiedDate":"2022-02-11"},{"lineNumber":174,"author":{"gitId":"allyfern72"},"content":"        }","lastModifiedDate":"2022-02-11"},{"lineNumber":175,"author":{"gitId":"allyfern72"},"content":"    }","lastModifiedDate":"2022-01-27"},{"lineNumber":176,"author":{"gitId":"allyfern72"},"content":"","lastModifiedDate":"2022-01-27"},{"lineNumber":177,"author":{"gitId":"allyfern72"},"content":"    private static void unmarkTask(String msg) {","lastModifiedDate":"2022-01-27"},{"lineNumber":178,"author":{"gitId":"allyfern72"},"content":"        try {","lastModifiedDate":"2022-02-11"},{"lineNumber":179,"author":{"gitId":"allyfern72"},"content":"            System.out.print(LINE_BREAK);","lastModifiedDate":"2022-02-11"},{"lineNumber":180,"author":{"gitId":"allyfern72"},"content":"            taskManager.unmarkTask(msg);","lastModifiedDate":"2022-02-18"},{"lineNumber":181,"author":{"gitId":"allyfern72"},"content":"            System.out.println(\"Oh oops, overlooked that one did we?\");","lastModifiedDate":"2022-01-27"},{"lineNumber":182,"author":{"gitId":"allyfern72"},"content":"            System.out.print(LINE_BREAK);","lastModifiedDate":"2022-02-11"},{"lineNumber":183,"author":{"gitId":"allyfern72"},"content":"        } catch (NumberFormatException e) {","lastModifiedDate":"2022-02-11"},{"lineNumber":184,"author":{"gitId":"allyfern72"},"content":"            System.out.println(\"Don\u0027t be embarrassed... What\u0027s the task number to unmark.\");","lastModifiedDate":"2022-02-11"},{"lineNumber":185,"author":{"gitId":"allyfern72"},"content":"            System.out.print(LINE_BREAK);","lastModifiedDate":"2022-02-11"},{"lineNumber":186,"author":{"gitId":"allyfern72"},"content":"        } catch (BadIndexException e) {","lastModifiedDate":"2022-02-11"},{"lineNumber":187,"author":{"gitId":"allyfern72"},"content":"            System.out.println(\"I\u0027ve checked and double checked. There is no such task.\");","lastModifiedDate":"2022-02-11"},{"lineNumber":188,"author":{"gitId":"allyfern72"},"content":"            listTasks();","lastModifiedDate":"2022-02-11"},{"lineNumber":189,"author":{"gitId":"allyfern72"},"content":"        }","lastModifiedDate":"2022-02-11"},{"lineNumber":190,"author":{"gitId":"allyfern72"},"content":"    }","lastModifiedDate":"2022-01-27"},{"lineNumber":191,"author":{"gitId":"allyfern72"},"content":"","lastModifiedDate":"2022-01-27"},{"lineNumber":192,"author":{"gitId":"allyfern72"},"content":"    private static void listTasks() {","lastModifiedDate":"2022-01-27"},{"lineNumber":193,"author":{"gitId":"allyfern72"},"content":"        System.out.print(LINE_BREAK);","lastModifiedDate":"2022-02-11"},{"lineNumber":194,"author":{"gitId":"allyfern72"},"content":"        System.out.println(\"Here are your tasks:\");","lastModifiedDate":"2022-02-11"},{"lineNumber":195,"author":{"gitId":"allyfern72"},"content":"        taskManager.listTasks();","lastModifiedDate":"2022-02-18"},{"lineNumber":196,"author":{"gitId":"allyfern72"},"content":"        System.out.print(LINE_BREAK);","lastModifiedDate":"2022-02-11"},{"lineNumber":197,"author":{"gitId":"allyfern72"},"content":"    }","lastModifiedDate":"2022-01-27"},{"lineNumber":198,"author":{"gitId":"allyfern72"},"content":"","lastModifiedDate":"2022-01-27"},{"lineNumber":199,"author":{"gitId":"allyfern72"},"content":"    private static void loadTasks() {","lastModifiedDate":"2022-02-18"},{"lineNumber":200,"author":{"gitId":"allyfern72"},"content":"        taskManager.loadTasklist();","lastModifiedDate":"2022-02-18"},{"lineNumber":201,"author":{"gitId":"allyfern72"},"content":"    }","lastModifiedDate":"2022-02-18"},{"lineNumber":202,"author":{"gitId":"allyfern72"},"content":"","lastModifiedDate":"2022-02-18"},{"lineNumber":203,"author":{"gitId":"allyfern72"},"content":"    public static void initiateBao() {","lastModifiedDate":"2022-02-11"},{"lineNumber":204,"author":{"gitId":"allyfern72"},"content":"        loadTasks();","lastModifiedDate":"2022-02-18"},{"lineNumber":205,"author":{"gitId":"allyfern72"},"content":"        greet();","lastModifiedDate":"2022-01-20"},{"lineNumber":206,"author":{"gitId":"allyfern72"},"content":"        serveUser();","lastModifiedDate":"2022-02-11"},{"lineNumber":207,"author":{"gitId":"allyfern72"},"content":"        farewell();","lastModifiedDate":"2022-01-20"},{"lineNumber":208,"author":{"gitId":"-"},"content":"    }","lastModifiedDate":"2019-07-29"},{"lineNumber":209,"author":{"gitId":"-"},"content":"}","lastModifiedDate":"2019-07-29"}],"authorContributionMap":{"allyfern72":207,"-":2}},{"path":"src/main/java/Managers/TaskListFileManager.java","fileType":"java","lines":[{"lineNumber":1,"author":{"gitId":"allyfern72"},"content":"package Managers;","lastModifiedDate":"2022-02-18"},{"lineNumber":2,"author":{"gitId":"allyfern72"},"content":"","lastModifiedDate":"2022-02-18"},{"lineNumber":3,"author":{"gitId":"allyfern72"},"content":"import java.io.File;","lastModifiedDate":"2022-02-18"},{"lineNumber":4,"author":{"gitId":"allyfern72"},"content":"import java.io.FileNotFoundException;","lastModifiedDate":"2022-02-18"},{"lineNumber":5,"author":{"gitId":"allyfern72"},"content":"import java.io.FileWriter;","lastModifiedDate":"2022-02-18"},{"lineNumber":6,"author":{"gitId":"allyfern72"},"content":"import java.io.IOException;","lastModifiedDate":"2022-02-18"},{"lineNumber":7,"author":{"gitId":"allyfern72"},"content":"import java.util.ArrayList;","lastModifiedDate":"2022-02-18"},{"lineNumber":8,"author":{"gitId":"allyfern72"},"content":"import java.util.Scanner;","lastModifiedDate":"2022-02-18"},{"lineNumber":9,"author":{"gitId":"allyfern72"},"content":"","lastModifiedDate":"2022-02-18"},{"lineNumber":10,"author":{"gitId":"allyfern72"},"content":"import Components.Deadline;","lastModifiedDate":"2022-02-18"},{"lineNumber":11,"author":{"gitId":"allyfern72"},"content":"import Components.Event;","lastModifiedDate":"2022-02-18"},{"lineNumber":12,"author":{"gitId":"allyfern72"},"content":"import Components.Task;","lastModifiedDate":"2022-02-18"},{"lineNumber":13,"author":{"gitId":"allyfern72"},"content":"import Components.Todo;","lastModifiedDate":"2022-02-18"},{"lineNumber":14,"author":{"gitId":"allyfern72"},"content":"","lastModifiedDate":"2022-02-18"},{"lineNumber":15,"author":{"gitId":"allyfern72"},"content":"public class TaskListFileManager {","lastModifiedDate":"2022-02-18"},{"lineNumber":16,"author":{"gitId":"allyfern72"},"content":"    private static final String DIR_PATH \u003d \"./data\";","lastModifiedDate":"2022-02-18"},{"lineNumber":17,"author":{"gitId":"allyfern72"},"content":"    private static final String FILE_PATH \u003d \"./data/tasklist.txt\";","lastModifiedDate":"2022-02-18"},{"lineNumber":18,"author":{"gitId":"allyfern72"},"content":"","lastModifiedDate":"2022-02-18"},{"lineNumber":19,"author":{"gitId":"allyfern72"},"content":"    private static Task taskStringToTask(String taskString) {","lastModifiedDate":"2022-02-18"},{"lineNumber":20,"author":{"gitId":"allyfern72"},"content":"        String[] taskStringSplit \u003d taskString.split(\"] \", 2);","lastModifiedDate":"2022-02-18"},{"lineNumber":21,"author":{"gitId":"allyfern72"},"content":"        char taskType \u003d taskStringSplit[0].charAt(1);","lastModifiedDate":"2022-02-18"},{"lineNumber":22,"author":{"gitId":"allyfern72"},"content":"        boolean isDone \u003d taskStringSplit[0].charAt(4) \u003d\u003d \u0027X\u0027;","lastModifiedDate":"2022-02-18"},{"lineNumber":23,"author":{"gitId":"allyfern72"},"content":"","lastModifiedDate":"2022-02-18"},{"lineNumber":24,"author":{"gitId":"allyfern72"},"content":"        switch (taskType) {","lastModifiedDate":"2022-02-18"},{"lineNumber":25,"author":{"gitId":"allyfern72"},"content":"        case \u0027T\u0027:","lastModifiedDate":"2022-02-18"},{"lineNumber":26,"author":{"gitId":"allyfern72"},"content":"            Todo todo \u003d new Todo(taskStringSplit[1]);","lastModifiedDate":"2022-02-18"},{"lineNumber":27,"author":{"gitId":"allyfern72"},"content":"            todo.setIsDone(isDone);","lastModifiedDate":"2022-02-18"},{"lineNumber":28,"author":{"gitId":"allyfern72"},"content":"            return todo;","lastModifiedDate":"2022-02-18"},{"lineNumber":29,"author":{"gitId":"allyfern72"},"content":"        case \u0027E\u0027:","lastModifiedDate":"2022-02-18"},{"lineNumber":30,"author":{"gitId":"allyfern72"},"content":"            String[] eventDescSplit \u003d taskStringSplit[1].split(\" \\\\(at: \");","lastModifiedDate":"2022-02-18"},{"lineNumber":31,"author":{"gitId":"allyfern72"},"content":"            eventDescSplit[1] \u003d eventDescSplit[1].substring(0,eventDescSplit[1].length()-1);","lastModifiedDate":"2022-02-18"},{"lineNumber":32,"author":{"gitId":"allyfern72"},"content":"            Event event \u003d new Event(eventDescSplit[0], eventDescSplit[1]);","lastModifiedDate":"2022-02-18"},{"lineNumber":33,"author":{"gitId":"allyfern72"},"content":"            event.setIsDone(isDone);","lastModifiedDate":"2022-02-18"},{"lineNumber":34,"author":{"gitId":"allyfern72"},"content":"            return event;","lastModifiedDate":"2022-02-18"},{"lineNumber":35,"author":{"gitId":"allyfern72"},"content":"        case \u0027D\u0027:","lastModifiedDate":"2022-02-18"},{"lineNumber":36,"author":{"gitId":"allyfern72"},"content":"            String[] deadlineDescSplit \u003d taskStringSplit[1].split(\" \\\\(at: \");","lastModifiedDate":"2022-02-18"},{"lineNumber":37,"author":{"gitId":"allyfern72"},"content":"            deadlineDescSplit[1] \u003d deadlineDescSplit[1].substring(0,deadlineDescSplit[1].length()-1);","lastModifiedDate":"2022-02-18"},{"lineNumber":38,"author":{"gitId":"allyfern72"},"content":"            Deadline deadline \u003d new Deadline(deadlineDescSplit[0], deadlineDescSplit[1]);","lastModifiedDate":"2022-02-18"},{"lineNumber":39,"author":{"gitId":"allyfern72"},"content":"            deadline.setIsDone(isDone);","lastModifiedDate":"2022-02-18"},{"lineNumber":40,"author":{"gitId":"allyfern72"},"content":"            return deadline;","lastModifiedDate":"2022-02-18"},{"lineNumber":41,"author":{"gitId":"allyfern72"},"content":"        default:","lastModifiedDate":"2022-02-18"},{"lineNumber":42,"author":{"gitId":"allyfern72"},"content":"            return null;","lastModifiedDate":"2022-02-18"},{"lineNumber":43,"author":{"gitId":"allyfern72"},"content":"        }","lastModifiedDate":"2022-02-18"},{"lineNumber":44,"author":{"gitId":"allyfern72"},"content":"    }","lastModifiedDate":"2022-02-18"},{"lineNumber":45,"author":{"gitId":"allyfern72"},"content":"","lastModifiedDate":"2022-02-18"},{"lineNumber":46,"author":{"gitId":"allyfern72"},"content":"    static int loadTasklist(ArrayList\u003cTask\u003e tasks) throws IOException {","lastModifiedDate":"2022-02-18"},{"lineNumber":47,"author":{"gitId":"allyfern72"},"content":"        try {","lastModifiedDate":"2022-02-18"},{"lineNumber":48,"author":{"gitId":"allyfern72"},"content":"            File dataDir \u003d new File(DIR_PATH);","lastModifiedDate":"2022-02-18"},{"lineNumber":49,"author":{"gitId":"allyfern72"},"content":"            if (!dataDir.exists()) {","lastModifiedDate":"2022-02-18"},{"lineNumber":50,"author":{"gitId":"allyfern72"},"content":"                dataDir.mkdir();","lastModifiedDate":"2022-02-18"},{"lineNumber":51,"author":{"gitId":"allyfern72"},"content":"            }","lastModifiedDate":"2022-02-18"},{"lineNumber":52,"author":{"gitId":"allyfern72"},"content":"","lastModifiedDate":"2022-02-18"},{"lineNumber":53,"author":{"gitId":"allyfern72"},"content":"            File tasklistFile \u003d new File(FILE_PATH);","lastModifiedDate":"2022-02-18"},{"lineNumber":54,"author":{"gitId":"allyfern72"},"content":"            if (!tasklistFile.exists()) {","lastModifiedDate":"2022-02-18"},{"lineNumber":55,"author":{"gitId":"allyfern72"},"content":"                tasklistFile.createNewFile();","lastModifiedDate":"2022-02-18"},{"lineNumber":56,"author":{"gitId":"allyfern72"},"content":"            }","lastModifiedDate":"2022-02-18"},{"lineNumber":57,"author":{"gitId":"allyfern72"},"content":"","lastModifiedDate":"2022-02-18"},{"lineNumber":58,"author":{"gitId":"allyfern72"},"content":"            Scanner s \u003d new Scanner(tasklistFile);","lastModifiedDate":"2022-02-18"},{"lineNumber":59,"author":{"gitId":"allyfern72"},"content":"","lastModifiedDate":"2022-02-18"},{"lineNumber":60,"author":{"gitId":"allyfern72"},"content":"            while (s.hasNext()) {","lastModifiedDate":"2022-02-18"},{"lineNumber":61,"author":{"gitId":"allyfern72"},"content":"                String taskString \u003d s.nextLine();","lastModifiedDate":"2022-02-18"},{"lineNumber":62,"author":{"gitId":"allyfern72"},"content":"                tasks.add(taskStringToTask(taskString));","lastModifiedDate":"2022-02-18"},{"lineNumber":63,"author":{"gitId":"allyfern72"},"content":"            }","lastModifiedDate":"2022-02-18"},{"lineNumber":64,"author":{"gitId":"allyfern72"},"content":"","lastModifiedDate":"2022-02-18"},{"lineNumber":65,"author":{"gitId":"allyfern72"},"content":"            return tasks.size();","lastModifiedDate":"2022-02-18"},{"lineNumber":66,"author":{"gitId":"allyfern72"},"content":"        } catch (IOException e) {","lastModifiedDate":"2022-02-18"},{"lineNumber":67,"author":{"gitId":"allyfern72"},"content":"            throw e;","lastModifiedDate":"2022-02-18"},{"lineNumber":68,"author":{"gitId":"allyfern72"},"content":"        }","lastModifiedDate":"2022-02-18"},{"lineNumber":69,"author":{"gitId":"allyfern72"},"content":"    }","lastModifiedDate":"2022-02-18"},{"lineNumber":70,"author":{"gitId":"allyfern72"},"content":"","lastModifiedDate":"2022-02-18"},{"lineNumber":71,"author":{"gitId":"allyfern72"},"content":"    static void saveTasklist(ArrayList\u003cTask\u003e tasks) throws IOException {","lastModifiedDate":"2022-02-18"},{"lineNumber":72,"author":{"gitId":"allyfern72"},"content":"        try {","lastModifiedDate":"2022-02-18"},{"lineNumber":73,"author":{"gitId":"allyfern72"},"content":"            FileWriter fw \u003d new FileWriter(FILE_PATH);","lastModifiedDate":"2022-02-18"},{"lineNumber":74,"author":{"gitId":"allyfern72"},"content":"            fw.write(\"\");","lastModifiedDate":"2022-02-18"},{"lineNumber":75,"author":{"gitId":"allyfern72"},"content":"            fw.close();","lastModifiedDate":"2022-02-18"},{"lineNumber":76,"author":{"gitId":"allyfern72"},"content":"            fw \u003d new FileWriter(FILE_PATH,true);","lastModifiedDate":"2022-02-18"},{"lineNumber":77,"author":{"gitId":"allyfern72"},"content":"","lastModifiedDate":"2022-02-18"},{"lineNumber":78,"author":{"gitId":"allyfern72"},"content":"            for (int i \u003d 0; i \u003c tasks.size(); i++) {","lastModifiedDate":"2022-02-18"},{"lineNumber":79,"author":{"gitId":"allyfern72"},"content":"                fw.write(tasks.get(i).toString());","lastModifiedDate":"2022-02-18"},{"lineNumber":80,"author":{"gitId":"allyfern72"},"content":"            }","lastModifiedDate":"2022-02-18"},{"lineNumber":81,"author":{"gitId":"allyfern72"},"content":"            fw.close();","lastModifiedDate":"2022-02-18"},{"lineNumber":82,"author":{"gitId":"allyfern72"},"content":"        } catch (IOException e) {","lastModifiedDate":"2022-02-18"},{"lineNumber":83,"author":{"gitId":"allyfern72"},"content":"            throw e;","lastModifiedDate":"2022-02-18"},{"lineNumber":84,"author":{"gitId":"allyfern72"},"content":"        }","lastModifiedDate":"2022-02-18"},{"lineNumber":85,"author":{"gitId":"allyfern72"},"content":"    }","lastModifiedDate":"2022-02-18"},{"lineNumber":86,"author":{"gitId":"allyfern72"},"content":"}","lastModifiedDate":"2022-02-18"}],"authorContributionMap":{"allyfern72":86}},{"path":"src/main/java/Managers/TaskManager.java","fileType":"java","lines":[{"lineNumber":1,"author":{"gitId":"allyfern72"},"content":"package Managers;","lastModifiedDate":"2022-02-10"},{"lineNumber":2,"author":{"gitId":"allyfern72"},"content":"","lastModifiedDate":"2022-02-10"},{"lineNumber":3,"author":{"gitId":"allyfern72"},"content":"import java.util.ArrayList;","lastModifiedDate":"2022-02-18"},{"lineNumber":4,"author":{"gitId":"allyfern72"},"content":"","lastModifiedDate":"2022-02-18"},{"lineNumber":5,"author":{"gitId":"allyfern72"},"content":"import Components.Task;","lastModifiedDate":"2022-02-10"},{"lineNumber":6,"author":{"gitId":"allyfern72"},"content":"import Components.Todo;","lastModifiedDate":"2022-02-10"},{"lineNumber":7,"author":{"gitId":"allyfern72"},"content":"import Components.Deadline;","lastModifiedDate":"2022-02-10"},{"lineNumber":8,"author":{"gitId":"allyfern72"},"content":"import Components.Event;","lastModifiedDate":"2022-02-10"},{"lineNumber":9,"author":{"gitId":"allyfern72"},"content":"","lastModifiedDate":"2022-02-18"},{"lineNumber":10,"author":{"gitId":"allyfern72"},"content":"import Exceptions.BadDateTimeFormatException;","lastModifiedDate":"2022-02-18"},{"lineNumber":11,"author":{"gitId":"allyfern72"},"content":"import Exceptions.BadIndexException;","lastModifiedDate":"2022-02-18"},{"lineNumber":12,"author":{"gitId":"allyfern72"},"content":"import Exceptions.MaxTaskException;","lastModifiedDate":"2022-02-18"},{"lineNumber":13,"author":{"gitId":"allyfern72"},"content":"import Exceptions.NoDateTimeException;","lastModifiedDate":"2022-02-18"},{"lineNumber":14,"author":{"gitId":"allyfern72"},"content":"import Exceptions.NoTaskDescriptionException;","lastModifiedDate":"2022-02-18"},{"lineNumber":15,"author":{"gitId":"allyfern72"},"content":"","lastModifiedDate":"2022-02-18"},{"lineNumber":16,"author":{"gitId":"allyfern72"},"content":"","lastModifiedDate":"2022-02-10"},{"lineNumber":17,"author":{"gitId":"allyfern72"},"content":"import java.io.IOException;","lastModifiedDate":"2022-02-18"},{"lineNumber":18,"author":{"gitId":"allyfern72"},"content":"","lastModifiedDate":"2022-02-18"},{"lineNumber":19,"author":{"gitId":"allyfern72"},"content":"import static Constants.TaskManagerConstants.MAX_TASKS;","lastModifiedDate":"2022-02-11"},{"lineNumber":20,"author":{"gitId":"allyfern72"},"content":"import static Constants.TaskManagerConstants.TODO_LENGTH;","lastModifiedDate":"2022-02-11"},{"lineNumber":21,"author":{"gitId":"allyfern72"},"content":"import static Constants.TaskManagerConstants.DEADLINE_LENGTH;","lastModifiedDate":"2022-02-11"},{"lineNumber":22,"author":{"gitId":"allyfern72"},"content":"import static Constants.TaskManagerConstants.EVENT_LENGTH;","lastModifiedDate":"2022-02-11"},{"lineNumber":23,"author":{"gitId":"allyfern72"},"content":"import static Constants.TaskManagerConstants.DATETIME_DELIMITER_LENGTH;","lastModifiedDate":"2022-02-11"},{"lineNumber":24,"author":{"gitId":"allyfern72"},"content":"","lastModifiedDate":"2022-02-11"},{"lineNumber":25,"author":{"gitId":"allyfern72"},"content":"public class TaskManager {","lastModifiedDate":"2022-02-10"},{"lineNumber":26,"author":{"gitId":"allyfern72"},"content":"    private static ArrayList\u003cTask\u003e tasks \u003d new ArrayList\u003c\u003e();","lastModifiedDate":"2022-02-18"},{"lineNumber":27,"author":{"gitId":"allyfern72"},"content":"    private static int numTasks \u003d 0;","lastModifiedDate":"2022-02-10"},{"lineNumber":28,"author":{"gitId":"allyfern72"},"content":"","lastModifiedDate":"2022-02-10"},{"lineNumber":29,"author":{"gitId":"allyfern72"},"content":"    public static void TaskManager() {","lastModifiedDate":"2022-02-18"},{"lineNumber":30,"author":{"gitId":"allyfern72"},"content":"        numTasks \u003d 0;","lastModifiedDate":"2022-02-18"},{"lineNumber":31,"author":{"gitId":"allyfern72"},"content":"    }","lastModifiedDate":"2022-02-18"},{"lineNumber":32,"author":{"gitId":"allyfern72"},"content":"","lastModifiedDate":"2022-02-10"},{"lineNumber":33,"author":{"gitId":"allyfern72"},"content":"    private static void addTask(Task task) throws MaxTaskException {","lastModifiedDate":"2022-02-18"},{"lineNumber":34,"author":{"gitId":"allyfern72"},"content":"        try {","lastModifiedDate":"2022-02-11"},{"lineNumber":35,"author":{"gitId":"allyfern72"},"content":"            if (numTasks \u003d\u003d MAX_TASKS) {","lastModifiedDate":"2022-02-11"},{"lineNumber":36,"author":{"gitId":"allyfern72"},"content":"                throw new MaxTaskException(\"Max tasks reached\");","lastModifiedDate":"2022-02-11"},{"lineNumber":37,"author":{"gitId":"allyfern72"},"content":"            }","lastModifiedDate":"2022-02-11"},{"lineNumber":38,"author":{"gitId":"allyfern72"},"content":"","lastModifiedDate":"2022-02-11"},{"lineNumber":39,"author":{"gitId":"allyfern72"},"content":"            numTasks++;","lastModifiedDate":"2022-02-18"},{"lineNumber":40,"author":{"gitId":"allyfern72"},"content":"            tasks.add(task);","lastModifiedDate":"2022-02-18"},{"lineNumber":41,"author":{"gitId":"allyfern72"},"content":"            saveTasklist();","lastModifiedDate":"2022-02-18"},{"lineNumber":42,"author":{"gitId":"allyfern72"},"content":"        } catch (Exception e) {","lastModifiedDate":"2022-02-11"},{"lineNumber":43,"author":{"gitId":"allyfern72"},"content":"            throw e;","lastModifiedDate":"2022-02-11"},{"lineNumber":44,"author":{"gitId":"allyfern72"},"content":"        }","lastModifiedDate":"2022-02-11"},{"lineNumber":45,"author":{"gitId":"allyfern72"},"content":"    }","lastModifiedDate":"2022-02-18"},{"lineNumber":46,"author":{"gitId":"allyfern72"},"content":"","lastModifiedDate":"2022-02-11"},{"lineNumber":47,"author":{"gitId":"allyfern72"},"content":"    static Task deleteTask(String msg) throws BadIndexException, NumberFormatException {","lastModifiedDate":"2022-02-18"},{"lineNumber":48,"author":{"gitId":"allyfern72"},"content":"        try {","lastModifiedDate":"2022-02-18"},{"lineNumber":49,"author":{"gitId":"allyfern72"},"content":"            int ind \u003d getIndex(msg);","lastModifiedDate":"2022-02-18"},{"lineNumber":50,"author":{"gitId":"allyfern72"},"content":"            Task deletedTask \u003d tasks.remove(ind);","lastModifiedDate":"2022-02-18"},{"lineNumber":51,"author":{"gitId":"allyfern72"},"content":"            numTasks--;","lastModifiedDate":"2022-02-18"},{"lineNumber":52,"author":{"gitId":"allyfern72"},"content":"            saveTasklist();","lastModifiedDate":"2022-02-18"},{"lineNumber":53,"author":{"gitId":"allyfern72"},"content":"            return deletedTask;","lastModifiedDate":"2022-02-18"},{"lineNumber":54,"author":{"gitId":"allyfern72"},"content":"        } catch (Exception e) {","lastModifiedDate":"2022-02-18"},{"lineNumber":55,"author":{"gitId":"allyfern72"},"content":"            throw e;","lastModifiedDate":"2022-02-18"},{"lineNumber":56,"author":{"gitId":"allyfern72"},"content":"        }","lastModifiedDate":"2022-02-18"},{"lineNumber":57,"author":{"gitId":"allyfern72"},"content":"    }","lastModifiedDate":"2022-02-10"},{"lineNumber":58,"author":{"gitId":"allyfern72"},"content":"","lastModifiedDate":"2022-02-10"},{"lineNumber":59,"author":{"gitId":"allyfern72"},"content":"    static void addToDo(String msg) throws NoTaskDescriptionException, MaxTaskException {","lastModifiedDate":"2022-02-18"},{"lineNumber":60,"author":{"gitId":"allyfern72"},"content":"        String description;","lastModifiedDate":"2022-02-10"},{"lineNumber":61,"author":{"gitId":"allyfern72"},"content":"        description \u003d msg.substring(TODO_LENGTH).trim();","lastModifiedDate":"2022-02-10"},{"lineNumber":62,"author":{"gitId":"allyfern72"},"content":"        Task todo \u003d new Todo(description);","lastModifiedDate":"2022-02-10"},{"lineNumber":63,"author":{"gitId":"allyfern72"},"content":"","lastModifiedDate":"2022-02-10"},{"lineNumber":64,"author":{"gitId":"allyfern72"},"content":"        try {","lastModifiedDate":"2022-02-11"},{"lineNumber":65,"author":{"gitId":"allyfern72"},"content":"            if (description.isBlank()){","lastModifiedDate":"2022-02-11"},{"lineNumber":66,"author":{"gitId":"allyfern72"},"content":"                throw new NoTaskDescriptionException(\"Task description cannot be blank.\");","lastModifiedDate":"2022-02-11"},{"lineNumber":67,"author":{"gitId":"allyfern72"},"content":"            }","lastModifiedDate":"2022-02-11"},{"lineNumber":68,"author":{"gitId":"allyfern72"},"content":"            addTask(todo);","lastModifiedDate":"2022-02-10"},{"lineNumber":69,"author":{"gitId":"allyfern72"},"content":"        } catch (Exception e) {","lastModifiedDate":"2022-02-11"},{"lineNumber":70,"author":{"gitId":"allyfern72"},"content":"            throw e;","lastModifiedDate":"2022-02-11"},{"lineNumber":71,"author":{"gitId":"allyfern72"},"content":"        }","lastModifiedDate":"2022-02-11"},{"lineNumber":72,"author":{"gitId":"allyfern72"},"content":"    }","lastModifiedDate":"2022-02-10"},{"lineNumber":73,"author":{"gitId":"allyfern72"},"content":"","lastModifiedDate":"2022-02-10"},{"lineNumber":74,"author":{"gitId":"allyfern72"},"content":"    // String parser for Deadline and Task","lastModifiedDate":"2022-02-10"},{"lineNumber":75,"author":{"gitId":"allyfern72"},"content":"    private static String[] descWithDateTimeParse(String msg) throws BadDateTimeFormatException,","lastModifiedDate":"2022-02-11"},{"lineNumber":76,"author":{"gitId":"allyfern72"},"content":"            NoTaskDescriptionException, NoDateTimeException {","lastModifiedDate":"2022-02-11"},{"lineNumber":77,"author":{"gitId":"allyfern72"},"content":"        int dateTimeDelimiterIndex, descDelimiterIndex;","lastModifiedDate":"2022-02-10"},{"lineNumber":78,"author":{"gitId":"allyfern72"},"content":"        String[] strings \u003d new String[2];","lastModifiedDate":"2022-02-10"},{"lineNumber":79,"author":{"gitId":"allyfern72"},"content":"        boolean isDeadline \u003d msg.indexOf(\"/by\") \u003e -1;","lastModifiedDate":"2022-02-10"},{"lineNumber":80,"author":{"gitId":"allyfern72"},"content":"","lastModifiedDate":"2022-02-10"},{"lineNumber":81,"author":{"gitId":"allyfern72"},"content":"        try {","lastModifiedDate":"2022-02-11"},{"lineNumber":82,"author":{"gitId":"allyfern72"},"content":"            // Get delimiters","lastModifiedDate":"2022-02-10"},{"lineNumber":83,"author":{"gitId":"allyfern72"},"content":"            if (isDeadline) {","lastModifiedDate":"2022-02-10"},{"lineNumber":84,"author":{"gitId":"allyfern72"},"content":"                dateTimeDelimiterIndex \u003d msg.indexOf(\"/by\");","lastModifiedDate":"2022-02-10"},{"lineNumber":85,"author":{"gitId":"allyfern72"},"content":"                descDelimiterIndex \u003d DEADLINE_LENGTH;","lastModifiedDate":"2022-02-10"},{"lineNumber":86,"author":{"gitId":"allyfern72"},"content":"            } else {","lastModifiedDate":"2022-02-10"},{"lineNumber":87,"author":{"gitId":"allyfern72"},"content":"                dateTimeDelimiterIndex \u003d msg.indexOf(\"/at\");","lastModifiedDate":"2022-02-10"},{"lineNumber":88,"author":{"gitId":"allyfern72"},"content":"                descDelimiterIndex \u003d EVENT_LENGTH;","lastModifiedDate":"2022-02-10"},{"lineNumber":89,"author":{"gitId":"allyfern72"},"content":"            }","lastModifiedDate":"2022-02-10"},{"lineNumber":90,"author":{"gitId":"allyfern72"},"content":"","lastModifiedDate":"2022-02-10"},{"lineNumber":91,"author":{"gitId":"allyfern72"},"content":"            if (dateTimeDelimiterIndex \u003d\u003d -1) {","lastModifiedDate":"2022-02-11"},{"lineNumber":92,"author":{"gitId":"allyfern72"},"content":"                throw new BadDateTimeFormatException(\"No delimiter.\");","lastModifiedDate":"2022-02-11"},{"lineNumber":93,"author":{"gitId":"allyfern72"},"content":"            }","lastModifiedDate":"2022-02-11"},{"lineNumber":94,"author":{"gitId":"allyfern72"},"content":"","lastModifiedDate":"2022-02-11"},{"lineNumber":95,"author":{"gitId":"allyfern72"},"content":"            // Parse message (0 - Description, 1 - DateTime)","lastModifiedDate":"2022-02-10"},{"lineNumber":96,"author":{"gitId":"allyfern72"},"content":"            strings[0] \u003d msg.substring(descDelimiterIndex, dateTimeDelimiterIndex).trim(); // Task description","lastModifiedDate":"2022-02-10"},{"lineNumber":97,"author":{"gitId":"allyfern72"},"content":"            strings[1] \u003d msg.substring(dateTimeDelimiterIndex + DATETIME_DELIMITER_LENGTH).trim(); // DateTime","lastModifiedDate":"2022-02-10"},{"lineNumber":98,"author":{"gitId":"allyfern72"},"content":"","lastModifiedDate":"2022-02-10"},{"lineNumber":99,"author":{"gitId":"allyfern72"},"content":"            if (strings[0].isBlank()) {","lastModifiedDate":"2022-02-11"},{"lineNumber":100,"author":{"gitId":"allyfern72"},"content":"                throw new NoTaskDescriptionException(\"Task description cannot be blank.\");","lastModifiedDate":"2022-02-11"},{"lineNumber":101,"author":{"gitId":"allyfern72"},"content":"            }","lastModifiedDate":"2022-02-11"},{"lineNumber":102,"author":{"gitId":"allyfern72"},"content":"","lastModifiedDate":"2022-02-11"},{"lineNumber":103,"author":{"gitId":"allyfern72"},"content":"            if (strings[1].isBlank()) {","lastModifiedDate":"2022-02-11"},{"lineNumber":104,"author":{"gitId":"allyfern72"},"content":"                throw new NoDateTimeException(\"Task DateTime is empty.\");","lastModifiedDate":"2022-02-11"},{"lineNumber":105,"author":{"gitId":"allyfern72"},"content":"            }","lastModifiedDate":"2022-02-11"},{"lineNumber":106,"author":{"gitId":"allyfern72"},"content":"","lastModifiedDate":"2022-02-11"},{"lineNumber":107,"author":{"gitId":"allyfern72"},"content":"            return strings;","lastModifiedDate":"2022-02-10"},{"lineNumber":108,"author":{"gitId":"allyfern72"},"content":"        } catch (Exception e) {","lastModifiedDate":"2022-02-11"},{"lineNumber":109,"author":{"gitId":"allyfern72"},"content":"            throw e;","lastModifiedDate":"2022-02-11"},{"lineNumber":110,"author":{"gitId":"allyfern72"},"content":"        }","lastModifiedDate":"2022-02-11"},{"lineNumber":111,"author":{"gitId":"allyfern72"},"content":"    }","lastModifiedDate":"2022-02-10"},{"lineNumber":112,"author":{"gitId":"allyfern72"},"content":"","lastModifiedDate":"2022-02-10"},{"lineNumber":113,"author":{"gitId":"allyfern72"},"content":"    static void addDeadline(String msg) throws BadDateTimeFormatException, NoTaskDescriptionException,","lastModifiedDate":"2022-02-18"},{"lineNumber":114,"author":{"gitId":"allyfern72"},"content":"            NoDateTimeException, MaxTaskException {","lastModifiedDate":"2022-02-11"},{"lineNumber":115,"author":{"gitId":"allyfern72"},"content":"        try {","lastModifiedDate":"2022-02-11"},{"lineNumber":116,"author":{"gitId":"allyfern72"},"content":"            String[] msgParsed \u003d descWithDateTimeParse(msg);","lastModifiedDate":"2022-02-10"},{"lineNumber":117,"author":{"gitId":"allyfern72"},"content":"            Task deadline \u003d new Deadline(msgParsed[0], msgParsed[1]);","lastModifiedDate":"2022-02-10"},{"lineNumber":118,"author":{"gitId":"allyfern72"},"content":"","lastModifiedDate":"2022-02-10"},{"lineNumber":119,"author":{"gitId":"allyfern72"},"content":"            addTask(deadline);","lastModifiedDate":"2022-02-10"},{"lineNumber":120,"author":{"gitId":"allyfern72"},"content":"        } catch (Exception e) {","lastModifiedDate":"2022-02-11"},{"lineNumber":121,"author":{"gitId":"allyfern72"},"content":"            throw e;","lastModifiedDate":"2022-02-11"},{"lineNumber":122,"author":{"gitId":"allyfern72"},"content":"        }","lastModifiedDate":"2022-02-11"},{"lineNumber":123,"author":{"gitId":"allyfern72"},"content":"    }","lastModifiedDate":"2022-02-10"},{"lineNumber":124,"author":{"gitId":"allyfern72"},"content":"","lastModifiedDate":"2022-02-10"},{"lineNumber":125,"author":{"gitId":"allyfern72"},"content":"    static Task addEvent(String msg) throws BadDateTimeFormatException, NoTaskDescriptionException,","lastModifiedDate":"2022-02-18"},{"lineNumber":126,"author":{"gitId":"allyfern72"},"content":"            NoDateTimeException, MaxTaskException {","lastModifiedDate":"2022-02-11"},{"lineNumber":127,"author":{"gitId":"allyfern72"},"content":"        try {","lastModifiedDate":"2022-02-11"},{"lineNumber":128,"author":{"gitId":"allyfern72"},"content":"            String[] msgParsed \u003d descWithDateTimeParse(msg);","lastModifiedDate":"2022-02-10"},{"lineNumber":129,"author":{"gitId":"allyfern72"},"content":"            Task event \u003d new Event(msgParsed[0], msgParsed[1]);","lastModifiedDate":"2022-02-10"},{"lineNumber":130,"author":{"gitId":"allyfern72"},"content":"","lastModifiedDate":"2022-02-10"},{"lineNumber":131,"author":{"gitId":"allyfern72"},"content":"            addTask(event);","lastModifiedDate":"2022-02-10"},{"lineNumber":132,"author":{"gitId":"allyfern72"},"content":"            return event;","lastModifiedDate":"2022-02-10"},{"lineNumber":133,"author":{"gitId":"allyfern72"},"content":"        } catch (Exception e) {","lastModifiedDate":"2022-02-11"},{"lineNumber":134,"author":{"gitId":"allyfern72"},"content":"            throw e;","lastModifiedDate":"2022-02-11"},{"lineNumber":135,"author":{"gitId":"allyfern72"},"content":"        }","lastModifiedDate":"2022-02-11"},{"lineNumber":136,"author":{"gitId":"allyfern72"},"content":"    }","lastModifiedDate":"2022-02-10"},{"lineNumber":137,"author":{"gitId":"allyfern72"},"content":"","lastModifiedDate":"2022-02-10"},{"lineNumber":138,"author":{"gitId":"allyfern72"},"content":"    // Return the index of task to mark/unmark","lastModifiedDate":"2022-02-10"},{"lineNumber":139,"author":{"gitId":"allyfern72"},"content":"    private static int getIndex(String msg) throws NumberFormatException, BadIndexException {","lastModifiedDate":"2022-02-18"},{"lineNumber":140,"author":{"gitId":"allyfern72"},"content":"        try {","lastModifiedDate":"2022-02-11"},{"lineNumber":141,"author":{"gitId":"allyfern72"},"content":"            // Extract Task number as String and parse into int","lastModifiedDate":"2022-02-10"},{"lineNumber":142,"author":{"gitId":"allyfern72"},"content":"            int ind \u003d Integer.parseInt( msg.substring(msg.indexOf(\u0027 \u0027) + 1) );","lastModifiedDate":"2022-02-10"},{"lineNumber":143,"author":{"gitId":"allyfern72"},"content":"","lastModifiedDate":"2022-02-10"},{"lineNumber":144,"author":{"gitId":"allyfern72"},"content":"            // Return index of Task number","lastModifiedDate":"2022-02-10"},{"lineNumber":145,"author":{"gitId":"allyfern72"},"content":"            if (ind \u003e numTasks){","lastModifiedDate":"2022-02-11"},{"lineNumber":146,"author":{"gitId":"allyfern72"},"content":"                throw new BadIndexException(\"No task number \" + ind);","lastModifiedDate":"2022-02-11"},{"lineNumber":147,"author":{"gitId":"allyfern72"},"content":"            }","lastModifiedDate":"2022-02-11"},{"lineNumber":148,"author":{"gitId":"allyfern72"},"content":"","lastModifiedDate":"2022-02-11"},{"lineNumber":149,"author":{"gitId":"allyfern72"},"content":"            return --ind;","lastModifiedDate":"2022-02-10"},{"lineNumber":150,"author":{"gitId":"allyfern72"},"content":"        } catch (Exception e) {","lastModifiedDate":"2022-02-11"},{"lineNumber":151,"author":{"gitId":"allyfern72"},"content":"            throw e;","lastModifiedDate":"2022-02-11"},{"lineNumber":152,"author":{"gitId":"allyfern72"},"content":"        }","lastModifiedDate":"2022-02-11"},{"lineNumber":153,"author":{"gitId":"allyfern72"},"content":"    }","lastModifiedDate":"2022-02-10"},{"lineNumber":154,"author":{"gitId":"allyfern72"},"content":"","lastModifiedDate":"2022-02-10"},{"lineNumber":155,"author":{"gitId":"allyfern72"},"content":"    static void markTask(String msg) throws NumberFormatException, BadIndexException {","lastModifiedDate":"2022-02-18"},{"lineNumber":156,"author":{"gitId":"allyfern72"},"content":"        try {","lastModifiedDate":"2022-02-11"},{"lineNumber":157,"author":{"gitId":"allyfern72"},"content":"            int ind \u003d getIndex(msg);","lastModifiedDate":"2022-02-18"},{"lineNumber":158,"author":{"gitId":"allyfern72"},"content":"            tasks.get(ind).setIsDone(true);","lastModifiedDate":"2022-02-18"},{"lineNumber":159,"author":{"gitId":"allyfern72"},"content":"            System.out.println(tasks.get(ind).toString());","lastModifiedDate":"2022-02-18"},{"lineNumber":160,"author":{"gitId":"allyfern72"},"content":"            saveTasklist();","lastModifiedDate":"2022-02-18"},{"lineNumber":161,"author":{"gitId":"allyfern72"},"content":"        } catch (Exception e) {","lastModifiedDate":"2022-02-11"},{"lineNumber":162,"author":{"gitId":"allyfern72"},"content":"            throw e;","lastModifiedDate":"2022-02-11"},{"lineNumber":163,"author":{"gitId":"allyfern72"},"content":"        }","lastModifiedDate":"2022-02-11"},{"lineNumber":164,"author":{"gitId":"allyfern72"},"content":"    }","lastModifiedDate":"2022-02-10"},{"lineNumber":165,"author":{"gitId":"allyfern72"},"content":"","lastModifiedDate":"2022-02-10"},{"lineNumber":166,"author":{"gitId":"allyfern72"},"content":"    static void unmarkTask(String msg) throws NumberFormatException, BadIndexException {","lastModifiedDate":"2022-02-18"},{"lineNumber":167,"author":{"gitId":"allyfern72"},"content":"        try {","lastModifiedDate":"2022-02-11"},{"lineNumber":168,"author":{"gitId":"allyfern72"},"content":"            int ind \u003d getIndex(msg);","lastModifiedDate":"2022-02-18"},{"lineNumber":169,"author":{"gitId":"allyfern72"},"content":"            tasks.get(ind).setIsDone(false);","lastModifiedDate":"2022-02-18"},{"lineNumber":170,"author":{"gitId":"allyfern72"},"content":"            System.out.println(tasks.get(ind).toString());","lastModifiedDate":"2022-02-18"},{"lineNumber":171,"author":{"gitId":"allyfern72"},"content":"            saveTasklist();","lastModifiedDate":"2022-02-18"},{"lineNumber":172,"author":{"gitId":"allyfern72"},"content":"        } catch (Exception e) {","lastModifiedDate":"2022-02-11"},{"lineNumber":173,"author":{"gitId":"allyfern72"},"content":"            throw e;","lastModifiedDate":"2022-02-11"},{"lineNumber":174,"author":{"gitId":"allyfern72"},"content":"        }","lastModifiedDate":"2022-02-11"},{"lineNumber":175,"author":{"gitId":"allyfern72"},"content":"    }","lastModifiedDate":"2022-02-10"},{"lineNumber":176,"author":{"gitId":"allyfern72"},"content":"","lastModifiedDate":"2022-02-10"},{"lineNumber":177,"author":{"gitId":"allyfern72"},"content":"    static void listTasks() {","lastModifiedDate":"2022-02-18"},{"lineNumber":178,"author":{"gitId":"allyfern72"},"content":"        for (int i \u003d 0; i \u003c numTasks; i++) {","lastModifiedDate":"2022-02-10"},{"lineNumber":179,"author":{"gitId":"allyfern72"},"content":"            System.out.println(i+1 + \". \" + tasks.get(i).toString());","lastModifiedDate":"2022-02-18"},{"lineNumber":180,"author":{"gitId":"allyfern72"},"content":"        }","lastModifiedDate":"2022-02-10"},{"lineNumber":181,"author":{"gitId":"allyfern72"},"content":"    }","lastModifiedDate":"2022-02-10"},{"lineNumber":182,"author":{"gitId":"allyfern72"},"content":"","lastModifiedDate":"2022-02-10"},{"lineNumber":183,"author":{"gitId":"allyfern72"},"content":"    static int getNumTasks() {","lastModifiedDate":"2022-02-18"},{"lineNumber":184,"author":{"gitId":"allyfern72"},"content":"        return numTasks;","lastModifiedDate":"2022-02-10"},{"lineNumber":185,"author":{"gitId":"allyfern72"},"content":"    }","lastModifiedDate":"2022-02-10"},{"lineNumber":186,"author":{"gitId":"allyfern72"},"content":"","lastModifiedDate":"2022-02-11"},{"lineNumber":187,"author":{"gitId":"allyfern72"},"content":"    static Task getLastTask() {","lastModifiedDate":"2022-02-18"},{"lineNumber":188,"author":{"gitId":"allyfern72"},"content":"        return tasks.get(numTasks - 1);","lastModifiedDate":"2022-02-18"},{"lineNumber":189,"author":{"gitId":"allyfern72"},"content":"    }","lastModifiedDate":"2022-02-11"},{"lineNumber":190,"author":{"gitId":"allyfern72"},"content":"","lastModifiedDate":"2022-02-18"},{"lineNumber":191,"author":{"gitId":"allyfern72"},"content":"    public static void loadTasklist() {","lastModifiedDate":"2022-02-18"},{"lineNumber":192,"author":{"gitId":"allyfern72"},"content":"        try {","lastModifiedDate":"2022-02-18"},{"lineNumber":193,"author":{"gitId":"allyfern72"},"content":"            numTasks \u003d TaskListFileManager.loadTasklist(tasks);","lastModifiedDate":"2022-02-18"},{"lineNumber":194,"author":{"gitId":"allyfern72"},"content":"        } catch (IOException e) {","lastModifiedDate":"2022-02-18"},{"lineNumber":195,"author":{"gitId":"allyfern72"},"content":"            System.out.println(\"Loading failed.\");","lastModifiedDate":"2022-02-18"},{"lineNumber":196,"author":{"gitId":"allyfern72"},"content":"        }","lastModifiedDate":"2022-02-18"},{"lineNumber":197,"author":{"gitId":"allyfern72"},"content":"    }","lastModifiedDate":"2022-02-18"},{"lineNumber":198,"author":{"gitId":"allyfern72"},"content":"","lastModifiedDate":"2022-02-18"},{"lineNumber":199,"author":{"gitId":"allyfern72"},"content":"    public static void saveTasklist() {","lastModifiedDate":"2022-02-18"},{"lineNumber":200,"author":{"gitId":"allyfern72"},"content":"        try {","lastModifiedDate":"2022-02-18"},{"lineNumber":201,"author":{"gitId":"allyfern72"},"content":"            TaskListFileManager.saveTasklist(tasks);","lastModifiedDate":"2022-02-18"},{"lineNumber":202,"author":{"gitId":"allyfern72"},"content":"        } catch (IOException e) {","lastModifiedDate":"2022-02-18"},{"lineNumber":203,"author":{"gitId":"allyfern72"},"content":"            System.out.println(\"Saving failed.\");","lastModifiedDate":"2022-02-18"},{"lineNumber":204,"author":{"gitId":"allyfern72"},"content":"        }","lastModifiedDate":"2022-02-18"},{"lineNumber":205,"author":{"gitId":"allyfern72"},"content":"    }","lastModifiedDate":"2022-02-18"},{"lineNumber":206,"author":{"gitId":"allyfern72"},"content":"}","lastModifiedDate":"2022-02-10"}],"authorContributionMap":{"allyfern72":206}}]
