{"authorDailyContributionsMap":{"allyfern72":[{"date":"2022-01-20","commitResults":[{"hash":"68d0bb0267c9aab9d97fde74f1aa7b093ba83461","messageTitle":"Add Increment - Level 0: Greet and farewell","messageBody":"","tags":["Increment-Level-0"],"fileTypesAndContributionMap":{"java":{"insertions":22,"deletions":6}}}]},{"date":"2022-01-27","commitResults":[{"hash":"a9e1a52d762e92824befd0faf076c82340d98c1c","messageTitle":"Add Increment - Level 1: Greet, Echo, Exit","messageBody":"","tags":["Increment-Level-1"],"fileTypesAndContributionMap":{"java":{"insertions":20,"deletions":4}}},{"hash":"4c3a44e055795523b06b7ea923ebd5fb67ef80c1","messageTitle":"Add Increment - Level 2: Add, List","messageBody":"","tags":["Increment-Level-2"],"fileTypesAndContributionMap":{"java":{"insertions":26,"deletions":1}}},{"hash":"2bb701f5e4b4b5d9ed85cfa0036f23a40c62e5f6","messageTitle":"Add Increment - Level 3: Mark as Done","messageBody":"","tags":["Increment-Level-3","A-Classes"],"fileTypesAndContributionMap":{"java":{"insertions":64,"deletions":22}}}]},{"date":"2022-02-03","commitResults":[{"hash":"5ddb811909e422018f11022dc431331fb79aeeaf","messageTitle":"Add \"Components\" package","messageBody":"","fileTypesAndContributionMap":{"java":{"insertions":4,"deletions":6}}}]},{"date":"2022-02-04","commitResults":[{"hash":"6e22a8bbde824e34946f69dbdc8bded8be1c864f","messageTitle":"Add Increment Level-4: ToDo, Event, Deadline","messageBody":"","tags":["Increment-Level-4","A-Inheritance"],"fileTypesAndContributionMap":{"java":{"insertions":91,"deletions":5}}},{"hash":"696c4d33d277496869d6e743143fb7ad6446448f","messageTitle":"Tidy Main","messageBody":"","tags":["A-CodeQuality"],"fileTypesAndContributionMap":{"java":{"insertions":16,"deletions":13}}}]},{"date":"2022-02-10","commitResults":[{"hash":"1926457be13e066e827e3bc00fcce969bd713985","messageTitle":"Add TaskManager","messageBody":"","fileTypesAndContributionMap":{"java":{"insertions":168,"deletions":91}}},{"hash":"c6a4ca7edbf9772156c1b52e256d144ee69808f2","messageTitle":"Change accessibility modifiers","messageBody":"","fileTypesAndContributionMap":{"java":{"insertions":4,"deletions":4}}}]}]},"authorFileTypeContributionMap":{"allyfern72":{"java":270,"md":0,"fxml":0,"sh":0,"bat":0,"gradle":0,"txt":0}},"authorContributionVariance":{"allyfern72":3395.9019},"authorDisplayNameMap":{"allyfern72":"F12-1 THAM..EONG"}}
