{"authorDailyContributionsMap":{"BotBw":[{"date":"2022-01-19","commitResults":[{"hash":"2d2e82e2213cf0acbe5a080511a622e29443df89","messageTitle":"Add user greet and firewell message","messageBody":"","fileTypesAndContributionMap":{"java":{"insertions":15,"deletions":0}}}]},{"date":"2022-01-25","commitResults":[{"hash":"2c8a62612e4a8011f60ba13182b4647116129a9a","messageTitle":"Build a skeletal version of Duke","messageBody":"Split the procedure of Duke into getRawCommand(), parseCommand(String),\nand runCommand(String[]).\n\nIt makes the skeleton version of Duke easier to understand, and\neasier to maintain in the future (like a command line tool).\n","tags":["Level-1"],"fileTypesAndContributionMap":{"java":{"insertions":129,"deletions":8}}},{"hash":"afc26328830d3e072a49dda48f4f89c9588acc8e","messageTitle":"Add funciton Add and List and other utilities","messageBody":"Command parser parseCommand(String) can now recognize string in quotes.\nDuke might support shell-like command in the future.\n","tags":["Level-2"],"fileTypesAndContributionMap":{"java":{"insertions":142,"deletions":60}}}]},{"date":"2022-01-27","commitResults":[{"hash":"bddb2af255f6e5289ac951bad8c3b09f4005e06b","messageTitle":"Separate the function into more specific classes and managers","messageBody":"Some extra functions have been added (for example, multi-argument command line).\n","fileTypesAndContributionMap":{"java":{"insertions":293,"deletions":101}}},{"hash":"0684811ab73f22e02c26d9a5f70e6c651e7731c7","messageTitle":"ReminderManager class: add(String[]) method now support multiple arguments","messageBody":"","tags":["Level-3"],"fileTypesAndContributionMap":{"java":{"insertions":4,"deletions":8}}},{"hash":"84ded25cbe68943024e2b75e17da2ff39517677b","messageTitle":"Did some test using given shell script","messageBody":"","tags":["A-CodingStandard"],"fileTypesAndContributionMap":{"txt":{"insertions":18,"deletions":0},"sh":{"insertions":1,"deletions":1}}}]},{"date":"2022-02-02","commitResults":[{"hash":"566b6ecb5af3cbf443c18948a7db5218be973fad","messageTitle":"Add ToDo, Deadline, and Event class","messageBody":"Other related functions are added as well. Also some code is modified due to formmating issue.\n","tags":["Level-4"],"fileTypesAndContributionMap":{"java":{"insertions":340,"deletions":151}}},{"hash":"62939a9b72ff69b2bde19f989a40d42bac6f7c17","messageTitle":"Add TextUiTesting, fix bugs in mark and unmark","messageBody":"","tags":["A-TextUiTesting","A-Inheritance"],"fileTypesAndContributionMap":{"txt":{"insertions":10,"deletions":0},"java":{"insertions":8,"deletions":0}}},{"hash":"0f4f472d0365ea0f4c4744d657ee4cf6b771a0dc","messageTitle":"Rename all reminder to task and improve code quality","messageBody":"","tags":["A-CodeQuality"],"fileTypesAndContributionMap":{"java":{"insertions":64,"deletions":32}}}]},{"date":"2022-02-07","commitResults":[{"hash":"be69183e18766c5e1914ada25def7515afdb84f2","messageTitle":"Take peer evaluation and format the code","messageBody":"","fileTypesAndContributionMap":{"java":{"insertions":10,"deletions":9}}},{"hash":"7273c1e54456f4009f1c63730abf6196ba685b48","messageTitle":"Teach duke to handle error and add exception handling","messageBody":"","tags":["A-Exceptions"],"fileTypesAndContributionMap":{"txt":{"insertions":26,"deletions":23},"java":{"insertions":115,"deletions":66}}}]},{"date":"2022-02-08","commitResults":[{"hash":"3be38c43728484396a6184ccc2b62c6db6ce9c38","messageTitle":"Organize the classes into package Duke and mofify the text-ui-test","messageBody":"","fileTypesAndContributionMap":{"java":{"insertions":18,"deletions":0},"sh":{"insertions":2,"deletions":2}}}]},{"date":"2022-02-14","commitResults":[{"hash":"6c3f775d05811fc7c7c753d6fe7fd1f33999c948","messageTitle":"Format some code","messageBody":"","fileTypesAndContributionMap":{"java":{"insertions":19,"deletions":15}}},{"hash":"3695de19b48f0a410ffd71f447b204890b42ed8f","messageTitle":"Add delete function and fix a few bugs","messageBody":"For example, handle the expection when faling to parse an integer.\n\nExtract a few private methods in TaskManger.java.\n","tags":["Level-6","A-Collections"],"fileTypesAndContributionMap":{"java":{"insertions":89,"deletions":22}}}]},{"date":"2022-02-16","commitResults":[{"hash":"660610c708dce4c63adf31a6b937aa91a5a1a271","messageTitle":"Add disk file sync function and fix some small bugs","messageBody":"","tags":["Level-7"],"fileTypesAndContributionMap":{"java":{"insertions":164,"deletions":124}}}]},{"date":"2022-02-17","commitResults":[{"hash":"1dcb7219b710205fbe03532cbb745d185aad890e","messageTitle":"Fixed some bugs","messageBody":"Forget to store quotes in file when sync with disk.\nForget to add delete command.\n","fileTypesAndContributionMap":{"txt":{"insertions":0,"deletions":3},"java":{"insertions":16,"deletions":7}}}]}]},"authorFileTypeContributionMap":{"BotBw":{"java":829,"md":0,"fxml":0,"sh":2,"bat":0,"gradle":0,"txt":31}},"authorContributionVariance":{"BotBw":20056.305},"authorDisplayNameMap":{"BotBw":"CS2113-T11-4 WANG..XUAN"}}
