[{"path":"src/main/java/Deadline.java","fileType":"java","lines":[{"lineNumber":1,"author":{"gitId":"teanweijun"},"content":"public class Deadline extends Task {","lastModifiedDate":"2022-01-29"},{"lineNumber":2,"author":{"gitId":"teanweijun"},"content":"    protected String by;","lastModifiedDate":"2022-01-29"},{"lineNumber":3,"author":{"gitId":"teanweijun"},"content":"","lastModifiedDate":"2022-01-29"},{"lineNumber":4,"author":{"gitId":"teanweijun"},"content":"    public Deadline(String description, String by) {","lastModifiedDate":"2022-01-29"},{"lineNumber":5,"author":{"gitId":"teanweijun"},"content":"        super(description);","lastModifiedDate":"2022-01-29"},{"lineNumber":6,"author":{"gitId":"teanweijun"},"content":"        this.by \u003d by;","lastModifiedDate":"2022-01-29"},{"lineNumber":7,"author":{"gitId":"teanweijun"},"content":"    }","lastModifiedDate":"2022-01-29"},{"lineNumber":8,"author":{"gitId":"teanweijun"},"content":"","lastModifiedDate":"2022-01-29"},{"lineNumber":9,"author":{"gitId":"teanweijun"},"content":"    @Override","lastModifiedDate":"2022-01-29"},{"lineNumber":10,"author":{"gitId":"teanweijun"},"content":"    public String toString() {","lastModifiedDate":"2022-01-29"},{"lineNumber":11,"author":{"gitId":"teanweijun"},"content":"        return \"[D]\" + super.toString() + \" (by: \" + by + \")\";","lastModifiedDate":"2022-01-29"},{"lineNumber":12,"author":{"gitId":"teanweijun"},"content":"    }","lastModifiedDate":"2022-01-29"},{"lineNumber":13,"author":{"gitId":"teanweijun"},"content":"}","lastModifiedDate":"2022-01-29"}],"authorContributionMap":{"teanweijun":13}},{"path":"src/main/java/Event.java","fileType":"java","lines":[{"lineNumber":1,"author":{"gitId":"teanweijun"},"content":"public class Event extends Task {","lastModifiedDate":"2022-01-29"},{"lineNumber":2,"author":{"gitId":"teanweijun"},"content":"    protected String at;","lastModifiedDate":"2022-01-29"},{"lineNumber":3,"author":{"gitId":"teanweijun"},"content":"","lastModifiedDate":"2022-01-29"},{"lineNumber":4,"author":{"gitId":"teanweijun"},"content":"    public Event(String description, String at) {","lastModifiedDate":"2022-01-29"},{"lineNumber":5,"author":{"gitId":"teanweijun"},"content":"        super(description);","lastModifiedDate":"2022-01-29"},{"lineNumber":6,"author":{"gitId":"teanweijun"},"content":"        this.at \u003d at;","lastModifiedDate":"2022-01-29"},{"lineNumber":7,"author":{"gitId":"teanweijun"},"content":"    }","lastModifiedDate":"2022-01-29"},{"lineNumber":8,"author":{"gitId":"teanweijun"},"content":"","lastModifiedDate":"2022-01-29"},{"lineNumber":9,"author":{"gitId":"teanweijun"},"content":"    @Override","lastModifiedDate":"2022-01-29"},{"lineNumber":10,"author":{"gitId":"teanweijun"},"content":"    public String toString() {","lastModifiedDate":"2022-01-29"},{"lineNumber":11,"author":{"gitId":"teanweijun"},"content":"        return \"[E]\" + super.toString() + \" (at: \" + at + \")\";","lastModifiedDate":"2022-01-29"},{"lineNumber":12,"author":{"gitId":"teanweijun"},"content":"    }","lastModifiedDate":"2022-01-29"},{"lineNumber":13,"author":{"gitId":"teanweijun"},"content":"}","lastModifiedDate":"2022-01-29"}],"authorContributionMap":{"teanweijun":13}},{"path":"src/main/java/Serene.java","fileType":"java","lines":[{"lineNumber":1,"author":{"gitId":"teanweijun"},"content":"import java.util.Scanner;","lastModifiedDate":"2022-01-22"},{"lineNumber":2,"author":{"gitId":"teanweijun"},"content":"","lastModifiedDate":"2022-01-22"},{"lineNumber":3,"author":{"gitId":"teanweijun"},"content":"public class Serene {","lastModifiedDate":"2022-01-22"},{"lineNumber":4,"author":{"gitId":"teanweijun"},"content":"    public static final int TASK_LIMIT \u003d 100;","lastModifiedDate":"2022-01-22"},{"lineNumber":5,"author":{"gitId":"teanweijun"},"content":"    private static final String PARTITION_LINE \u003d \"____________________________________________________________\";","lastModifiedDate":"2022-01-29"},{"lineNumber":6,"author":{"gitId":"teanweijun"},"content":"    private static final String ERROR_MESSAGE \u003d \"Oh? I ran into an oopsie~\";","lastModifiedDate":"2022-01-29"},{"lineNumber":7,"author":{"gitId":"teanweijun"},"content":"    private static final int DONE \u003d -1;","lastModifiedDate":"2022-01-22"},{"lineNumber":8,"author":{"gitId":"teanweijun"},"content":"    private static final int CONTINUE \u003d -2;","lastModifiedDate":"2022-01-22"},{"lineNumber":9,"author":{"gitId":"teanweijun"},"content":"    private static final int RESPONSE_PARTITION_INDEX_KEYWORD \u003d 0;","lastModifiedDate":"2022-01-30"},{"lineNumber":10,"author":{"gitId":"teanweijun"},"content":"    private static final int RESPONSE_PARTITION_INDEX_BODY \u003d 1;","lastModifiedDate":"2022-01-30"},{"lineNumber":11,"author":{"gitId":"teanweijun"},"content":"    private static final int TASK_PARTITION_INDEX_DESCRIPTION \u003d 0;","lastModifiedDate":"2022-01-30"},{"lineNumber":12,"author":{"gitId":"teanweijun"},"content":"    private static final int TASK_PARTITION_INDEX_OPTIONS \u003d 1;","lastModifiedDate":"2022-01-30"},{"lineNumber":13,"author":{"gitId":"teanweijun"},"content":"    private static Task[] taskList \u003d new Task[TASK_LIMIT];","lastModifiedDate":"2022-01-23"},{"lineNumber":14,"author":{"gitId":"teanweijun"},"content":"    private static int taskCount \u003d 0;","lastModifiedDate":"2022-01-23"},{"lineNumber":15,"author":{"gitId":"teanweijun"},"content":"    private static int statusOfSerene \u003d CONTINUE;","lastModifiedDate":"2022-01-29"},{"lineNumber":16,"author":{"gitId":"teanweijun"},"content":"","lastModifiedDate":"2022-01-22"},{"lineNumber":17,"author":{"gitId":"teanweijun"},"content":"    public static void main(String[] args) {","lastModifiedDate":"2022-01-29"},{"lineNumber":18,"author":{"gitId":"teanweijun"},"content":"        Scanner in \u003d new Scanner(System.in);","lastModifiedDate":"2022-01-29"},{"lineNumber":19,"author":{"gitId":"teanweijun"},"content":"        printWelcomeMessage();","lastModifiedDate":"2022-01-29"},{"lineNumber":20,"author":{"gitId":"teanweijun"},"content":"        operateSerene(in);","lastModifiedDate":"2022-01-29"},{"lineNumber":21,"author":{"gitId":"teanweijun"},"content":"        printExitMessage();","lastModifiedDate":"2022-01-29"},{"lineNumber":22,"author":{"gitId":"teanweijun"},"content":"    }","lastModifiedDate":"2022-01-29"},{"lineNumber":23,"author":{"gitId":"teanweijun"},"content":"","lastModifiedDate":"2022-01-22"},{"lineNumber":24,"author":{"gitId":"teanweijun"},"content":"    private static void printWelcomeMessage() {","lastModifiedDate":"2022-01-30"},{"lineNumber":25,"author":{"gitId":"teanweijun"},"content":"        String logo \u003d \" #####  ####### ######  ####### #     # ####### \\n\"","lastModifiedDate":"2022-01-30"},{"lineNumber":26,"author":{"gitId":"teanweijun"},"content":"                + \"#     # #       #     # #       ##    # #       \\n\"","lastModifiedDate":"2022-01-30"},{"lineNumber":27,"author":{"gitId":"teanweijun"},"content":"                + \"#       #       #     # #       # #   # #       \\n\"","lastModifiedDate":"2022-01-30"},{"lineNumber":28,"author":{"gitId":"teanweijun"},"content":"                + \" #####  #####   ######  #####   #  #  # #####   \\n\"","lastModifiedDate":"2022-01-30"},{"lineNumber":29,"author":{"gitId":"teanweijun"},"content":"                + \"      # #       #   #   #       #   # # #       \\n\"","lastModifiedDate":"2022-01-30"},{"lineNumber":30,"author":{"gitId":"teanweijun"},"content":"                + \"#     # #       #    #  #       #    ## #       \\n\"","lastModifiedDate":"2022-01-30"},{"lineNumber":31,"author":{"gitId":"teanweijun"},"content":"                + \" #####  ####### #     # ####### #     # ####### \";","lastModifiedDate":"2022-01-30"},{"lineNumber":32,"author":{"gitId":"teanweijun"},"content":"        String greetLine \u003d \"Hello~ I\u0027m Serene\" + System.lineSeparator() + \"What can I do for you?\";","lastModifiedDate":"2022-01-30"},{"lineNumber":33,"author":{"gitId":"teanweijun"},"content":"        System.out.println(PARTITION_LINE);","lastModifiedDate":"2022-01-30"},{"lineNumber":34,"author":{"gitId":"teanweijun"},"content":"        System.out.println(\"Booting up\");","lastModifiedDate":"2022-01-30"},{"lineNumber":35,"author":{"gitId":"teanweijun"},"content":"        System.out.println(logo);","lastModifiedDate":"2022-01-30"},{"lineNumber":36,"author":{"gitId":"teanweijun"},"content":"        printWithPartition(greetLine);","lastModifiedDate":"2022-01-30"},{"lineNumber":37,"author":{"gitId":"teanweijun"},"content":"    }","lastModifiedDate":"2022-01-22"},{"lineNumber":38,"author":{"gitId":"teanweijun"},"content":"","lastModifiedDate":"2022-01-22"},{"lineNumber":39,"author":{"gitId":"teanweijun"},"content":"    private static void printWithPartition(String input) {","lastModifiedDate":"2022-01-29"},{"lineNumber":40,"author":{"gitId":"teanweijun"},"content":"        System.out.println(PARTITION_LINE);","lastModifiedDate":"2022-01-29"},{"lineNumber":41,"author":{"gitId":"teanweijun"},"content":"        System.out.println(input);","lastModifiedDate":"2022-01-29"},{"lineNumber":42,"author":{"gitId":"teanweijun"},"content":"        System.out.println(PARTITION_LINE);","lastModifiedDate":"2022-01-29"},{"lineNumber":43,"author":{"gitId":"teanweijun"},"content":"    }","lastModifiedDate":"2022-01-22"},{"lineNumber":44,"author":{"gitId":"teanweijun"},"content":"","lastModifiedDate":"2022-01-22"},{"lineNumber":45,"author":{"gitId":"teanweijun"},"content":"    private static void operateSerene(Scanner in) {","lastModifiedDate":"2022-01-30"},{"lineNumber":46,"author":{"gitId":"teanweijun"},"content":"        while (statusOfSerene !\u003d DONE) {","lastModifiedDate":"2022-01-30"},{"lineNumber":47,"author":{"gitId":"teanweijun"},"content":"            String userInput \u003d in.nextLine();","lastModifiedDate":"2022-01-30"},{"lineNumber":48,"author":{"gitId":"teanweijun"},"content":"            statusOfSerene \u003d parseInput(userInput);","lastModifiedDate":"2022-01-30"},{"lineNumber":49,"author":{"gitId":"teanweijun"},"content":"        }","lastModifiedDate":"2022-01-22"},{"lineNumber":50,"author":{"gitId":"teanweijun"},"content":"    }","lastModifiedDate":"2022-01-22"},{"lineNumber":51,"author":{"gitId":"teanweijun"},"content":"","lastModifiedDate":"2022-01-22"},{"lineNumber":52,"author":{"gitId":"teanweijun"},"content":"    private static int parseInput(String userInput) {","lastModifiedDate":"2022-01-29"},{"lineNumber":53,"author":{"gitId":"teanweijun"},"content":"        String[] responsePartition \u003d userInput.split(\" \", 2);","lastModifiedDate":"2022-01-29"},{"lineNumber":54,"author":{"gitId":"teanweijun"},"content":"        String keyword \u003d responsePartition[RESPONSE_PARTITION_INDEX_KEYWORD];","lastModifiedDate":"2022-01-30"},{"lineNumber":55,"author":{"gitId":"teanweijun"},"content":"        switch (keyword) {","lastModifiedDate":"2022-01-22"},{"lineNumber":56,"author":{"gitId":"teanweijun"},"content":"        case \"bye\":","lastModifiedDate":"2022-01-22"},{"lineNumber":57,"author":{"gitId":"teanweijun"},"content":"            return DONE;","lastModifiedDate":"2022-01-22"},{"lineNumber":58,"author":{"gitId":"teanweijun"},"content":"        case \"list\":","lastModifiedDate":"2022-01-22"},{"lineNumber":59,"author":{"gitId":"teanweijun"},"content":"            printTaskList();","lastModifiedDate":"2022-01-30"},{"lineNumber":60,"author":{"gitId":"teanweijun"},"content":"            break;","lastModifiedDate":"2022-01-22"},{"lineNumber":61,"author":{"gitId":"teanweijun"},"content":"        case \"mark\":","lastModifiedDate":"2022-01-22"},{"lineNumber":62,"author":{"gitId":"teanweijun"},"content":"            markTaskDone(responsePartition);","lastModifiedDate":"2022-01-29"},{"lineNumber":63,"author":{"gitId":"teanweijun"},"content":"            break;","lastModifiedDate":"2022-01-22"},{"lineNumber":64,"author":{"gitId":"teanweijun"},"content":"        case \"unmark\":","lastModifiedDate":"2022-01-22"},{"lineNumber":65,"author":{"gitId":"teanweijun"},"content":"            markTaskNotDone(responsePartition);","lastModifiedDate":"2022-01-29"},{"lineNumber":66,"author":{"gitId":"teanweijun"},"content":"            break;","lastModifiedDate":"2022-01-29"},{"lineNumber":67,"author":{"gitId":"teanweijun"},"content":"        case \"todo\":","lastModifiedDate":"2022-01-29"},{"lineNumber":68,"author":{"gitId":"teanweijun"},"content":"            addToDo(responsePartition[RESPONSE_PARTITION_INDEX_BODY]);","lastModifiedDate":"2022-01-30"},{"lineNumber":69,"author":{"gitId":"teanweijun"},"content":"            break;","lastModifiedDate":"2022-01-29"},{"lineNumber":70,"author":{"gitId":"teanweijun"},"content":"        case \"event\":","lastModifiedDate":"2022-01-29"},{"lineNumber":71,"author":{"gitId":"teanweijun"},"content":"            addEvent(responsePartition[RESPONSE_PARTITION_INDEX_BODY]);","lastModifiedDate":"2022-01-30"},{"lineNumber":72,"author":{"gitId":"teanweijun"},"content":"            break;","lastModifiedDate":"2022-01-29"},{"lineNumber":73,"author":{"gitId":"teanweijun"},"content":"        case \"deadline\":","lastModifiedDate":"2022-01-29"},{"lineNumber":74,"author":{"gitId":"teanweijun"},"content":"            addDeadline(responsePartition[RESPONSE_PARTITION_INDEX_BODY]);","lastModifiedDate":"2022-01-30"},{"lineNumber":75,"author":{"gitId":"teanweijun"},"content":"            break;","lastModifiedDate":"2022-01-22"},{"lineNumber":76,"author":{"gitId":"teanweijun"},"content":"        default:","lastModifiedDate":"2022-01-22"},{"lineNumber":77,"author":{"gitId":"teanweijun"},"content":"            System.out.println(ERROR_MESSAGE);","lastModifiedDate":"2022-01-29"},{"lineNumber":78,"author":{"gitId":"teanweijun"},"content":"            return DONE;","lastModifiedDate":"2022-01-29"},{"lineNumber":79,"author":{"gitId":"teanweijun"},"content":"        }","lastModifiedDate":"2022-01-22"},{"lineNumber":80,"author":{"gitId":"teanweijun"},"content":"        return CONTINUE;","lastModifiedDate":"2022-01-22"},{"lineNumber":81,"author":{"gitId":"teanweijun"},"content":"    }","lastModifiedDate":"2022-01-22"},{"lineNumber":82,"author":{"gitId":"teanweijun"},"content":"","lastModifiedDate":"2022-01-22"},{"lineNumber":83,"author":{"gitId":"teanweijun"},"content":"    private static void printTaskList() {","lastModifiedDate":"2022-01-30"},{"lineNumber":84,"author":{"gitId":"teanweijun"},"content":"        System.out.println(PARTITION_LINE);","lastModifiedDate":"2022-01-30"},{"lineNumber":85,"author":{"gitId":"teanweijun"},"content":"        System.out.println(\"Here is your task list:\");","lastModifiedDate":"2022-01-30"},{"lineNumber":86,"author":{"gitId":"teanweijun"},"content":"        for (int i \u003d 0; i \u003c taskCount; i++) {","lastModifiedDate":"2022-01-30"},{"lineNumber":87,"author":{"gitId":"teanweijun"},"content":"            System.out.println((i + 1) + \".\" + taskList[i]);","lastModifiedDate":"2022-01-30"},{"lineNumber":88,"author":{"gitId":"teanweijun"},"content":"        }","lastModifiedDate":"2022-01-30"},{"lineNumber":89,"author":{"gitId":"teanweijun"},"content":"        System.out.println(PARTITION_LINE);","lastModifiedDate":"2022-01-30"},{"lineNumber":90,"author":{"gitId":"teanweijun"},"content":"    }","lastModifiedDate":"2022-01-22"},{"lineNumber":91,"author":{"gitId":"teanweijun"},"content":"","lastModifiedDate":"2022-01-22"},{"lineNumber":92,"author":{"gitId":"teanweijun"},"content":"    private static void markTaskDone(String[] responsePartition) {","lastModifiedDate":"2022-01-29"},{"lineNumber":93,"author":{"gitId":"teanweijun"},"content":"        int taskIndex;","lastModifiedDate":"2022-01-29"},{"lineNumber":94,"author":{"gitId":"teanweijun"},"content":"        taskIndex \u003d Integer.parseInt(responsePartition[RESPONSE_PARTITION_INDEX_BODY]) - 1;","lastModifiedDate":"2022-01-30"},{"lineNumber":95,"author":{"gitId":"teanweijun"},"content":"        taskList[taskIndex].markDone();","lastModifiedDate":"2022-01-29"},{"lineNumber":96,"author":{"gitId":"teanweijun"},"content":"        printWithPartition(\"Good job~ This task is now done:\" + System.lineSeparator() + taskList[taskIndex]);","lastModifiedDate":"2022-01-30"},{"lineNumber":97,"author":{"gitId":"teanweijun"},"content":"    }","lastModifiedDate":"2022-01-30"},{"lineNumber":98,"author":{"gitId":"teanweijun"},"content":"","lastModifiedDate":"2022-01-30"},{"lineNumber":99,"author":{"gitId":"teanweijun"},"content":"    private static void markTaskNotDone(String[] responsePartition) {","lastModifiedDate":"2022-01-30"},{"lineNumber":100,"author":{"gitId":"teanweijun"},"content":"        int taskIndex;","lastModifiedDate":"2022-01-30"},{"lineNumber":101,"author":{"gitId":"teanweijun"},"content":"        taskIndex \u003d Integer.parseInt(responsePartition[RESPONSE_PARTITION_INDEX_BODY]) - 1;","lastModifiedDate":"2022-01-30"},{"lineNumber":102,"author":{"gitId":"teanweijun"},"content":"        taskList[taskIndex].markNotDone();","lastModifiedDate":"2022-01-30"},{"lineNumber":103,"author":{"gitId":"teanweijun"},"content":"        printWithPartition(\"Sigh. Here we go again:\" + System.lineSeparator() + taskList[taskIndex]);","lastModifiedDate":"2022-01-30"},{"lineNumber":104,"author":{"gitId":"teanweijun"},"content":"    }","lastModifiedDate":"2022-01-22"},{"lineNumber":105,"author":{"gitId":"teanweijun"},"content":"","lastModifiedDate":"2022-01-29"},{"lineNumber":106,"author":{"gitId":"teanweijun"},"content":"    private static void addToDo(String userInput) {","lastModifiedDate":"2022-01-29"},{"lineNumber":107,"author":{"gitId":"teanweijun"},"content":"        ToDo task \u003d new ToDo(userInput);","lastModifiedDate":"2022-01-29"},{"lineNumber":108,"author":{"gitId":"teanweijun"},"content":"        allocateTask(task);","lastModifiedDate":"2022-01-29"},{"lineNumber":109,"author":{"gitId":"teanweijun"},"content":"    }","lastModifiedDate":"2022-01-29"},{"lineNumber":110,"author":{"gitId":"teanweijun"},"content":"","lastModifiedDate":"2022-01-29"},{"lineNumber":111,"author":{"gitId":"teanweijun"},"content":"    private static void addEvent(String userInput) {","lastModifiedDate":"2022-01-29"},{"lineNumber":112,"author":{"gitId":"teanweijun"},"content":"        String[] taskPartition \u003d userInput.split(\" /at \");","lastModifiedDate":"2022-01-29"},{"lineNumber":113,"author":{"gitId":"teanweijun"},"content":"        Event task \u003d new Event(taskPartition[TASK_PARTITION_INDEX_DESCRIPTION],","lastModifiedDate":"2022-01-30"},{"lineNumber":114,"author":{"gitId":"teanweijun"},"content":"                taskPartition[TASK_PARTITION_INDEX_OPTIONS]);","lastModifiedDate":"2022-01-30"},{"lineNumber":115,"author":{"gitId":"teanweijun"},"content":"        allocateTask(task);","lastModifiedDate":"2022-01-29"},{"lineNumber":116,"author":{"gitId":"teanweijun"},"content":"    }","lastModifiedDate":"2022-01-22"},{"lineNumber":117,"author":{"gitId":"teanweijun"},"content":"","lastModifiedDate":"2022-01-29"},{"lineNumber":118,"author":{"gitId":"teanweijun"},"content":"    private static void addDeadline(String userInput) {","lastModifiedDate":"2022-01-29"},{"lineNumber":119,"author":{"gitId":"teanweijun"},"content":"        String[] taskPartition \u003d userInput.split(\" /by \");","lastModifiedDate":"2022-01-29"},{"lineNumber":120,"author":{"gitId":"teanweijun"},"content":"        Deadline task \u003d new Deadline(taskPartition[TASK_PARTITION_INDEX_DESCRIPTION],","lastModifiedDate":"2022-01-30"},{"lineNumber":121,"author":{"gitId":"teanweijun"},"content":"                taskPartition[TASK_PARTITION_INDEX_OPTIONS]);","lastModifiedDate":"2022-01-30"},{"lineNumber":122,"author":{"gitId":"teanweijun"},"content":"        allocateTask(task);","lastModifiedDate":"2022-01-29"},{"lineNumber":123,"author":{"gitId":"teanweijun"},"content":"    }","lastModifiedDate":"2022-01-29"},{"lineNumber":124,"author":{"gitId":"teanweijun"},"content":"","lastModifiedDate":"2022-01-29"},{"lineNumber":125,"author":{"gitId":"teanweijun"},"content":"    private static void allocateTask(Task inputTask) {","lastModifiedDate":"2022-01-30"},{"lineNumber":126,"author":{"gitId":"teanweijun"},"content":"        taskList[taskCount] \u003d inputTask;","lastModifiedDate":"2022-01-30"},{"lineNumber":127,"author":{"gitId":"teanweijun"},"content":"        taskCount++;","lastModifiedDate":"2022-01-29"},{"lineNumber":128,"author":{"gitId":"teanweijun"},"content":"        printAddedTask();","lastModifiedDate":"2022-01-30"},{"lineNumber":129,"author":{"gitId":"teanweijun"},"content":"    }","lastModifiedDate":"2022-01-29"},{"lineNumber":130,"author":{"gitId":"teanweijun"},"content":"","lastModifiedDate":"2022-01-29"},{"lineNumber":131,"author":{"gitId":"teanweijun"},"content":"    private static void printAddedTask() {","lastModifiedDate":"2022-01-29"},{"lineNumber":132,"author":{"gitId":"teanweijun"},"content":"        String toPrint \u003d \"Okay, I\u0027ve added this for you:\" + System.lineSeparator() +","lastModifiedDate":"2022-01-29"},{"lineNumber":133,"author":{"gitId":"teanweijun"},"content":"                taskList[taskCount - 1] + System.lineSeparator() +","lastModifiedDate":"2022-01-30"},{"lineNumber":134,"author":{"gitId":"teanweijun"},"content":"                \"Now you have \" + taskCount + \" tasks in the list.\";","lastModifiedDate":"2022-01-30"},{"lineNumber":135,"author":{"gitId":"teanweijun"},"content":"        printWithPartition(toPrint);","lastModifiedDate":"2022-01-29"},{"lineNumber":136,"author":{"gitId":"teanweijun"},"content":"    }","lastModifiedDate":"2022-01-29"},{"lineNumber":137,"author":{"gitId":"teanweijun"},"content":"","lastModifiedDate":"2022-01-29"},{"lineNumber":138,"author":{"gitId":"teanweijun"},"content":"    private static void printExitMessage() {","lastModifiedDate":"2022-01-30"},{"lineNumber":139,"author":{"gitId":"teanweijun"},"content":"        String exitLine \u003d \"Till next time. Hope to see you again soon~\";","lastModifiedDate":"2022-01-30"},{"lineNumber":140,"author":{"gitId":"teanweijun"},"content":"        printWithPartition(exitLine);","lastModifiedDate":"2022-01-30"},{"lineNumber":141,"author":{"gitId":"teanweijun"},"content":"    }","lastModifiedDate":"2022-01-29"},{"lineNumber":142,"author":{"gitId":"teanweijun"},"content":"}","lastModifiedDate":"2022-01-22"}],"authorContributionMap":{"teanweijun":142}},{"path":"src/main/java/Task.java","fileType":"java","lines":[{"lineNumber":1,"author":{"gitId":"teanweijun"},"content":"public class Task {","lastModifiedDate":"2022-01-22"},{"lineNumber":2,"author":{"gitId":"teanweijun"},"content":"    protected String description;","lastModifiedDate":"2022-01-22"},{"lineNumber":3,"author":{"gitId":"teanweijun"},"content":"    protected boolean isDone;","lastModifiedDate":"2022-01-22"},{"lineNumber":4,"author":{"gitId":"teanweijun"},"content":"","lastModifiedDate":"2022-01-22"},{"lineNumber":5,"author":{"gitId":"teanweijun"},"content":"    public Task(String description) {","lastModifiedDate":"2022-01-22"},{"lineNumber":6,"author":{"gitId":"teanweijun"},"content":"        this.description \u003d description;","lastModifiedDate":"2022-01-22"},{"lineNumber":7,"author":{"gitId":"teanweijun"},"content":"        isDone \u003d false;","lastModifiedDate":"2022-01-22"},{"lineNumber":8,"author":{"gitId":"teanweijun"},"content":"    }","lastModifiedDate":"2022-01-22"},{"lineNumber":9,"author":{"gitId":"teanweijun"},"content":"","lastModifiedDate":"2022-01-22"},{"lineNumber":10,"author":{"gitId":"teanweijun"},"content":"    public String getStatusIcon() {","lastModifiedDate":"2022-01-22"},{"lineNumber":11,"author":{"gitId":"teanweijun"},"content":"        return (isDone ? \"X\" : \" \");","lastModifiedDate":"2022-01-22"},{"lineNumber":12,"author":{"gitId":"teanweijun"},"content":"    }","lastModifiedDate":"2022-01-22"},{"lineNumber":13,"author":{"gitId":"teanweijun"},"content":"","lastModifiedDate":"2022-01-22"},{"lineNumber":14,"author":{"gitId":"teanweijun"},"content":"    public String getDescription() {","lastModifiedDate":"2022-01-22"},{"lineNumber":15,"author":{"gitId":"teanweijun"},"content":"        return description;","lastModifiedDate":"2022-01-22"},{"lineNumber":16,"author":{"gitId":"teanweijun"},"content":"    }","lastModifiedDate":"2022-01-22"},{"lineNumber":17,"author":{"gitId":"teanweijun"},"content":"","lastModifiedDate":"2022-01-22"},{"lineNumber":18,"author":{"gitId":"teanweijun"},"content":"    public void markDone() {","lastModifiedDate":"2022-01-22"},{"lineNumber":19,"author":{"gitId":"teanweijun"},"content":"        isDone \u003d true;","lastModifiedDate":"2022-01-22"},{"lineNumber":20,"author":{"gitId":"teanweijun"},"content":"    }","lastModifiedDate":"2022-01-22"},{"lineNumber":21,"author":{"gitId":"teanweijun"},"content":"","lastModifiedDate":"2022-01-22"},{"lineNumber":22,"author":{"gitId":"teanweijun"},"content":"    public void markNotDone() {","lastModifiedDate":"2022-01-22"},{"lineNumber":23,"author":{"gitId":"teanweijun"},"content":"        isDone \u003d false;","lastModifiedDate":"2022-01-22"},{"lineNumber":24,"author":{"gitId":"teanweijun"},"content":"    }","lastModifiedDate":"2022-01-22"},{"lineNumber":25,"author":{"gitId":"teanweijun"},"content":"","lastModifiedDate":"2022-01-29"},{"lineNumber":26,"author":{"gitId":"teanweijun"},"content":"    @Override","lastModifiedDate":"2022-01-29"},{"lineNumber":27,"author":{"gitId":"teanweijun"},"content":"    public String toString() {","lastModifiedDate":"2022-01-29"},{"lineNumber":28,"author":{"gitId":"teanweijun"},"content":"        return \"[\" + getStatusIcon() + \"] \" + description;","lastModifiedDate":"2022-01-29"},{"lineNumber":29,"author":{"gitId":"teanweijun"},"content":"    }","lastModifiedDate":"2022-01-29"},{"lineNumber":30,"author":{"gitId":"teanweijun"},"content":"}","lastModifiedDate":"2022-01-22"}],"authorContributionMap":{"teanweijun":30}},{"path":"src/main/java/ToDo.java","fileType":"java","lines":[{"lineNumber":1,"author":{"gitId":"teanweijun"},"content":"public class ToDo extends Task {","lastModifiedDate":"2022-01-29"},{"lineNumber":2,"author":{"gitId":"teanweijun"},"content":"    public ToDo(String description) {","lastModifiedDate":"2022-01-29"},{"lineNumber":3,"author":{"gitId":"teanweijun"},"content":"        super(description);","lastModifiedDate":"2022-01-29"},{"lineNumber":4,"author":{"gitId":"teanweijun"},"content":"    }","lastModifiedDate":"2022-01-29"},{"lineNumber":5,"author":{"gitId":"teanweijun"},"content":"","lastModifiedDate":"2022-01-29"},{"lineNumber":6,"author":{"gitId":"teanweijun"},"content":"    @Override","lastModifiedDate":"2022-01-29"},{"lineNumber":7,"author":{"gitId":"teanweijun"},"content":"    public String toString() {","lastModifiedDate":"2022-01-29"},{"lineNumber":8,"author":{"gitId":"teanweijun"},"content":"        return \"[T]\" + super.toString();","lastModifiedDate":"2022-01-29"},{"lineNumber":9,"author":{"gitId":"teanweijun"},"content":"    }","lastModifiedDate":"2022-01-29"},{"lineNumber":10,"author":{"gitId":"teanweijun"},"content":"}","lastModifiedDate":"2022-01-29"}],"authorContributionMap":{"teanweijun":10}},{"path":"text-ui-test/input.txt","fileType":"txt","lines":[{"lineNumber":1,"author":{"gitId":"teanweijun"},"content":"todo Try to crash this system","lastModifiedDate":"2022-01-29"},{"lineNumber":2,"author":{"gitId":"teanweijun"},"content":"event Crash this system /at Some weird timing you\u0027ll never know like 13pm","lastModifiedDate":"2022-01-29"},{"lineNumber":3,"author":{"gitId":"teanweijun"},"content":"deadline Crash Serene /by The end of this damn semester who knows 40th June","lastModifiedDate":"2022-01-29"},{"lineNumber":4,"author":{"gitId":"teanweijun"},"content":"list","lastModifiedDate":"2022-01-29"},{"lineNumber":5,"author":{"gitId":"teanweijun"},"content":"mark 1","lastModifiedDate":"2022-01-29"},{"lineNumber":6,"author":{"gitId":"teanweijun"},"content":"mark 2","lastModifiedDate":"2022-01-29"},{"lineNumber":7,"author":{"gitId":"teanweijun"},"content":"mark 3","lastModifiedDate":"2022-01-29"},{"lineNumber":8,"author":{"gitId":"teanweijun"},"content":"list","lastModifiedDate":"2022-01-29"},{"lineNumber":9,"author":{"gitId":"teanweijun"},"content":"unmark 1","lastModifiedDate":"2022-01-29"},{"lineNumber":10,"author":{"gitId":"teanweijun"},"content":"unmark 2","lastModifiedDate":"2022-01-29"},{"lineNumber":11,"author":{"gitId":"teanweijun"},"content":"unmark 3","lastModifiedDate":"2022-01-29"},{"lineNumber":12,"author":{"gitId":"teanweijun"},"content":"list","lastModifiedDate":"2022-01-29"},{"lineNumber":13,"author":{"gitId":"teanweijun"},"content":"bye","lastModifiedDate":"2022-01-29"}],"authorContributionMap":{"teanweijun":13}},{"path":"text-ui-test/runtest.bat","fileType":"bat","lines":[{"lineNumber":1,"author":{"gitId":"-"},"content":"@ECHO OFF","lastModifiedDate":"2020-05-25"},{"lineNumber":2,"author":{"gitId":"-"},"content":"","lastModifiedDate":"2020-05-25"},{"lineNumber":3,"author":{"gitId":"-"},"content":"REM create bin directory if it doesn\u0027t exist","lastModifiedDate":"2020-05-25"},{"lineNumber":4,"author":{"gitId":"-"},"content":"if not exist ..\\bin mkdir ..\\bin","lastModifiedDate":"2020-05-25"},{"lineNumber":5,"author":{"gitId":"-"},"content":"","lastModifiedDate":"2020-05-25"},{"lineNumber":6,"author":{"gitId":"-"},"content":"REM delete output from previous run","lastModifiedDate":"2020-05-25"},{"lineNumber":7,"author":{"gitId":"-"},"content":"if exist ACTUAL.TXT del ACTUAL.TXT","lastModifiedDate":"2020-08-25"},{"lineNumber":8,"author":{"gitId":"-"},"content":"","lastModifiedDate":"2020-05-25"},{"lineNumber":9,"author":{"gitId":"-"},"content":"REM compile the code into the bin folder","lastModifiedDate":"2020-05-25"},{"lineNumber":10,"author":{"gitId":"-"},"content":"javac  -cp ..\\src\\main\\java -Xlint:none -d ..\\bin ..\\src\\main\\java\\*.java","lastModifiedDate":"2020-08-25"},{"lineNumber":11,"author":{"gitId":"-"},"content":"IF ERRORLEVEL 1 (","lastModifiedDate":"2020-05-25"},{"lineNumber":12,"author":{"gitId":"-"},"content":"    echo ********** BUILD FAILURE **********","lastModifiedDate":"2020-05-25"},{"lineNumber":13,"author":{"gitId":"-"},"content":"    exit /b 1","lastModifiedDate":"2020-05-25"},{"lineNumber":14,"author":{"gitId":"-"},"content":")","lastModifiedDate":"2020-05-25"},{"lineNumber":15,"author":{"gitId":"-"},"content":"REM no error here, errorlevel \u003d\u003d 0","lastModifiedDate":"2020-05-25"},{"lineNumber":16,"author":{"gitId":"-"},"content":"","lastModifiedDate":"2020-05-25"},{"lineNumber":17,"author":{"gitId":"-"},"content":"REM run the program, feed commands from input.txt file and redirect the output to the ACTUAL.TXT","lastModifiedDate":"2020-05-25"},{"lineNumber":18,"author":{"gitId":"teanweijun"},"content":"java -classpath ..\\bin Serene \u003c input.txt \u003e ACTUAL.TXT","lastModifiedDate":"2022-01-29"},{"lineNumber":19,"author":{"gitId":"-"},"content":"","lastModifiedDate":"2020-05-25"},{"lineNumber":20,"author":{"gitId":"-"},"content":"REM compare the output to the expected output","lastModifiedDate":"2020-05-25"},{"lineNumber":21,"author":{"gitId":"-"},"content":"FC ACTUAL.TXT EXPECTED.TXT","lastModifiedDate":"2020-05-25"}],"authorContributionMap":{"teanweijun":1,"-":20}}]
