{"authorDailyContributionsMap":{"teanweijun":[{"date":"2022-01-17","commitResults":[{"hash":"f989c1deee2fd7eb801e9cc471ca28af215f4f26","isMergeCommit":false,"messageTitle":"Add Level-0 increment","messageBody":"","tags":["Level-0"],"fileTypesAndContributionMap":{"java":{"insertions":12,"deletions":0}}}]},{"date":"2022-01-22","commitResults":[{"hash":"699bcf1515a249735afb13e47db352dede62e112","isMergeCommit":false,"messageTitle":"Add Increment: Level-1","messageBody":"","tags":["Level-1"],"fileTypesAndContributionMap":{"java":{"insertions":51,"deletions":0}}},{"hash":"cb4e423c3030c4897cc5645dc71717c0877b5720","isMergeCommit":false,"messageTitle":"Delete Duke.java (name of bot changed)","messageBody":"","fileTypesAndContributionMap":{"java":{"insertions":0,"deletions":22}}},{"hash":"7dbdcf7aa7fef2e9c7782d077d08872c2f450586","isMergeCommit":false,"messageTitle":"Add Increment: Level-2","messageBody":"","tags":["Level-2"],"fileTypesAndContributionMap":{"java":{"insertions":21,"deletions":3}}},{"hash":"7120541aa7d3980a4ab262e0f53485063690219d","isMergeCommit":false,"messageTitle":"Add Increment: Level-3","messageBody":"","tags":["Level-3"],"fileTypesAndContributionMap":{"java":{"insertions":52,"deletions":8}}}]},{"date":"2022-01-23","commitResults":[{"hash":"913fa5f341241adf62ffcffbac075a7bae0cc24b","isMergeCommit":false,"messageTitle":"Add Increment: A-CodingStandard","messageBody":"","tags":["A-CodingStandard"],"fileTypesAndContributionMap":{"java":{"insertions":10,"deletions":10}}}]},{"date":"2022-01-29","commitResults":[{"hash":"a10a23444831930ad4f3624a4a7fe191d0dab168","isMergeCommit":false,"messageTitle":"Add Increment: Level-4","messageBody":"","tags":["Level-4"],"fileTypesAndContributionMap":{"java":{"insertions":142,"deletions":48}}},{"hash":"389afc5511ff8eddaad0ffdd9796b320a43435b3","isMergeCommit":false,"messageTitle":"Add Increment: A-TextUiTesting","messageBody":"","tags":["A-TextUiTesting"],"fileTypesAndContributionMap":{"txt":{"insertions":13,"deletions":0},"bat":{"insertions":1,"deletions":1}}}]},{"date":"2022-01-30","commitResults":[{"hash":"a9550d2c10313fbb200804faeb94c214caa71172","isMergeCommit":false,"messageTitle":"Add Increment: A-CodeQuality","messageBody":"","tags":["A-CodeQuality"],"fileTypesAndContributionMap":{"java":{"insertions":56,"deletions":55}}}]},{"date":"2022-02-06","commitResults":[{"hash":"686d7dd54815cd6c5a1fe08c5f78796e8d8df90d","isMergeCommit":false,"messageTitle":"Improve code quality based on peer review","messageBody":"","fileTypesAndContributionMap":{"txt":{"insertions":0,"deletions":4},"java":{"insertions":41,"deletions":31}}},{"hash":"9c28642929adc79ae674b50db7c4a0825963c3c6","isMergeCommit":false,"messageTitle":"Add ability to handle unexpected inputs","messageBody":"","fileTypesAndContributionMap":{"txt":{"insertions":5,"deletions":0},"java":{"insertions":70,"deletions":26}}},{"hash":"99f71a11f2e0bff9d801258af642b53fb0b87805","isMergeCommit":true,"messageTitle":"Merge branch \u0027branch-Level-5\u0027","messageBody":"","tags":["Level-5","A-Exceptions"],"fileTypesAndContributionMap":{}},{"hash":"d309549f42cb90ca58f79abcc5bd7e7d5d52ab0a","isMergeCommit":false,"messageTitle":"Divide classes into packages","messageBody":"","fileTypesAndContributionMap":{"java":{"insertions":15,"deletions":1}}},{"hash":"0e95c4e9657c64eb2066de2909e0f07db88487be","isMergeCommit":true,"messageTitle":"Merge branch \u0027branch-A-Packages\u0027","messageBody":"","tags":["A-Packages"],"fileTypesAndContributionMap":{}}]},{"date":"2022-02-07","commitResults":[{"hash":"f6854c58316fd6e15c9e9c2b014b1e96300542fb","isMergeCommit":false,"messageTitle":"Refine exception catching for mark and make Task abstract","messageBody":"","fileTypesAndContributionMap":{"java":{"insertions":45,"deletions":17}}},{"hash":"57fe8c91b719d5d7fcc82b6dc42781eb3d542e6c","isMergeCommit":false,"messageTitle":"Refine exception catching for deadline and event","messageBody":"","fileTypesAndContributionMap":{"txt":{"insertions":5,"deletions":0},"java":{"insertions":17,"deletions":3},"bat":{"insertions":2,"deletions":2}}},{"hash":"095fc8e4f9898e2d7169020d66b6531e2e1e35bf","isMergeCommit":false,"messageTitle":"Add comments for code clarity","messageBody":"","fileTypesAndContributionMap":{"java":{"insertions":10,"deletions":0}}}]},{"date":"2022-02-11","commitResults":[{"hash":"c0d93d7ce4a18e245da6ef26a714ca6a8b3ff546","isMergeCommit":false,"messageTitle":"Implement use of ArrayList to store tasks","messageBody":"","tags":["A-Collections"],"fileTypesAndContributionMap":{"java":{"insertions":19,"deletions":17}}},{"hash":"8663485ecea360536b0ca34532b558014450b4e1","isMergeCommit":false,"messageTitle":"Add support for deleting tasks from the list","messageBody":"","fileTypesAndContributionMap":{"txt":{"insertions":4,"deletions":0},"java":{"insertions":46,"deletions":12}}}]},{"date":"2022-02-12","commitResults":[{"hash":"47a533bc8be4dfda5463975561069b83de1a04de","isMergeCommit":false,"messageTitle":"Implement adding of tasks to be input in a file","messageBody":"","fileTypesAndContributionMap":{"java":{"insertions":55,"deletions":1}}},{"hash":"6902f35f592cdc9c76397d8944812b1b3174e925","isMergeCommit":false,"messageTitle":"Implement retrieving of tasks from save file","messageBody":"","fileTypesAndContributionMap":{"java":{"insertions":44,"deletions":2}}},{"hash":"f2a91630989544fcf37793c004ca362531f72a7c","isMergeCommit":true,"messageTitle":"Merge branch \u0027branch-Level-6\u0027","messageBody":"","tags":["Level-6"],"fileTypesAndContributionMap":{}},{"hash":"ed38b90c696f1f8498894dd7aafbe8d0ee261b7c","isMergeCommit":true,"messageTitle":"Merge branch \u0027branch-Level-7\u0027","messageBody":"# Conflicts:\n#\tsrc/main/java/serene/Serene.java\n","tags":["Level-7"],"fileTypesAndContributionMap":{}},{"hash":"6a20919269fc98a2552872c5410e79a6c6b0ee6c","isMergeCommit":false,"messageTitle":"Implement updating of save file upon delete","messageBody":"","fileTypesAndContributionMap":{"java":{"insertions":15,"deletions":0}}}]},{"date":"2022-02-17","commitResults":[{"hash":"be3a211ebc2b316321d1f547c98d4ece45d14954","isMergeCommit":false,"messageTitle":"Update save file creation message","messageBody":"","tags":["A-Jar"],"fileTypesAndContributionMap":{"java":{"insertions":1,"deletions":0}}},{"hash":"2b754cd9ab875496336cafb9bf7a1d4a4bf8a497","isMergeCommit":false,"messageTitle":"Fix bug where ending bracket in save file is read into description","messageBody":"","fileTypesAndContributionMap":{"java":{"insertions":2,"deletions":2}}}]},{"date":"2022-02-23","commitResults":[{"hash":"e6cd6c5ac95ffbcd9fd70b57a837f4f71e4d9415","isMergeCommit":false,"messageTitle":"Move string constants to new UserInterface class","messageBody":"","fileTypesAndContributionMap":{"java":{"insertions":35,"deletions":30}}},{"hash":"6d285370c96afcc51c9db289c7bfbeb977c11aed","isMergeCommit":false,"messageTitle":"Move global constants to new Constant class and create new global package","messageBody":"","fileTypesAndContributionMap":{"java":{"insertions":45,"deletions":39}}},{"hash":"e7afcf5cb6d42392ec297f18ba83b6e1554d31ba","isMergeCommit":false,"messageTitle":"Rename Ui class to adhere with coding standards","messageBody":"","fileTypesAndContributionMap":{"java":{"insertions":25,"deletions":27}}},{"hash":"e900b46f6c1f277652a03aaea943842410b09d1c","isMergeCommit":false,"messageTitle":"Extract input parsing methods to new Parser class","messageBody":"","fileTypesAndContributionMap":{"txt":{"insertions":2,"deletions":0},"java":{"insertions":67,"deletions":61}}},{"hash":"6c040fdc04bde7fa414e4865a96cfb70b3e63617","isMergeCommit":false,"messageTitle":"Extract printing methods to Ui class","messageBody":"","fileTypesAndContributionMap":{"txt":{"insertions":0,"deletions":2},"java":{"insertions":88,"deletions":79}}},{"hash":"425e2343d56285e03295a014190deecf52b35a24","isMergeCommit":false,"messageTitle":"Make taskCount private for security concerns","messageBody":"","fileTypesAndContributionMap":{"java":{"insertions":13,"deletions":13}}},{"hash":"b8caf74b5d82b8e9459fc9f971d7deab20627126","isMergeCommit":false,"messageTitle":"Extract methods dealing with the save file to new Storage class","messageBody":"","fileTypesAndContributionMap":{"java":{"insertions":87,"deletions":71}}},{"hash":"be1eb19ccf830c77d8843a22ee1ed842d1529711","isMergeCommit":false,"messageTitle":"Extract method dealing with the task array to new TaskList class","messageBody":"","fileTypesAndContributionMap":{"java":{"insertions":210,"deletions":183}}},{"hash":"7742502bf54610807129b8e5d70b9d3ad6acebdf","isMergeCommit":false,"messageTitle":"Perform general clean up of code","messageBody":"","fileTypesAndContributionMap":{"java":{"insertions":1,"deletions":3}}},{"hash":"a292a7f3755a8bffabc6a3ccec70334f38f46a07","isMergeCommit":true,"messageTitle":"Merge branch \u0027branch-A-MoreOOP\u0027","messageBody":"","tags":["A-MoreOOP"],"fileTypesAndContributionMap":{}},{"hash":"054372af62dee2b421cb9081d07049b25319ffca","isMergeCommit":false,"messageTitle":"Edit structure of main class to be more intuitive","messageBody":"","fileTypesAndContributionMap":{"java":{"insertions":19,"deletions":20}}},{"hash":"97a5e55d6668047332216150c2215d9b52312b6a","isMergeCommit":false,"messageTitle":"Edit for loop in tasks printing to comply with coding standards","messageBody":"","fileTypesAndContributionMap":{"java":{"insertions":19,"deletions":18}}},{"hash":"72119d9203437af61399ebef4e56da66cd024594","isMergeCommit":false,"messageTitle":"Introduce new constants to replace magic numbers","messageBody":"","fileTypesAndContributionMap":{"java":{"insertions":4,"deletions":2}}},{"hash":"b7ecec73fe8ac63cb1df938c718077a4cbbe7b05","isMergeCommit":false,"messageTitle":"Separate compounded boolean expressions for better readability","messageBody":"","fileTypesAndContributionMap":{"java":{"insertions":9,"deletions":4}}},{"hash":"6f7013f1ea33ba59a0d21854159e7dee9687bb57","isMergeCommit":false,"messageTitle":"Add JavaDoc comments to Ui and Parser class","messageBody":"","fileTypesAndContributionMap":{"java":{"insertions":68,"deletions":4}}},{"hash":"93900042236af67294ebf8b15aecf75394974c52","isMergeCommit":false,"messageTitle":"Add a check for empty time field in the case of event or deadline","messageBody":"","fileTypesAndContributionMap":{"java":{"insertions":26,"deletions":7}}},{"hash":"94961bed951c7e0a5ac94d0d938d71f3e5c18458","isMergeCommit":false,"messageTitle":"Add JavaDoc comments for Storage class","messageBody":"","fileTypesAndContributionMap":{"java":{"insertions":34,"deletions":7}}},{"hash":"0a31d39ccdac002dcf0aba05bd1bcf8b8f3bc59c","isMergeCommit":false,"messageTitle":"Fix bug where save file was not being read","messageBody":"","fileTypesAndContributionMap":{"java":{"insertions":18,"deletions":12}}},{"hash":"3cdbb3dd9914b4054bfce197def28b7e400f1e13","isMergeCommit":false,"messageTitle":"Give users a way to find a task by searching for a keyword","messageBody":"","fileTypesAndContributionMap":{"java":{"insertions":37,"deletions":0}}},{"hash":"1241014011edae8488677e46f824e2ccfd67d091","isMergeCommit":false,"messageTitle":"Add JavaDoc comments to TaskList class","messageBody":"","fileTypesAndContributionMap":{"java":{"insertions":59,"deletions":0}}},{"hash":"02391305922bd3185370a17f474ecafe42c8aae3","isMergeCommit":false,"messageTitle":"Add JavaDoc comments for classes in the task package","messageBody":"","fileTypesAndContributionMap":{"java":{"insertions":38,"deletions":0}}},{"hash":"816bfc05d1a1c2e4a512a03daf036b28dda1fee1","isMergeCommit":false,"messageTitle":"Add JavaDoc comments for Serene class","messageBody":"","fileTypesAndContributionMap":{"java":{"insertions":11,"deletions":0}}}]},{"date":"2022-02-24","commitResults":[{"hash":"cc96a29c09c2756b25f58386aff808a446ebc49e","isMergeCommit":true,"messageTitle":"Merge pull request #2 from Teanweijun/branch-A-JavaDoc","messageBody":"Branch a java doc","tags":["A-JavaDoc"],"fileTypesAndContributionMap":{}},{"hash":"1b7440113c959c3a5cb884dbdbf2c55d0c57978d","isMergeCommit":true,"messageTitle":"Merge branch \u0027master\u0027 into branch-Level-9","messageBody":"# Conflicts:\n#\tsrc/main/java/serene/task/Task.java\n","fileTypesAndContributionMap":{}},{"hash":"66d063e2271ab11df9aa9f2277b9a222637665a8","isMergeCommit":true,"messageTitle":"Merge pull request #1 from Teanweijun/branch-Level-9","messageBody":"Give users a way to find a task by searching for a keyword","tags":["Level-9"],"fileTypesAndContributionMap":{}},{"hash":"04bf79c97529489f3405ec03e0281277071f4268","isMergeCommit":false,"messageTitle":"Add JavaDoc comments for Ui and Parser class methods relating to find function","messageBody":"","fileTypesAndContributionMap":{"java":{"insertions":13,"deletions":0}}},{"hash":"68b71850bf00ff802ef69b5e64ae13bc7575e9e6","isMergeCommit":false,"messageTitle":"Change method names in Parser class to be compliant to coding standards","messageBody":"","fileTypesAndContributionMap":{"java":{"insertions":3,"deletions":3}}},{"hash":"8804b0af603a8bac39fdf6853ca6585bd2f7ae22","isMergeCommit":false,"messageTitle":"Fix a bug where empty description could be provided to ToDo type task","messageBody":"","fileTypesAndContributionMap":{"java":{"insertions":8,"deletions":1}}},{"hash":"4da7245c9f0e90da44501a0bc54c325dfb32bd75","isMergeCommit":true,"messageTitle":"Merge branch \u0027master\u0027 of https://github.com/Teanweijun/ip","messageBody":"","fileTypesAndContributionMap":{}},{"hash":"6c32cb4e0f6ca90485dc92ef7623f9c507abffe1","isMergeCommit":false,"messageTitle":"Add a help command for user friendliness","messageBody":"","fileTypesAndContributionMap":{"java":{"insertions":13,"deletions":0}}},{"hash":"ee2eaddbaad2ab543123b9a08a3e85142917e772","isMergeCommit":false,"messageTitle":"Add a sample command in README to test website","messageBody":"","fileTypesAndContributionMap":{"md":{"insertions":31,"deletions":2}}},{"hash":"490d4e2a1a0c6c17d74345f36f88ac9e01a405ff","isMergeCommit":false,"messageTitle":"Update github page to test out image linking","messageBody":"","fileTypesAndContributionMap":{"java":{"insertions":6,"deletions":2},"md":{"insertions":60,"deletions":4}}},{"hash":"d479a10b558bece65dc56b55187507f7eca9534b","isMergeCommit":false,"messageTitle":"Edit image links","messageBody":"","fileTypesAndContributionMap":{"md":{"insertions":4,"deletions":4}}},{"hash":"76068d8da43cfdf91510b11b924482d1988c8df0","isMergeCommit":false,"messageTitle":"Add more commands to features tab of github page","messageBody":"","fileTypesAndContributionMap":{"md":{"insertions":23,"deletions":1}}},{"hash":"e1fabf859032a204628d6ac48e2c50b3ccca04fc","isMergeCommit":false,"messageTitle":"Add some whitespaces to test line breaking in github pages","messageBody":"","fileTypesAndContributionMap":{"md":{"insertions":18,"deletions":17}}},{"hash":"0824cde91d4bda7f06cfa79b5e761f881bd4e126","isMergeCommit":false,"messageTitle":"Fix line break issues in features tab of github pages","messageBody":"","fileTypesAndContributionMap":{"md":{"insertions":6,"deletions":6}}},{"hash":"801e3097a85d759588aa0e6698a3d24b535234e1","isMergeCommit":false,"messageTitle":"Add in a command summary to github page","messageBody":"","fileTypesAndContributionMap":{"md":{"insertions":28,"deletions":30}}},{"hash":"3358241c59a9bd6cb269693e3cede7e5512b871a","isMergeCommit":false,"messageTitle":"Fix line break and table bug in github page","messageBody":"","fileTypesAndContributionMap":{"md":{"insertions":15,"deletions":15}}},{"hash":"4eddc4f4ce0f0dd319fa3c0cabe18bebda88c1f5","isMergeCommit":false,"messageTitle":"Make error messages clearer","messageBody":"","tags":["A-Release"],"fileTypesAndContributionMap":{"java":{"insertions":2,"deletions":2}}},{"hash":"06dc8e09c134548695235984ea9544dfb3e4d3c7","isMergeCommit":false,"messageTitle":"Add jar file download link to github page","messageBody":"","fileTypesAndContributionMap":{"md":{"insertions":1,"deletions":1}}},{"hash":"5a16bc9a23f7b15980e46ac01eec77c9c6496219","isMergeCommit":false,"messageTitle":"Update running instructions on github page","messageBody":"","tags":["A-UserGuide"],"fileTypesAndContributionMap":{"md":{"insertions":1,"deletions":1}}}]}]},"authorFileTypeContributionMap":{"teanweijun":{"java":846,"md":117,"fxml":0,"sh":0,"bat":2,"gradle":0,"txt":23}},"authorContributionVariance":{"teanweijun":54826.773},"authorDisplayNameMap":{"teanweijun":"CS2113T-T10-2 TEAN.. JUN"}}
