{"authorDailyContributionsMap":{"teanweijun":[{"date":"2022-01-17","commitResults":[{"hash":"f989c1deee2fd7eb801e9cc471ca28af215f4f26","messageTitle":"Add Level-0 increment","messageBody":"","tags":["Level-0"],"fileTypesAndContributionMap":{"java":{"insertions":12,"deletions":0}}}]},{"date":"2022-01-22","commitResults":[{"hash":"699bcf1515a249735afb13e47db352dede62e112","messageTitle":"Add Increment: Level-1","messageBody":"","tags":["Level-1"],"fileTypesAndContributionMap":{"java":{"insertions":51,"deletions":0}}},{"hash":"cb4e423c3030c4897cc5645dc71717c0877b5720","messageTitle":"Delete Duke.java (name of bot changed)","messageBody":"","fileTypesAndContributionMap":{"java":{"insertions":0,"deletions":22}}},{"hash":"7dbdcf7aa7fef2e9c7782d077d08872c2f450586","messageTitle":"Add Increment: Level-2","messageBody":"","tags":["Level-2"],"fileTypesAndContributionMap":{"java":{"insertions":21,"deletions":3}}},{"hash":"7120541aa7d3980a4ab262e0f53485063690219d","messageTitle":"Add Increment: Level-3","messageBody":"","tags":["Level-3"],"fileTypesAndContributionMap":{"java":{"insertions":52,"deletions":8}}}]},{"date":"2022-01-23","commitResults":[{"hash":"913fa5f341241adf62ffcffbac075a7bae0cc24b","messageTitle":"Add Increment: A-CodingStandard","messageBody":"","tags":["A-CodingStandard"],"fileTypesAndContributionMap":{"java":{"insertions":10,"deletions":10}}}]},{"date":"2022-01-29","commitResults":[{"hash":"a10a23444831930ad4f3624a4a7fe191d0dab168","messageTitle":"Add Increment: Level-4","messageBody":"","tags":["Level-4"],"fileTypesAndContributionMap":{"java":{"insertions":142,"deletions":48}}},{"hash":"389afc5511ff8eddaad0ffdd9796b320a43435b3","messageTitle":"Add Increment: A-TextUiTesting","messageBody":"","tags":["A-TextUiTesting"],"fileTypesAndContributionMap":{"txt":{"insertions":13,"deletions":0},"bat":{"insertions":1,"deletions":1}}}]},{"date":"2022-01-30","commitResults":[{"hash":"a9550d2c10313fbb200804faeb94c214caa71172","messageTitle":"Add Increment: A-CodeQuality","messageBody":"","tags":["A-CodeQuality"],"fileTypesAndContributionMap":{"java":{"insertions":56,"deletions":55}}}]},{"date":"2022-02-06","commitResults":[{"hash":"686d7dd54815cd6c5a1fe08c5f78796e8d8df90d","messageTitle":"Improve code quality based on peer review","messageBody":"","fileTypesAndContributionMap":{"txt":{"insertions":0,"deletions":4},"java":{"insertions":41,"deletions":31}}},{"hash":"9c28642929adc79ae674b50db7c4a0825963c3c6","messageTitle":"Add ability to handle unexpected inputs","messageBody":"","fileTypesAndContributionMap":{"txt":{"insertions":5,"deletions":0},"java":{"insertions":70,"deletions":26}}},{"hash":"d309549f42cb90ca58f79abcc5bd7e7d5d52ab0a","messageTitle":"Divide classes into packages","messageBody":"","fileTypesAndContributionMap":{"java":{"insertions":15,"deletions":1}}}]},{"date":"2022-02-07","commitResults":[{"hash":"f6854c58316fd6e15c9e9c2b014b1e96300542fb","messageTitle":"Refine exception catching for mark and make Task abstract","messageBody":"","fileTypesAndContributionMap":{"java":{"insertions":45,"deletions":17}}},{"hash":"57fe8c91b719d5d7fcc82b6dc42781eb3d542e6c","messageTitle":"Refine exception catching for deadline and event","messageBody":"","fileTypesAndContributionMap":{"txt":{"insertions":5,"deletions":0},"java":{"insertions":17,"deletions":3},"bat":{"insertions":2,"deletions":2}}},{"hash":"095fc8e4f9898e2d7169020d66b6531e2e1e35bf","messageTitle":"Add comments for code clarity","messageBody":"","fileTypesAndContributionMap":{"java":{"insertions":10,"deletions":0}}}]},{"date":"2022-02-11","commitResults":[{"hash":"c0d93d7ce4a18e245da6ef26a714ca6a8b3ff546","messageTitle":"Implement use of ArrayList to store tasks","messageBody":"","fileTypesAndContributionMap":{"java":{"insertions":19,"deletions":17}}},{"hash":"8663485ecea360536b0ca34532b558014450b4e1","messageTitle":"Add support for deleting tasks from the list","messageBody":"","fileTypesAndContributionMap":{"txt":{"insertions":4,"deletions":0},"java":{"insertions":46,"deletions":12}}}]},{"date":"2022-02-12","commitResults":[{"hash":"47a533bc8be4dfda5463975561069b83de1a04de","messageTitle":"Implement adding of tasks to be input in a file","messageBody":"","fileTypesAndContributionMap":{"java":{"insertions":55,"deletions":1}}},{"hash":"6902f35f592cdc9c76397d8944812b1b3174e925","messageTitle":"Implement retrieving of tasks from save file","messageBody":"","fileTypesAndContributionMap":{"java":{"insertions":44,"deletions":2}}},{"hash":"6a20919269fc98a2552872c5410e79a6c6b0ee6c","messageTitle":"Implement updating of save file upon delete","messageBody":"","fileTypesAndContributionMap":{"java":{"insertions":15,"deletions":0}}}]},{"date":"2022-02-17","commitResults":[{"hash":"be3a211ebc2b316321d1f547c98d4ece45d14954","messageTitle":"Update save file creation message","messageBody":"","tags":["A-Jar"],"fileTypesAndContributionMap":{"java":{"insertions":1,"deletions":0}}},{"hash":"2b754cd9ab875496336cafb9bf7a1d4a4bf8a497","messageTitle":"Fix bug where ending bracket in save file is read into description","messageBody":"","fileTypesAndContributionMap":{"java":{"insertions":2,"deletions":2}}}]}]},"authorFileTypeContributionMap":{"teanweijun":{"java":476,"md":0,"fxml":0,"sh":0,"bat":2,"gradle":0,"txt":23}},"authorContributionVariance":{"teanweijun":3446.8438},"authorDisplayNameMap":{"teanweijun":"T10-2 TEAN.. JUN"}}
