[{"path":"src/main/java/duke/Duke.java","fileType":"java","lines":[{"lineNumber":1,"author":{"gitId":"tjiarong"},"content":"package duke;","lastModifiedDate":"2022-02-10"},{"lineNumber":2,"author":{"gitId":"tjiarong"},"content":"","lastModifiedDate":"2022-02-10"},{"lineNumber":3,"author":{"gitId":"tjiarong"},"content":"import duke.task.Deadline;","lastModifiedDate":"2022-02-10"},{"lineNumber":4,"author":{"gitId":"tjiarong"},"content":"import duke.task.Events;","lastModifiedDate":"2022-02-10"},{"lineNumber":5,"author":{"gitId":"tjiarong"},"content":"import duke.task.Task;","lastModifiedDate":"2022-02-10"},{"lineNumber":6,"author":{"gitId":"tjiarong"},"content":"import duke.task.ToDos;","lastModifiedDate":"2022-02-10"},{"lineNumber":7,"author":{"gitId":"tjiarong"},"content":"","lastModifiedDate":"2022-02-10"},{"lineNumber":8,"author":{"gitId":"tjiarong"},"content":"import java.util.Scanner;","lastModifiedDate":"2022-01-26"},{"lineNumber":9,"author":{"gitId":"tjiarong"},"content":"","lastModifiedDate":"2022-01-26"},{"lineNumber":10,"author":{"gitId":"-"},"content":"public class Duke {","lastModifiedDate":"2019-07-29"},{"lineNumber":11,"author":{"gitId":"tjiarong"},"content":"","lastModifiedDate":"2022-02-10"},{"lineNumber":12,"author":{"gitId":"tjiarong"},"content":"    public static final String TASK_LIST \u003d \"list\";","lastModifiedDate":"2022-02-17"},{"lineNumber":13,"author":{"gitId":"tjiarong"},"content":"    public static final String TASK_TODO \u003d \"todo\";","lastModifiedDate":"2022-02-17"},{"lineNumber":14,"author":{"gitId":"tjiarong"},"content":"    public static final String TASK_EVENT \u003d \"event\";","lastModifiedDate":"2022-02-17"},{"lineNumber":15,"author":{"gitId":"tjiarong"},"content":"    public static final String TASK_DEADLINE \u003d \"deadline\";","lastModifiedDate":"2022-02-17"},{"lineNumber":16,"author":{"gitId":"tjiarong"},"content":"    public static final String TASK_MARK \u003d \"mark\";","lastModifiedDate":"2022-02-17"},{"lineNumber":17,"author":{"gitId":"tjiarong"},"content":"    public static final String TASK_UNMARK \u003d \"unmark\";","lastModifiedDate":"2022-02-17"},{"lineNumber":18,"author":{"gitId":"tjiarong"},"content":"    public static final String EXIT \u003d \"bye\";","lastModifiedDate":"2022-02-17"},{"lineNumber":19,"author":{"gitId":"tjiarong"},"content":"","lastModifiedDate":"2022-02-17"},{"lineNumber":20,"author":{"gitId":"tjiarong"},"content":"    public static final int MAX_TASK \u003d 100;","lastModifiedDate":"2022-02-10"},{"lineNumber":21,"author":{"gitId":"tjiarong"},"content":"","lastModifiedDate":"2022-02-10"},{"lineNumber":22,"author":{"gitId":"-"},"content":"    public static void main(String[] args) {","lastModifiedDate":"2019-07-29"},{"lineNumber":23,"author":{"gitId":"tjiarong"},"content":"","lastModifiedDate":"2022-02-10"},{"lineNumber":24,"author":{"gitId":"tjiarong"},"content":"        Task[] tasks \u003d new Task[MAX_TASK];","lastModifiedDate":"2022-02-02"},{"lineNumber":25,"author":{"gitId":"tjiarong"},"content":"        tasks[0] \u003d new ToDos(\"Init\");","lastModifiedDate":"2022-02-10"},{"lineNumber":26,"author":{"gitId":"tjiarong"},"content":"","lastModifiedDate":"2022-01-26"},{"lineNumber":27,"author":{"gitId":"tjiarong"},"content":"        printWelcomeMessage();","lastModifiedDate":"2022-02-02"},{"lineNumber":28,"author":{"gitId":"tjiarong"},"content":"","lastModifiedDate":"2022-01-26"},{"lineNumber":29,"author":{"gitId":"tjiarong"},"content":"        Scanner in \u003d new Scanner(System.in);","lastModifiedDate":"2022-02-02"},{"lineNumber":30,"author":{"gitId":"tjiarong"},"content":"        String line \u003d in.nextLine();","lastModifiedDate":"2022-02-02"},{"lineNumber":31,"author":{"gitId":"tjiarong"},"content":"        // Extract first part of command for action","lastModifiedDate":"2022-02-02"},{"lineNumber":32,"author":{"gitId":"tjiarong"},"content":"        String command \u003d line.split(\" \")[0];","lastModifiedDate":"2022-02-02"},{"lineNumber":33,"author":{"gitId":"tjiarong"},"content":"        while (!command.equals(EXIT)) {","lastModifiedDate":"2022-02-17"},{"lineNumber":34,"author":{"gitId":"tjiarong"},"content":"            switch (command) {","lastModifiedDate":"2022-02-02"},{"lineNumber":35,"author":{"gitId":"tjiarong"},"content":"            case TASK_LIST:","lastModifiedDate":"2022-02-17"},{"lineNumber":36,"author":{"gitId":"tjiarong"},"content":"                printList(tasks);","lastModifiedDate":"2022-02-02"},{"lineNumber":37,"author":{"gitId":"tjiarong"},"content":"                break;","lastModifiedDate":"2022-02-02"},{"lineNumber":38,"author":{"gitId":"tjiarong"},"content":"            case TASK_UNMARK:","lastModifiedDate":"2022-02-17"},{"lineNumber":39,"author":{"gitId":"tjiarong"},"content":"                unmarkTask(line, tasks);","lastModifiedDate":"2022-02-02"},{"lineNumber":40,"author":{"gitId":"tjiarong"},"content":"                break;","lastModifiedDate":"2022-02-02"},{"lineNumber":41,"author":{"gitId":"tjiarong"},"content":"            case TASK_MARK:","lastModifiedDate":"2022-02-17"},{"lineNumber":42,"author":{"gitId":"tjiarong"},"content":"                markTask(line, tasks);","lastModifiedDate":"2022-02-02"},{"lineNumber":43,"author":{"gitId":"tjiarong"},"content":"                break;","lastModifiedDate":"2022-02-02"},{"lineNumber":44,"author":{"gitId":"tjiarong"},"content":"            case TASK_TODO:","lastModifiedDate":"2022-02-17"},{"lineNumber":45,"author":{"gitId":"tjiarong"},"content":"                try {","lastModifiedDate":"2022-02-10"},{"lineNumber":46,"author":{"gitId":"tjiarong"},"content":"                    addToDo(line, tasks);","lastModifiedDate":"2022-02-02"},{"lineNumber":47,"author":{"gitId":"tjiarong"},"content":"                } catch (IndexOutOfBoundsException e) {","lastModifiedDate":"2022-02-10"},{"lineNumber":48,"author":{"gitId":"tjiarong"},"content":"                    // Refactor this later","lastModifiedDate":"2022-02-10"},{"lineNumber":49,"author":{"gitId":"tjiarong"},"content":"                    System.out.println(\"_____________________________________________\\n\"","lastModifiedDate":"2022-02-10"},{"lineNumber":50,"author":{"gitId":"tjiarong"},"content":"                            + \"Error: The description of a todo cannot be empty.\" + \"\\n\"","lastModifiedDate":"2022-02-10"},{"lineNumber":51,"author":{"gitId":"tjiarong"},"content":"                            + \"_____________________________________________\\n\"","lastModifiedDate":"2022-02-10"},{"lineNumber":52,"author":{"gitId":"tjiarong"},"content":"                    );","lastModifiedDate":"2022-02-10"},{"lineNumber":53,"author":{"gitId":"tjiarong"},"content":"                }","lastModifiedDate":"2022-02-10"},{"lineNumber":54,"author":{"gitId":"tjiarong"},"content":"                break;","lastModifiedDate":"2022-02-02"},{"lineNumber":55,"author":{"gitId":"tjiarong"},"content":"            case TASK_DEADLINE:","lastModifiedDate":"2022-02-17"},{"lineNumber":56,"author":{"gitId":"tjiarong"},"content":"                addDeadline(line, tasks);","lastModifiedDate":"2022-02-02"},{"lineNumber":57,"author":{"gitId":"tjiarong"},"content":"                break;","lastModifiedDate":"2022-02-02"},{"lineNumber":58,"author":{"gitId":"tjiarong"},"content":"            case TASK_EVENT:","lastModifiedDate":"2022-02-17"},{"lineNumber":59,"author":{"gitId":"tjiarong"},"content":"                addEvent(line, tasks);","lastModifiedDate":"2022-02-02"},{"lineNumber":60,"author":{"gitId":"tjiarong"},"content":"                break;","lastModifiedDate":"2022-02-02"},{"lineNumber":61,"author":{"gitId":"tjiarong"},"content":"            default:","lastModifiedDate":"2022-02-02"},{"lineNumber":62,"author":{"gitId":"tjiarong"},"content":"                printError();","lastModifiedDate":"2022-02-10"},{"lineNumber":63,"author":{"gitId":"tjiarong"},"content":"                break;","lastModifiedDate":"2022-02-02"},{"lineNumber":64,"author":{"gitId":"tjiarong"},"content":"            }","lastModifiedDate":"2022-02-02"},{"lineNumber":65,"author":{"gitId":"tjiarong"},"content":"            line \u003d in.nextLine();","lastModifiedDate":"2022-02-02"},{"lineNumber":66,"author":{"gitId":"tjiarong"},"content":"            command \u003d line.split(\" \")[0];","lastModifiedDate":"2022-02-02"},{"lineNumber":67,"author":{"gitId":"tjiarong"},"content":"        }","lastModifiedDate":"2022-02-02"},{"lineNumber":68,"author":{"gitId":"tjiarong"},"content":"        printBye();","lastModifiedDate":"2022-02-02"},{"lineNumber":69,"author":{"gitId":"tjiarong"},"content":"    }","lastModifiedDate":"2022-02-02"},{"lineNumber":70,"author":{"gitId":"tjiarong"},"content":"","lastModifiedDate":"2022-02-02"},{"lineNumber":71,"author":{"gitId":"tjiarong"},"content":"    private static void printWelcomeMessage() {","lastModifiedDate":"2022-02-02"},{"lineNumber":72,"author":{"gitId":"tjiarong"},"content":"        String logo \u003d \" ______   _____   ________  _______ __________ _______ \\n\"","lastModifiedDate":"2022-02-10"},{"lineNumber":73,"author":{"gitId":"tjiarong"},"content":"                    + \"( ____ )(  ___  )\\\\__   __/(  ___  )\\\\__   __/(  ___  )( (    /|\\n\"","lastModifiedDate":"2022-02-02"},{"lineNumber":74,"author":{"gitId":"tjiarong"},"content":"                    + \"| (    )|| (   ) |   ) (   | (   ) |   ) (   | (   ) ||  \\\\  ( |\\\\\\n\"","lastModifiedDate":"2022-02-02"},{"lineNumber":75,"author":{"gitId":"tjiarong"},"content":"                    + \"| (____)|| |   | |   | |   | (___) |   | |   | |   | ||   \\\\ | |\\n\"","lastModifiedDate":"2022-02-02"},{"lineNumber":76,"author":{"gitId":"tjiarong"},"content":"                    + \"|  _____)| |   | |   | |   |  ___  |   | |   | |   | || (\\\\ \\\\) | \\n\"","lastModifiedDate":"2022-02-02"},{"lineNumber":77,"author":{"gitId":"tjiarong"},"content":"                    + \"| (      | |   | |   | |   | (   ) |   | |   | |   | || | \\\\   | \\n\"","lastModifiedDate":"2022-02-02"},{"lineNumber":78,"author":{"gitId":"tjiarong"},"content":"                    + \"| )      | (___) |   | |   | )   ( |   | |   | (___) || )  \\\\  | \\n\"","lastModifiedDate":"2022-02-02"},{"lineNumber":79,"author":{"gitId":"tjiarong"},"content":"                    + \"|/       (_______)   )_(   |/     \\\\|   )_(   (_______)|/    )_) \\n\";","lastModifiedDate":"2022-02-02"},{"lineNumber":80,"author":{"gitId":"tjiarong"},"content":"","lastModifiedDate":"2022-02-02"},{"lineNumber":81,"author":{"gitId":"tjiarong"},"content":"        System.out.println(\"_____________________________________________\\n\"","lastModifiedDate":"2022-02-02"},{"lineNumber":82,"author":{"gitId":"tjiarong"},"content":"                        + logo + \"\\n\"","lastModifiedDate":"2022-02-02"},{"lineNumber":83,"author":{"gitId":"tjiarong"},"content":"                        + \"Hello! I\u0027m Potaton\\n\"","lastModifiedDate":"2022-02-10"},{"lineNumber":84,"author":{"gitId":"tjiarong"},"content":"                        + \"What can I do for you?\\n\"","lastModifiedDate":"2022-02-02"},{"lineNumber":85,"author":{"gitId":"tjiarong"},"content":"                        + \"_____________________________________________\\n\"","lastModifiedDate":"2022-02-02"},{"lineNumber":86,"author":{"gitId":"tjiarong"},"content":"                );","lastModifiedDate":"2022-02-02"},{"lineNumber":87,"author":{"gitId":"tjiarong"},"content":"    }","lastModifiedDate":"2022-02-02"},{"lineNumber":88,"author":{"gitId":"tjiarong"},"content":"","lastModifiedDate":"2022-02-02"},{"lineNumber":89,"author":{"gitId":"tjiarong"},"content":"    private static void addEvent(String line, Task[] tasks) {","lastModifiedDate":"2022-02-02"},{"lineNumber":90,"author":{"gitId":"tjiarong"},"content":"        String arg \u003d line.split(\" \", 2)[1];","lastModifiedDate":"2022-02-02"},{"lineNumber":91,"author":{"gitId":"tjiarong"},"content":"        String event \u003d arg.split(\"/at \", 2)[0];","lastModifiedDate":"2022-02-02"},{"lineNumber":92,"author":{"gitId":"tjiarong"},"content":"        String eventDate \u003d arg.split(\"/at \", 2)[1];","lastModifiedDate":"2022-02-02"},{"lineNumber":93,"author":{"gitId":"tjiarong"},"content":"        Task t \u003d new Events(event, eventDate);","lastModifiedDate":"2022-02-02"},{"lineNumber":94,"author":{"gitId":"tjiarong"},"content":"        tasks[t.getTaskCount() - 1] \u003d t;","lastModifiedDate":"2022-02-02"},{"lineNumber":95,"author":{"gitId":"tjiarong"},"content":"        System.out.println(\"_____________________________________________\\n\"","lastModifiedDate":"2022-01-27"},{"lineNumber":96,"author":{"gitId":"tjiarong"},"content":"                + \"Got it. I\u0027ve added this task: \\n\"","lastModifiedDate":"2022-02-02"},{"lineNumber":97,"author":{"gitId":"tjiarong"},"content":"                +  t + \"\\n\"","lastModifiedDate":"2022-02-02"},{"lineNumber":98,"author":{"gitId":"tjiarong"},"content":"                + \"Now you have \" + (t.getTaskCount() - 1) + \" tasks in the list.\" + \"\\n\"","lastModifiedDate":"2022-02-02"},{"lineNumber":99,"author":{"gitId":"tjiarong"},"content":"                + \"_____________________________________________\\n\"","lastModifiedDate":"2022-02-02"},{"lineNumber":100,"author":{"gitId":"tjiarong"},"content":"        );","lastModifiedDate":"2022-02-02"},{"lineNumber":101,"author":{"gitId":"tjiarong"},"content":"    }","lastModifiedDate":"2022-01-26"},{"lineNumber":102,"author":{"gitId":"tjiarong"},"content":"","lastModifiedDate":"2022-02-02"},{"lineNumber":103,"author":{"gitId":"tjiarong"},"content":"    private static void addDeadline(String line, Task[] tasks) {","lastModifiedDate":"2022-02-02"},{"lineNumber":104,"author":{"gitId":"tjiarong"},"content":"        String arg \u003d line.split(\" \", 2)[1];","lastModifiedDate":"2022-02-02"},{"lineNumber":105,"author":{"gitId":"tjiarong"},"content":"        String task \u003d arg.split(\"/by \", 2)[0];","lastModifiedDate":"2022-02-02"},{"lineNumber":106,"author":{"gitId":"tjiarong"},"content":"        String dueDate \u003d arg.split(\"/by \", 2)[1];","lastModifiedDate":"2022-02-02"},{"lineNumber":107,"author":{"gitId":"tjiarong"},"content":"        Task t \u003d new Deadline(task, dueDate);","lastModifiedDate":"2022-02-02"},{"lineNumber":108,"author":{"gitId":"tjiarong"},"content":"        tasks[t.getTaskCount() - 1] \u003d t;","lastModifiedDate":"2022-02-02"},{"lineNumber":109,"author":{"gitId":"tjiarong"},"content":"        System.out.println(\"_____________________________________________\\n\"","lastModifiedDate":"2022-01-27"},{"lineNumber":110,"author":{"gitId":"tjiarong"},"content":"                + \"Got it. I\u0027ve added this task: \\n\"","lastModifiedDate":"2022-02-02"},{"lineNumber":111,"author":{"gitId":"tjiarong"},"content":"                +  t + \"\\n\"","lastModifiedDate":"2022-02-02"},{"lineNumber":112,"author":{"gitId":"tjiarong"},"content":"                + \"Now you have \" + (t.getTaskCount() - 1) + \" tasks in the list.\" + \"\\n\"","lastModifiedDate":"2022-02-02"},{"lineNumber":113,"author":{"gitId":"tjiarong"},"content":"                + \"_____________________________________________\\n\"","lastModifiedDate":"2022-01-27"},{"lineNumber":114,"author":{"gitId":"tjiarong"},"content":"        );","lastModifiedDate":"2022-01-26"},{"lineNumber":115,"author":{"gitId":"tjiarong"},"content":"    }","lastModifiedDate":"2022-01-26"},{"lineNumber":116,"author":{"gitId":"tjiarong"},"content":"","lastModifiedDate":"2022-02-02"},{"lineNumber":117,"author":{"gitId":"tjiarong"},"content":"    private static void addToDo(String line, Task[] tasks) throws IndexOutOfBoundsException{","lastModifiedDate":"2022-02-10"},{"lineNumber":118,"author":{"gitId":"tjiarong"},"content":"        String arg \u003d line.split(\" \", 2)[1];","lastModifiedDate":"2022-02-02"},{"lineNumber":119,"author":{"gitId":"tjiarong"},"content":"        Task t \u003d new ToDos(arg);","lastModifiedDate":"2022-02-02"},{"lineNumber":120,"author":{"gitId":"tjiarong"},"content":"        tasks[t.getTaskCount() - 1] \u003d t;","lastModifiedDate":"2022-02-02"},{"lineNumber":121,"author":{"gitId":"tjiarong"},"content":"        System.out.println(\"_____________________________________________\\n\"","lastModifiedDate":"2022-01-27"},{"lineNumber":122,"author":{"gitId":"tjiarong"},"content":"                + \"Got it. I\u0027ve added this task: \\n\"","lastModifiedDate":"2022-02-02"},{"lineNumber":123,"author":{"gitId":"tjiarong"},"content":"                + t + \"\\n\"","lastModifiedDate":"2022-02-02"},{"lineNumber":124,"author":{"gitId":"tjiarong"},"content":"                + \"Now you have \" + (t.getTaskCount() - 1) + \" tasks in the list.\" + \"\\n\"","lastModifiedDate":"2022-02-02"},{"lineNumber":125,"author":{"gitId":"tjiarong"},"content":"                + \"_____________________________________________\\n\"","lastModifiedDate":"2022-01-27"},{"lineNumber":126,"author":{"gitId":"tjiarong"},"content":"        );","lastModifiedDate":"2022-01-26"},{"lineNumber":127,"author":{"gitId":"tjiarong"},"content":"    }","lastModifiedDate":"2022-01-26"},{"lineNumber":128,"author":{"gitId":"tjiarong"},"content":"","lastModifiedDate":"2022-02-02"},{"lineNumber":129,"author":{"gitId":"tjiarong"},"content":"    private static void printList(Task[] tasks) {","lastModifiedDate":"2022-02-02"},{"lineNumber":130,"author":{"gitId":"tjiarong"},"content":"        System.out.println(\"_____________________________________________\\n\"","lastModifiedDate":"2022-02-02"},{"lineNumber":131,"author":{"gitId":"tjiarong"},"content":"                + \"   Here are the tasks in your list:\\n\");","lastModifiedDate":"2022-02-02"},{"lineNumber":132,"author":{"gitId":"tjiarong"},"content":"        for (int i \u003d 1; i \u003c tasks[0].getTaskCount(); i++) {","lastModifiedDate":"2022-02-02"},{"lineNumber":133,"author":{"gitId":"tjiarong"},"content":"            System.out.println(tasks[i]);","lastModifiedDate":"2022-02-02"},{"lineNumber":134,"author":{"gitId":"tjiarong"},"content":"        }","lastModifiedDate":"2022-02-02"},{"lineNumber":135,"author":{"gitId":"tjiarong"},"content":"        System.out.println(\"_____________________________________________\\n\");","lastModifiedDate":"2022-02-02"},{"lineNumber":136,"author":{"gitId":"tjiarong"},"content":"    }","lastModifiedDate":"2022-01-26"},{"lineNumber":137,"author":{"gitId":"tjiarong"},"content":"","lastModifiedDate":"2022-01-26"},{"lineNumber":138,"author":{"gitId":"tjiarong"},"content":"    private static void markTask(String line, Task[] tasks) {","lastModifiedDate":"2022-02-02"},{"lineNumber":139,"author":{"gitId":"tjiarong"},"content":"        String arg \u003d line.split(\" \")[1];","lastModifiedDate":"2022-02-02"},{"lineNumber":140,"author":{"gitId":"tjiarong"},"content":"        int taskNum \u003d Integer.parseInt(arg);","lastModifiedDate":"2022-02-02"},{"lineNumber":141,"author":{"gitId":"tjiarong"},"content":"        if (taskNum \u003c\u003d tasks[0].getTaskCount()) {","lastModifiedDate":"2022-02-02"},{"lineNumber":142,"author":{"gitId":"tjiarong"},"content":"            tasks[taskNum].markAsDone();","lastModifiedDate":"2022-02-02"},{"lineNumber":143,"author":{"gitId":"tjiarong"},"content":"            System.out.println(\"_____________________________________________\\n\"","lastModifiedDate":"2022-01-27"},{"lineNumber":144,"author":{"gitId":"tjiarong"},"content":"                    + \"Nice! I\u0027ve marked this task as done:\\n\"","lastModifiedDate":"2022-02-02"},{"lineNumber":145,"author":{"gitId":"tjiarong"},"content":"                    + tasks[taskNum] + \"\\n\"","lastModifiedDate":"2022-02-02"},{"lineNumber":146,"author":{"gitId":"tjiarong"},"content":"                    + \"_____________________________________________\\n\"","lastModifiedDate":"2022-01-27"},{"lineNumber":147,"author":{"gitId":"tjiarong"},"content":"            );","lastModifiedDate":"2022-01-20"},{"lineNumber":148,"author":{"gitId":"tjiarong"},"content":"        } else {","lastModifiedDate":"2022-02-10"},{"lineNumber":149,"author":{"gitId":"tjiarong"},"content":"            System.out.println(\"Invalid option\");","lastModifiedDate":"2022-02-10"},{"lineNumber":150,"author":{"gitId":"-"},"content":"        }","lastModifiedDate":"2019-07-29"},{"lineNumber":151,"author":{"gitId":"-"},"content":"    }","lastModifiedDate":"2019-07-29"},{"lineNumber":152,"author":{"gitId":"tjiarong"},"content":"","lastModifiedDate":"2022-01-20"},{"lineNumber":153,"author":{"gitId":"tjiarong"},"content":"    private static void unmarkTask(String line, Task[] tasks) {","lastModifiedDate":"2022-02-02"},{"lineNumber":154,"author":{"gitId":"tjiarong"},"content":"        String arg \u003d line.split(\" \")[1];","lastModifiedDate":"2022-02-02"},{"lineNumber":155,"author":{"gitId":"tjiarong"},"content":"        int taskNum \u003d Integer.parseInt(arg);","lastModifiedDate":"2022-02-02"},{"lineNumber":156,"author":{"gitId":"tjiarong"},"content":"        tasks[taskNum].markAsNotDone();","lastModifiedDate":"2022-02-02"},{"lineNumber":157,"author":{"gitId":"tjiarong"},"content":"        if (taskNum \u003c\u003d tasks[0].getTaskCount()) {","lastModifiedDate":"2022-02-02"},{"lineNumber":158,"author":{"gitId":"tjiarong"},"content":"            System.out.println(\"_____________________________________________\\n\"","lastModifiedDate":"2022-02-02"},{"lineNumber":159,"author":{"gitId":"tjiarong"},"content":"                    + \"OK, I\u0027ve marked this task as not done yet:\\n\"","lastModifiedDate":"2022-02-02"},{"lineNumber":160,"author":{"gitId":"tjiarong"},"content":"                    + tasks[taskNum] + \"\\n\"","lastModifiedDate":"2022-02-02"},{"lineNumber":161,"author":{"gitId":"tjiarong"},"content":"                    + \"_____________________________________________\\n\"","lastModifiedDate":"2022-02-02"},{"lineNumber":162,"author":{"gitId":"tjiarong"},"content":"            );","lastModifiedDate":"2022-02-02"},{"lineNumber":163,"author":{"gitId":"tjiarong"},"content":"        } else {","lastModifiedDate":"2022-02-10"},{"lineNumber":164,"author":{"gitId":"tjiarong"},"content":"            System.out.println(\"Invalid option\");","lastModifiedDate":"2022-02-10"},{"lineNumber":165,"author":{"gitId":"tjiarong"},"content":"        }","lastModifiedDate":"2022-02-02"},{"lineNumber":166,"author":{"gitId":"tjiarong"},"content":"    }","lastModifiedDate":"2022-02-02"},{"lineNumber":167,"author":{"gitId":"tjiarong"},"content":"","lastModifiedDate":"2022-01-20"},{"lineNumber":168,"author":{"gitId":"tjiarong"},"content":"    private static void printError() {","lastModifiedDate":"2022-02-10"},{"lineNumber":169,"author":{"gitId":"tjiarong"},"content":"        System.out.println(\"_____________________________________________\\n\"","lastModifiedDate":"2022-02-10"},{"lineNumber":170,"author":{"gitId":"tjiarong"},"content":"                + \"Error: Invalid command. Try again you nerd.\" + \"\\n\"","lastModifiedDate":"2022-02-10"},{"lineNumber":171,"author":{"gitId":"tjiarong"},"content":"                + \"_____________________________________________\\n\"","lastModifiedDate":"2022-02-10"},{"lineNumber":172,"author":{"gitId":"tjiarong"},"content":"        );","lastModifiedDate":"2022-02-10"},{"lineNumber":173,"author":{"gitId":"tjiarong"},"content":"    }","lastModifiedDate":"2022-02-10"},{"lineNumber":174,"author":{"gitId":"tjiarong"},"content":"","lastModifiedDate":"2022-02-10"},{"lineNumber":175,"author":{"gitId":"tjiarong"},"content":"    private static void printBye() {","lastModifiedDate":"2022-02-02"},{"lineNumber":176,"author":{"gitId":"tjiarong"},"content":"        System.out.println(\"_____________________________________________\\n\"","lastModifiedDate":"2022-02-02"},{"lineNumber":177,"author":{"gitId":"tjiarong"},"content":"                + \"Bye. Hope to see you again soon!\\n\"","lastModifiedDate":"2022-02-02"},{"lineNumber":178,"author":{"gitId":"tjiarong"},"content":"                + \"_____________________________________________\\n\"","lastModifiedDate":"2022-02-02"},{"lineNumber":179,"author":{"gitId":"tjiarong"},"content":"        );","lastModifiedDate":"2022-02-02"},{"lineNumber":180,"author":{"gitId":"tjiarong"},"content":"    }","lastModifiedDate":"2022-02-02"},{"lineNumber":181,"author":{"gitId":"tjiarong"},"content":"}","lastModifiedDate":"2022-02-02"},{"lineNumber":182,"author":{"gitId":"tjiarong"},"content":"","lastModifiedDate":"2022-01-20"},{"lineNumber":183,"author":{"gitId":"tjiarong"},"content":"","lastModifiedDate":"2022-01-26"},{"lineNumber":184,"author":{"gitId":"tjiarong"},"content":"","lastModifiedDate":"2022-01-26"},{"lineNumber":185,"author":{"gitId":"tjiarong"},"content":"","lastModifiedDate":"2022-01-26"},{"lineNumber":186,"author":{"gitId":"tjiarong"},"content":"","lastModifiedDate":"2022-01-26"},{"lineNumber":187,"author":{"gitId":"tjiarong"},"content":"","lastModifiedDate":"2022-01-26"},{"lineNumber":188,"author":{"gitId":"tjiarong"},"content":"","lastModifiedDate":"2022-01-26"}],"authorContributionMap":{"tjiarong":184,"-":4}},{"path":"src/main/java/duke/exception/DukeException.java","fileType":"java","lines":[{"lineNumber":1,"author":{"gitId":"tjiarong"},"content":"package duke.exception;","lastModifiedDate":"2022-02-10"},{"lineNumber":2,"author":{"gitId":"tjiarong"},"content":"","lastModifiedDate":"2022-02-10"},{"lineNumber":3,"author":{"gitId":"tjiarong"},"content":"public class DukeException extends Exception{","lastModifiedDate":"2022-02-10"},{"lineNumber":4,"author":{"gitId":"tjiarong"},"content":"}","lastModifiedDate":"2022-02-10"}],"authorContributionMap":{"tjiarong":4}},{"path":"src/main/java/duke/task/Deadline.java","fileType":"java","lines":[{"lineNumber":1,"author":{"gitId":"tjiarong"},"content":"package duke.task;","lastModifiedDate":"2022-02-10"},{"lineNumber":2,"author":{"gitId":"tjiarong"},"content":"","lastModifiedDate":"2022-02-10"},{"lineNumber":3,"author":{"gitId":"tjiarong"},"content":"public class Deadline extends Task {","lastModifiedDate":"2022-02-02"},{"lineNumber":4,"author":{"gitId":"tjiarong"},"content":"","lastModifiedDate":"2022-02-02"},{"lineNumber":5,"author":{"gitId":"tjiarong"},"content":"    private String by;","lastModifiedDate":"2022-02-10"},{"lineNumber":6,"author":{"gitId":"tjiarong"},"content":"","lastModifiedDate":"2022-02-02"},{"lineNumber":7,"author":{"gitId":"tjiarong"},"content":"    public Deadline(String description, String by) {","lastModifiedDate":"2022-02-02"},{"lineNumber":8,"author":{"gitId":"tjiarong"},"content":"        super(description);","lastModifiedDate":"2022-02-02"},{"lineNumber":9,"author":{"gitId":"tjiarong"},"content":"        this.by \u003d by;","lastModifiedDate":"2022-02-02"},{"lineNumber":10,"author":{"gitId":"tjiarong"},"content":"    }","lastModifiedDate":"2022-02-02"},{"lineNumber":11,"author":{"gitId":"tjiarong"},"content":"","lastModifiedDate":"2022-02-02"},{"lineNumber":12,"author":{"gitId":"tjiarong"},"content":"    public String getBy() {","lastModifiedDate":"2022-02-02"},{"lineNumber":13,"author":{"gitId":"tjiarong"},"content":"        return by;","lastModifiedDate":"2022-02-02"},{"lineNumber":14,"author":{"gitId":"tjiarong"},"content":"    }","lastModifiedDate":"2022-02-02"},{"lineNumber":15,"author":{"gitId":"tjiarong"},"content":"","lastModifiedDate":"2022-02-02"},{"lineNumber":16,"author":{"gitId":"tjiarong"},"content":"    public void setBy(String by) {","lastModifiedDate":"2022-02-02"},{"lineNumber":17,"author":{"gitId":"tjiarong"},"content":"        this.by \u003d by;","lastModifiedDate":"2022-02-02"},{"lineNumber":18,"author":{"gitId":"tjiarong"},"content":"    }","lastModifiedDate":"2022-02-02"},{"lineNumber":19,"author":{"gitId":"tjiarong"},"content":"","lastModifiedDate":"2022-02-02"},{"lineNumber":20,"author":{"gitId":"tjiarong"},"content":"    @Override","lastModifiedDate":"2022-02-02"},{"lineNumber":21,"author":{"gitId":"tjiarong"},"content":"    public String toString() {","lastModifiedDate":"2022-02-02"},{"lineNumber":22,"author":{"gitId":"tjiarong"},"content":"        return \"[D]\" + super.toString() + \" (by: \" + by + \")\";","lastModifiedDate":"2022-02-02"},{"lineNumber":23,"author":{"gitId":"tjiarong"},"content":"    }","lastModifiedDate":"2022-02-02"},{"lineNumber":24,"author":{"gitId":"tjiarong"},"content":"}","lastModifiedDate":"2022-02-02"}],"authorContributionMap":{"tjiarong":24}},{"path":"src/main/java/duke/task/Events.java","fileType":"java","lines":[{"lineNumber":1,"author":{"gitId":"tjiarong"},"content":"package duke.task;","lastModifiedDate":"2022-02-10"},{"lineNumber":2,"author":{"gitId":"tjiarong"},"content":"","lastModifiedDate":"2022-02-10"},{"lineNumber":3,"author":{"gitId":"tjiarong"},"content":"public class Events extends Task {","lastModifiedDate":"2022-02-02"},{"lineNumber":4,"author":{"gitId":"tjiarong"},"content":"    private String period;","lastModifiedDate":"2022-02-10"},{"lineNumber":5,"author":{"gitId":"tjiarong"},"content":"","lastModifiedDate":"2022-02-02"},{"lineNumber":6,"author":{"gitId":"tjiarong"},"content":"    public Events(String description, String period) {","lastModifiedDate":"2022-02-02"},{"lineNumber":7,"author":{"gitId":"tjiarong"},"content":"        super(description);","lastModifiedDate":"2022-02-02"},{"lineNumber":8,"author":{"gitId":"tjiarong"},"content":"        this.period \u003d period;","lastModifiedDate":"2022-02-02"},{"lineNumber":9,"author":{"gitId":"tjiarong"},"content":"    }","lastModifiedDate":"2022-02-02"},{"lineNumber":10,"author":{"gitId":"tjiarong"},"content":"","lastModifiedDate":"2022-02-02"},{"lineNumber":11,"author":{"gitId":"tjiarong"},"content":"    public void setPeriod(String period) {","lastModifiedDate":"2022-02-02"},{"lineNumber":12,"author":{"gitId":"tjiarong"},"content":"        this.period \u003d period;","lastModifiedDate":"2022-02-02"},{"lineNumber":13,"author":{"gitId":"tjiarong"},"content":"    }","lastModifiedDate":"2022-02-02"},{"lineNumber":14,"author":{"gitId":"tjiarong"},"content":"","lastModifiedDate":"2022-02-02"},{"lineNumber":15,"author":{"gitId":"tjiarong"},"content":"    public String getPeriod() {","lastModifiedDate":"2022-02-02"},{"lineNumber":16,"author":{"gitId":"tjiarong"},"content":"        return period;","lastModifiedDate":"2022-02-02"},{"lineNumber":17,"author":{"gitId":"tjiarong"},"content":"    }","lastModifiedDate":"2022-02-02"},{"lineNumber":18,"author":{"gitId":"tjiarong"},"content":"","lastModifiedDate":"2022-02-02"},{"lineNumber":19,"author":{"gitId":"tjiarong"},"content":"    @Override","lastModifiedDate":"2022-02-02"},{"lineNumber":20,"author":{"gitId":"tjiarong"},"content":"    public String toString() {","lastModifiedDate":"2022-02-02"},{"lineNumber":21,"author":{"gitId":"tjiarong"},"content":"        return (\"[D]\" + super.toString() + \" (at: \" + getPeriod() + \")\");","lastModifiedDate":"2022-02-02"},{"lineNumber":22,"author":{"gitId":"tjiarong"},"content":"    }","lastModifiedDate":"2022-02-02"},{"lineNumber":23,"author":{"gitId":"tjiarong"},"content":"}","lastModifiedDate":"2022-02-02"}],"authorContributionMap":{"tjiarong":23}},{"path":"src/main/java/duke/task/Task.java","fileType":"java","lines":[{"lineNumber":1,"author":{"gitId":"tjiarong"},"content":"package duke.task;","lastModifiedDate":"2022-02-10"},{"lineNumber":2,"author":{"gitId":"tjiarong"},"content":"","lastModifiedDate":"2022-02-10"},{"lineNumber":3,"author":{"gitId":"tjiarong"},"content":"public abstract class Task {","lastModifiedDate":"2022-02-10"},{"lineNumber":4,"author":{"gitId":"tjiarong"},"content":"    protected String description;","lastModifiedDate":"2022-01-26"},{"lineNumber":5,"author":{"gitId":"tjiarong"},"content":"    protected boolean isDone;","lastModifiedDate":"2022-01-26"},{"lineNumber":6,"author":{"gitId":"tjiarong"},"content":"","lastModifiedDate":"2022-01-26"},{"lineNumber":7,"author":{"gitId":"tjiarong"},"content":"    private static int taskCount \u003d 0;","lastModifiedDate":"2022-02-02"},{"lineNumber":8,"author":{"gitId":"tjiarong"},"content":"","lastModifiedDate":"2022-02-02"},{"lineNumber":9,"author":{"gitId":"tjiarong"},"content":"    public Task(String description) {","lastModifiedDate":"2022-01-26"},{"lineNumber":10,"author":{"gitId":"tjiarong"},"content":"        this.description \u003d description;","lastModifiedDate":"2022-01-26"},{"lineNumber":11,"author":{"gitId":"tjiarong"},"content":"        this.isDone \u003d false;","lastModifiedDate":"2022-01-26"},{"lineNumber":12,"author":{"gitId":"tjiarong"},"content":"        taskCount++;","lastModifiedDate":"2022-02-02"},{"lineNumber":13,"author":{"gitId":"tjiarong"},"content":"    }","lastModifiedDate":"2022-02-02"},{"lineNumber":14,"author":{"gitId":"tjiarong"},"content":"","lastModifiedDate":"2022-02-02"},{"lineNumber":15,"author":{"gitId":"tjiarong"},"content":"    public int getTaskCount(){","lastModifiedDate":"2022-02-02"},{"lineNumber":16,"author":{"gitId":"tjiarong"},"content":"        return taskCount;","lastModifiedDate":"2022-02-02"},{"lineNumber":17,"author":{"gitId":"tjiarong"},"content":"    }","lastModifiedDate":"2022-01-26"},{"lineNumber":18,"author":{"gitId":"tjiarong"},"content":"","lastModifiedDate":"2022-01-26"},{"lineNumber":19,"author":{"gitId":"tjiarong"},"content":"    public String getStatusIcon() {","lastModifiedDate":"2022-01-26"},{"lineNumber":20,"author":{"gitId":"tjiarong"},"content":"        return (isDone ? \"X\" : \" \"); // mark done task with X","lastModifiedDate":"2022-01-26"},{"lineNumber":21,"author":{"gitId":"tjiarong"},"content":"    }","lastModifiedDate":"2022-01-26"},{"lineNumber":22,"author":{"gitId":"tjiarong"},"content":"","lastModifiedDate":"2022-01-26"},{"lineNumber":23,"author":{"gitId":"tjiarong"},"content":"    public void markAsDone() {","lastModifiedDate":"2022-01-26"},{"lineNumber":24,"author":{"gitId":"tjiarong"},"content":"        this.isDone \u003d true;","lastModifiedDate":"2022-01-26"},{"lineNumber":25,"author":{"gitId":"tjiarong"},"content":"    }","lastModifiedDate":"2022-01-26"},{"lineNumber":26,"author":{"gitId":"tjiarong"},"content":"","lastModifiedDate":"2022-01-26"},{"lineNumber":27,"author":{"gitId":"tjiarong"},"content":"    public void markAsNotDone() {","lastModifiedDate":"2022-01-26"},{"lineNumber":28,"author":{"gitId":"tjiarong"},"content":"        this.isDone \u003d false;","lastModifiedDate":"2022-01-26"},{"lineNumber":29,"author":{"gitId":"tjiarong"},"content":"    }","lastModifiedDate":"2022-01-26"},{"lineNumber":30,"author":{"gitId":"tjiarong"},"content":"","lastModifiedDate":"2022-01-26"},{"lineNumber":31,"author":{"gitId":"tjiarong"},"content":"    public String getDescription() {","lastModifiedDate":"2022-02-02"},{"lineNumber":32,"author":{"gitId":"tjiarong"},"content":"        return description;","lastModifiedDate":"2022-02-02"},{"lineNumber":33,"author":{"gitId":"tjiarong"},"content":"    }","lastModifiedDate":"2022-02-02"},{"lineNumber":34,"author":{"gitId":"tjiarong"},"content":"","lastModifiedDate":"2022-02-02"},{"lineNumber":35,"author":{"gitId":"tjiarong"},"content":"    @Override","lastModifiedDate":"2022-02-02"},{"lineNumber":36,"author":{"gitId":"tjiarong"},"content":"    public String toString() {","lastModifiedDate":"2022-02-02"},{"lineNumber":37,"author":{"gitId":"tjiarong"},"content":"        return (\"[\" + getStatusIcon() + \"] \" + getDescription());","lastModifiedDate":"2022-02-02"},{"lineNumber":38,"author":{"gitId":"tjiarong"},"content":"    }","lastModifiedDate":"2022-02-02"},{"lineNumber":39,"author":{"gitId":"tjiarong"},"content":"","lastModifiedDate":"2022-02-02"},{"lineNumber":40,"author":{"gitId":"tjiarong"},"content":"}","lastModifiedDate":"2022-01-26"}],"authorContributionMap":{"tjiarong":40}},{"path":"src/main/java/duke/task/ToDos.java","fileType":"java","lines":[{"lineNumber":1,"author":{"gitId":"tjiarong"},"content":"package duke.task;","lastModifiedDate":"2022-02-10"},{"lineNumber":2,"author":{"gitId":"tjiarong"},"content":"","lastModifiedDate":"2022-02-10"},{"lineNumber":3,"author":{"gitId":"tjiarong"},"content":"public class ToDos extends Task {","lastModifiedDate":"2022-02-02"},{"lineNumber":4,"author":{"gitId":"tjiarong"},"content":"    public ToDos(String description) {","lastModifiedDate":"2022-02-02"},{"lineNumber":5,"author":{"gitId":"tjiarong"},"content":"        super(description);","lastModifiedDate":"2022-02-02"},{"lineNumber":6,"author":{"gitId":"tjiarong"},"content":"    }","lastModifiedDate":"2022-02-02"},{"lineNumber":7,"author":{"gitId":"tjiarong"},"content":"","lastModifiedDate":"2022-02-02"},{"lineNumber":8,"author":{"gitId":"tjiarong"},"content":"    @Override","lastModifiedDate":"2022-02-02"},{"lineNumber":9,"author":{"gitId":"tjiarong"},"content":"    public String toString() {","lastModifiedDate":"2022-02-02"},{"lineNumber":10,"author":{"gitId":"tjiarong"},"content":"        return (\"[T]\" + super.toString());","lastModifiedDate":"2022-02-02"},{"lineNumber":11,"author":{"gitId":"tjiarong"},"content":"    }","lastModifiedDate":"2022-02-02"},{"lineNumber":12,"author":{"gitId":"tjiarong"},"content":"}","lastModifiedDate":"2022-02-02"}],"authorContributionMap":{"tjiarong":12}},{"path":"text-ui-test/input.txt","fileType":"txt","lines":[{"lineNumber":1,"author":{"gitId":"tjiarong"},"content":"print worksheet","lastModifiedDate":"2022-02-03"},{"lineNumber":2,"author":{"gitId":"tjiarong"},"content":"list","lastModifiedDate":"2022-02-03"},{"lineNumber":3,"author":{"gitId":"tjiarong"},"content":"todo borrow book","lastModifiedDate":"2022-02-03"},{"lineNumber":4,"author":{"gitId":"tjiarong"},"content":"mark 1","lastModifiedDate":"2022-02-03"},{"lineNumber":5,"author":{"gitId":"tjiarong"},"content":"deadline return book /by Sunday","lastModifiedDate":"2022-02-03"},{"lineNumber":6,"author":{"gitId":"tjiarong"},"content":"list","lastModifiedDate":"2022-02-03"},{"lineNumber":7,"author":{"gitId":"tjiarong"},"content":"event project meeting /at Wednesday","lastModifiedDate":"2022-02-03"},{"lineNumber":8,"author":{"gitId":"tjiarong"},"content":"bye","lastModifiedDate":"2022-02-03"}],"authorContributionMap":{"tjiarong":8}}]
