[{"path":"src/main/java/Duke.java","fileType":"java","lines":[{"lineNumber":1,"author":{"gitId":"tjiarong"},"content":"import java.util.Scanner;","lastModifiedDate":"2022-01-26"},{"lineNumber":2,"author":{"gitId":"tjiarong"},"content":"","lastModifiedDate":"2022-01-26"},{"lineNumber":3,"author":{"gitId":"-"},"content":"public class Duke {","lastModifiedDate":"2019-07-29"},{"lineNumber":4,"author":{"gitId":"-"},"content":"    public static void main(String[] args) {","lastModifiedDate":"2019-07-29"},{"lineNumber":5,"author":{"gitId":"tjiarong"},"content":"        String line;","lastModifiedDate":"2022-01-26"},{"lineNumber":6,"author":{"gitId":"tjiarong"},"content":"        final int MAX_TASK \u003d 100;","lastModifiedDate":"2022-01-27"},{"lineNumber":7,"author":{"gitId":"tjiarong"},"content":"","lastModifiedDate":"2022-01-27"},{"lineNumber":8,"author":{"gitId":"tjiarong"},"content":"        Scanner in \u003d new Scanner(System.in);","lastModifiedDate":"2022-01-26"},{"lineNumber":9,"author":{"gitId":"tjiarong"},"content":"        Task[] items \u003d new Task[MAX_TASK];","lastModifiedDate":"2022-01-27"},{"lineNumber":10,"author":{"gitId":"tjiarong"},"content":"        int itemCount \u003d 0;","lastModifiedDate":"2022-01-26"},{"lineNumber":11,"author":{"gitId":"tjiarong"},"content":"        int taskNum \u003d 0;","lastModifiedDate":"2022-01-26"},{"lineNumber":12,"author":{"gitId":"tjiarong"},"content":"","lastModifiedDate":"2022-01-26"},{"lineNumber":13,"author":{"gitId":"tjiarong"},"content":"        String logo \u003d \"_______  _______ _________ _______ _________ _______  _\\n\"","lastModifiedDate":"2022-01-26"},{"lineNumber":14,"author":{"gitId":"tjiarong"},"content":"                    + \"(  ____ )(  ___  )\\\\__   __/(  ___  )\\\\__   __/(  ___  )( (    /|\\n\"","lastModifiedDate":"2022-01-26"},{"lineNumber":15,"author":{"gitId":"tjiarong"},"content":"                    + \"| (    )|| (   ) |   ) (   | (   ) |   ) (   | (   ) ||  \\\\  ( |\\\\\\n\"","lastModifiedDate":"2022-01-26"},{"lineNumber":16,"author":{"gitId":"tjiarong"},"content":"                    + \"| (____)|| |   | |   | |   | (___) |   | |   | |   | ||   \\\\ | |\\n\"","lastModifiedDate":"2022-01-26"},{"lineNumber":17,"author":{"gitId":"tjiarong"},"content":"                    + \"|  _____)| |   | |   | |   |  ___  |   | |   | |   | || (\\\\ \\\\) | \\n\"","lastModifiedDate":"2022-01-26"},{"lineNumber":18,"author":{"gitId":"tjiarong"},"content":"                    + \"| (      | |   | |   | |   | (   ) |   | |   | |   | || | \\\\   | \\n\"","lastModifiedDate":"2022-01-26"},{"lineNumber":19,"author":{"gitId":"tjiarong"},"content":"                    + \"| )      | (___) |   | |   | )   ( |   | |   | (___) || )  \\\\  | \\n\"","lastModifiedDate":"2022-01-26"},{"lineNumber":20,"author":{"gitId":"tjiarong"},"content":"                    + \"|/       (_______)   )_(   |/     \\\\|   )_(   (_______)|/    )_) \\n\";","lastModifiedDate":"2022-01-26"},{"lineNumber":21,"author":{"gitId":"tjiarong"},"content":"","lastModifiedDate":"2022-01-26"},{"lineNumber":22,"author":{"gitId":"tjiarong"},"content":"        System.out.println(\"_____________________________________________\\n\"","lastModifiedDate":"2022-01-27"},{"lineNumber":23,"author":{"gitId":"tjiarong"},"content":"                        + logo + \"\\n\"","lastModifiedDate":"2022-01-27"},{"lineNumber":24,"author":{"gitId":"tjiarong"},"content":"                        + \"Hello! I\u0027m Duke\\n\"","lastModifiedDate":"2022-01-27"},{"lineNumber":25,"author":{"gitId":"tjiarong"},"content":"                        + \"What can I do for you?\\n\"","lastModifiedDate":"2022-01-27"},{"lineNumber":26,"author":{"gitId":"tjiarong"},"content":"                        + \"_____________________________________________\\n\"","lastModifiedDate":"2022-01-27"},{"lineNumber":27,"author":{"gitId":"tjiarong"},"content":"                );","lastModifiedDate":"2022-01-26"},{"lineNumber":28,"author":{"gitId":"tjiarong"},"content":"","lastModifiedDate":"2022-01-26"},{"lineNumber":29,"author":{"gitId":"tjiarong"},"content":"        line \u003d in.nextLine();","lastModifiedDate":"2022-01-26"},{"lineNumber":30,"author":{"gitId":"tjiarong"},"content":"        while (!line.equals(\"bye\")) {","lastModifiedDate":"2022-01-26"},{"lineNumber":31,"author":{"gitId":"tjiarong"},"content":"            if (line.equals(\"list\")) {","lastModifiedDate":"2022-01-26"},{"lineNumber":32,"author":{"gitId":"tjiarong"},"content":"                System.out.println(\"_____________________________________________\\n\"","lastModifiedDate":"2022-01-27"},{"lineNumber":33,"author":{"gitId":"tjiarong"},"content":"                        + \"   Here are the tasks in your list:\\n\");","lastModifiedDate":"2022-01-27"},{"lineNumber":34,"author":{"gitId":"tjiarong"},"content":"                for (int i \u003d 1; i \u003c\u003d itemCount; i++) {","lastModifiedDate":"2022-01-26"},{"lineNumber":35,"author":{"gitId":"tjiarong"},"content":"                    System.out.println(i + \".[\" + items[i - 1].getStatusIcon() + \"] \"","lastModifiedDate":"2022-01-26"},{"lineNumber":36,"author":{"gitId":"tjiarong"},"content":"                            + items[i - 1].description);","lastModifiedDate":"2022-01-26"},{"lineNumber":37,"author":{"gitId":"tjiarong"},"content":"                }","lastModifiedDate":"2022-01-26"},{"lineNumber":38,"author":{"gitId":"tjiarong"},"content":"                System.out.println(\"_____________________________________________\\n\");","lastModifiedDate":"2022-01-27"},{"lineNumber":39,"author":{"gitId":"tjiarong"},"content":"            } else if (line.contains(\"unmark\")) {","lastModifiedDate":"2022-01-26"},{"lineNumber":40,"author":{"gitId":"tjiarong"},"content":"                taskNum \u003d Integer.parseInt(line.substring(line.length() - 1));","lastModifiedDate":"2022-01-26"},{"lineNumber":41,"author":{"gitId":"tjiarong"},"content":"                if (taskNum \u003c\u003d itemCount) {","lastModifiedDate":"2022-01-26"},{"lineNumber":42,"author":{"gitId":"tjiarong"},"content":"                    System.out.println(\"_____________________________________________\\n\"","lastModifiedDate":"2022-01-27"},{"lineNumber":43,"author":{"gitId":"tjiarong"},"content":"                            + \"OK, I\u0027ve marked this task as not done yet:\\n\"","lastModifiedDate":"2022-01-27"},{"lineNumber":44,"author":{"gitId":"tjiarong"},"content":"                            + \"[] \" + items[taskNum - 1].description + \"\\n\"","lastModifiedDate":"2022-01-27"},{"lineNumber":45,"author":{"gitId":"tjiarong"},"content":"                            + \"_____________________________________________\\n\"","lastModifiedDate":"2022-01-27"},{"lineNumber":46,"author":{"gitId":"tjiarong"},"content":"                    );","lastModifiedDate":"2022-01-26"},{"lineNumber":47,"author":{"gitId":"tjiarong"},"content":"                    items[taskNum - 1].markAsNotDone();","lastModifiedDate":"2022-01-26"},{"lineNumber":48,"author":{"gitId":"tjiarong"},"content":"                }","lastModifiedDate":"2022-01-26"},{"lineNumber":49,"author":{"gitId":"tjiarong"},"content":"            } else if (line.contains(\"mark\")) {","lastModifiedDate":"2022-01-26"},{"lineNumber":50,"author":{"gitId":"tjiarong"},"content":"                taskNum \u003d Integer.parseInt(line.substring(line.length() - 1));","lastModifiedDate":"2022-01-26"},{"lineNumber":51,"author":{"gitId":"tjiarong"},"content":"                if (taskNum \u003c\u003d itemCount) {","lastModifiedDate":"2022-01-26"},{"lineNumber":52,"author":{"gitId":"tjiarong"},"content":"                    System.out.println(\"_____________________________________________\\n\"","lastModifiedDate":"2022-01-27"},{"lineNumber":53,"author":{"gitId":"tjiarong"},"content":"                            + \"Nice! I\u0027ve marked this task as done:\\n\"","lastModifiedDate":"2022-01-27"},{"lineNumber":54,"author":{"gitId":"tjiarong"},"content":"                            + \"[X] \" + items[taskNum - 1].description + \"\\n\"","lastModifiedDate":"2022-01-27"},{"lineNumber":55,"author":{"gitId":"tjiarong"},"content":"                            + \"_____________________________________________\\n\"","lastModifiedDate":"2022-01-27"},{"lineNumber":56,"author":{"gitId":"tjiarong"},"content":"                    );","lastModifiedDate":"2022-01-26"},{"lineNumber":57,"author":{"gitId":"tjiarong"},"content":"                    items[taskNum - 1].markAsDone();","lastModifiedDate":"2022-01-26"},{"lineNumber":58,"author":{"gitId":"tjiarong"},"content":"                }","lastModifiedDate":"2022-01-26"},{"lineNumber":59,"author":{"gitId":"tjiarong"},"content":"            } else {","lastModifiedDate":"2022-01-26"},{"lineNumber":60,"author":{"gitId":"tjiarong"},"content":"                Task t \u003d new Task(line);","lastModifiedDate":"2022-01-26"},{"lineNumber":61,"author":{"gitId":"tjiarong"},"content":"                items[itemCount] \u003d t;","lastModifiedDate":"2022-01-26"},{"lineNumber":62,"author":{"gitId":"tjiarong"},"content":"                itemCount++;","lastModifiedDate":"2022-01-26"},{"lineNumber":63,"author":{"gitId":"tjiarong"},"content":"                System.out.println(\"_____________________________________________\\n\"","lastModifiedDate":"2022-01-27"},{"lineNumber":64,"author":{"gitId":"tjiarong"},"content":"                        + \"added: \" + line + \"\\n\"","lastModifiedDate":"2022-01-27"},{"lineNumber":65,"author":{"gitId":"tjiarong"},"content":"                        + \"_____________________________________________\\n\"","lastModifiedDate":"2022-01-27"},{"lineNumber":66,"author":{"gitId":"tjiarong"},"content":"                );","lastModifiedDate":"2022-01-26"},{"lineNumber":67,"author":{"gitId":"tjiarong"},"content":"            }","lastModifiedDate":"2022-01-26"},{"lineNumber":68,"author":{"gitId":"tjiarong"},"content":"            line \u003d in.nextLine();","lastModifiedDate":"2022-01-26"},{"lineNumber":69,"author":{"gitId":"tjiarong"},"content":"        }","lastModifiedDate":"2022-01-26"},{"lineNumber":70,"author":{"gitId":"tjiarong"},"content":"","lastModifiedDate":"2022-01-26"},{"lineNumber":71,"author":{"gitId":"tjiarong"},"content":"        System.out.println(\"_____________________________________________\\n\"","lastModifiedDate":"2022-01-27"},{"lineNumber":72,"author":{"gitId":"tjiarong"},"content":"                        + \"Bye. Hope to see you again soon!\\n\"","lastModifiedDate":"2022-01-27"},{"lineNumber":73,"author":{"gitId":"tjiarong"},"content":"                        + \"_____________________________________________\\n\"","lastModifiedDate":"2022-01-27"},{"lineNumber":74,"author":{"gitId":"tjiarong"},"content":"                );","lastModifiedDate":"2022-01-20"},{"lineNumber":75,"author":{"gitId":"-"},"content":"    }","lastModifiedDate":"2019-07-29"},{"lineNumber":76,"author":{"gitId":"-"},"content":"}","lastModifiedDate":"2019-07-29"},{"lineNumber":77,"author":{"gitId":"tjiarong"},"content":"","lastModifiedDate":"2022-01-20"},{"lineNumber":78,"author":{"gitId":"tjiarong"},"content":"","lastModifiedDate":"2022-01-20"},{"lineNumber":79,"author":{"gitId":"tjiarong"},"content":"","lastModifiedDate":"2022-01-20"},{"lineNumber":80,"author":{"gitId":"tjiarong"},"content":"","lastModifiedDate":"2022-01-26"},{"lineNumber":81,"author":{"gitId":"tjiarong"},"content":"","lastModifiedDate":"2022-01-26"},{"lineNumber":82,"author":{"gitId":"tjiarong"},"content":"","lastModifiedDate":"2022-01-26"},{"lineNumber":83,"author":{"gitId":"tjiarong"},"content":"","lastModifiedDate":"2022-01-26"},{"lineNumber":84,"author":{"gitId":"tjiarong"},"content":"","lastModifiedDate":"2022-01-26"},{"lineNumber":85,"author":{"gitId":"tjiarong"},"content":"","lastModifiedDate":"2022-01-26"}],"authorContributionMap":{"tjiarong":81,"-":4}},{"path":"src/main/java/Task.java","fileType":"java","lines":[{"lineNumber":1,"author":{"gitId":"tjiarong"},"content":"public class Task {","lastModifiedDate":"2022-01-26"},{"lineNumber":2,"author":{"gitId":"tjiarong"},"content":"    protected String description;","lastModifiedDate":"2022-01-26"},{"lineNumber":3,"author":{"gitId":"tjiarong"},"content":"    protected boolean isDone;","lastModifiedDate":"2022-01-26"},{"lineNumber":4,"author":{"gitId":"tjiarong"},"content":"","lastModifiedDate":"2022-01-26"},{"lineNumber":5,"author":{"gitId":"tjiarong"},"content":"    public Task(String description) {","lastModifiedDate":"2022-01-26"},{"lineNumber":6,"author":{"gitId":"tjiarong"},"content":"        this.description \u003d description;","lastModifiedDate":"2022-01-26"},{"lineNumber":7,"author":{"gitId":"tjiarong"},"content":"        this.isDone \u003d false;","lastModifiedDate":"2022-01-26"},{"lineNumber":8,"author":{"gitId":"tjiarong"},"content":"    }","lastModifiedDate":"2022-01-26"},{"lineNumber":9,"author":{"gitId":"tjiarong"},"content":"","lastModifiedDate":"2022-01-26"},{"lineNumber":10,"author":{"gitId":"tjiarong"},"content":"    public String getStatusIcon() {","lastModifiedDate":"2022-01-26"},{"lineNumber":11,"author":{"gitId":"tjiarong"},"content":"        return (isDone ? \"X\" : \" \"); // mark done task with X","lastModifiedDate":"2022-01-26"},{"lineNumber":12,"author":{"gitId":"tjiarong"},"content":"    }","lastModifiedDate":"2022-01-26"},{"lineNumber":13,"author":{"gitId":"tjiarong"},"content":"","lastModifiedDate":"2022-01-26"},{"lineNumber":14,"author":{"gitId":"tjiarong"},"content":"    public void markAsDone() {","lastModifiedDate":"2022-01-26"},{"lineNumber":15,"author":{"gitId":"tjiarong"},"content":"        this.isDone \u003d true;","lastModifiedDate":"2022-01-26"},{"lineNumber":16,"author":{"gitId":"tjiarong"},"content":"    }","lastModifiedDate":"2022-01-26"},{"lineNumber":17,"author":{"gitId":"tjiarong"},"content":"","lastModifiedDate":"2022-01-26"},{"lineNumber":18,"author":{"gitId":"tjiarong"},"content":"    public void markAsNotDone() {","lastModifiedDate":"2022-01-26"},{"lineNumber":19,"author":{"gitId":"tjiarong"},"content":"        this.isDone \u003d false;","lastModifiedDate":"2022-01-26"},{"lineNumber":20,"author":{"gitId":"tjiarong"},"content":"    }","lastModifiedDate":"2022-01-26"},{"lineNumber":21,"author":{"gitId":"tjiarong"},"content":"","lastModifiedDate":"2022-01-26"},{"lineNumber":22,"author":{"gitId":"tjiarong"},"content":"}","lastModifiedDate":"2022-01-26"}],"authorContributionMap":{"tjiarong":22}}]
