{"authorDailyContributionsMap":{"tjiarong":[{"date":"2022-01-20","commitResults":[{"hash":"4c9f6d722585c4f4e5ee07d6749b75165d163da9","messageTitle":"First edit (Test)","messageBody":"","fileTypesAndContributionMap":{"java":{"insertions":1,"deletions":1}}},{"hash":"ade8fe6ab220c55a7177b34e2a27e1848efac170","messageTitle":"Level 0 Greet","messageBody":"","tags":["Level-0"],"fileTypesAndContributionMap":{"java":{"insertions":11,"deletions":1}}}]},{"date":"2022-01-26","commitResults":[{"hash":"803dcf26a091cde0a19c3103fc2ba7c386f65f79","messageTitle":"Added Duke Level 1","messageBody":"","tags":["Level-1"],"fileTypesAndContributionMap":{"java":{"insertions":33,"deletions":6}}},{"hash":"ac02ab7a41af4a1ebf8fb48cbbcabd42c6ad7b11","messageTitle":"Added Duke level 2","messageBody":"","tags":["Level-2"],"fileTypesAndContributionMap":{"java":{"insertions":16,"deletions":4}}},{"hash":"38ef2a2803bd2875ebf71ad6342391b429b2933a","messageTitle":"Added Duke level 3","messageBody":"","tags":["Level-3"],"fileTypesAndContributionMap":{"java":{"insertions":30,"deletions":8}}},{"hash":"0eb20d8356a4885bfdf4ff786a05538b2b563718","messageTitle":"Added Task class file","messageBody":"","fileTypesAndContributionMap":{"java":{"insertions":22,"deletions":0}}},{"hash":"b11378945cea12d13b32ed568997ce6cfe6e9f0b","messageTitle":"Added A-CodingStandard","messageBody":"","fileTypesAndContributionMap":{"java":{"insertions":6,"deletions":4}}}]},{"date":"2022-01-27","commitResults":[{"hash":"1aacf1e621e581be3a69fe7d7487bcd2d3821d04","messageTitle":"Updated tags and minor changes","messageBody":"","tags":["A-CodingStandard"],"fileTypesAndContributionMap":{"java":{"insertions":30,"deletions":28}}}]},{"date":"2022-02-02","commitResults":[{"hash":"c182824f3e2d56bfefabb9ba784386353c34d265","messageTitle":"Completed Level 4","messageBody":"","tags":["Level-4"],"fileTypesAndContributionMap":{"java":{"insertions":186,"deletions":44}}},{"hash":"542dcb6901a2aab6122a5e7c41d0284f73d72f8c","messageTitle":"Added Duke A-CodeQuality, will continue to examine code for improvement","messageBody":"","fileTypesAndContributionMap":{"java":{"insertions":30,"deletions":28}}},{"hash":"41c8e9ca343c0d6cf57e5e5356caba8ddfcf7bfe","messageTitle":"Revert \"Added Duke A-CodeQuality, will continue to examine code for improvement\"","messageBody":"This reverts commit 542dcb6901a2aab6122a5e7c41d0284f73d72f8c.\n","fileTypesAndContributionMap":{"java":{"insertions":28,"deletions":30}}},{"hash":"dc57c002f4a024133a55dc5a9d1a480de3826d28","messageTitle":"Revert \"Revert \"Added Duke A-CodeQuality, will continue to examine code for improvement\"\"","messageBody":"This reverts commit 41c8e9ca343c0d6cf57e5e5356caba8ddfcf7bfe.\n","fileTypesAndContributionMap":{"java":{"insertions":30,"deletions":28}}},{"hash":"91b5fd733b0aafbd4e33b80a35a2c6c8fc21709a","messageTitle":"Added Duke A-CodeQuality, will continue to examine code for improvement","messageBody":"","tags":["A-CodeQuality"],"fileTypesAndContributionMap":{"java":{"insertions":1,"deletions":0}}}]},{"date":"2022-02-03","commitResults":[{"hash":"b36c0ae979cc9a5136a689a95bce25337ff2f018","messageTitle":"Added Duke A-TextUiTesting","messageBody":"","tags":["A-TextUiTesting"],"fileTypesAndContributionMap":{"txt":{"insertions":8,"deletions":0}}}]},{"date":"2022-02-10","commitResults":[{"hash":"3a86bf3a7f650cedc1c8ecac781329cf59125539","messageTitle":"Changed to a new branch","messageBody":"","fileTypesAndContributionMap":{"java":{"insertions":10,"deletions":6}}},{"hash":"6b53c7236e3fe126b6bb66f68b2a8eb4ccfb9e05","messageTitle":"Added Duke level-5","messageBody":"","fileTypesAndContributionMap":{"java":{"insertions":25,"deletions":13}}},{"hash":"ef388546ef30d7ceb0b7f13748f0411c84a7b170","messageTitle":"Increment A-Packages","messageBody":"","tags":["A-Packages","A-Exceptions"],"fileTypesAndContributionMap":{"java":{"insertions":19,"deletions":2}}}]},{"date":"2022-02-17","commitResults":[{"hash":"bc497f4a08aeb9df190fd5377c436677dd952244","messageTitle":"Added A-Exceptions and minor changes","messageBody":"","fileTypesAndContributionMap":{"java":{"insertions":15,"deletions":9}}},{"hash":"bfa6e64bd21b6938f653a33fb46248258d1011c4","messageTitle":"Minor updates (Also tagged and updated A-Exception wrongly, completed last week but did not tag and commit properly)","messageBody":"","fileTypesAndContributionMap":{"java":{"insertions":1,"deletions":1}}},{"hash":"15e16ff9dadb2ff7346990ae57a745b156d28451","messageTitle":"Added branch-Level 6","messageBody":"","fileTypesAndContributionMap":{"java":{"insertions":56,"deletions":33}}},{"hash":"b76374cbac720a3200c44182a47ff99f5ae88bf5","messageTitle":"Added branch-Level-7","messageBody":"","fileTypesAndContributionMap":{"java":{"insertions":150,"deletions":40}}},{"hash":"561ac632d45d470fae7074cdba9d8448437d01e6","messageTitle":"Resolve conflicts with branch-Level-7","messageBody":"","fileTypesAndContributionMap":{"java":{"insertions":100,"deletions":20}}},{"hash":"d4d50266440e0875415ef10e39b3d9061ecc5438","messageTitle":"Minor bug fixes","messageBody":"","tags":["Level-7","A-Jar"],"fileTypesAndContributionMap":{"java":{"insertions":23,"deletions":15}}},{"hash":"8f173c21fdcd1a7990d2b3ea69c3550a51bfb77b","messageTitle":"Minor changes","messageBody":"","fileTypesAndContributionMap":{"java":{"insertions":10,"deletions":17}}}]},{"date":"2022-03-03","commitResults":[{"hash":"c3b312e2f7f13c1c56283f5715158cd828047f5e","messageTitle":"Added Level-9","messageBody":"","fileTypesAndContributionMap":{"java":{"insertions":136,"deletions":35}}},{"hash":"29a70f35d91a48ef0f3354b874e7dba04d73d7d4","messageTitle":"Added Level-8","messageBody":"","fileTypesAndContributionMap":{"java":{"insertions":17,"deletions":16}}}]},{"date":"2022-03-04","commitResults":[{"hash":"af963b4d013f1321373df7b2247119988f7cf9e2","messageTitle":"Minor changes","messageBody":"","tags":["Level-8"],"fileTypesAndContributionMap":{"java":{"insertions":2,"deletions":2}}},{"hash":"474644fea5e0c870d8930190b93ccd6ccfd879c8","messageTitle":"Level-8 and minor change","messageBody":"","fileTypesAndContributionMap":{"java":{"insertions":2,"deletions":2}}},{"hash":"7393ea15790bf68c850af8d2961da5932e9b861f","messageTitle":"Level-9 and minor changes","messageBody":"","tags":["Level-9"],"fileTypesAndContributionMap":{"java":{"insertions":0,"deletions":5}}},{"hash":"3c8da1bd194a30a2a64fbf282421d005f324ce5f","messageTitle":"Extracted classes","messageBody":"","fileTypesAndContributionMap":{"java":{"insertions":479,"deletions":383}}},{"hash":"45dd4e0e103ba2c9bcf0d618287a36e25b715c06","messageTitle":"Added A-Javadoc","messageBody":"","tags":["A-JavaDoc"],"fileTypesAndContributionMap":{"java":{"insertions":174,"deletions":44}}}]}]},"authorFileTypeContributionMap":{"tjiarong":{"java":718,"md":0,"fxml":0,"sh":0,"bat":0,"gradle":0,"txt":8}},"authorContributionVariance":{"tjiarong":30873.367},"authorDisplayNameMap":{"tjiarong":"CS2113T-T10-2 TEO ..RONG"}}
