[{"path":"README.md","fileType":"md","lines":[{"lineNumber":1,"author":{"gitId":"mathanmahe"},"content":"# duke.Duke project template","lastModifiedDate":"2022-02-08"},{"lineNumber":2,"author":{"gitId":"-"},"content":"","lastModifiedDate":"2020-05-25"},{"lineNumber":3,"author":{"gitId":"-"},"content":"This is a project template for a greenfield Java project. It\u0027s named after the Java mascot _Duke_. Given below are instructions on how to use it.","lastModifiedDate":"2020-05-25"},{"lineNumber":4,"author":{"gitId":"-"},"content":"","lastModifiedDate":"2020-05-25"},{"lineNumber":5,"author":{"gitId":"-"},"content":"## Setting up in Intellij","lastModifiedDate":"2020-05-25"},{"lineNumber":6,"author":{"gitId":"-"},"content":"","lastModifiedDate":"2020-05-25"},{"lineNumber":7,"author":{"gitId":"-"},"content":"Prerequisites: JDK 11, update Intellij to the most recent version.","lastModifiedDate":"2020-05-25"},{"lineNumber":8,"author":{"gitId":"-"},"content":"","lastModifiedDate":"2020-05-25"},{"lineNumber":9,"author":{"gitId":"-"},"content":"1. Open Intellij (if you are not in the welcome screen, click `File` \u003e `Close Project` to close the existing project first)","lastModifiedDate":"2021-01-17"},{"lineNumber":10,"author":{"gitId":"-"},"content":"1. Open the project into Intellij as follows:","lastModifiedDate":"2021-01-17"},{"lineNumber":11,"author":{"gitId":"-"},"content":"   1. Click `Open`.","lastModifiedDate":"2021-01-17"},{"lineNumber":12,"author":{"gitId":"-"},"content":"   1. Select the project directory, and click `OK`.","lastModifiedDate":"2021-01-17"},{"lineNumber":13,"author":{"gitId":"-"},"content":"   1. If there are any further prompts, accept the defaults.","lastModifiedDate":"2020-05-25"},{"lineNumber":14,"author":{"gitId":"-"},"content":"1. Configure the project to use **JDK 11** (not other versions) as explained in [here](https://www.jetbrains.com/help/idea/sdk.html#set-up-jdk).\u003cbr\u003e","lastModifiedDate":"2021-07-29"},{"lineNumber":15,"author":{"gitId":"-"},"content":"   In the same dialog, set the **Project language level** field to the `SDK default` option.","lastModifiedDate":"2021-07-29"},{"lineNumber":16,"author":{"gitId":"mathanmahe"},"content":"3. After that, locate the `src/main/java/duke.Duke.java` file, right-click it, and choose `Run duke.Duke.main()` (if the code editor is showing compile errors, try restarting the IDE). If the setup is correct, you should see something like the below as the output:","lastModifiedDate":"2022-02-08"},{"lineNumber":17,"author":{"gitId":"-"},"content":"   ```","lastModifiedDate":"2020-05-25"},{"lineNumber":18,"author":{"gitId":"-"},"content":"   Hello from","lastModifiedDate":"2020-05-25"},{"lineNumber":19,"author":{"gitId":"-"},"content":"    ____        _        ","lastModifiedDate":"2020-05-25"},{"lineNumber":20,"author":{"gitId":"-"},"content":"   |  _ \\ _   _| | _____ ","lastModifiedDate":"2020-05-25"},{"lineNumber":21,"author":{"gitId":"-"},"content":"   | | | | | | | |/ / _ \\","lastModifiedDate":"2020-05-25"},{"lineNumber":22,"author":{"gitId":"-"},"content":"   | |_| | |_| |   \u003c  __/","lastModifiedDate":"2020-05-25"},{"lineNumber":23,"author":{"gitId":"-"},"content":"   |____/ \\__,_|_|\\_\\___|","lastModifiedDate":"2020-05-25"},{"lineNumber":24,"author":{"gitId":"-"},"content":"   ```","lastModifiedDate":"2020-05-25"}],"authorContributionMap":{"mathanmahe":2,"-":22}},{"path":"src/main/java/duke/Deadline.java","fileType":"java","lines":[{"lineNumber":1,"author":{"gitId":"mathanmahe"},"content":"package duke;","lastModifiedDate":"2022-02-08"},{"lineNumber":2,"author":{"gitId":"mathanmahe"},"content":"","lastModifiedDate":"2022-02-08"},{"lineNumber":3,"author":{"gitId":"mathanmahe"},"content":"public class Deadline extends Task{","lastModifiedDate":"2022-02-01"},{"lineNumber":4,"author":{"gitId":"mathanmahe"},"content":"    protected String by;","lastModifiedDate":"2022-02-01"},{"lineNumber":5,"author":{"gitId":"mathanmahe"},"content":"    public Deadline(String title, String by) {","lastModifiedDate":"2022-02-01"},{"lineNumber":6,"author":{"gitId":"mathanmahe"},"content":"        super(title);","lastModifiedDate":"2022-02-01"},{"lineNumber":7,"author":{"gitId":"mathanmahe"},"content":"        this.by \u003d by;","lastModifiedDate":"2022-02-01"},{"lineNumber":8,"author":{"gitId":"mathanmahe"},"content":"    }","lastModifiedDate":"2022-02-01"},{"lineNumber":9,"author":{"gitId":"mathanmahe"},"content":"    public String getBy() {","lastModifiedDate":"2022-02-01"},{"lineNumber":10,"author":{"gitId":"mathanmahe"},"content":"        return by;","lastModifiedDate":"2022-02-01"},{"lineNumber":11,"author":{"gitId":"mathanmahe"},"content":"    }","lastModifiedDate":"2022-02-01"},{"lineNumber":12,"author":{"gitId":"mathanmahe"},"content":"","lastModifiedDate":"2022-02-01"},{"lineNumber":13,"author":{"gitId":"mathanmahe"},"content":"    public void setBy(String by) {","lastModifiedDate":"2022-02-01"},{"lineNumber":14,"author":{"gitId":"mathanmahe"},"content":"        this.by \u003d by;","lastModifiedDate":"2022-02-01"},{"lineNumber":15,"author":{"gitId":"mathanmahe"},"content":"    }","lastModifiedDate":"2022-02-01"},{"lineNumber":16,"author":{"gitId":"mathanmahe"},"content":"    @Override","lastModifiedDate":"2022-02-01"},{"lineNumber":17,"author":{"gitId":"mathanmahe"},"content":"    public String toString()","lastModifiedDate":"2022-02-01"},{"lineNumber":18,"author":{"gitId":"mathanmahe"},"content":"    {","lastModifiedDate":"2022-02-01"},{"lineNumber":19,"author":{"gitId":"mathanmahe"},"content":"        return \"[D]\" + super.toString() + \" (by: \" + getBy() + \")\";","lastModifiedDate":"2022-02-01"},{"lineNumber":20,"author":{"gitId":"mathanmahe"},"content":"    }","lastModifiedDate":"2022-02-01"},{"lineNumber":21,"author":{"gitId":"mathanmahe"},"content":"}","lastModifiedDate":"2022-02-01"}],"authorContributionMap":{"mathanmahe":21}},{"path":"src/main/java/duke/Duke.java","fileType":"java","lines":[{"lineNumber":1,"author":{"gitId":"mathanmahe"},"content":"package duke;","lastModifiedDate":"2022-02-08"},{"lineNumber":2,"author":{"gitId":"mathanmahe"},"content":"","lastModifiedDate":"2022-02-08"},{"lineNumber":3,"author":{"gitId":"mathanmahe"},"content":"import exceptions.DukeException;","lastModifiedDate":"2022-02-08"},{"lineNumber":4,"author":{"gitId":"mathanmahe"},"content":"","lastModifiedDate":"2022-02-08"},{"lineNumber":5,"author":{"gitId":"mathanmahe"},"content":"import java.util.Scanner;","lastModifiedDate":"2022-01-25"},{"lineNumber":6,"author":{"gitId":"mathanmahe"},"content":"","lastModifiedDate":"2022-01-25"},{"lineNumber":7,"author":{"gitId":"-"},"content":"public class Duke {","lastModifiedDate":"2019-07-29"},{"lineNumber":8,"author":{"gitId":"mathanmahe"},"content":"    private static Task[] taskList \u003d new Task [100];","lastModifiedDate":"2022-02-01"},{"lineNumber":9,"author":{"gitId":"mathanmahe"},"content":"    static int taskIndex\u003d0;","lastModifiedDate":"2022-02-01"},{"lineNumber":10,"author":{"gitId":"mathanmahe"},"content":"","lastModifiedDate":"2022-01-25"},{"lineNumber":11,"author":{"gitId":"mathanmahe"},"content":"    public static void main(String[] args) {","lastModifiedDate":"2022-02-01"},{"lineNumber":12,"author":{"gitId":"mathanmahe"},"content":"","lastModifiedDate":"2022-01-25"},{"lineNumber":13,"author":{"gitId":"mathanmahe"},"content":"        greetUser(\"hi\");","lastModifiedDate":"2022-02-01"},{"lineNumber":14,"author":{"gitId":"mathanmahe"},"content":"        startChatbot();","lastModifiedDate":"2022-02-01"},{"lineNumber":15,"author":{"gitId":"mathanmahe"},"content":"        greetUser(\"bye\");","lastModifiedDate":"2022-02-01"},{"lineNumber":16,"author":{"gitId":"mathanmahe"},"content":"    }","lastModifiedDate":"2022-02-01"},{"lineNumber":17,"author":{"gitId":"mathanmahe"},"content":"","lastModifiedDate":"2022-01-25"},{"lineNumber":18,"author":{"gitId":"mathanmahe"},"content":"    private static void startChatbot() {","lastModifiedDate":"2022-02-01"},{"lineNumber":19,"author":{"gitId":"mathanmahe"},"content":"        Scanner input \u003d new Scanner(System.in);","lastModifiedDate":"2022-02-01"},{"lineNumber":20,"author":{"gitId":"mathanmahe"},"content":"        String task \u003d \"\";","lastModifiedDate":"2022-02-01"},{"lineNumber":21,"author":{"gitId":"mathanmahe"},"content":"        while(true) {","lastModifiedDate":"2022-02-01"},{"lineNumber":22,"author":{"gitId":"mathanmahe"},"content":"            try {","lastModifiedDate":"2022-02-08"},{"lineNumber":23,"author":{"gitId":"mathanmahe"},"content":"                task \u003d input.nextLine();","lastModifiedDate":"2022-02-01"},{"lineNumber":24,"author":{"gitId":"mathanmahe"},"content":"                System.out.println(\"    ____________________________________\");","lastModifiedDate":"2022-02-01"},{"lineNumber":25,"author":{"gitId":"mathanmahe"},"content":"                if (task.equals(\"bye\")) {","lastModifiedDate":"2022-02-01"},{"lineNumber":26,"author":{"gitId":"mathanmahe"},"content":"                    break;","lastModifiedDate":"2022-02-01"},{"lineNumber":27,"author":{"gitId":"mathanmahe"},"content":"                } else if (task.equals(\"list\")) {","lastModifiedDate":"2022-02-01"},{"lineNumber":28,"author":{"gitId":"mathanmahe"},"content":"                    listTasks();","lastModifiedDate":"2022-02-01"},{"lineNumber":29,"author":{"gitId":"mathanmahe"},"content":"                } else if (task.startsWith(\"mark \")) {","lastModifiedDate":"2022-02-08"},{"lineNumber":30,"author":{"gitId":"mathanmahe"},"content":"                    markTask(task);","lastModifiedDate":"2022-02-01"},{"lineNumber":31,"author":{"gitId":"mathanmahe"},"content":"                } else if (task.startsWith(\"unmark \")) {","lastModifiedDate":"2022-02-08"},{"lineNumber":32,"author":{"gitId":"mathanmahe"},"content":"                    unmarkTask(task);","lastModifiedDate":"2022-02-01"},{"lineNumber":33,"author":{"gitId":"mathanmahe"},"content":"                } else if (task.startsWith(\"todo\") || task.startsWith(\"deadline\") || task.startsWith(\"event\")) {","lastModifiedDate":"2022-02-08"},{"lineNumber":34,"author":{"gitId":"mathanmahe"},"content":"                    addTask(task);","lastModifiedDate":"2022-02-01"},{"lineNumber":35,"author":{"gitId":"mathanmahe"},"content":"                } else {","lastModifiedDate":"2022-02-08"},{"lineNumber":36,"author":{"gitId":"mathanmahe"},"content":"                    throw new DukeException();","lastModifiedDate":"2022-02-08"},{"lineNumber":37,"author":{"gitId":"mathanmahe"},"content":"                }","lastModifiedDate":"2022-02-01"},{"lineNumber":38,"author":{"gitId":"mathanmahe"},"content":"                System.out.println(\"    ____________________________________\");","lastModifiedDate":"2022-02-01"},{"lineNumber":39,"author":{"gitId":"mathanmahe"},"content":"            } catch (DukeException e) {","lastModifiedDate":"2022-02-08"},{"lineNumber":40,"author":{"gitId":"mathanmahe"},"content":"                System.out.println(\"    Sorry I do not know what that means!\");","lastModifiedDate":"2022-02-08"},{"lineNumber":41,"author":{"gitId":"mathanmahe"},"content":"            }","lastModifiedDate":"2022-02-08"},{"lineNumber":42,"author":{"gitId":"mathanmahe"},"content":"","lastModifiedDate":"2022-02-08"},{"lineNumber":43,"author":{"gitId":"mathanmahe"},"content":"        }","lastModifiedDate":"2022-01-25"},{"lineNumber":44,"author":{"gitId":"mathanmahe"},"content":"    }","lastModifiedDate":"2022-01-25"},{"lineNumber":45,"author":{"gitId":"mathanmahe"},"content":"","lastModifiedDate":"2022-01-25"},{"lineNumber":46,"author":{"gitId":"mathanmahe"},"content":"    private static void greetUser(String greeting) {","lastModifiedDate":"2022-02-01"},{"lineNumber":47,"author":{"gitId":"mathanmahe"},"content":"        if(greeting.equals(\"hi\")) {","lastModifiedDate":"2022-02-01"},{"lineNumber":48,"author":{"gitId":"-"},"content":"            String logo \u003d \" ____        _\\n\"","lastModifiedDate":"2019-07-29"},{"lineNumber":49,"author":{"gitId":"-"},"content":"                    + \"|  _ \\\\ _   _| | _____\\n\"","lastModifiedDate":"2019-07-29"},{"lineNumber":50,"author":{"gitId":"-"},"content":"                    + \"| | | | | | | |/ / _ \\\\\\n\"","lastModifiedDate":"2019-07-29"},{"lineNumber":51,"author":{"gitId":"-"},"content":"                    + \"| |_| | |_| |   \u003c  __/\\n\"","lastModifiedDate":"2019-07-29"},{"lineNumber":52,"author":{"gitId":"-"},"content":"                    + \"|____/ \\\\__,_|_|\\\\_\\\\___|\\n\";","lastModifiedDate":"2019-07-29"},{"lineNumber":53,"author":{"gitId":"mathanmahe"},"content":"            System.out.println(logo);","lastModifiedDate":"2022-01-25"},{"lineNumber":54,"author":{"gitId":"mathanmahe"},"content":"            System.out.println(\"    ____________________________________\");","lastModifiedDate":"2022-01-18"},{"lineNumber":55,"author":{"gitId":"mathanmahe"},"content":"            System.out.println(\"    Hello! I\u0027m Duke\");","lastModifiedDate":"2022-01-18"},{"lineNumber":56,"author":{"gitId":"mathanmahe"},"content":"            System.out.println(\"    What can I do for you?\\n\");","lastModifiedDate":"2022-01-18"},{"lineNumber":57,"author":{"gitId":"mathanmahe"},"content":"        }","lastModifiedDate":"2022-02-01"},{"lineNumber":58,"author":{"gitId":"mathanmahe"},"content":"        else {","lastModifiedDate":"2022-02-01"},{"lineNumber":59,"author":{"gitId":"mathanmahe"},"content":"            System.out.println(\"    ____________________________________\");","lastModifiedDate":"2022-02-01"},{"lineNumber":60,"author":{"gitId":"mathanmahe"},"content":"            System.out.println(\"    Bye. Hope to see you again soon!\");","lastModifiedDate":"2022-02-01"},{"lineNumber":61,"author":{"gitId":"mathanmahe"},"content":"            System.out.println(\"    ____________________________________\");","lastModifiedDate":"2022-01-25"},{"lineNumber":62,"author":{"gitId":"mathanmahe"},"content":"        }","lastModifiedDate":"2022-02-01"},{"lineNumber":63,"author":{"gitId":"mathanmahe"},"content":"    }","lastModifiedDate":"2022-02-01"},{"lineNumber":64,"author":{"gitId":"mathanmahe"},"content":"","lastModifiedDate":"2022-02-01"},{"lineNumber":65,"author":{"gitId":"mathanmahe"},"content":"    public static void listTasks() {","lastModifiedDate":"2022-02-01"},{"lineNumber":66,"author":{"gitId":"mathanmahe"},"content":"        System.out.println(\"    Here are the tasks in your list:\");","lastModifiedDate":"2022-02-01"},{"lineNumber":67,"author":{"gitId":"mathanmahe"},"content":"        for(int i\u003d0;i\u003c taskList.length;i++) {","lastModifiedDate":"2022-01-25"},{"lineNumber":68,"author":{"gitId":"mathanmahe"},"content":"            if(taskList[i] \u003d\u003d null) break;","lastModifiedDate":"2022-01-25"},{"lineNumber":69,"author":{"gitId":"mathanmahe"},"content":"            System.out.println(\"    \"+(i+1)+\": \"+taskList[i]);","lastModifiedDate":"2022-02-01"},{"lineNumber":70,"author":{"gitId":"mathanmahe"},"content":"        }","lastModifiedDate":"2022-01-25"},{"lineNumber":71,"author":{"gitId":"mathanmahe"},"content":"    }","lastModifiedDate":"2022-02-01"},{"lineNumber":72,"author":{"gitId":"mathanmahe"},"content":"","lastModifiedDate":"2022-02-01"},{"lineNumber":73,"author":{"gitId":"mathanmahe"},"content":"    public static void markTask(String task) {","lastModifiedDate":"2022-02-01"},{"lineNumber":74,"author":{"gitId":"mathanmahe"},"content":"        try {","lastModifiedDate":"2022-02-08"},{"lineNumber":75,"author":{"gitId":"mathanmahe"},"content":"            task \u003d task.replace(\"mark \", \"\");","lastModifiedDate":"2022-01-25"},{"lineNumber":76,"author":{"gitId":"mathanmahe"},"content":"            int i \u003d Integer.parseInt(task) - 1;","lastModifiedDate":"2022-01-25"},{"lineNumber":77,"author":{"gitId":"mathanmahe"},"content":"            if (taskList[i] !\u003d null) {","lastModifiedDate":"2022-01-25"},{"lineNumber":78,"author":{"gitId":"mathanmahe"},"content":"                taskList[i].setDone(true);","lastModifiedDate":"2022-01-25"},{"lineNumber":79,"author":{"gitId":"mathanmahe"},"content":"                System.out.println(\"    Nice! I\u0027ve marked this task as done:\");","lastModifiedDate":"2022-02-01"},{"lineNumber":80,"author":{"gitId":"mathanmahe"},"content":"                System.out.println(\"    \" + taskList[i]);","lastModifiedDate":"2022-02-01"},{"lineNumber":81,"author":{"gitId":"mathanmahe"},"content":"            } else {","lastModifiedDate":"2022-01-25"},{"lineNumber":82,"author":{"gitId":"mathanmahe"},"content":"                System.out.println(\"    Please enter a valid task number\");","lastModifiedDate":"2022-01-25"},{"lineNumber":83,"author":{"gitId":"mathanmahe"},"content":"            }","lastModifiedDate":"2022-01-25"},{"lineNumber":84,"author":{"gitId":"mathanmahe"},"content":"        } catch (IndexOutOfBoundsException e) {","lastModifiedDate":"2022-02-08"},{"lineNumber":85,"author":{"gitId":"mathanmahe"},"content":"            if(taskIndex\u003d\u003d0) {","lastModifiedDate":"2022-02-08"},{"lineNumber":86,"author":{"gitId":"mathanmahe"},"content":"                System.out.println(\"    OOPS there are no tasks in the list\");","lastModifiedDate":"2022-02-08"},{"lineNumber":87,"author":{"gitId":"mathanmahe"},"content":"            } else {","lastModifiedDate":"2022-02-08"},{"lineNumber":88,"author":{"gitId":"mathanmahe"},"content":"                System.out.println(\"    OOPS there are only \" + taskIndex + \" tasks in the list\");","lastModifiedDate":"2022-02-08"},{"lineNumber":89,"author":{"gitId":"mathanmahe"},"content":"            }","lastModifiedDate":"2022-02-08"},{"lineNumber":90,"author":{"gitId":"mathanmahe"},"content":"        } catch (NumberFormatException e) {","lastModifiedDate":"2022-02-08"},{"lineNumber":91,"author":{"gitId":"mathanmahe"},"content":"            System.out.println(\"    Please enter the number of the task you want to mark\");","lastModifiedDate":"2022-02-08"},{"lineNumber":92,"author":{"gitId":"mathanmahe"},"content":"        }","lastModifiedDate":"2022-02-08"},{"lineNumber":93,"author":{"gitId":"mathanmahe"},"content":"    }","lastModifiedDate":"2022-02-01"},{"lineNumber":94,"author":{"gitId":"mathanmahe"},"content":"","lastModifiedDate":"2022-02-01"},{"lineNumber":95,"author":{"gitId":"mathanmahe"},"content":"    public static void unmarkTask(String task) {","lastModifiedDate":"2022-02-01"},{"lineNumber":96,"author":{"gitId":"mathanmahe"},"content":"        try {","lastModifiedDate":"2022-02-08"},{"lineNumber":97,"author":{"gitId":"mathanmahe"},"content":"            task \u003d task.replace(\"unmark \",\"\");","lastModifiedDate":"2022-01-25"},{"lineNumber":98,"author":{"gitId":"mathanmahe"},"content":"            int i \u003d Integer.parseInt(task)-1;","lastModifiedDate":"2022-01-25"},{"lineNumber":99,"author":{"gitId":"mathanmahe"},"content":"            if(taskList[i]!\u003dnull) {","lastModifiedDate":"2022-01-25"},{"lineNumber":100,"author":{"gitId":"mathanmahe"},"content":"                taskList[i].setDone(false);","lastModifiedDate":"2022-01-25"},{"lineNumber":101,"author":{"gitId":"mathanmahe"},"content":"                System.out.println(\"    OK, I\u0027ve marked this task as not done yet:\");","lastModifiedDate":"2022-02-01"},{"lineNumber":102,"author":{"gitId":"mathanmahe"},"content":"                System.out.println(\"        \"+taskList[i]);","lastModifiedDate":"2022-02-01"},{"lineNumber":103,"author":{"gitId":"mathanmahe"},"content":"            } else {","lastModifiedDate":"2022-01-25"},{"lineNumber":104,"author":{"gitId":"mathanmahe"},"content":"                System.out.println(\"    Please enter a valid task number\");","lastModifiedDate":"2022-01-25"},{"lineNumber":105,"author":{"gitId":"mathanmahe"},"content":"            }","lastModifiedDate":"2022-01-25"},{"lineNumber":106,"author":{"gitId":"mathanmahe"},"content":"        } catch (IndexOutOfBoundsException e) {","lastModifiedDate":"2022-02-08"},{"lineNumber":107,"author":{"gitId":"mathanmahe"},"content":"            if(taskIndex\u003d\u003d0) {","lastModifiedDate":"2022-02-08"},{"lineNumber":108,"author":{"gitId":"mathanmahe"},"content":"                System.out.println(\"    OOPS there are no tasks in the list\");","lastModifiedDate":"2022-02-08"},{"lineNumber":109,"author":{"gitId":"mathanmahe"},"content":"            } else {","lastModifiedDate":"2022-02-08"},{"lineNumber":110,"author":{"gitId":"mathanmahe"},"content":"                System.out.println(\"    OOPS there are only \" + taskIndex + \" tasks in the list\");","lastModifiedDate":"2022-02-08"},{"lineNumber":111,"author":{"gitId":"mathanmahe"},"content":"            }","lastModifiedDate":"2022-02-08"},{"lineNumber":112,"author":{"gitId":"mathanmahe"},"content":"        } catch (NumberFormatException e) {","lastModifiedDate":"2022-02-08"},{"lineNumber":113,"author":{"gitId":"mathanmahe"},"content":"            System.out.println(\"    Please enter the number of the task you want to unmark\");","lastModifiedDate":"2022-02-08"},{"lineNumber":114,"author":{"gitId":"mathanmahe"},"content":"        }","lastModifiedDate":"2022-02-08"},{"lineNumber":115,"author":{"gitId":"mathanmahe"},"content":"","lastModifiedDate":"2022-02-08"},{"lineNumber":116,"author":{"gitId":"mathanmahe"},"content":"    }","lastModifiedDate":"2022-01-25"},{"lineNumber":117,"author":{"gitId":"mathanmahe"},"content":"","lastModifiedDate":"2022-02-01"},{"lineNumber":118,"author":{"gitId":"mathanmahe"},"content":"    public static void addTask(String task) {","lastModifiedDate":"2022-02-01"},{"lineNumber":119,"author":{"gitId":"mathanmahe"},"content":"        try {","lastModifiedDate":"2022-02-08"},{"lineNumber":120,"author":{"gitId":"mathanmahe"},"content":"            int index \u003d task.indexOf(\u0027 \u0027);","lastModifiedDate":"2022-02-01"},{"lineNumber":121,"author":{"gitId":"mathanmahe"},"content":"            String taskType \u003d task.substring(0, index);","lastModifiedDate":"2022-02-01"},{"lineNumber":122,"author":{"gitId":"mathanmahe"},"content":"            task \u003d task.substring(index + 1);","lastModifiedDate":"2022-02-01"},{"lineNumber":123,"author":{"gitId":"mathanmahe"},"content":"            switch (taskType) {","lastModifiedDate":"2022-02-01"},{"lineNumber":124,"author":{"gitId":"mathanmahe"},"content":"            case \"todo\":","lastModifiedDate":"2022-02-01"},{"lineNumber":125,"author":{"gitId":"mathanmahe"},"content":"                addAsTodo(task);","lastModifiedDate":"2022-02-01"},{"lineNumber":126,"author":{"gitId":"mathanmahe"},"content":"                break;","lastModifiedDate":"2022-02-01"},{"lineNumber":127,"author":{"gitId":"mathanmahe"},"content":"            case \"deadline\":","lastModifiedDate":"2022-02-01"},{"lineNumber":128,"author":{"gitId":"mathanmahe"},"content":"                addAsDeadline(task);","lastModifiedDate":"2022-02-01"},{"lineNumber":129,"author":{"gitId":"mathanmahe"},"content":"                break;","lastModifiedDate":"2022-02-01"},{"lineNumber":130,"author":{"gitId":"mathanmahe"},"content":"            case \"event\":","lastModifiedDate":"2022-02-01"},{"lineNumber":131,"author":{"gitId":"mathanmahe"},"content":"                addAsEvent(task);","lastModifiedDate":"2022-02-01"},{"lineNumber":132,"author":{"gitId":"mathanmahe"},"content":"                break;","lastModifiedDate":"2022-02-01"},{"lineNumber":133,"author":{"gitId":"mathanmahe"},"content":"            default:","lastModifiedDate":"2022-02-01"},{"lineNumber":134,"author":{"gitId":"mathanmahe"},"content":"                System.out.println(\"    Sorry I do not know what that means\");","lastModifiedDate":"2022-02-01"},{"lineNumber":135,"author":{"gitId":"mathanmahe"},"content":"                return;","lastModifiedDate":"2022-02-01"},{"lineNumber":136,"author":{"gitId":"mathanmahe"},"content":"            }","lastModifiedDate":"2022-01-25"},{"lineNumber":137,"author":{"gitId":"mathanmahe"},"content":"            System.out.println(\"    Got it. I\u0027ve added this task:\");","lastModifiedDate":"2022-02-01"},{"lineNumber":138,"author":{"gitId":"mathanmahe"},"content":"            System.out.println(\"        \" + taskList[taskIndex - 1]);","lastModifiedDate":"2022-02-01"},{"lineNumber":139,"author":{"gitId":"mathanmahe"},"content":"            System.out.println(\"    Now you have \" + (taskIndex) + \" tasks in the list.\");","lastModifiedDate":"2022-02-01"},{"lineNumber":140,"author":{"gitId":"mathanmahe"},"content":"        } catch (IndexOutOfBoundsException e) {","lastModifiedDate":"2022-02-08"},{"lineNumber":141,"author":{"gitId":"mathanmahe"},"content":"            System.out.println(\"    OOPS!!! The decription of a \"+task+\" cannot be empty\");","lastModifiedDate":"2022-02-08"},{"lineNumber":142,"author":{"gitId":"mathanmahe"},"content":"        }","lastModifiedDate":"2022-02-08"},{"lineNumber":143,"author":{"gitId":"mathanmahe"},"content":"    }","lastModifiedDate":"2022-02-01"},{"lineNumber":144,"author":{"gitId":"mathanmahe"},"content":"","lastModifiedDate":"2022-02-01"},{"lineNumber":145,"author":{"gitId":"mathanmahe"},"content":"    private static void addAsTodo(String task) {","lastModifiedDate":"2022-02-01"},{"lineNumber":146,"author":{"gitId":"mathanmahe"},"content":"        taskList[taskIndex++] \u003d new Todo(task);","lastModifiedDate":"2022-02-01"},{"lineNumber":147,"author":{"gitId":"mathanmahe"},"content":"    }","lastModifiedDate":"2022-02-01"},{"lineNumber":148,"author":{"gitId":"mathanmahe"},"content":"    private static void addAsEvent(String task) {","lastModifiedDate":"2022-02-01"},{"lineNumber":149,"author":{"gitId":"mathanmahe"},"content":"        int index;","lastModifiedDate":"2022-02-01"},{"lineNumber":150,"author":{"gitId":"mathanmahe"},"content":"        index \u003d task.indexOf(\"/\");","lastModifiedDate":"2022-02-01"},{"lineNumber":151,"author":{"gitId":"mathanmahe"},"content":"        String eventTime \u003d task.substring(index+1);","lastModifiedDate":"2022-02-01"},{"lineNumber":152,"author":{"gitId":"mathanmahe"},"content":"        task \u003d task.substring(0,index-1);","lastModifiedDate":"2022-02-01"},{"lineNumber":153,"author":{"gitId":"mathanmahe"},"content":"","lastModifiedDate":"2022-02-01"},{"lineNumber":154,"author":{"gitId":"mathanmahe"},"content":"        index \u003d eventTime.indexOf(\u0027 \u0027);","lastModifiedDate":"2022-02-01"},{"lineNumber":155,"author":{"gitId":"mathanmahe"},"content":"        eventTime \u003d eventTime.substring(index+1);","lastModifiedDate":"2022-02-01"},{"lineNumber":156,"author":{"gitId":"mathanmahe"},"content":"        taskList[taskIndex++] \u003d new Event(task,eventTime);","lastModifiedDate":"2022-02-01"},{"lineNumber":157,"author":{"gitId":"mathanmahe"},"content":"    }","lastModifiedDate":"2022-01-25"},{"lineNumber":158,"author":{"gitId":"mathanmahe"},"content":"","lastModifiedDate":"2022-01-25"},{"lineNumber":159,"author":{"gitId":"mathanmahe"},"content":"    private static void addAsDeadline(String task) {","lastModifiedDate":"2022-02-01"},{"lineNumber":160,"author":{"gitId":"mathanmahe"},"content":"        int index;","lastModifiedDate":"2022-02-01"},{"lineNumber":161,"author":{"gitId":"mathanmahe"},"content":"        index \u003d task.indexOf(\"/\");","lastModifiedDate":"2022-02-01"},{"lineNumber":162,"author":{"gitId":"mathanmahe"},"content":"        String by \u003d task.substring(index+1);","lastModifiedDate":"2022-02-01"},{"lineNumber":163,"author":{"gitId":"mathanmahe"},"content":"        task \u003d task.substring(0,index-1);","lastModifiedDate":"2022-02-01"},{"lineNumber":164,"author":{"gitId":"mathanmahe"},"content":"","lastModifiedDate":"2022-01-25"},{"lineNumber":165,"author":{"gitId":"mathanmahe"},"content":"        index \u003d by.indexOf(\u0027 \u0027);","lastModifiedDate":"2022-02-01"},{"lineNumber":166,"author":{"gitId":"mathanmahe"},"content":"        by \u003d by.substring(index+1);","lastModifiedDate":"2022-02-01"},{"lineNumber":167,"author":{"gitId":"mathanmahe"},"content":"        taskList[taskIndex++] \u003d new Deadline(task,by);","lastModifiedDate":"2022-02-01"},{"lineNumber":168,"author":{"gitId":"-"},"content":"    }","lastModifiedDate":"2019-07-29"},{"lineNumber":169,"author":{"gitId":"-"},"content":"}","lastModifiedDate":"2019-07-29"}],"authorContributionMap":{"mathanmahe":161,"-":8}},{"path":"src/main/java/duke/Event.java","fileType":"java","lines":[{"lineNumber":1,"author":{"gitId":"mathanmahe"},"content":"package duke;","lastModifiedDate":"2022-02-08"},{"lineNumber":2,"author":{"gitId":"mathanmahe"},"content":"","lastModifiedDate":"2022-02-08"},{"lineNumber":3,"author":{"gitId":"mathanmahe"},"content":"public class Event extends Task{","lastModifiedDate":"2022-02-01"},{"lineNumber":4,"author":{"gitId":"mathanmahe"},"content":"    protected String eventTime;","lastModifiedDate":"2022-02-01"},{"lineNumber":5,"author":{"gitId":"mathanmahe"},"content":"    public Event(String title, String eventTime) {","lastModifiedDate":"2022-02-01"},{"lineNumber":6,"author":{"gitId":"mathanmahe"},"content":"        super(title);","lastModifiedDate":"2022-02-01"},{"lineNumber":7,"author":{"gitId":"mathanmahe"},"content":"        this.eventTime \u003d eventTime;","lastModifiedDate":"2022-02-01"},{"lineNumber":8,"author":{"gitId":"mathanmahe"},"content":"    }","lastModifiedDate":"2022-02-01"},{"lineNumber":9,"author":{"gitId":"mathanmahe"},"content":"","lastModifiedDate":"2022-02-01"},{"lineNumber":10,"author":{"gitId":"mathanmahe"},"content":"    public String getEventTime() {","lastModifiedDate":"2022-02-01"},{"lineNumber":11,"author":{"gitId":"mathanmahe"},"content":"        return eventTime;","lastModifiedDate":"2022-02-01"},{"lineNumber":12,"author":{"gitId":"mathanmahe"},"content":"    }","lastModifiedDate":"2022-02-01"},{"lineNumber":13,"author":{"gitId":"mathanmahe"},"content":"","lastModifiedDate":"2022-02-01"},{"lineNumber":14,"author":{"gitId":"mathanmahe"},"content":"    public void setEventTime(String eventTime) {","lastModifiedDate":"2022-02-01"},{"lineNumber":15,"author":{"gitId":"mathanmahe"},"content":"        this.eventTime \u003d eventTime;","lastModifiedDate":"2022-02-01"},{"lineNumber":16,"author":{"gitId":"mathanmahe"},"content":"    }","lastModifiedDate":"2022-02-01"},{"lineNumber":17,"author":{"gitId":"mathanmahe"},"content":"","lastModifiedDate":"2022-02-01"},{"lineNumber":18,"author":{"gitId":"mathanmahe"},"content":"    @Override","lastModifiedDate":"2022-02-01"},{"lineNumber":19,"author":{"gitId":"mathanmahe"},"content":"    public String toString()","lastModifiedDate":"2022-02-01"},{"lineNumber":20,"author":{"gitId":"mathanmahe"},"content":"    {","lastModifiedDate":"2022-02-01"},{"lineNumber":21,"author":{"gitId":"mathanmahe"},"content":"        return \"[E]\" + super.toString() + \" (at: \" + getEventTime() + \")\";","lastModifiedDate":"2022-02-01"},{"lineNumber":22,"author":{"gitId":"mathanmahe"},"content":"    }","lastModifiedDate":"2022-02-01"},{"lineNumber":23,"author":{"gitId":"mathanmahe"},"content":"}","lastModifiedDate":"2022-02-01"}],"authorContributionMap":{"mathanmahe":23}},{"path":"src/main/java/duke/Task.java","fileType":"java","lines":[{"lineNumber":1,"author":{"gitId":"mathanmahe"},"content":"package duke;","lastModifiedDate":"2022-02-08"},{"lineNumber":2,"author":{"gitId":"mathanmahe"},"content":"","lastModifiedDate":"2022-02-08"},{"lineNumber":3,"author":{"gitId":"mathanmahe"},"content":"public class Task {","lastModifiedDate":"2022-02-01"},{"lineNumber":4,"author":{"gitId":"mathanmahe"},"content":"    String title;","lastModifiedDate":"2022-02-01"},{"lineNumber":5,"author":{"gitId":"mathanmahe"},"content":"    boolean isDone;","lastModifiedDate":"2022-02-01"},{"lineNumber":6,"author":{"gitId":"mathanmahe"},"content":"","lastModifiedDate":"2022-02-01"},{"lineNumber":7,"author":{"gitId":"mathanmahe"},"content":"    public Task(String title) {","lastModifiedDate":"2022-02-01"},{"lineNumber":8,"author":{"gitId":"mathanmahe"},"content":"        this.title \u003d title;","lastModifiedDate":"2022-02-01"},{"lineNumber":9,"author":{"gitId":"mathanmahe"},"content":"        this.isDone \u003d false;","lastModifiedDate":"2022-02-01"},{"lineNumber":10,"author":{"gitId":"mathanmahe"},"content":"    }","lastModifiedDate":"2022-02-01"},{"lineNumber":11,"author":{"gitId":"mathanmahe"},"content":"","lastModifiedDate":"2022-02-01"},{"lineNumber":12,"author":{"gitId":"mathanmahe"},"content":"    public boolean isDone() {","lastModifiedDate":"2022-02-01"},{"lineNumber":13,"author":{"gitId":"mathanmahe"},"content":"        return isDone;","lastModifiedDate":"2022-02-01"},{"lineNumber":14,"author":{"gitId":"mathanmahe"},"content":"    }","lastModifiedDate":"2022-02-01"},{"lineNumber":15,"author":{"gitId":"mathanmahe"},"content":"","lastModifiedDate":"2022-02-01"},{"lineNumber":16,"author":{"gitId":"mathanmahe"},"content":"    public void setDone(boolean done) {","lastModifiedDate":"2022-02-01"},{"lineNumber":17,"author":{"gitId":"mathanmahe"},"content":"        isDone \u003d done;","lastModifiedDate":"2022-02-01"},{"lineNumber":18,"author":{"gitId":"mathanmahe"},"content":"    }","lastModifiedDate":"2022-02-01"},{"lineNumber":19,"author":{"gitId":"mathanmahe"},"content":"","lastModifiedDate":"2022-02-01"},{"lineNumber":20,"author":{"gitId":"mathanmahe"},"content":"    public String getStatusIcon() {","lastModifiedDate":"2022-02-01"},{"lineNumber":21,"author":{"gitId":"mathanmahe"},"content":"        return (isDone? \"X\" : \" \");","lastModifiedDate":"2022-02-01"},{"lineNumber":22,"author":{"gitId":"mathanmahe"},"content":"    }","lastModifiedDate":"2022-02-01"},{"lineNumber":23,"author":{"gitId":"mathanmahe"},"content":"","lastModifiedDate":"2022-02-01"},{"lineNumber":24,"author":{"gitId":"mathanmahe"},"content":"    public String getTitle() {","lastModifiedDate":"2022-02-01"},{"lineNumber":25,"author":{"gitId":"mathanmahe"},"content":"        return title;","lastModifiedDate":"2022-02-01"},{"lineNumber":26,"author":{"gitId":"mathanmahe"},"content":"    }","lastModifiedDate":"2022-02-01"},{"lineNumber":27,"author":{"gitId":"mathanmahe"},"content":"","lastModifiedDate":"2022-02-01"},{"lineNumber":28,"author":{"gitId":"mathanmahe"},"content":"    @Override","lastModifiedDate":"2022-02-01"},{"lineNumber":29,"author":{"gitId":"mathanmahe"},"content":"    public String toString()","lastModifiedDate":"2022-02-01"},{"lineNumber":30,"author":{"gitId":"mathanmahe"},"content":"    {","lastModifiedDate":"2022-02-01"},{"lineNumber":31,"author":{"gitId":"mathanmahe"},"content":"        return String.format(\"[%s] %s\",this.getStatusIcon(),this.getTitle());","lastModifiedDate":"2022-02-01"},{"lineNumber":32,"author":{"gitId":"mathanmahe"},"content":"    }","lastModifiedDate":"2022-02-01"},{"lineNumber":33,"author":{"gitId":"mathanmahe"},"content":"}","lastModifiedDate":"2022-02-01"}],"authorContributionMap":{"mathanmahe":33}},{"path":"src/main/java/duke/Todo.java","fileType":"java","lines":[{"lineNumber":1,"author":{"gitId":"mathanmahe"},"content":"package duke;","lastModifiedDate":"2022-02-08"},{"lineNumber":2,"author":{"gitId":"mathanmahe"},"content":"","lastModifiedDate":"2022-02-08"},{"lineNumber":3,"author":{"gitId":"mathanmahe"},"content":"public class Todo extends Task{","lastModifiedDate":"2022-02-01"},{"lineNumber":4,"author":{"gitId":"mathanmahe"},"content":"    public Todo(String title) {","lastModifiedDate":"2022-02-01"},{"lineNumber":5,"author":{"gitId":"mathanmahe"},"content":"        super(title);","lastModifiedDate":"2022-02-01"},{"lineNumber":6,"author":{"gitId":"mathanmahe"},"content":"    }","lastModifiedDate":"2022-02-01"},{"lineNumber":7,"author":{"gitId":"mathanmahe"},"content":"    @Override","lastModifiedDate":"2022-02-01"},{"lineNumber":8,"author":{"gitId":"mathanmahe"},"content":"    public String toString()","lastModifiedDate":"2022-02-01"},{"lineNumber":9,"author":{"gitId":"mathanmahe"},"content":"    {","lastModifiedDate":"2022-02-01"},{"lineNumber":10,"author":{"gitId":"mathanmahe"},"content":"        return \"[T]\" + super.toString();","lastModifiedDate":"2022-02-01"},{"lineNumber":11,"author":{"gitId":"mathanmahe"},"content":"    }","lastModifiedDate":"2022-02-01"},{"lineNumber":12,"author":{"gitId":"mathanmahe"},"content":"}","lastModifiedDate":"2022-02-01"}],"authorContributionMap":{"mathanmahe":12}},{"path":"src/main/java/exceptions/DukeException.java","fileType":"java","lines":[{"lineNumber":1,"author":{"gitId":"mathanmahe"},"content":"package exceptions;","lastModifiedDate":"2022-02-08"},{"lineNumber":2,"author":{"gitId":"mathanmahe"},"content":"","lastModifiedDate":"2022-02-08"},{"lineNumber":3,"author":{"gitId":"mathanmahe"},"content":"public class DukeException extends Exception{","lastModifiedDate":"2022-02-08"},{"lineNumber":4,"author":{"gitId":"mathanmahe"},"content":"}","lastModifiedDate":"2022-02-08"}],"authorContributionMap":{"mathanmahe":4}},{"path":"text-ui-test/input.txt","fileType":"txt","lines":[{"lineNumber":1,"author":{"gitId":"mathanmahe"},"content":"todo borrow book","lastModifiedDate":"2022-02-01"},{"lineNumber":2,"author":{"gitId":"mathanmahe"},"content":"list","lastModifiedDate":"2022-02-01"},{"lineNumber":3,"author":{"gitId":"mathanmahe"},"content":"deadline return book /by Sunday","lastModifiedDate":"2022-02-01"},{"lineNumber":4,"author":{"gitId":"mathanmahe"},"content":"event project meeting /at Mon 2-4pm","lastModifiedDate":"2022-02-01"},{"lineNumber":5,"author":{"gitId":"mathanmahe"},"content":"list","lastModifiedDate":"2022-02-01"},{"lineNumber":6,"author":{"gitId":"mathanmahe"},"content":"mark 1","lastModifiedDate":"2022-02-01"},{"lineNumber":7,"author":{"gitId":"mathanmahe"},"content":"list","lastModifiedDate":"2022-02-01"},{"lineNumber":8,"author":{"gitId":"mathanmahe"},"content":"mark 2","lastModifiedDate":"2022-02-01"},{"lineNumber":9,"author":{"gitId":"mathanmahe"},"content":"unmark 1","lastModifiedDate":"2022-02-01"},{"lineNumber":10,"author":{"gitId":"mathanmahe"},"content":"list","lastModifiedDate":"2022-02-01"},{"lineNumber":11,"author":{"gitId":"mathanmahe"},"content":"mark 30","lastModifiedDate":"2022-02-01"},{"lineNumber":12,"author":{"gitId":"mathanmahe"},"content":"list","lastModifiedDate":"2022-02-01"},{"lineNumber":13,"author":{"gitId":"mathanmahe"},"content":"unknown input","lastModifiedDate":"2022-02-01"},{"lineNumber":14,"author":{"gitId":"mathanmahe"},"content":"bye","lastModifiedDate":"2022-02-01"}],"authorContributionMap":{"mathanmahe":14}},{"path":"text-ui-test/runtest.bat","fileType":"bat","lines":[{"lineNumber":1,"author":{"gitId":"-"},"content":"@ECHO OFF","lastModifiedDate":"2020-05-25"},{"lineNumber":2,"author":{"gitId":"-"},"content":"","lastModifiedDate":"2020-05-25"},{"lineNumber":3,"author":{"gitId":"-"},"content":"REM create bin directory if it doesn\u0027t exist","lastModifiedDate":"2020-05-25"},{"lineNumber":4,"author":{"gitId":"-"},"content":"if not exist ..\\bin mkdir ..\\bin","lastModifiedDate":"2020-05-25"},{"lineNumber":5,"author":{"gitId":"-"},"content":"","lastModifiedDate":"2020-05-25"},{"lineNumber":6,"author":{"gitId":"-"},"content":"REM delete output from previous run","lastModifiedDate":"2020-05-25"},{"lineNumber":7,"author":{"gitId":"-"},"content":"if exist ACTUAL.TXT del ACTUAL.TXT","lastModifiedDate":"2020-08-25"},{"lineNumber":8,"author":{"gitId":"-"},"content":"","lastModifiedDate":"2020-05-25"},{"lineNumber":9,"author":{"gitId":"-"},"content":"REM compile the code into the bin folder","lastModifiedDate":"2020-05-25"},{"lineNumber":10,"author":{"gitId":"mathanmahe"},"content":"javac  -cp ..\\src\\main\\java -Xlint:none -d ..\\bin ..\\src\\main\\java\\duke.Duke.java","lastModifiedDate":"2022-02-08"},{"lineNumber":11,"author":{"gitId":"-"},"content":"IF ERRORLEVEL 1 (","lastModifiedDate":"2020-05-25"},{"lineNumber":12,"author":{"gitId":"-"},"content":"    echo ********** BUILD FAILURE **********","lastModifiedDate":"2020-05-25"},{"lineNumber":13,"author":{"gitId":"-"},"content":"    exit /b 1","lastModifiedDate":"2020-05-25"},{"lineNumber":14,"author":{"gitId":"-"},"content":")","lastModifiedDate":"2020-05-25"},{"lineNumber":15,"author":{"gitId":"-"},"content":"REM no error here, errorlevel \u003d\u003d 0","lastModifiedDate":"2020-05-25"},{"lineNumber":16,"author":{"gitId":"-"},"content":"","lastModifiedDate":"2020-05-25"},{"lineNumber":17,"author":{"gitId":"-"},"content":"REM run the program, feed commands from input.txt file and redirect the output to the ACTUAL.TXT","lastModifiedDate":"2020-05-25"},{"lineNumber":18,"author":{"gitId":"mathanmahe"},"content":"java -classpath ..\\bin duke.Duke \u003c input.txt \u003e ACTUAL.TXT","lastModifiedDate":"2022-02-08"},{"lineNumber":19,"author":{"gitId":"-"},"content":"","lastModifiedDate":"2020-05-25"},{"lineNumber":20,"author":{"gitId":"-"},"content":"REM compare the output to the expected output","lastModifiedDate":"2020-05-25"},{"lineNumber":21,"author":{"gitId":"-"},"content":"FC ACTUAL.TXT EXPECTED.TXT","lastModifiedDate":"2020-05-25"}],"authorContributionMap":{"mathanmahe":2,"-":19}},{"path":"text-ui-test/runtest.sh","fileType":"sh","lines":[{"lineNumber":1,"author":{"gitId":"-"},"content":"#!/usr/bin/env bash","lastModifiedDate":"2020-05-25"},{"lineNumber":2,"author":{"gitId":"-"},"content":"","lastModifiedDate":"2020-05-25"},{"lineNumber":3,"author":{"gitId":"-"},"content":"# create bin directory if it doesn\u0027t exist","lastModifiedDate":"2020-05-25"},{"lineNumber":4,"author":{"gitId":"-"},"content":"if [ ! -d \"../bin\" ]","lastModifiedDate":"2020-05-25"},{"lineNumber":5,"author":{"gitId":"-"},"content":"then","lastModifiedDate":"2020-05-25"},{"lineNumber":6,"author":{"gitId":"-"},"content":"    mkdir ../bin","lastModifiedDate":"2020-05-25"},{"lineNumber":7,"author":{"gitId":"-"},"content":"fi","lastModifiedDate":"2020-05-25"},{"lineNumber":8,"author":{"gitId":"-"},"content":"","lastModifiedDate":"2020-05-25"},{"lineNumber":9,"author":{"gitId":"-"},"content":"# delete output from previous run","lastModifiedDate":"2020-05-25"},{"lineNumber":10,"author":{"gitId":"-"},"content":"if [ -e \"./ACTUAL.TXT\" ]","lastModifiedDate":"2020-05-25"},{"lineNumber":11,"author":{"gitId":"-"},"content":"then","lastModifiedDate":"2020-05-25"},{"lineNumber":12,"author":{"gitId":"-"},"content":"    rm ACTUAL.TXT","lastModifiedDate":"2020-05-25"},{"lineNumber":13,"author":{"gitId":"-"},"content":"fi","lastModifiedDate":"2020-05-25"},{"lineNumber":14,"author":{"gitId":"-"},"content":"","lastModifiedDate":"2020-05-25"},{"lineNumber":15,"author":{"gitId":"-"},"content":"# compile the code into the bin folder, terminates if error occurred","lastModifiedDate":"2020-05-25"},{"lineNumber":16,"author":{"gitId":"mathanmahe"},"content":"if ! javac -cp ../src/main/java -Xlint:none -d ../bin ../src/main/java/duke/Duke.java","lastModifiedDate":"2022-02-08"},{"lineNumber":17,"author":{"gitId":"-"},"content":"then","lastModifiedDate":"2020-05-25"},{"lineNumber":18,"author":{"gitId":"-"},"content":"    echo \"********** BUILD FAILURE **********\"","lastModifiedDate":"2020-05-25"},{"lineNumber":19,"author":{"gitId":"-"},"content":"    exit 1","lastModifiedDate":"2020-05-25"},{"lineNumber":20,"author":{"gitId":"-"},"content":"fi","lastModifiedDate":"2020-05-25"},{"lineNumber":21,"author":{"gitId":"-"},"content":"","lastModifiedDate":"2020-05-25"},{"lineNumber":22,"author":{"gitId":"-"},"content":"# run the program, feed commands from input.txt file and redirect the output to the ACTUAL.TXT","lastModifiedDate":"2020-05-25"},{"lineNumber":23,"author":{"gitId":"-"},"content":"java -classpath ../bin Duke \u003c input.txt \u003e ACTUAL.TXT","lastModifiedDate":"2020-05-25"},{"lineNumber":24,"author":{"gitId":"-"},"content":"","lastModifiedDate":"2020-05-25"},{"lineNumber":25,"author":{"gitId":"-"},"content":"# convert to UNIX format","lastModifiedDate":"2020-05-25"},{"lineNumber":26,"author":{"gitId":"-"},"content":"cp EXPECTED.TXT EXPECTED-UNIX.TXT","lastModifiedDate":"2020-05-25"},{"lineNumber":27,"author":{"gitId":"-"},"content":"dos2unix ACTUAL.TXT EXPECTED-UNIX.TXT","lastModifiedDate":"2020-05-25"},{"lineNumber":28,"author":{"gitId":"-"},"content":"","lastModifiedDate":"2020-05-25"},{"lineNumber":29,"author":{"gitId":"-"},"content":"# compare the output to the expected output","lastModifiedDate":"2020-05-25"},{"lineNumber":30,"author":{"gitId":"-"},"content":"diff ACTUAL.TXT EXPECTED-UNIX.TXT","lastModifiedDate":"2020-05-25"},{"lineNumber":31,"author":{"gitId":"-"},"content":"if [ $? -eq 0 ]","lastModifiedDate":"2020-05-25"},{"lineNumber":32,"author":{"gitId":"-"},"content":"then","lastModifiedDate":"2020-05-25"},{"lineNumber":33,"author":{"gitId":"-"},"content":"    echo \"Test result: PASSED\"","lastModifiedDate":"2020-05-25"},{"lineNumber":34,"author":{"gitId":"-"},"content":"    exit 0","lastModifiedDate":"2020-05-25"},{"lineNumber":35,"author":{"gitId":"-"},"content":"else","lastModifiedDate":"2020-05-25"},{"lineNumber":36,"author":{"gitId":"-"},"content":"    echo \"Test result: FAILED\"","lastModifiedDate":"2020-05-25"},{"lineNumber":37,"author":{"gitId":"-"},"content":"    exit 1","lastModifiedDate":"2020-05-25"},{"lineNumber":38,"author":{"gitId":"-"},"content":"fi","lastModifiedDate":"2020-05-25"}],"authorContributionMap":{"mathanmahe":1,"-":37}}]
