{"authorDailyContributionsMap":{"mathanmahe":[{"date":"2022-01-18","commitResults":[{"hash":"71ec8ba5f4b4ad3411b6260b36a1846a3fdc5a4e","messageTitle":"Level-0","messageBody":"","tags":["Level-0"],"fileTypesAndContributionMap":{"java":{"insertions":8,"deletions":1}}}]},{"date":"2022-01-25","commitResults":[{"hash":"aa6982db4840eaa18863de8cf3cf9cb38c4ef6c4","messageTitle":"Level-1","messageBody":"","tags":["Level-1"],"fileTypesAndContributionMap":{"java":{"insertions":20,"deletions":6}}},{"hash":"f9f7ab67ab4065ba0e194599e7ea0a32f4f6494a","messageTitle":"Level-2","messageBody":"","tags":["Level-2"],"fileTypesAndContributionMap":{"java":{"insertions":14,"deletions":1}}},{"hash":"f688739f7f2800653cda47ed957ca76de7d5b8d2","messageTitle":"Level-3","messageBody":"","tags":["Level-3"],"fileTypesAndContributionMap":{"java":{"insertions":53,"deletions":4}}},{"hash":"5a2712d33e7436962e9d53f00df4b5b1c2ec96d7","messageTitle":"A-CodingStandard","messageBody":"","tags":["A-CodingStandard"],"fileTypesAndContributionMap":{"java":{"insertions":13,"deletions":18}}}]},{"date":"2022-02-01","commitResults":[{"hash":"a6a0cbf169da00c2d69b583c92c5e70b44b76ade","messageTitle":"Level-4","messageBody":"","tags":["Level-4"],"fileTypesAndContributionMap":{"java":{"insertions":126,"deletions":28}}},{"hash":"39d877b56d7efa5d922506c5fbfb4bbbbbba4742","messageTitle":"A-TextUiTesting","messageBody":"","tags":["A-TextUiTesting"],"fileTypesAndContributionMap":{"txt":{"insertions":5,"deletions":0},"java":{"insertions":3,"deletions":3},"bat":{"insertions":1,"deletions":1},"sh":{"insertions":1,"deletions":1}}},{"hash":"cea65b450d0a4c5e01d45814e526fc49a4a3018b","messageTitle":"A-CodeQuality","messageBody":"","tags":["A-CodeQuality"],"fileTypesAndContributionMap":{"txt":{"insertions":9,"deletions":0},"java":{"insertions":108,"deletions":79}}}]},{"date":"2022-02-08","commitResults":[{"hash":"c972f24bf4aa8b45efa4e8fac3e6213b8d186343","messageTitle":"Level-5","messageBody":"","tags":["Level-5"],"fileTypesAndContributionMap":{"java":{"insertions":61,"deletions":38}}},{"hash":"2d91057830e7c62861205301637cd70405b47f4d","messageTitle":"A-Exceptions","messageBody":"","tags":["A-Exceptions"],"fileTypesAndContributionMap":{"java":{"insertions":25,"deletions":15}}},{"hash":"4ed17b04c3d4a0a9640f92f30ce1cf815f679038","messageTitle":"A-Packages","messageBody":"","tags":["A-Packages"],"fileTypesAndContributionMap":{"java":{"insertions":14,"deletions":0},"bat":{"insertions":2,"deletions":2},"sh":{"insertions":1,"deletions":1},"md":{"insertions":2,"deletions":2}}}]},{"date":"2022-02-16","commitResults":[{"hash":"2698ca45ae822db01fa14e47d185b856a2f08229","messageTitle":"Level-6","messageBody":"","tags":["Level-6"],"fileTypesAndContributionMap":{"java":{"insertions":65,"deletions":19}}},{"hash":"8782f53e23bc634d290b55364b9ac8cd5e484e23","messageTitle":"A-Collections","messageBody":"","tags":["A-Collections"],"fileTypesAndContributionMap":{"java":{"insertions":0,"deletions":21}}},{"hash":"0248d67c747122051c555fb634407faa097f6458","messageTitle":"Level-7","messageBody":"","tags":["Level-7"],"fileTypesAndContributionMap":{"txt":{"insertions":4,"deletions":0},"java":{"insertions":77,"deletions":1}}},{"hash":"a4c5343c736043146b0cc3ce6dc0a8fb4817c1b7","messageTitle":"Improved Code Quality","messageBody":"","tags":["A-Jar"],"fileTypesAndContributionMap":{"java":{"insertions":18,"deletions":26}}}]},{"date":"2022-02-22","commitResults":[{"hash":"fc02d6cbe20a34e634f5cd4d5f35a0b09f7de67b","messageTitle":"A-MoreOOP","messageBody":"","tags":["A-MoreOOP"],"fileTypesAndContributionMap":{"java":{"insertions":328,"deletions":245}}},{"hash":"cc44166b29c5ee6dbf60cc3a3ecfdb780fb58991","messageTitle":"BugFix","messageBody":"","fileTypesAndContributionMap":{"txt":{"insertions":1,"deletions":2},"java":{"insertions":1,"deletions":0}}}]},{"date":"2022-02-26","commitResults":[{"hash":"07d9f4a5e2155eeeaa183226dd65eb883b92b224","messageTitle":"Level-8","messageBody":"","tags":["Level-8"],"fileTypesAndContributionMap":{"txt":{"insertions":5,"deletions":1},"java":{"insertions":77,"deletions":5}}},{"hash":"ae4de7be314988288506fa6ed7962b7100b86ac5","messageTitle":"Level-9","messageBody":"","tags":["Level-9"],"fileTypesAndContributionMap":{"txt":{"insertions":1,"deletions":0},"java":{"insertions":29,"deletions":0}}}]},{"date":"2022-03-03","commitResults":[{"hash":"a0b8b69ace90ed4745b9c33351ef479a4b76a7d8","messageTitle":"Improved code quality","messageBody":"","fileTypesAndContributionMap":{"txt":{"insertions":0,"deletions":4},"java":{"insertions":16,"deletions":15}}},{"hash":"b2b00cce9982ffe85679d828ef719a38da88b591","messageTitle":"Fixed Bugs with adding task","messageBody":"","fileTypesAndContributionMap":{"txt":{"insertions":0,"deletions":1},"java":{"insertions":75,"deletions":45}}},{"hash":"8eeec8b64a00cfcfb43578f55234cf91a551891e","messageTitle":"A-JavaDoc","messageBody":"","tags":["A-JavaDoc"],"fileTypesAndContributionMap":{"txt":{"insertions":1,"deletions":1},"java":{"insertions":221,"deletions":32}}}]}]},"authorFileTypeContributionMap":{"mathanmahe":{"java":770,"md":2,"fxml":0,"sh":1,"bat":2,"gradle":0,"txt":17}},"authorContributionVariance":{"mathanmahe":13546.392},"authorDisplayNameMap":{"mathanmahe":"CS2113-F10-4 MATH..DRAN"}}
