[{"path":"src/main/java/jarvis/Formatter.java","fileType":"java","lines":[{"lineNumber":1,"author":{"gitId":"glendonnotglen"},"content":"package jarvis;","lastModifiedDate":"2022-02-09"},{"lineNumber":2,"author":{"gitId":"glendonnotglen"},"content":"","lastModifiedDate":"2022-02-09"},{"lineNumber":3,"author":{"gitId":"glendonnotglen"},"content":"import jarvis.commands.Deadline;","lastModifiedDate":"2022-02-09"},{"lineNumber":4,"author":{"gitId":"glendonnotglen"},"content":"import jarvis.commands.Event;","lastModifiedDate":"2022-02-09"},{"lineNumber":5,"author":{"gitId":"glendonnotglen"},"content":"import jarvis.commands.Task;","lastModifiedDate":"2022-02-09"},{"lineNumber":6,"author":{"gitId":"glendonnotglen"},"content":"import jarvis.commands.UserList;","lastModifiedDate":"2022-02-09"},{"lineNumber":7,"author":{"gitId":"glendonnotglen"},"content":"import jarvis.display.DisplayMessages;","lastModifiedDate":"2022-02-09"},{"lineNumber":8,"author":{"gitId":"glendonnotglen"},"content":"import jarvis.exceptions.JarvisInvalidInput;","lastModifiedDate":"2022-03-01"},{"lineNumber":9,"author":{"gitId":"glendonnotglen"},"content":"import jarvis.exceptions.JarvisOutOfBounds;","lastModifiedDate":"2022-03-01"},{"lineNumber":10,"author":{"gitId":"glendonnotglen"},"content":"","lastModifiedDate":"2022-02-09"},{"lineNumber":11,"author":{"gitId":"glendonnotglen"},"content":"import java.util.Arrays;","lastModifiedDate":"2022-02-01"},{"lineNumber":12,"author":{"gitId":"glendonnotglen"},"content":"import java.util.Scanner;","lastModifiedDate":"2022-02-01"},{"lineNumber":13,"author":{"gitId":"glendonnotglen"},"content":"","lastModifiedDate":"2022-02-01"},{"lineNumber":14,"author":{"gitId":"glendonnotglen"},"content":"public class Formatter {","lastModifiedDate":"2022-02-01"},{"lineNumber":15,"author":{"gitId":"glendonnotglen"},"content":"","lastModifiedDate":"2022-02-01"},{"lineNumber":16,"author":{"gitId":"glendonnotglen"},"content":"    public static String parseUserInput(String[] inputLine, int startIndex, int endIndex) {","lastModifiedDate":"2022-02-01"},{"lineNumber":17,"author":{"gitId":"glendonnotglen"},"content":"        String[] updatedArray \u003d Arrays.copyOfRange(inputLine, startIndex, endIndex);","lastModifiedDate":"2022-02-01"},{"lineNumber":18,"author":{"gitId":"glendonnotglen"},"content":"        return String.join(\" \", updatedArray);","lastModifiedDate":"2022-02-01"},{"lineNumber":19,"author":{"gitId":"glendonnotglen"},"content":"","lastModifiedDate":"2022-02-01"},{"lineNumber":20,"author":{"gitId":"glendonnotglen"},"content":"    }","lastModifiedDate":"2022-02-01"},{"lineNumber":21,"author":{"gitId":"glendonnotglen"},"content":"","lastModifiedDate":"2022-02-01"},{"lineNumber":22,"author":{"gitId":"glendonnotglen"},"content":"    public static int indexOf(String[] userInput, String toFind) {","lastModifiedDate":"2022-02-01"},{"lineNumber":23,"author":{"gitId":"glendonnotglen"},"content":"        if (userInput \u003d\u003d null) {","lastModifiedDate":"2022-02-01"},{"lineNumber":24,"author":{"gitId":"glendonnotglen"},"content":"            return -1;","lastModifiedDate":"2022-02-01"},{"lineNumber":25,"author":{"gitId":"glendonnotglen"},"content":"        }","lastModifiedDate":"2022-02-01"},{"lineNumber":26,"author":{"gitId":"glendonnotglen"},"content":"        for (int i \u003d 0; i \u003c userInput.length; i++) {","lastModifiedDate":"2022-02-01"},{"lineNumber":27,"author":{"gitId":"glendonnotglen"},"content":"            if (userInput[i].equals(toFind)) {","lastModifiedDate":"2022-02-01"},{"lineNumber":28,"author":{"gitId":"glendonnotglen"},"content":"                return i;","lastModifiedDate":"2022-02-01"},{"lineNumber":29,"author":{"gitId":"glendonnotglen"},"content":"            }","lastModifiedDate":"2022-02-01"},{"lineNumber":30,"author":{"gitId":"glendonnotglen"},"content":"        }","lastModifiedDate":"2022-02-01"},{"lineNumber":31,"author":{"gitId":"glendonnotglen"},"content":"        return -1;","lastModifiedDate":"2022-02-01"},{"lineNumber":32,"author":{"gitId":"glendonnotglen"},"content":"    }","lastModifiedDate":"2022-02-01"},{"lineNumber":33,"author":{"gitId":"glendonnotglen"},"content":"","lastModifiedDate":"2022-02-01"},{"lineNumber":34,"author":{"gitId":"glendonnotglen"},"content":"    /**","lastModifiedDate":"2022-02-04"},{"lineNumber":35,"author":{"gitId":"glendonnotglen"},"content":"     * Returns index of task specified by user","lastModifiedDate":"2022-02-04"},{"lineNumber":36,"author":{"gitId":"glendonnotglen"},"content":"     * Returns -1 if the index is invalid or out of range","lastModifiedDate":"2022-02-04"},{"lineNumber":37,"author":{"gitId":"glendonnotglen"},"content":"     *","lastModifiedDate":"2022-02-04"},{"lineNumber":38,"author":{"gitId":"glendonnotglen"},"content":"     * @param userCommand String array of userCommand","lastModifiedDate":"2022-02-04"},{"lineNumber":39,"author":{"gitId":"glendonnotglen"},"content":"     */","lastModifiedDate":"2022-02-04"},{"lineNumber":40,"author":{"gitId":"glendonnotglen"},"content":"    public static int getTaskIndex(String[] userCommand) {","lastModifiedDate":"2022-02-04"},{"lineNumber":41,"author":{"gitId":"glendonnotglen"},"content":"        int taskIndex \u003d Integer.parseInt(userCommand[1]) - 1;","lastModifiedDate":"2022-02-04"},{"lineNumber":42,"author":{"gitId":"glendonnotglen"},"content":"        if (taskIndex \u003e\u003d UserList.getListSize()) {","lastModifiedDate":"2022-02-04"},{"lineNumber":43,"author":{"gitId":"glendonnotglen"},"content":"            return -1;","lastModifiedDate":"2022-02-04"},{"lineNumber":44,"author":{"gitId":"glendonnotglen"},"content":"        }","lastModifiedDate":"2022-02-04"},{"lineNumber":45,"author":{"gitId":"glendonnotglen"},"content":"        return taskIndex;","lastModifiedDate":"2022-02-04"},{"lineNumber":46,"author":{"gitId":"glendonnotglen"},"content":"    }","lastModifiedDate":"2022-02-04"},{"lineNumber":47,"author":{"gitId":"glendonnotglen"},"content":"","lastModifiedDate":"2022-02-04"},{"lineNumber":48,"author":{"gitId":"glendonnotglen"},"content":"    protected static boolean isValidIndex(int index) {","lastModifiedDate":"2022-02-09"},{"lineNumber":49,"author":{"gitId":"glendonnotglen"},"content":"        return index !\u003d -1;","lastModifiedDate":"2022-02-04"},{"lineNumber":50,"author":{"gitId":"glendonnotglen"},"content":"    }","lastModifiedDate":"2022-02-04"},{"lineNumber":51,"author":{"gitId":"glendonnotglen"},"content":"","lastModifiedDate":"2022-02-04"},{"lineNumber":52,"author":{"gitId":"glendonnotglen"},"content":"    protected static boolean isValidCommand(int numOfArgs) {","lastModifiedDate":"2022-02-09"},{"lineNumber":53,"author":{"gitId":"glendonnotglen"},"content":"        return numOfArgs \u003e 1;","lastModifiedDate":"2022-02-09"},{"lineNumber":54,"author":{"gitId":"glendonnotglen"},"content":"    }","lastModifiedDate":"2022-02-09"},{"lineNumber":55,"author":{"gitId":"glendonnotglen"},"content":"    protected static void markCommand(String[] userCommand) throws JarvisOutOfBounds {","lastModifiedDate":"2022-03-01"},{"lineNumber":56,"author":{"gitId":"glendonnotglen"},"content":"        int taskIndex \u003d getTaskIndex(userCommand);","lastModifiedDate":"2022-02-09"},{"lineNumber":57,"author":{"gitId":"glendonnotglen"},"content":"        if (isValidIndex(taskIndex)) {","lastModifiedDate":"2022-02-09"},{"lineNumber":58,"author":{"gitId":"glendonnotglen"},"content":"            UserList.markTask(taskIndex, true);","lastModifiedDate":"2022-02-18"},{"lineNumber":59,"author":{"gitId":"glendonnotglen"},"content":"        } else {","lastModifiedDate":"2022-02-09"},{"lineNumber":60,"author":{"gitId":"glendonnotglen"},"content":"            throw new JarvisOutOfBounds();","lastModifiedDate":"2022-03-01"},{"lineNumber":61,"author":{"gitId":"glendonnotglen"},"content":"        }","lastModifiedDate":"2022-02-09"},{"lineNumber":62,"author":{"gitId":"glendonnotglen"},"content":"    }","lastModifiedDate":"2022-02-09"},{"lineNumber":63,"author":{"gitId":"glendonnotglen"},"content":"","lastModifiedDate":"2022-02-09"},{"lineNumber":64,"author":{"gitId":"glendonnotglen"},"content":"    protected static void unmarkCommand(String[] userCommand) throws JarvisOutOfBounds {","lastModifiedDate":"2022-03-01"},{"lineNumber":65,"author":{"gitId":"glendonnotglen"},"content":"        int taskIndex \u003d getTaskIndex(userCommand);","lastModifiedDate":"2022-02-09"},{"lineNumber":66,"author":{"gitId":"glendonnotglen"},"content":"        if (isValidIndex(taskIndex)) {","lastModifiedDate":"2022-02-09"},{"lineNumber":67,"author":{"gitId":"glendonnotglen"},"content":"            UserList.unmarkTask(taskIndex);","lastModifiedDate":"2022-02-17"},{"lineNumber":68,"author":{"gitId":"glendonnotglen"},"content":"        } else {","lastModifiedDate":"2022-02-09"},{"lineNumber":69,"author":{"gitId":"glendonnotglen"},"content":"            throw new JarvisOutOfBounds();","lastModifiedDate":"2022-03-01"},{"lineNumber":70,"author":{"gitId":"glendonnotglen"},"content":"        }","lastModifiedDate":"2022-02-09"},{"lineNumber":71,"author":{"gitId":"glendonnotglen"},"content":"    }","lastModifiedDate":"2022-02-09"},{"lineNumber":72,"author":{"gitId":"glendonnotglen"},"content":"","lastModifiedDate":"2022-02-09"},{"lineNumber":73,"author":{"gitId":"glendonnotglen"},"content":"    protected static void todoCommand(String[] userCommand) throws JarvisInvalidInput {","lastModifiedDate":"2022-03-01"},{"lineNumber":74,"author":{"gitId":"glendonnotglen"},"content":"        int numOfArgs \u003d userCommand.length;","lastModifiedDate":"2022-02-09"},{"lineNumber":75,"author":{"gitId":"glendonnotglen"},"content":"        if (isValidCommand(numOfArgs)) {","lastModifiedDate":"2022-02-09"},{"lineNumber":76,"author":{"gitId":"glendonnotglen"},"content":"            String taskDescription \u003d parseUserInput(userCommand, 1, numOfArgs);","lastModifiedDate":"2022-02-09"},{"lineNumber":77,"author":{"gitId":"glendonnotglen"},"content":"            Task newTask \u003d new Task(taskDescription);","lastModifiedDate":"2022-02-09"},{"lineNumber":78,"author":{"gitId":"glendonnotglen"},"content":"            UserList.insertTask(newTask);","lastModifiedDate":"2022-02-09"},{"lineNumber":79,"author":{"gitId":"glendonnotglen"},"content":"        } else {","lastModifiedDate":"2022-02-09"},{"lineNumber":80,"author":{"gitId":"glendonnotglen"},"content":"           throw new JarvisInvalidInput();","lastModifiedDate":"2022-03-01"},{"lineNumber":81,"author":{"gitId":"glendonnotglen"},"content":"        }","lastModifiedDate":"2022-02-09"},{"lineNumber":82,"author":{"gitId":"glendonnotglen"},"content":"    }","lastModifiedDate":"2022-02-09"},{"lineNumber":83,"author":{"gitId":"glendonnotglen"},"content":"","lastModifiedDate":"2022-02-09"},{"lineNumber":84,"author":{"gitId":"glendonnotglen"},"content":"    protected static void deadlineCommand(String[] userCommand) throws JarvisInvalidInput {","lastModifiedDate":"2022-03-01"},{"lineNumber":85,"author":{"gitId":"glendonnotglen"},"content":"        int indexOfBy \u003d indexOf(userCommand, \"/by\");","lastModifiedDate":"2022-02-09"},{"lineNumber":86,"author":{"gitId":"glendonnotglen"},"content":"        int numOfArgs \u003d userCommand.length;","lastModifiedDate":"2022-02-09"},{"lineNumber":87,"author":{"gitId":"glendonnotglen"},"content":"        boolean isValidIndex \u003d indexOfBy \u003e 1;","lastModifiedDate":"2022-02-09"},{"lineNumber":88,"author":{"gitId":"glendonnotglen"},"content":"        boolean hasSufficientArgs \u003d numOfArgs \u003e\u003d 4;","lastModifiedDate":"2022-02-09"},{"lineNumber":89,"author":{"gitId":"glendonnotglen"},"content":"","lastModifiedDate":"2022-02-09"},{"lineNumber":90,"author":{"gitId":"glendonnotglen"},"content":"        if (isValidIndex \u0026\u0026 hasSufficientArgs) {","lastModifiedDate":"2022-02-09"},{"lineNumber":91,"author":{"gitId":"glendonnotglen"},"content":"            String deadlineDescription \u003d parseUserInput(userCommand, 1, indexOfBy);","lastModifiedDate":"2022-02-09"},{"lineNumber":92,"author":{"gitId":"glendonnotglen"},"content":"            String deadlineDate \u003d parseUserInput(userCommand, indexOfBy + 1, numOfArgs);","lastModifiedDate":"2022-02-09"},{"lineNumber":93,"author":{"gitId":"glendonnotglen"},"content":"            Deadline newDeadline \u003d new Deadline(deadlineDescription, deadlineDate);","lastModifiedDate":"2022-02-09"},{"lineNumber":94,"author":{"gitId":"glendonnotglen"},"content":"            UserList.insertTask(newDeadline);","lastModifiedDate":"2022-02-09"},{"lineNumber":95,"author":{"gitId":"glendonnotglen"},"content":"        } else {","lastModifiedDate":"2022-02-09"},{"lineNumber":96,"author":{"gitId":"glendonnotglen"},"content":"            throw new JarvisInvalidInput();","lastModifiedDate":"2022-03-01"},{"lineNumber":97,"author":{"gitId":"glendonnotglen"},"content":"        }","lastModifiedDate":"2022-02-09"},{"lineNumber":98,"author":{"gitId":"glendonnotglen"},"content":"    }","lastModifiedDate":"2022-02-09"},{"lineNumber":99,"author":{"gitId":"glendonnotglen"},"content":"","lastModifiedDate":"2022-02-09"},{"lineNumber":100,"author":{"gitId":"glendonnotglen"},"content":"    protected static void eventCommand(String[] userCommand) throws JarvisInvalidInput {","lastModifiedDate":"2022-03-01"},{"lineNumber":101,"author":{"gitId":"glendonnotglen"},"content":"        int indexOfAt \u003d indexOf(userCommand, \"/at\");","lastModifiedDate":"2022-02-09"},{"lineNumber":102,"author":{"gitId":"glendonnotglen"},"content":"        int numOfArgs \u003d userCommand.length;","lastModifiedDate":"2022-02-09"},{"lineNumber":103,"author":{"gitId":"glendonnotglen"},"content":"        boolean isValidIndex \u003d indexOfAt \u003e 1;","lastModifiedDate":"2022-02-09"},{"lineNumber":104,"author":{"gitId":"glendonnotglen"},"content":"        boolean hasSufficientArgs \u003d numOfArgs \u003e\u003d 4;","lastModifiedDate":"2022-02-09"},{"lineNumber":105,"author":{"gitId":"glendonnotglen"},"content":"","lastModifiedDate":"2022-02-09"},{"lineNumber":106,"author":{"gitId":"glendonnotglen"},"content":"        if (isValidIndex \u0026\u0026 hasSufficientArgs) {","lastModifiedDate":"2022-02-09"},{"lineNumber":107,"author":{"gitId":"glendonnotglen"},"content":"            String eventDescription \u003d parseUserInput(userCommand, 1, indexOfAt);","lastModifiedDate":"2022-02-09"},{"lineNumber":108,"author":{"gitId":"glendonnotglen"},"content":"            String eventDate \u003d parseUserInput(userCommand, indexOfAt + 1, numOfArgs);","lastModifiedDate":"2022-02-09"},{"lineNumber":109,"author":{"gitId":"glendonnotglen"},"content":"            Event newEvent \u003d new Event(eventDescription, eventDate);","lastModifiedDate":"2022-02-09"},{"lineNumber":110,"author":{"gitId":"glendonnotglen"},"content":"            UserList.insertTask(newEvent);","lastModifiedDate":"2022-02-09"},{"lineNumber":111,"author":{"gitId":"glendonnotglen"},"content":"        } else {","lastModifiedDate":"2022-02-09"},{"lineNumber":112,"author":{"gitId":"glendonnotglen"},"content":"            throw new JarvisInvalidInput();","lastModifiedDate":"2022-03-01"},{"lineNumber":113,"author":{"gitId":"glendonnotglen"},"content":"        }","lastModifiedDate":"2022-02-09"},{"lineNumber":114,"author":{"gitId":"glendonnotglen"},"content":"    }","lastModifiedDate":"2022-02-09"},{"lineNumber":115,"author":{"gitId":"glendonnotglen"},"content":"","lastModifiedDate":"2022-02-09"},{"lineNumber":116,"author":{"gitId":"glendonnotglen"},"content":"    protected static void deleteCommand(String[] userCommand) throws JarvisOutOfBounds {","lastModifiedDate":"2022-03-01"},{"lineNumber":117,"author":{"gitId":"glendonnotglen"},"content":"        try {","lastModifiedDate":"2022-02-17"},{"lineNumber":118,"author":{"gitId":"glendonnotglen"},"content":"            Integer taskIndex \u003d Integer.parseInt(userCommand[1]);","lastModifiedDate":"2022-02-17"},{"lineNumber":119,"author":{"gitId":"glendonnotglen"},"content":"            UserList.removeTask(taskIndex - 1);","lastModifiedDate":"2022-02-17"},{"lineNumber":120,"author":{"gitId":"glendonnotglen"},"content":"        } catch (NumberFormatException | IndexOutOfBoundsException er){","lastModifiedDate":"2022-03-01"},{"lineNumber":121,"author":{"gitId":"glendonnotglen"},"content":"            throw new JarvisOutOfBounds();","lastModifiedDate":"2022-03-01"},{"lineNumber":122,"author":{"gitId":"glendonnotglen"},"content":"        }","lastModifiedDate":"2022-02-17"},{"lineNumber":123,"author":{"gitId":"glendonnotglen"},"content":"    }","lastModifiedDate":"2022-02-17"},{"lineNumber":124,"author":{"gitId":"glendonnotglen"},"content":"","lastModifiedDate":"2022-02-17"},{"lineNumber":125,"author":{"gitId":"glendonnotglen"},"content":"    public static void inputHandler(Scanner in) {","lastModifiedDate":"2022-02-04"},{"lineNumber":126,"author":{"gitId":"glendonnotglen"},"content":"        String inputLine \u003d in.nextLine();","lastModifiedDate":"2022-02-01"},{"lineNumber":127,"author":{"gitId":"glendonnotglen"},"content":"        String[] userCommand \u003d inputLine.split(\" \");","lastModifiedDate":"2022-02-01"},{"lineNumber":128,"author":{"gitId":"glendonnotglen"},"content":"        try {","lastModifiedDate":"2022-03-01"},{"lineNumber":129,"author":{"gitId":"glendonnotglen"},"content":"            switch (userCommand[0]) {","lastModifiedDate":"2022-02-01"},{"lineNumber":130,"author":{"gitId":"glendonnotglen"},"content":"            case \"bye\":","lastModifiedDate":"2022-03-01"},{"lineNumber":131,"author":{"gitId":"glendonnotglen"},"content":"                DisplayMessages.savingData();","lastModifiedDate":"2022-02-18"},{"lineNumber":132,"author":{"gitId":"glendonnotglen"},"content":"                UserList.saveData();","lastModifiedDate":"2022-02-18"},{"lineNumber":133,"author":{"gitId":"glendonnotglen"},"content":"                DisplayMessages.closingMessage();","lastModifiedDate":"2022-02-01"},{"lineNumber":134,"author":{"gitId":"glendonnotglen"},"content":"                System.exit(0);","lastModifiedDate":"2022-02-01"},{"lineNumber":135,"author":{"gitId":"glendonnotglen"},"content":"                break;","lastModifiedDate":"2022-02-01"},{"lineNumber":136,"author":{"gitId":"glendonnotglen"},"content":"","lastModifiedDate":"2022-02-01"},{"lineNumber":137,"author":{"gitId":"glendonnotglen"},"content":"            case \"list\":","lastModifiedDate":"2022-02-01"},{"lineNumber":138,"author":{"gitId":"glendonnotglen"},"content":"                UserList.printList();","lastModifiedDate":"2022-02-01"},{"lineNumber":139,"author":{"gitId":"glendonnotglen"},"content":"                break;","lastModifiedDate":"2022-02-01"},{"lineNumber":140,"author":{"gitId":"glendonnotglen"},"content":"","lastModifiedDate":"2022-02-01"},{"lineNumber":141,"author":{"gitId":"glendonnotglen"},"content":"            case \"mark\":","lastModifiedDate":"2022-02-01"},{"lineNumber":142,"author":{"gitId":"glendonnotglen"},"content":"                markCommand(userCommand);","lastModifiedDate":"2022-02-09"},{"lineNumber":143,"author":{"gitId":"glendonnotglen"},"content":"                break;","lastModifiedDate":"2022-02-01"},{"lineNumber":144,"author":{"gitId":"glendonnotglen"},"content":"","lastModifiedDate":"2022-02-01"},{"lineNumber":145,"author":{"gitId":"glendonnotglen"},"content":"            case \"unmark\":","lastModifiedDate":"2022-02-01"},{"lineNumber":146,"author":{"gitId":"glendonnotglen"},"content":"                unmarkCommand(userCommand);","lastModifiedDate":"2022-02-09"},{"lineNumber":147,"author":{"gitId":"glendonnotglen"},"content":"                break;","lastModifiedDate":"2022-02-01"},{"lineNumber":148,"author":{"gitId":"glendonnotglen"},"content":"","lastModifiedDate":"2022-02-01"},{"lineNumber":149,"author":{"gitId":"glendonnotglen"},"content":"            case \"todo\":","lastModifiedDate":"2022-02-01"},{"lineNumber":150,"author":{"gitId":"glendonnotglen"},"content":"                todoCommand(userCommand);","lastModifiedDate":"2022-02-09"},{"lineNumber":151,"author":{"gitId":"glendonnotglen"},"content":"                break;","lastModifiedDate":"2022-02-01"},{"lineNumber":152,"author":{"gitId":"glendonnotglen"},"content":"","lastModifiedDate":"2022-02-01"},{"lineNumber":153,"author":{"gitId":"glendonnotglen"},"content":"            case \"deadline\":","lastModifiedDate":"2022-02-01"},{"lineNumber":154,"author":{"gitId":"glendonnotglen"},"content":"                deadlineCommand(userCommand);","lastModifiedDate":"2022-02-09"},{"lineNumber":155,"author":{"gitId":"glendonnotglen"},"content":"                break;","lastModifiedDate":"2022-02-01"},{"lineNumber":156,"author":{"gitId":"glendonnotglen"},"content":"","lastModifiedDate":"2022-02-01"},{"lineNumber":157,"author":{"gitId":"glendonnotglen"},"content":"            case \"event\":","lastModifiedDate":"2022-02-01"},{"lineNumber":158,"author":{"gitId":"glendonnotglen"},"content":"                eventCommand(userCommand);","lastModifiedDate":"2022-02-09"},{"lineNumber":159,"author":{"gitId":"glendonnotglen"},"content":"                break;","lastModifiedDate":"2022-02-01"},{"lineNumber":160,"author":{"gitId":"glendonnotglen"},"content":"","lastModifiedDate":"2022-03-01"},{"lineNumber":161,"author":{"gitId":"glendonnotglen"},"content":"            case \"delete\":","lastModifiedDate":"2022-02-17"},{"lineNumber":162,"author":{"gitId":"glendonnotglen"},"content":"                deleteCommand(userCommand);","lastModifiedDate":"2022-02-17"},{"lineNumber":163,"author":{"gitId":"glendonnotglen"},"content":"                break;","lastModifiedDate":"2022-02-17"},{"lineNumber":164,"author":{"gitId":"glendonnotglen"},"content":"","lastModifiedDate":"2022-03-01"},{"lineNumber":165,"author":{"gitId":"glendonnotglen"},"content":"            default:","lastModifiedDate":"2022-02-01"},{"lineNumber":166,"author":{"gitId":"glendonnotglen"},"content":"                DisplayMessages.invalidInput();","lastModifiedDate":"2022-02-01"},{"lineNumber":167,"author":{"gitId":"glendonnotglen"},"content":"            }","lastModifiedDate":"2022-02-01"},{"lineNumber":168,"author":{"gitId":"glendonnotglen"},"content":"        } catch (JarvisInvalidInput e) {","lastModifiedDate":"2022-03-01"},{"lineNumber":169,"author":{"gitId":"glendonnotglen"},"content":"            DisplayMessages.invalidInput();","lastModifiedDate":"2022-03-01"},{"lineNumber":170,"author":{"gitId":"glendonnotglen"},"content":"        } catch (JarvisOutOfBounds e) {","lastModifiedDate":"2022-03-01"},{"lineNumber":171,"author":{"gitId":"glendonnotglen"},"content":"            DisplayMessages.outOfBounds();","lastModifiedDate":"2022-03-01"},{"lineNumber":172,"author":{"gitId":"glendonnotglen"},"content":"        }","lastModifiedDate":"2022-03-01"},{"lineNumber":173,"author":{"gitId":"glendonnotglen"},"content":"","lastModifiedDate":"2022-03-01"},{"lineNumber":174,"author":{"gitId":"glendonnotglen"},"content":"    }","lastModifiedDate":"2022-02-01"},{"lineNumber":175,"author":{"gitId":"glendonnotglen"},"content":"}","lastModifiedDate":"2022-02-01"}],"authorContributionMap":{"glendonnotglen":175}},{"path":"src/main/java/jarvis/Jarvis.java","fileType":"java","lines":[{"lineNumber":1,"author":{"gitId":"glendonnotglen"},"content":"package jarvis;","lastModifiedDate":"2022-02-09"},{"lineNumber":2,"author":{"gitId":"glendonnotglen"},"content":"","lastModifiedDate":"2022-02-09"},{"lineNumber":3,"author":{"gitId":"glendonnotglen"},"content":"import jarvis.commands.UserList;","lastModifiedDate":"2022-02-18"},{"lineNumber":4,"author":{"gitId":"glendonnotglen"},"content":"import jarvis.display.DisplayMessages;","lastModifiedDate":"2022-02-09"},{"lineNumber":5,"author":{"gitId":"glendonnotglen"},"content":"","lastModifiedDate":"2022-02-09"},{"lineNumber":6,"author":{"gitId":"glendonnotglen"},"content":"import java.util.Scanner;","lastModifiedDate":"2022-01-28"},{"lineNumber":7,"author":{"gitId":"glendonnotglen"},"content":"import java.io.File;","lastModifiedDate":"2022-02-18"},{"lineNumber":8,"author":{"gitId":"glendonnotglen"},"content":"","lastModifiedDate":"2022-01-28"},{"lineNumber":9,"author":{"gitId":"glendonnotglen"},"content":"public class Jarvis {","lastModifiedDate":"2022-02-04"},{"lineNumber":10,"author":{"gitId":"glendonnotglen"},"content":"    protected static boolean hasLoadedFile (File savedFile) {","lastModifiedDate":"2022-02-18"},{"lineNumber":11,"author":{"gitId":"glendonnotglen"},"content":"        return savedFile.exists();","lastModifiedDate":"2022-02-18"},{"lineNumber":12,"author":{"gitId":"glendonnotglen"},"content":"    }","lastModifiedDate":"2022-02-18"},{"lineNumber":13,"author":{"gitId":"glendonnotglen"},"content":"","lastModifiedDate":"2022-02-18"},{"lineNumber":14,"author":{"gitId":"glendonnotglen"},"content":"    public static void main(String[] args) {","lastModifiedDate":"2022-01-28"},{"lineNumber":15,"author":{"gitId":"glendonnotglen"},"content":"        DisplayMessages.startingMessage();","lastModifiedDate":"2022-02-01"},{"lineNumber":16,"author":{"gitId":"glendonnotglen"},"content":"        File savedFile \u003d new File(\"data/Jarvis.txt\");","lastModifiedDate":"2022-02-18"},{"lineNumber":17,"author":{"gitId":"glendonnotglen"},"content":"        if (hasLoadedFile(savedFile)) {","lastModifiedDate":"2022-02-18"},{"lineNumber":18,"author":{"gitId":"glendonnotglen"},"content":"            DisplayMessages.savedFileDetected();","lastModifiedDate":"2022-02-18"},{"lineNumber":19,"author":{"gitId":"glendonnotglen"},"content":"            UserList.loadFile(savedFile);","lastModifiedDate":"2022-02-18"},{"lineNumber":20,"author":{"gitId":"glendonnotglen"},"content":"            DisplayMessages.fileLoaded();","lastModifiedDate":"2022-02-18"},{"lineNumber":21,"author":{"gitId":"glendonnotglen"},"content":"        } else {","lastModifiedDate":"2022-02-18"},{"lineNumber":22,"author":{"gitId":"glendonnotglen"},"content":"            DisplayMessages.noFileDetected();","lastModifiedDate":"2022-02-18"},{"lineNumber":23,"author":{"gitId":"glendonnotglen"},"content":"        }","lastModifiedDate":"2022-02-18"},{"lineNumber":24,"author":{"gitId":"glendonnotglen"},"content":"        Scanner in \u003d new Scanner(System.in);","lastModifiedDate":"2022-02-04"},{"lineNumber":25,"author":{"gitId":"glendonnotglen"},"content":"        while (true) {","lastModifiedDate":"2022-01-28"},{"lineNumber":26,"author":{"gitId":"glendonnotglen"},"content":"            Formatter.inputHandler(in);","lastModifiedDate":"2022-02-04"},{"lineNumber":27,"author":{"gitId":"glendonnotglen"},"content":"        }","lastModifiedDate":"2022-01-28"},{"lineNumber":28,"author":{"gitId":"-"},"content":"    }","lastModifiedDate":"2019-07-29"},{"lineNumber":29,"author":{"gitId":"-"},"content":"}","lastModifiedDate":"2019-07-29"}],"authorContributionMap":{"glendonnotglen":27,"-":2}},{"path":"src/main/java/jarvis/commands/Deadline.java","fileType":"java","lines":[{"lineNumber":1,"author":{"gitId":"glendonnotglen"},"content":"package jarvis.commands;","lastModifiedDate":"2022-02-09"},{"lineNumber":2,"author":{"gitId":"glendonnotglen"},"content":"","lastModifiedDate":"2022-02-09"},{"lineNumber":3,"author":{"gitId":"glendonnotglen"},"content":"public class Deadline extends Task{","lastModifiedDate":"2022-02-01"},{"lineNumber":4,"author":{"gitId":"glendonnotglen"},"content":"    private String deadlineDate;","lastModifiedDate":"2022-02-04"},{"lineNumber":5,"author":{"gitId":"glendonnotglen"},"content":"","lastModifiedDate":"2022-02-01"},{"lineNumber":6,"author":{"gitId":"glendonnotglen"},"content":"    public String getTypeIcon() {","lastModifiedDate":"2022-02-04"},{"lineNumber":7,"author":{"gitId":"glendonnotglen"},"content":"        return \"D\";","lastModifiedDate":"2022-02-04"},{"lineNumber":8,"author":{"gitId":"glendonnotglen"},"content":"    }","lastModifiedDate":"2022-02-04"},{"lineNumber":9,"author":{"gitId":"glendonnotglen"},"content":"","lastModifiedDate":"2022-02-01"},{"lineNumber":10,"author":{"gitId":"glendonnotglen"},"content":"    public Deadline(String taskDescription, String deadline) {","lastModifiedDate":"2022-02-01"},{"lineNumber":11,"author":{"gitId":"glendonnotglen"},"content":"        super(taskDescription);","lastModifiedDate":"2022-02-01"},{"lineNumber":12,"author":{"gitId":"glendonnotglen"},"content":"        this.deadlineDate \u003d deadline;","lastModifiedDate":"2022-02-04"},{"lineNumber":13,"author":{"gitId":"glendonnotglen"},"content":"    }","lastModifiedDate":"2022-02-01"},{"lineNumber":14,"author":{"gitId":"glendonnotglen"},"content":"","lastModifiedDate":"2022-02-01"},{"lineNumber":15,"author":{"gitId":"glendonnotglen"},"content":"    public void printItem() {","lastModifiedDate":"2022-02-01"},{"lineNumber":16,"author":{"gitId":"glendonnotglen"},"content":"        String message \u003d \"[\" + getTypeIcon() + \"]\" + \"[\" + getStatusIcon() + \"] \" + getDescription();","lastModifiedDate":"2022-02-01"},{"lineNumber":17,"author":{"gitId":"glendonnotglen"},"content":"        System.out.println(message);","lastModifiedDate":"2022-02-01"},{"lineNumber":18,"author":{"gitId":"glendonnotglen"},"content":"    }","lastModifiedDate":"2022-02-01"},{"lineNumber":19,"author":{"gitId":"glendonnotglen"},"content":"","lastModifiedDate":"2022-02-01"},{"lineNumber":20,"author":{"gitId":"glendonnotglen"},"content":"    public String getDeadlineDate() {","lastModifiedDate":"2022-02-04"},{"lineNumber":21,"author":{"gitId":"glendonnotglen"},"content":"        return deadlineDate;","lastModifiedDate":"2022-02-04"},{"lineNumber":22,"author":{"gitId":"glendonnotglen"},"content":"    }","lastModifiedDate":"2022-02-04"},{"lineNumber":23,"author":{"gitId":"glendonnotglen"},"content":"","lastModifiedDate":"2022-02-01"},{"lineNumber":24,"author":{"gitId":"glendonnotglen"},"content":"    public String getDescription() {","lastModifiedDate":"2022-02-01"},{"lineNumber":25,"author":{"gitId":"glendonnotglen"},"content":"        String message \u003d super.getDescription() + \" (by: \" + getDeadlineDate() + \")\";","lastModifiedDate":"2022-02-01"},{"lineNumber":26,"author":{"gitId":"glendonnotglen"},"content":"        return message;","lastModifiedDate":"2022-02-01"},{"lineNumber":27,"author":{"gitId":"glendonnotglen"},"content":"    }","lastModifiedDate":"2022-02-01"},{"lineNumber":28,"author":{"gitId":"glendonnotglen"},"content":"","lastModifiedDate":"2022-02-18"},{"lineNumber":29,"author":{"gitId":"glendonnotglen"},"content":"    public String exportData() {","lastModifiedDate":"2022-02-18"},{"lineNumber":30,"author":{"gitId":"glendonnotglen"},"content":"        String status \u003d isDone ? \"YES\" : \"NO\";","lastModifiedDate":"2022-02-18"},{"lineNumber":31,"author":{"gitId":"glendonnotglen"},"content":"        return getTypeIcon() + \" \" + status + \" \" + super.getDescription() + \" | \" + this.getDeadlineDate();","lastModifiedDate":"2022-02-18"},{"lineNumber":32,"author":{"gitId":"glendonnotglen"},"content":"    }","lastModifiedDate":"2022-02-18"},{"lineNumber":33,"author":{"gitId":"glendonnotglen"},"content":"}","lastModifiedDate":"2022-02-01"}],"authorContributionMap":{"glendonnotglen":33}},{"path":"src/main/java/jarvis/commands/Event.java","fileType":"java","lines":[{"lineNumber":1,"author":{"gitId":"glendonnotglen"},"content":"package jarvis.commands;","lastModifiedDate":"2022-02-09"},{"lineNumber":2,"author":{"gitId":"glendonnotglen"},"content":"","lastModifiedDate":"2022-02-09"},{"lineNumber":3,"author":{"gitId":"glendonnotglen"},"content":"public class Event extends Task {","lastModifiedDate":"2022-02-01"},{"lineNumber":4,"author":{"gitId":"glendonnotglen"},"content":"    private String eventDate;","lastModifiedDate":"2022-02-04"},{"lineNumber":5,"author":{"gitId":"glendonnotglen"},"content":"","lastModifiedDate":"2022-02-01"},{"lineNumber":6,"author":{"gitId":"glendonnotglen"},"content":"    public String getTypeIcon() { return \"E\"; }","lastModifiedDate":"2022-02-01"},{"lineNumber":7,"author":{"gitId":"glendonnotglen"},"content":"","lastModifiedDate":"2022-02-01"},{"lineNumber":8,"author":{"gitId":"glendonnotglen"},"content":"    public Event(String eventDescription, String eventTime) {","lastModifiedDate":"2022-02-01"},{"lineNumber":9,"author":{"gitId":"glendonnotglen"},"content":"        super(eventDescription);","lastModifiedDate":"2022-02-01"},{"lineNumber":10,"author":{"gitId":"glendonnotglen"},"content":"        this.eventDate \u003d eventTime;","lastModifiedDate":"2022-02-04"},{"lineNumber":11,"author":{"gitId":"glendonnotglen"},"content":"    }","lastModifiedDate":"2022-02-01"},{"lineNumber":12,"author":{"gitId":"glendonnotglen"},"content":"","lastModifiedDate":"2022-02-01"},{"lineNumber":13,"author":{"gitId":"glendonnotglen"},"content":"    public void printItem() {","lastModifiedDate":"2022-02-01"},{"lineNumber":14,"author":{"gitId":"glendonnotglen"},"content":"        String message \u003d \"[\" + getTypeIcon() + \"]\" + \"[\" + getStatusIcon() + \"] \" + getDescription();","lastModifiedDate":"2022-02-01"},{"lineNumber":15,"author":{"gitId":"glendonnotglen"},"content":"        System.out.println(message);","lastModifiedDate":"2022-02-01"},{"lineNumber":16,"author":{"gitId":"glendonnotglen"},"content":"    }","lastModifiedDate":"2022-02-01"},{"lineNumber":17,"author":{"gitId":"glendonnotglen"},"content":"","lastModifiedDate":"2022-02-01"},{"lineNumber":18,"author":{"gitId":"glendonnotglen"},"content":"    public String getEventDate() {","lastModifiedDate":"2022-02-04"},{"lineNumber":19,"author":{"gitId":"glendonnotglen"},"content":"        return eventDate;","lastModifiedDate":"2022-02-04"},{"lineNumber":20,"author":{"gitId":"glendonnotglen"},"content":"    }","lastModifiedDate":"2022-02-04"},{"lineNumber":21,"author":{"gitId":"glendonnotglen"},"content":"","lastModifiedDate":"2022-02-01"},{"lineNumber":22,"author":{"gitId":"glendonnotglen"},"content":"    public String getDescription() {","lastModifiedDate":"2022-02-01"},{"lineNumber":23,"author":{"gitId":"glendonnotglen"},"content":"        String message \u003d super.getDescription() + \" (at: \" + getEventDate() + \")\";","lastModifiedDate":"2022-02-01"},{"lineNumber":24,"author":{"gitId":"glendonnotglen"},"content":"        return message;","lastModifiedDate":"2022-02-01"},{"lineNumber":25,"author":{"gitId":"glendonnotglen"},"content":"    }","lastModifiedDate":"2022-02-01"},{"lineNumber":26,"author":{"gitId":"glendonnotglen"},"content":"","lastModifiedDate":"2022-02-18"},{"lineNumber":27,"author":{"gitId":"glendonnotglen"},"content":"    public String exportData() {","lastModifiedDate":"2022-02-18"},{"lineNumber":28,"author":{"gitId":"glendonnotglen"},"content":"        String status \u003d isDone ? \"YES\" : \"NO\";","lastModifiedDate":"2022-02-18"},{"lineNumber":29,"author":{"gitId":"glendonnotglen"},"content":"        return getTypeIcon() + \" \" + status + \" \" + super.getDescription() + \" | \" + this.getEventDate();","lastModifiedDate":"2022-02-18"},{"lineNumber":30,"author":{"gitId":"glendonnotglen"},"content":"    }","lastModifiedDate":"2022-02-18"},{"lineNumber":31,"author":{"gitId":"glendonnotglen"},"content":"}","lastModifiedDate":"2022-02-01"}],"authorContributionMap":{"glendonnotglen":31}},{"path":"src/main/java/jarvis/commands/Task.java","fileType":"java","lines":[{"lineNumber":1,"author":{"gitId":"glendonnotglen"},"content":"package jarvis.commands;","lastModifiedDate":"2022-02-09"},{"lineNumber":2,"author":{"gitId":"glendonnotglen"},"content":"","lastModifiedDate":"2022-02-09"},{"lineNumber":3,"author":{"gitId":"glendonnotglen"},"content":"import jarvis.display.DisplayMessages;","lastModifiedDate":"2022-02-09"},{"lineNumber":4,"author":{"gitId":"glendonnotglen"},"content":"","lastModifiedDate":"2022-02-09"},{"lineNumber":5,"author":{"gitId":"glendonnotglen"},"content":"public class Task {","lastModifiedDate":"2022-01-28"},{"lineNumber":6,"author":{"gitId":"glendonnotglen"},"content":"    protected String description;","lastModifiedDate":"2022-01-28"},{"lineNumber":7,"author":{"gitId":"glendonnotglen"},"content":"    protected boolean isDone;","lastModifiedDate":"2022-01-28"},{"lineNumber":8,"author":{"gitId":"glendonnotglen"},"content":"","lastModifiedDate":"2022-01-28"},{"lineNumber":9,"author":{"gitId":"glendonnotglen"},"content":"    public Task(String description) {","lastModifiedDate":"2022-01-28"},{"lineNumber":10,"author":{"gitId":"glendonnotglen"},"content":"        this.description \u003d description;","lastModifiedDate":"2022-01-28"},{"lineNumber":11,"author":{"gitId":"glendonnotglen"},"content":"        this.isDone \u003d false;","lastModifiedDate":"2022-01-28"},{"lineNumber":12,"author":{"gitId":"glendonnotglen"},"content":"    }","lastModifiedDate":"2022-01-28"},{"lineNumber":13,"author":{"gitId":"glendonnotglen"},"content":"","lastModifiedDate":"2022-01-28"},{"lineNumber":14,"author":{"gitId":"glendonnotglen"},"content":"    public String getStatusIcon() {","lastModifiedDate":"2022-01-28"},{"lineNumber":15,"author":{"gitId":"glendonnotglen"},"content":"        return (isDone ? \"X\" : \" \");","lastModifiedDate":"2022-02-04"},{"lineNumber":16,"author":{"gitId":"glendonnotglen"},"content":"    }","lastModifiedDate":"2022-01-28"},{"lineNumber":17,"author":{"gitId":"glendonnotglen"},"content":"","lastModifiedDate":"2022-01-28"},{"lineNumber":18,"author":{"gitId":"glendonnotglen"},"content":"    public String getDescription() {","lastModifiedDate":"2022-02-17"},{"lineNumber":19,"author":{"gitId":"glendonnotglen"},"content":"        return description;","lastModifiedDate":"2022-02-17"},{"lineNumber":20,"author":{"gitId":"glendonnotglen"},"content":"    }","lastModifiedDate":"2022-02-17"},{"lineNumber":21,"author":{"gitId":"glendonnotglen"},"content":"","lastModifiedDate":"2022-02-01"},{"lineNumber":22,"author":{"gitId":"glendonnotglen"},"content":"    public String getTypeIcon() {","lastModifiedDate":"2022-03-01"},{"lineNumber":23,"author":{"gitId":"glendonnotglen"},"content":"        return \"T\";","lastModifiedDate":"2022-03-01"},{"lineNumber":24,"author":{"gitId":"glendonnotglen"},"content":"    }","lastModifiedDate":"2022-03-01"},{"lineNumber":25,"author":{"gitId":"glendonnotglen"},"content":"","lastModifiedDate":"2022-02-01"},{"lineNumber":26,"author":{"gitId":"glendonnotglen"},"content":"    public boolean markAsDone() {","lastModifiedDate":"2022-01-28"},{"lineNumber":27,"author":{"gitId":"glendonnotglen"},"content":"        boolean isTaskDone \u003d this.isDone \u003d\u003d true;","lastModifiedDate":"2022-01-31"},{"lineNumber":28,"author":{"gitId":"glendonnotglen"},"content":"        if (isTaskDone) {","lastModifiedDate":"2022-01-31"},{"lineNumber":29,"author":{"gitId":"glendonnotglen"},"content":"            DisplayMessages.unmarkError();","lastModifiedDate":"2022-02-01"},{"lineNumber":30,"author":{"gitId":"glendonnotglen"},"content":"            DisplayMessages.horizontalLine();","lastModifiedDate":"2022-02-18"},{"lineNumber":31,"author":{"gitId":"glendonnotglen"},"content":"            return false;","lastModifiedDate":"2022-01-28"},{"lineNumber":32,"author":{"gitId":"glendonnotglen"},"content":"        }","lastModifiedDate":"2022-01-28"},{"lineNumber":33,"author":{"gitId":"glendonnotglen"},"content":"        this.isDone \u003d true;","lastModifiedDate":"2022-01-28"},{"lineNumber":34,"author":{"gitId":"glendonnotglen"},"content":"        return true;","lastModifiedDate":"2022-01-28"},{"lineNumber":35,"author":{"gitId":"glendonnotglen"},"content":"    }","lastModifiedDate":"2022-01-28"},{"lineNumber":36,"author":{"gitId":"glendonnotglen"},"content":"","lastModifiedDate":"2022-01-28"},{"lineNumber":37,"author":{"gitId":"glendonnotglen"},"content":"    public boolean markAsUndone() {","lastModifiedDate":"2022-01-28"},{"lineNumber":38,"author":{"gitId":"glendonnotglen"},"content":"        boolean isTaskUndone \u003d this.isDone \u003d\u003d false;","lastModifiedDate":"2022-01-31"},{"lineNumber":39,"author":{"gitId":"glendonnotglen"},"content":"        if (isTaskUndone) {","lastModifiedDate":"2022-01-31"},{"lineNumber":40,"author":{"gitId":"glendonnotglen"},"content":"            DisplayMessages.markError();","lastModifiedDate":"2022-02-01"},{"lineNumber":41,"author":{"gitId":"glendonnotglen"},"content":"            return false;","lastModifiedDate":"2022-01-28"},{"lineNumber":42,"author":{"gitId":"glendonnotglen"},"content":"        }","lastModifiedDate":"2022-01-28"},{"lineNumber":43,"author":{"gitId":"glendonnotglen"},"content":"        this.isDone \u003d false;","lastModifiedDate":"2022-01-28"},{"lineNumber":44,"author":{"gitId":"glendonnotglen"},"content":"        return true;","lastModifiedDate":"2022-01-28"},{"lineNumber":45,"author":{"gitId":"glendonnotglen"},"content":"    }","lastModifiedDate":"2022-01-28"},{"lineNumber":46,"author":{"gitId":"glendonnotglen"},"content":"","lastModifiedDate":"2022-02-01"},{"lineNumber":47,"author":{"gitId":"glendonnotglen"},"content":"    public String getFullTask() {","lastModifiedDate":"2022-02-17"},{"lineNumber":48,"author":{"gitId":"glendonnotglen"},"content":"        return \"[\" + getTypeIcon() + \"]\" + \"[\" + getStatusIcon() + \"] \" + getDescription();","lastModifiedDate":"2022-02-17"},{"lineNumber":49,"author":{"gitId":"glendonnotglen"},"content":"    }","lastModifiedDate":"2022-02-01"},{"lineNumber":50,"author":{"gitId":"glendonnotglen"},"content":"","lastModifiedDate":"2022-02-18"},{"lineNumber":51,"author":{"gitId":"glendonnotglen"},"content":"    public String exportData() {","lastModifiedDate":"2022-02-18"},{"lineNumber":52,"author":{"gitId":"glendonnotglen"},"content":"        String status \u003d isDone ? \"YES\" : \"NO\";","lastModifiedDate":"2022-02-18"},{"lineNumber":53,"author":{"gitId":"glendonnotglen"},"content":"        String temp \u003d getTypeIcon() + \" \" + status + \" \" + getDescription();","lastModifiedDate":"2022-02-18"},{"lineNumber":54,"author":{"gitId":"glendonnotglen"},"content":"        return temp;","lastModifiedDate":"2022-02-18"},{"lineNumber":55,"author":{"gitId":"glendonnotglen"},"content":"    }","lastModifiedDate":"2022-02-18"},{"lineNumber":56,"author":{"gitId":"glendonnotglen"},"content":"}","lastModifiedDate":"2022-01-28"}],"authorContributionMap":{"glendonnotglen":56}},{"path":"src/main/java/jarvis/commands/UserList.java","fileType":"java","lines":[{"lineNumber":1,"author":{"gitId":"glendonnotglen"},"content":"package jarvis.commands;","lastModifiedDate":"2022-02-09"},{"lineNumber":2,"author":{"gitId":"glendonnotglen"},"content":"","lastModifiedDate":"2022-02-09"},{"lineNumber":3,"author":{"gitId":"glendonnotglen"},"content":"import jarvis.Formatter;","lastModifiedDate":"2022-02-18"},{"lineNumber":4,"author":{"gitId":"glendonnotglen"},"content":"import jarvis.display.DisplayMessages;","lastModifiedDate":"2022-02-09"},{"lineNumber":5,"author":{"gitId":"glendonnotglen"},"content":"import java.util.ArrayList;","lastModifiedDate":"2022-02-17"},{"lineNumber":6,"author":{"gitId":"glendonnotglen"},"content":"import java.io.File;","lastModifiedDate":"2022-02-18"},{"lineNumber":7,"author":{"gitId":"glendonnotglen"},"content":"import java.io.FileWriter;","lastModifiedDate":"2022-02-18"},{"lineNumber":8,"author":{"gitId":"glendonnotglen"},"content":"import java.io.IOException;","lastModifiedDate":"2022-02-18"},{"lineNumber":9,"author":{"gitId":"glendonnotglen"},"content":"import java.util.Scanner;","lastModifiedDate":"2022-02-18"},{"lineNumber":10,"author":{"gitId":"glendonnotglen"},"content":"import java.io.FileNotFoundException;","lastModifiedDate":"2022-02-18"},{"lineNumber":11,"author":{"gitId":"glendonnotglen"},"content":"","lastModifiedDate":"2022-02-09"},{"lineNumber":12,"author":{"gitId":"glendonnotglen"},"content":"public class UserList extends Task {","lastModifiedDate":"2022-02-01"},{"lineNumber":13,"author":{"gitId":"glendonnotglen"},"content":"    private static ArrayList\u003cTask\u003e userTaskList \u003d new ArrayList\u003c\u003e();","lastModifiedDate":"2022-03-01"},{"lineNumber":14,"author":{"gitId":"glendonnotglen"},"content":"","lastModifiedDate":"2022-03-01"},{"lineNumber":15,"author":{"gitId":"glendonnotglen"},"content":"    private static final String TASK_ICON \u003d \"T\";","lastModifiedDate":"2022-03-01"},{"lineNumber":16,"author":{"gitId":"glendonnotglen"},"content":"    private static final String EVENT_ICON \u003d \"E\";","lastModifiedDate":"2022-03-01"},{"lineNumber":17,"author":{"gitId":"glendonnotglen"},"content":"    private static final String DEADLINE_ICON \u003d \"D\";","lastModifiedDate":"2022-03-01"},{"lineNumber":18,"author":{"gitId":"glendonnotglen"},"content":"","lastModifiedDate":"2022-02-01"},{"lineNumber":19,"author":{"gitId":"glendonnotglen"},"content":"    public UserList(String description) {","lastModifiedDate":"2022-02-01"},{"lineNumber":20,"author":{"gitId":"glendonnotglen"},"content":"        super(description);","lastModifiedDate":"2022-02-01"},{"lineNumber":21,"author":{"gitId":"glendonnotglen"},"content":"    }","lastModifiedDate":"2022-02-01"},{"lineNumber":22,"author":{"gitId":"glendonnotglen"},"content":"","lastModifiedDate":"2022-02-01"},{"lineNumber":23,"author":{"gitId":"glendonnotglen"},"content":"    public static int getListSize() {","lastModifiedDate":"2022-02-01"},{"lineNumber":24,"author":{"gitId":"glendonnotglen"},"content":"        return userTaskList.size();","lastModifiedDate":"2022-03-01"},{"lineNumber":25,"author":{"gitId":"glendonnotglen"},"content":"    }","lastModifiedDate":"2022-02-01"},{"lineNumber":26,"author":{"gitId":"glendonnotglen"},"content":"","lastModifiedDate":"2022-02-01"},{"lineNumber":27,"author":{"gitId":"glendonnotglen"},"content":"    public static void insertTask(Task newTask) {","lastModifiedDate":"2022-02-01"},{"lineNumber":28,"author":{"gitId":"glendonnotglen"},"content":"        userTaskList.add(newTask);","lastModifiedDate":"2022-03-01"},{"lineNumber":29,"author":{"gitId":"glendonnotglen"},"content":"        DisplayMessages.taskAdded(newTask.getDescription());","lastModifiedDate":"2022-02-01"},{"lineNumber":30,"author":{"gitId":"glendonnotglen"},"content":"    }","lastModifiedDate":"2022-02-01"},{"lineNumber":31,"author":{"gitId":"glendonnotglen"},"content":"","lastModifiedDate":"2022-02-01"},{"lineNumber":32,"author":{"gitId":"glendonnotglen"},"content":"    public static void printList() {","lastModifiedDate":"2022-03-01"},{"lineNumber":33,"author":{"gitId":"glendonnotglen"},"content":"        if (!userTaskList.isEmpty()) {","lastModifiedDate":"2022-03-01"},{"lineNumber":34,"author":{"gitId":"glendonnotglen"},"content":"            DisplayMessages.horizontalLine();","lastModifiedDate":"2022-02-01"},{"lineNumber":35,"author":{"gitId":"glendonnotglen"},"content":"            for (int i \u003d 0; i \u003c userTaskList.size(); i++) {","lastModifiedDate":"2022-03-01"},{"lineNumber":36,"author":{"gitId":"glendonnotglen"},"content":"                String taskIndex \u003d Integer.toString(i+1) + \".\";","lastModifiedDate":"2022-02-01"},{"lineNumber":37,"author":{"gitId":"glendonnotglen"},"content":"                System.out.println(taskIndex.toString() + userTaskList.get(i).getFullTask());","lastModifiedDate":"2022-03-01"},{"lineNumber":38,"author":{"gitId":"glendonnotglen"},"content":"","lastModifiedDate":"2022-02-18"},{"lineNumber":39,"author":{"gitId":"glendonnotglen"},"content":"            }","lastModifiedDate":"2022-02-01"},{"lineNumber":40,"author":{"gitId":"glendonnotglen"},"content":"            DisplayMessages.horizontalLine();","lastModifiedDate":"2022-02-01"},{"lineNumber":41,"author":{"gitId":"glendonnotglen"},"content":"        } else {","lastModifiedDate":"2022-02-01"},{"lineNumber":42,"author":{"gitId":"glendonnotglen"},"content":"            DisplayMessages.emptyList();","lastModifiedDate":"2022-02-01"},{"lineNumber":43,"author":{"gitId":"glendonnotglen"},"content":"        }","lastModifiedDate":"2022-02-01"},{"lineNumber":44,"author":{"gitId":"glendonnotglen"},"content":"    }","lastModifiedDate":"2022-02-01"},{"lineNumber":45,"author":{"gitId":"glendonnotglen"},"content":"","lastModifiedDate":"2022-02-01"},{"lineNumber":46,"author":{"gitId":"glendonnotglen"},"content":"    public static String getStatusIcon(int index){","lastModifiedDate":"2022-02-01"},{"lineNumber":47,"author":{"gitId":"glendonnotglen"},"content":"        return userTaskList.get(index).getStatusIcon();","lastModifiedDate":"2022-03-01"},{"lineNumber":48,"author":{"gitId":"glendonnotglen"},"content":"    }","lastModifiedDate":"2022-02-01"},{"lineNumber":49,"author":{"gitId":"glendonnotglen"},"content":"","lastModifiedDate":"2022-02-01"},{"lineNumber":50,"author":{"gitId":"glendonnotglen"},"content":"    public static String getTask(int index) {","lastModifiedDate":"2022-02-01"},{"lineNumber":51,"author":{"gitId":"glendonnotglen"},"content":"        return userTaskList.get(index).getDescription();","lastModifiedDate":"2022-03-01"},{"lineNumber":52,"author":{"gitId":"glendonnotglen"},"content":"    }","lastModifiedDate":"2022-02-01"},{"lineNumber":53,"author":{"gitId":"glendonnotglen"},"content":"","lastModifiedDate":"2022-02-01"},{"lineNumber":54,"author":{"gitId":"glendonnotglen"},"content":"","lastModifiedDate":"2022-02-18"},{"lineNumber":55,"author":{"gitId":"glendonnotglen"},"content":"    public static void markTask(int index, boolean toPrintMessage) {","lastModifiedDate":"2022-02-18"},{"lineNumber":56,"author":{"gitId":"glendonnotglen"},"content":"        Task targetTask \u003d userTaskList.get(index);","lastModifiedDate":"2022-03-01"},{"lineNumber":57,"author":{"gitId":"glendonnotglen"},"content":"        DisplayMessages.horizontalLine();","lastModifiedDate":"2022-02-01"},{"lineNumber":58,"author":{"gitId":"glendonnotglen"},"content":"        boolean isSuccessfullyMarked \u003d targetTask.markAsDone();","lastModifiedDate":"2022-02-01"},{"lineNumber":59,"author":{"gitId":"glendonnotglen"},"content":"        if (isSuccessfullyMarked \u0026\u0026 toPrintMessage) {","lastModifiedDate":"2022-02-18"},{"lineNumber":60,"author":{"gitId":"glendonnotglen"},"content":"            DisplayMessages.printTaskMarked(targetTask);","lastModifiedDate":"2022-02-01"},{"lineNumber":61,"author":{"gitId":"glendonnotglen"},"content":"            DisplayMessages.horizontalLine();","lastModifiedDate":"2022-02-01"},{"lineNumber":62,"author":{"gitId":"glendonnotglen"},"content":"        }","lastModifiedDate":"2022-02-01"},{"lineNumber":63,"author":{"gitId":"glendonnotglen"},"content":"    }","lastModifiedDate":"2022-02-01"},{"lineNumber":64,"author":{"gitId":"glendonnotglen"},"content":"","lastModifiedDate":"2022-02-01"},{"lineNumber":65,"author":{"gitId":"glendonnotglen"},"content":"    public static void unmarkTask(int taskIndex) {","lastModifiedDate":"2022-02-01"},{"lineNumber":66,"author":{"gitId":"glendonnotglen"},"content":"        Task targetTask \u003d userTaskList.get(taskIndex);","lastModifiedDate":"2022-03-01"},{"lineNumber":67,"author":{"gitId":"glendonnotglen"},"content":"        DisplayMessages.horizontalLine();","lastModifiedDate":"2022-02-01"},{"lineNumber":68,"author":{"gitId":"glendonnotglen"},"content":"        boolean isSuccessfullyUnmarked \u003d targetTask.markAsUndone();","lastModifiedDate":"2022-02-01"},{"lineNumber":69,"author":{"gitId":"glendonnotglen"},"content":"        if (isSuccessfullyUnmarked) {","lastModifiedDate":"2022-02-01"},{"lineNumber":70,"author":{"gitId":"glendonnotglen"},"content":"            DisplayMessages.printTaskUnmarked(targetTask);","lastModifiedDate":"2022-02-01"},{"lineNumber":71,"author":{"gitId":"glendonnotglen"},"content":"        }","lastModifiedDate":"2022-02-01"},{"lineNumber":72,"author":{"gitId":"glendonnotglen"},"content":"    }","lastModifiedDate":"2022-02-17"},{"lineNumber":73,"author":{"gitId":"glendonnotglen"},"content":"","lastModifiedDate":"2022-02-17"},{"lineNumber":74,"author":{"gitId":"glendonnotglen"},"content":"    public static void removeTask(int taskIndex) {","lastModifiedDate":"2022-02-17"},{"lineNumber":75,"author":{"gitId":"glendonnotglen"},"content":"        Task taskRemoved \u003d userTaskList.get(taskIndex);","lastModifiedDate":"2022-03-01"},{"lineNumber":76,"author":{"gitId":"glendonnotglen"},"content":"        userTaskList.remove(taskIndex);","lastModifiedDate":"2022-03-01"},{"lineNumber":77,"author":{"gitId":"glendonnotglen"},"content":"        DisplayMessages.taskDeleted(taskRemoved, userTaskList.size());","lastModifiedDate":"2022-03-01"},{"lineNumber":78,"author":{"gitId":"glendonnotglen"},"content":"    }","lastModifiedDate":"2022-02-01"},{"lineNumber":79,"author":{"gitId":"glendonnotglen"},"content":"","lastModifiedDate":"2022-02-18"},{"lineNumber":80,"author":{"gitId":"glendonnotglen"},"content":"    protected static void parseSavedData(String data) {","lastModifiedDate":"2022-02-18"},{"lineNumber":81,"author":{"gitId":"glendonnotglen"},"content":"        String[] dataArray \u003d data.split(\" \");","lastModifiedDate":"2022-02-18"},{"lineNumber":82,"author":{"gitId":"glendonnotglen"},"content":"        String taskType \u003d dataArray[0];","lastModifiedDate":"2022-02-18"},{"lineNumber":83,"author":{"gitId":"glendonnotglen"},"content":"        int separatorIndex \u003d Formatter.indexOf(dataArray, \"|\");","lastModifiedDate":"2022-02-18"},{"lineNumber":84,"author":{"gitId":"glendonnotglen"},"content":"        String description \u003d \"\";","lastModifiedDate":"2022-02-18"},{"lineNumber":85,"author":{"gitId":"glendonnotglen"},"content":"        String date \u003d \"\";","lastModifiedDate":"2022-02-18"},{"lineNumber":86,"author":{"gitId":"glendonnotglen"},"content":"        boolean taskIsDone \u003d dataArray[1].equals(\"YES\") ? true : false;","lastModifiedDate":"2022-02-18"},{"lineNumber":87,"author":{"gitId":"glendonnotglen"},"content":"        if (separatorIndex \u003d\u003d -1) {","lastModifiedDate":"2022-02-18"},{"lineNumber":88,"author":{"gitId":"glendonnotglen"},"content":"            description \u003d Formatter.parseUserInput(dataArray, 2, dataArray.length);","lastModifiedDate":"2022-02-18"},{"lineNumber":89,"author":{"gitId":"glendonnotglen"},"content":"        } else {","lastModifiedDate":"2022-02-18"},{"lineNumber":90,"author":{"gitId":"glendonnotglen"},"content":"            //saved Task is either an event or deadline","lastModifiedDate":"2022-02-18"},{"lineNumber":91,"author":{"gitId":"glendonnotglen"},"content":"            description \u003d Formatter.parseUserInput(dataArray, 2, separatorIndex);","lastModifiedDate":"2022-02-18"},{"lineNumber":92,"author":{"gitId":"glendonnotglen"},"content":"            date \u003d Formatter.parseUserInput(dataArray, separatorIndex+1, dataArray.length);","lastModifiedDate":"2022-02-18"},{"lineNumber":93,"author":{"gitId":"glendonnotglen"},"content":"        }","lastModifiedDate":"2022-02-18"},{"lineNumber":94,"author":{"gitId":"glendonnotglen"},"content":"","lastModifiedDate":"2022-02-18"},{"lineNumber":95,"author":{"gitId":"glendonnotglen"},"content":"        switch (taskType) {","lastModifiedDate":"2022-02-18"},{"lineNumber":96,"author":{"gitId":"glendonnotglen"},"content":"        case TASK_ICON:","lastModifiedDate":"2022-03-01"},{"lineNumber":97,"author":{"gitId":"glendonnotglen"},"content":"            userTaskList.add(new Task(description));","lastModifiedDate":"2022-03-01"},{"lineNumber":98,"author":{"gitId":"glendonnotglen"},"content":"            break;","lastModifiedDate":"2022-02-18"},{"lineNumber":99,"author":{"gitId":"glendonnotglen"},"content":"        case DEADLINE_ICON:","lastModifiedDate":"2022-03-01"},{"lineNumber":100,"author":{"gitId":"glendonnotglen"},"content":"            userTaskList.add(new Deadline(description, date));","lastModifiedDate":"2022-03-01"},{"lineNumber":101,"author":{"gitId":"glendonnotglen"},"content":"            break;","lastModifiedDate":"2022-02-18"},{"lineNumber":102,"author":{"gitId":"glendonnotglen"},"content":"        case EVENT_ICON:","lastModifiedDate":"2022-03-01"},{"lineNumber":103,"author":{"gitId":"glendonnotglen"},"content":"            userTaskList.add(new Event(description, date));","lastModifiedDate":"2022-03-01"},{"lineNumber":104,"author":{"gitId":"glendonnotglen"},"content":"            break;","lastModifiedDate":"2022-02-18"},{"lineNumber":105,"author":{"gitId":"glendonnotglen"},"content":"        default:","lastModifiedDate":"2022-02-18"},{"lineNumber":106,"author":{"gitId":"glendonnotglen"},"content":"            break;","lastModifiedDate":"2022-02-18"},{"lineNumber":107,"author":{"gitId":"glendonnotglen"},"content":"        }","lastModifiedDate":"2022-02-18"},{"lineNumber":108,"author":{"gitId":"glendonnotglen"},"content":"","lastModifiedDate":"2022-02-18"},{"lineNumber":109,"author":{"gitId":"glendonnotglen"},"content":"        if (taskIsDone) {","lastModifiedDate":"2022-02-18"},{"lineNumber":110,"author":{"gitId":"glendonnotglen"},"content":"            markTask(userTaskList.size()-1, false);","lastModifiedDate":"2022-03-01"},{"lineNumber":111,"author":{"gitId":"glendonnotglen"},"content":"        }","lastModifiedDate":"2022-02-18"},{"lineNumber":112,"author":{"gitId":"glendonnotglen"},"content":"    }","lastModifiedDate":"2022-02-18"},{"lineNumber":113,"author":{"gitId":"glendonnotglen"},"content":"","lastModifiedDate":"2022-02-18"},{"lineNumber":114,"author":{"gitId":"glendonnotglen"},"content":"    public static void loadFile(File savedFile) {","lastModifiedDate":"2022-02-18"},{"lineNumber":115,"author":{"gitId":"glendonnotglen"},"content":"        try {","lastModifiedDate":"2022-02-18"},{"lineNumber":116,"author":{"gitId":"glendonnotglen"},"content":"            Scanner fileReader \u003d new Scanner(savedFile);","lastModifiedDate":"2022-02-18"},{"lineNumber":117,"author":{"gitId":"glendonnotglen"},"content":"            while (fileReader.hasNextLine()) {","lastModifiedDate":"2022-02-18"},{"lineNumber":118,"author":{"gitId":"glendonnotglen"},"content":"                String data \u003d fileReader.nextLine();","lastModifiedDate":"2022-02-18"},{"lineNumber":119,"author":{"gitId":"glendonnotglen"},"content":"                parseSavedData(data);","lastModifiedDate":"2022-02-18"},{"lineNumber":120,"author":{"gitId":"glendonnotglen"},"content":"            }","lastModifiedDate":"2022-02-18"},{"lineNumber":121,"author":{"gitId":"glendonnotglen"},"content":"            fileReader.close();","lastModifiedDate":"2022-02-18"},{"lineNumber":122,"author":{"gitId":"glendonnotglen"},"content":"        } catch (FileNotFoundException e) {","lastModifiedDate":"2022-02-18"},{"lineNumber":123,"author":{"gitId":"glendonnotglen"},"content":"            DisplayMessages.loadError();","lastModifiedDate":"2022-02-18"},{"lineNumber":124,"author":{"gitId":"glendonnotglen"},"content":"        }","lastModifiedDate":"2022-02-18"},{"lineNumber":125,"author":{"gitId":"glendonnotglen"},"content":"    }","lastModifiedDate":"2022-02-18"},{"lineNumber":126,"author":{"gitId":"glendonnotglen"},"content":"","lastModifiedDate":"2022-02-18"},{"lineNumber":127,"author":{"gitId":"glendonnotglen"},"content":"    protected static String getData() {","lastModifiedDate":"2022-02-18"},{"lineNumber":128,"author":{"gitId":"glendonnotglen"},"content":"        StringBuffer data \u003d new StringBuffer();","lastModifiedDate":"2022-02-18"},{"lineNumber":129,"author":{"gitId":"glendonnotglen"},"content":"        for (Task t : userTaskList) {","lastModifiedDate":"2022-03-01"},{"lineNumber":130,"author":{"gitId":"glendonnotglen"},"content":"            String taskData \u003d t.exportData() + \"\\n\";","lastModifiedDate":"2022-03-01"},{"lineNumber":131,"author":{"gitId":"glendonnotglen"},"content":"            data.append(taskData);","lastModifiedDate":"2022-03-01"},{"lineNumber":132,"author":{"gitId":"glendonnotglen"},"content":"        }","lastModifiedDate":"2022-02-18"},{"lineNumber":133,"author":{"gitId":"glendonnotglen"},"content":"        return data.toString();","lastModifiedDate":"2022-02-18"},{"lineNumber":134,"author":{"gitId":"glendonnotglen"},"content":"    }","lastModifiedDate":"2022-02-18"},{"lineNumber":135,"author":{"gitId":"glendonnotglen"},"content":"","lastModifiedDate":"2022-02-18"},{"lineNumber":136,"author":{"gitId":"glendonnotglen"},"content":"    public static void saveData() {","lastModifiedDate":"2022-02-18"},{"lineNumber":137,"author":{"gitId":"glendonnotglen"},"content":"        File filename \u003d new File(\"data/Jarvis.txt\");","lastModifiedDate":"2022-02-18"},{"lineNumber":138,"author":{"gitId":"glendonnotglen"},"content":"        try {","lastModifiedDate":"2022-02-18"},{"lineNumber":139,"author":{"gitId":"glendonnotglen"},"content":"            filename.getParentFile().mkdirs();","lastModifiedDate":"2022-02-18"},{"lineNumber":140,"author":{"gitId":"glendonnotglen"},"content":"            filename.createNewFile();","lastModifiedDate":"2022-02-18"},{"lineNumber":141,"author":{"gitId":"glendonnotglen"},"content":"            FileWriter fileUpdater \u003d new FileWriter(filename);","lastModifiedDate":"2022-02-18"},{"lineNumber":142,"author":{"gitId":"glendonnotglen"},"content":"            String data \u003d getData();","lastModifiedDate":"2022-02-18"},{"lineNumber":143,"author":{"gitId":"glendonnotglen"},"content":"            fileUpdater.write(data);","lastModifiedDate":"2022-02-18"},{"lineNumber":144,"author":{"gitId":"glendonnotglen"},"content":"            fileUpdater.close();","lastModifiedDate":"2022-02-18"},{"lineNumber":145,"author":{"gitId":"glendonnotglen"},"content":"        } catch (IOException e) {","lastModifiedDate":"2022-02-18"},{"lineNumber":146,"author":{"gitId":"glendonnotglen"},"content":"            DisplayMessages.saveError();","lastModifiedDate":"2022-02-18"},{"lineNumber":147,"author":{"gitId":"glendonnotglen"},"content":"        }","lastModifiedDate":"2022-02-18"},{"lineNumber":148,"author":{"gitId":"glendonnotglen"},"content":"    }","lastModifiedDate":"2022-02-18"},{"lineNumber":149,"author":{"gitId":"glendonnotglen"},"content":"}","lastModifiedDate":"2022-02-01"}],"authorContributionMap":{"glendonnotglen":149}},{"path":"src/main/java/jarvis/display/DisplayMessages.java","fileType":"java","lines":[{"lineNumber":1,"author":{"gitId":"glendonnotglen"},"content":"package jarvis.display;","lastModifiedDate":"2022-02-09"},{"lineNumber":2,"author":{"gitId":"glendonnotglen"},"content":"","lastModifiedDate":"2022-02-09"},{"lineNumber":3,"author":{"gitId":"glendonnotglen"},"content":"import jarvis.commands.Task;","lastModifiedDate":"2022-02-09"},{"lineNumber":4,"author":{"gitId":"glendonnotglen"},"content":"","lastModifiedDate":"2022-02-09"},{"lineNumber":5,"author":{"gitId":"glendonnotglen"},"content":"public class DisplayMessages {","lastModifiedDate":"2022-02-01"},{"lineNumber":6,"author":{"gitId":"glendonnotglen"},"content":"    final static String HORIZONTAL_LINE \u003d \"____________________________________________________________\\n\";","lastModifiedDate":"2022-02-01"},{"lineNumber":7,"author":{"gitId":"glendonnotglen"},"content":"    final static String SOFT_BREAK \u003d \"\u003d\u003d\u003d\u003d\u003d\u003d\u003d\u003d\u003d\u003d\u003d\u003d\u003d\u003d\u003d\u003d\u003d\u003d\u003d\u003d\u003d\u003d\u003d\u003d\u003d\u003d\u003d\u003d\u003d\u003d\u003d\u003d\u003d\u003d\u003d\u003d\u003d\u003d\u003d\u003d\u003d\u003d\u003d\u003d\u003d\u003d\u003d\u003d\u003d\u003d\u003d\u003d\u003d\u003d\u003d\u003d\u003d\u003d\u003d\u003d\\n\";","lastModifiedDate":"2022-02-04"},{"lineNumber":8,"author":{"gitId":"glendonnotglen"},"content":"","lastModifiedDate":"2022-02-01"},{"lineNumber":9,"author":{"gitId":"glendonnotglen"},"content":"    public static void horizontalLine() {","lastModifiedDate":"2022-02-01"},{"lineNumber":10,"author":{"gitId":"glendonnotglen"},"content":"        System.out.print(HORIZONTAL_LINE);","lastModifiedDate":"2022-02-01"},{"lineNumber":11,"author":{"gitId":"glendonnotglen"},"content":"    }","lastModifiedDate":"2022-02-01"},{"lineNumber":12,"author":{"gitId":"glendonnotglen"},"content":"","lastModifiedDate":"2022-02-01"},{"lineNumber":13,"author":{"gitId":"glendonnotglen"},"content":"    public static void outOfBounds() {","lastModifiedDate":"2022-02-01"},{"lineNumber":14,"author":{"gitId":"glendonnotglen"},"content":"        System.out.println(HORIZONTAL_LINE","lastModifiedDate":"2022-02-01"},{"lineNumber":15,"author":{"gitId":"glendonnotglen"},"content":"                + \"No such task exists. Add more tasks first!\\n\"","lastModifiedDate":"2022-02-01"},{"lineNumber":16,"author":{"gitId":"glendonnotglen"},"content":"                + HORIZONTAL_LINE);","lastModifiedDate":"2022-02-01"},{"lineNumber":17,"author":{"gitId":"glendonnotglen"},"content":"    }","lastModifiedDate":"2022-02-01"},{"lineNumber":18,"author":{"gitId":"glendonnotglen"},"content":"","lastModifiedDate":"2022-02-01"},{"lineNumber":19,"author":{"gitId":"glendonnotglen"},"content":"    public static void printTaskMarked(Task task) {","lastModifiedDate":"2022-02-01"},{"lineNumber":20,"author":{"gitId":"glendonnotglen"},"content":"        System.out.print(HORIZONTAL_LINE);","lastModifiedDate":"2022-02-17"},{"lineNumber":21,"author":{"gitId":"glendonnotglen"},"content":"        System.out.println(\"Nice! I\u0027ve marked this task as done:\\n\" + task.getFullTask());","lastModifiedDate":"2022-02-17"},{"lineNumber":22,"author":{"gitId":"glendonnotglen"},"content":"        System.out.print(HORIZONTAL_LINE);","lastModifiedDate":"2022-02-17"},{"lineNumber":23,"author":{"gitId":"glendonnotglen"},"content":"    }","lastModifiedDate":"2022-02-01"},{"lineNumber":24,"author":{"gitId":"glendonnotglen"},"content":"","lastModifiedDate":"2022-02-01"},{"lineNumber":25,"author":{"gitId":"glendonnotglen"},"content":"    public static void printTaskUnmarked(Task task) {","lastModifiedDate":"2022-02-01"},{"lineNumber":26,"author":{"gitId":"glendonnotglen"},"content":"        System.out.print(HORIZONTAL_LINE);","lastModifiedDate":"2022-02-17"},{"lineNumber":27,"author":{"gitId":"glendonnotglen"},"content":"        System.out.println(\"OK, I\u0027ve marked this task as not done yet:\\n\" + task.getFullTask());","lastModifiedDate":"2022-02-17"},{"lineNumber":28,"author":{"gitId":"glendonnotglen"},"content":"        System.out.print(HORIZONTAL_LINE);","lastModifiedDate":"2022-02-17"},{"lineNumber":29,"author":{"gitId":"glendonnotglen"},"content":"    }","lastModifiedDate":"2022-02-01"},{"lineNumber":30,"author":{"gitId":"glendonnotglen"},"content":"","lastModifiedDate":"2022-02-01"},{"lineNumber":31,"author":{"gitId":"glendonnotglen"},"content":"","lastModifiedDate":"2022-02-01"},{"lineNumber":32,"author":{"gitId":"glendonnotglen"},"content":"    public static void startingMessage() {","lastModifiedDate":"2022-02-01"},{"lineNumber":33,"author":{"gitId":"glendonnotglen"},"content":"        String message \u003d","lastModifiedDate":"2022-02-04"},{"lineNumber":34,"author":{"gitId":"glendonnotglen"},"content":"                  \" _    _      _                          \\n\"","lastModifiedDate":"2022-02-04"},{"lineNumber":35,"author":{"gitId":"glendonnotglen"},"content":"                + \"| |  | |    | |                         \\n\"","lastModifiedDate":"2022-02-04"},{"lineNumber":36,"author":{"gitId":"glendonnotglen"},"content":"                + \"| |  | | ___| | ___ ___  _ __ ___   ___ \\n\"","lastModifiedDate":"2022-02-04"},{"lineNumber":37,"author":{"gitId":"glendonnotglen"},"content":"                + \"| |/\\\\| |/ _ \\\\ |/ __/ _ \\\\| \u0027_ ` _ \\\\ / _ \\\\\\n\"","lastModifiedDate":"2022-02-04"},{"lineNumber":38,"author":{"gitId":"glendonnotglen"},"content":"                + \"\\\\  /\\\\  /  __/ | (_| (_) | | | | | |  __/\\n\"","lastModifiedDate":"2022-02-04"},{"lineNumber":39,"author":{"gitId":"glendonnotglen"},"content":"                + \" \\\\/  \\\\/ \\\\___|_|\\\\___\\\\___/|_| |_| |_|\\\\___\\n\"","lastModifiedDate":"2022-02-04"},{"lineNumber":40,"author":{"gitId":"glendonnotglen"},"content":"                + \" _            ___                  _     \\n\"","lastModifiedDate":"2022-02-04"},{"lineNumber":41,"author":{"gitId":"glendonnotglen"},"content":"                + \"| |          |_  |                (_)    \\n\"","lastModifiedDate":"2022-02-04"},{"lineNumber":42,"author":{"gitId":"glendonnotglen"},"content":"                + \"| |_ ___       | | __ _ _ ____   ___ ___ \\n\"","lastModifiedDate":"2022-02-04"},{"lineNumber":43,"author":{"gitId":"glendonnotglen"},"content":"                + \"| __/ _ \\\\      | |/ _` | \u0027__\\\\ \\\\ / / / __|\\n\"","lastModifiedDate":"2022-02-04"},{"lineNumber":44,"author":{"gitId":"glendonnotglen"},"content":"                + \"| || (_) | /\\\\__/ / (_| | |   \\\\ V /| \\\\__ \\\\\\n\"","lastModifiedDate":"2022-02-04"},{"lineNumber":45,"author":{"gitId":"glendonnotglen"},"content":"                + \" \\\\__\\\\___/  \\\\____/ \\\\__,_|_|    \\\\_/ |_|___/\\n\";","lastModifiedDate":"2022-02-18"},{"lineNumber":46,"author":{"gitId":"glendonnotglen"},"content":"","lastModifiedDate":"2022-02-01"},{"lineNumber":47,"author":{"gitId":"glendonnotglen"},"content":"        System.out.println(message);","lastModifiedDate":"2022-02-01"},{"lineNumber":48,"author":{"gitId":"glendonnotglen"},"content":"    }","lastModifiedDate":"2022-02-01"},{"lineNumber":49,"author":{"gitId":"glendonnotglen"},"content":"","lastModifiedDate":"2022-02-01"},{"lineNumber":50,"author":{"gitId":"glendonnotglen"},"content":"    public static void closingMessage() {","lastModifiedDate":"2022-02-01"},{"lineNumber":51,"author":{"gitId":"glendonnotglen"},"content":"        String message \u003d HORIZONTAL_LINE","lastModifiedDate":"2022-02-04"},{"lineNumber":52,"author":{"gitId":"glendonnotglen"},"content":"                + \"______            _ \\n\"","lastModifiedDate":"2022-02-04"},{"lineNumber":53,"author":{"gitId":"glendonnotglen"},"content":"                + \"| ___ \\\\          | |\\n\"","lastModifiedDate":"2022-02-04"},{"lineNumber":54,"author":{"gitId":"glendonnotglen"},"content":"                + \"| |_/ /_   _  ___| |\\n\"","lastModifiedDate":"2022-02-04"},{"lineNumber":55,"author":{"gitId":"glendonnotglen"},"content":"                + \"| ___ \\\\ | | |/ _ \\\\ |\\n\"","lastModifiedDate":"2022-02-04"},{"lineNumber":56,"author":{"gitId":"glendonnotglen"},"content":"                + \"| |_/ / |_| |  __/_|\\n\"","lastModifiedDate":"2022-02-04"},{"lineNumber":57,"author":{"gitId":"glendonnotglen"},"content":"                + \"\\\\____/ \\\\__, |\\\\___(_)\\n\"","lastModifiedDate":"2022-02-04"},{"lineNumber":58,"author":{"gitId":"glendonnotglen"},"content":"                + \"        __/ |       \\n\"","lastModifiedDate":"2022-02-04"},{"lineNumber":59,"author":{"gitId":"glendonnotglen"},"content":"                + \"       |___/        \\n\"","lastModifiedDate":"2022-02-04"},{"lineNumber":60,"author":{"gitId":"glendonnotglen"},"content":"                + \"______                      _                   _                           \\n\"","lastModifiedDate":"2022-02-04"},{"lineNumber":61,"author":{"gitId":"glendonnotglen"},"content":"                + \"| ___ \\\\                    (_)                 | |                          \\n\"","lastModifiedDate":"2022-02-04"},{"lineNumber":62,"author":{"gitId":"glendonnotglen"},"content":"                + \"| |_/ /____      _____ _ __ _ _ __   __ _    __| | _____      ___ __        \\n\"","lastModifiedDate":"2022-02-04"},{"lineNumber":63,"author":{"gitId":"glendonnotglen"},"content":"                + \"|  __/ _ \\\\ \\\\ /\\\\ / / _ \\\\ \u0027__| | \u0027_ \\\\ / _` |  / _` |/ _ \\\\ \\\\ /\\\\ / / \u0027_ \\\\       \\n\"","lastModifiedDate":"2022-02-04"},{"lineNumber":64,"author":{"gitId":"glendonnotglen"},"content":"                + \"| | | (_) \\\\ V  V /  __/ |  | | | | | (_| | | (_| | (_) \\\\ V  V /| | | |_ _ _ \\n\"","lastModifiedDate":"2022-02-04"},{"lineNumber":65,"author":{"gitId":"glendonnotglen"},"content":"                + \"\\\\_|  \\\\___/ \\\\_/\\\\_/ \\\\___|_|  |_|_| |_|\\\\__, |  \\\\__,_|\\\\___/ \\\\_/\\\\_/ |_| |_(_|_|_)\\n\"","lastModifiedDate":"2022-02-04"},{"lineNumber":66,"author":{"gitId":"glendonnotglen"},"content":"                + \"                                     __/ |                                  \\n\"","lastModifiedDate":"2022-02-04"},{"lineNumber":67,"author":{"gitId":"glendonnotglen"},"content":"                + \"                                    |___/                                   \\n\"","lastModifiedDate":"2022-02-04"},{"lineNumber":68,"author":{"gitId":"glendonnotglen"},"content":"                + HORIZONTAL_LINE;","lastModifiedDate":"2022-02-01"},{"lineNumber":69,"author":{"gitId":"glendonnotglen"},"content":"        System.out.println(message);","lastModifiedDate":"2022-02-01"},{"lineNumber":70,"author":{"gitId":"glendonnotglen"},"content":"    }","lastModifiedDate":"2022-02-01"},{"lineNumber":71,"author":{"gitId":"glendonnotglen"},"content":"","lastModifiedDate":"2022-02-01"},{"lineNumber":72,"author":{"gitId":"glendonnotglen"},"content":"    public static void emptyList() {","lastModifiedDate":"2022-02-01"},{"lineNumber":73,"author":{"gitId":"glendonnotglen"},"content":"        String message \u003d HORIZONTAL_LINE","lastModifiedDate":"2022-02-01"},{"lineNumber":74,"author":{"gitId":"glendonnotglen"},"content":"                    + \"Your list is currently empty. Try adding some items to your list first.\\n\"","lastModifiedDate":"2022-02-04"},{"lineNumber":75,"author":{"gitId":"glendonnotglen"},"content":"                    + HORIZONTAL_LINE;","lastModifiedDate":"2022-02-01"},{"lineNumber":76,"author":{"gitId":"glendonnotglen"},"content":"        System.out.println(message);","lastModifiedDate":"2022-02-01"},{"lineNumber":77,"author":{"gitId":"glendonnotglen"},"content":"    }","lastModifiedDate":"2022-02-01"},{"lineNumber":78,"author":{"gitId":"glendonnotglen"},"content":"","lastModifiedDate":"2022-02-01"},{"lineNumber":79,"author":{"gitId":"glendonnotglen"},"content":"    public static void taskAdded(String taskDescription) {","lastModifiedDate":"2022-02-01"},{"lineNumber":80,"author":{"gitId":"glendonnotglen"},"content":"        String message \u003d HORIZONTAL_LINE","lastModifiedDate":"2022-02-01"},{"lineNumber":81,"author":{"gitId":"glendonnotglen"},"content":"                + \"added: \" + taskDescription + \"\\n\"","lastModifiedDate":"2022-02-01"},{"lineNumber":82,"author":{"gitId":"glendonnotglen"},"content":"                + HORIZONTAL_LINE;","lastModifiedDate":"2022-02-01"},{"lineNumber":83,"author":{"gitId":"glendonnotglen"},"content":"        System.out.println(message);","lastModifiedDate":"2022-02-01"},{"lineNumber":84,"author":{"gitId":"glendonnotglen"},"content":"    }","lastModifiedDate":"2022-02-01"},{"lineNumber":85,"author":{"gitId":"glendonnotglen"},"content":"","lastModifiedDate":"2022-02-01"},{"lineNumber":86,"author":{"gitId":"glendonnotglen"},"content":"    public static void markError() {","lastModifiedDate":"2022-02-01"},{"lineNumber":87,"author":{"gitId":"glendonnotglen"},"content":"        System.out.print(HORIZONTAL_LINE);","lastModifiedDate":"2022-02-17"},{"lineNumber":88,"author":{"gitId":"glendonnotglen"},"content":"        System.out.println(\"This task is already marked as not done! Did you mean to mark it?\");","lastModifiedDate":"2022-02-01"},{"lineNumber":89,"author":{"gitId":"glendonnotglen"},"content":"        System.out.print(HORIZONTAL_LINE);","lastModifiedDate":"2022-02-17"},{"lineNumber":90,"author":{"gitId":"glendonnotglen"},"content":"    }","lastModifiedDate":"2022-02-01"},{"lineNumber":91,"author":{"gitId":"glendonnotglen"},"content":"","lastModifiedDate":"2022-02-01"},{"lineNumber":92,"author":{"gitId":"glendonnotglen"},"content":"    public static void unmarkError() {","lastModifiedDate":"2022-02-01"},{"lineNumber":93,"author":{"gitId":"glendonnotglen"},"content":"        System.out.print(HORIZONTAL_LINE);","lastModifiedDate":"2022-02-17"},{"lineNumber":94,"author":{"gitId":"glendonnotglen"},"content":"        System.out.println(\"This task is already marked as done! Did to mean to unmark it?\");","lastModifiedDate":"2022-02-01"},{"lineNumber":95,"author":{"gitId":"glendonnotglen"},"content":"        System.out.print(HORIZONTAL_LINE);","lastModifiedDate":"2022-02-17"},{"lineNumber":96,"author":{"gitId":"glendonnotglen"},"content":"    }","lastModifiedDate":"2022-02-01"},{"lineNumber":97,"author":{"gitId":"glendonnotglen"},"content":"","lastModifiedDate":"2022-02-01"},{"lineNumber":98,"author":{"gitId":"glendonnotglen"},"content":"    public static void invalidInput() {","lastModifiedDate":"2022-02-01"},{"lineNumber":99,"author":{"gitId":"glendonnotglen"},"content":"        System.out.println(HORIZONTAL_LINE","lastModifiedDate":"2022-02-01"},{"lineNumber":100,"author":{"gitId":"glendonnotglen"},"content":"                + \"You have entered an invalid command. Please try again\\n\"","lastModifiedDate":"2022-02-01"},{"lineNumber":101,"author":{"gitId":"glendonnotglen"},"content":"                + HORIZONTAL_LINE);","lastModifiedDate":"2022-02-01"},{"lineNumber":102,"author":{"gitId":"glendonnotglen"},"content":"    }","lastModifiedDate":"2022-02-01"},{"lineNumber":103,"author":{"gitId":"glendonnotglen"},"content":"","lastModifiedDate":"2022-02-17"},{"lineNumber":104,"author":{"gitId":"glendonnotglen"},"content":"","lastModifiedDate":"2022-02-18"},{"lineNumber":105,"author":{"gitId":"glendonnotglen"},"content":"    public static void taskDeleted(Task taskRemoved, Integer listSize) {","lastModifiedDate":"2022-02-17"},{"lineNumber":106,"author":{"gitId":"glendonnotglen"},"content":"        System.out.print(HORIZONTAL_LINE + \"I have removed this task for you:\\n\" + taskRemoved.getFullTask() + \"\\n\"","lastModifiedDate":"2022-02-17"},{"lineNumber":107,"author":{"gitId":"glendonnotglen"},"content":"                + \"You have \" + listSize.toString() + \" tasks left.\\n\" +","lastModifiedDate":"2022-02-17"},{"lineNumber":108,"author":{"gitId":"glendonnotglen"},"content":"                HORIZONTAL_LINE);","lastModifiedDate":"2022-02-17"},{"lineNumber":109,"author":{"gitId":"glendonnotglen"},"content":"    }","lastModifiedDate":"2022-02-17"},{"lineNumber":110,"author":{"gitId":"glendonnotglen"},"content":"","lastModifiedDate":"2022-02-18"},{"lineNumber":111,"author":{"gitId":"glendonnotglen"},"content":"        public static void savedFileDetected() {","lastModifiedDate":"2022-02-18"},{"lineNumber":112,"author":{"gitId":"glendonnotglen"},"content":"            System.out.println(\"It seems there is a saved file detected. Loading file...\");","lastModifiedDate":"2022-02-18"},{"lineNumber":113,"author":{"gitId":"glendonnotglen"},"content":"        }","lastModifiedDate":"2022-02-18"},{"lineNumber":114,"author":{"gitId":"glendonnotglen"},"content":"","lastModifiedDate":"2022-02-18"},{"lineNumber":115,"author":{"gitId":"glendonnotglen"},"content":"        public static void fileLoaded() {","lastModifiedDate":"2022-02-18"},{"lineNumber":116,"author":{"gitId":"glendonnotglen"},"content":"            System.out.println(\"Your file has been successfully loaded!\");","lastModifiedDate":"2022-02-18"},{"lineNumber":117,"author":{"gitId":"glendonnotglen"},"content":"            horizontalLine();","lastModifiedDate":"2022-02-18"},{"lineNumber":118,"author":{"gitId":"glendonnotglen"},"content":"        }","lastModifiedDate":"2022-02-18"},{"lineNumber":119,"author":{"gitId":"glendonnotglen"},"content":"","lastModifiedDate":"2022-02-18"},{"lineNumber":120,"author":{"gitId":"glendonnotglen"},"content":"        public static void noFileDetected() {","lastModifiedDate":"2022-02-18"},{"lineNumber":121,"author":{"gitId":"glendonnotglen"},"content":"            System.out.println(\"There does not seem to be any saved data. How can I help you today?\\n\" + HORIZONTAL_LINE);","lastModifiedDate":"2022-02-18"},{"lineNumber":122,"author":{"gitId":"glendonnotglen"},"content":"        }","lastModifiedDate":"2022-02-18"},{"lineNumber":123,"author":{"gitId":"glendonnotglen"},"content":"","lastModifiedDate":"2022-02-18"},{"lineNumber":124,"author":{"gitId":"glendonnotglen"},"content":"        public static void savingData() {","lastModifiedDate":"2022-02-18"},{"lineNumber":125,"author":{"gitId":"glendonnotglen"},"content":"            System.out.println(\"Please hang on while we save your data...\");","lastModifiedDate":"2022-02-18"},{"lineNumber":126,"author":{"gitId":"glendonnotglen"},"content":"        }","lastModifiedDate":"2022-02-18"},{"lineNumber":127,"author":{"gitId":"glendonnotglen"},"content":"","lastModifiedDate":"2022-02-18"},{"lineNumber":128,"author":{"gitId":"glendonnotglen"},"content":"        public static void saveError(){","lastModifiedDate":"2022-02-18"},{"lineNumber":129,"author":{"gitId":"glendonnotglen"},"content":"            System.out.println(\"There seems to be an error saving your data. Please contact Glendon.\");","lastModifiedDate":"2022-02-18"},{"lineNumber":130,"author":{"gitId":"glendonnotglen"},"content":"        }","lastModifiedDate":"2022-02-18"},{"lineNumber":131,"author":{"gitId":"glendonnotglen"},"content":"","lastModifiedDate":"2022-02-18"},{"lineNumber":132,"author":{"gitId":"glendonnotglen"},"content":"        public static void loadError() {","lastModifiedDate":"2022-02-18"},{"lineNumber":133,"author":{"gitId":"glendonnotglen"},"content":"            System.out.println(\"There seems to be an error loading your data. Please contact Glendon.\");","lastModifiedDate":"2022-02-18"},{"lineNumber":134,"author":{"gitId":"glendonnotglen"},"content":"","lastModifiedDate":"2022-02-18"},{"lineNumber":135,"author":{"gitId":"glendonnotglen"},"content":"        }","lastModifiedDate":"2022-02-18"},{"lineNumber":136,"author":{"gitId":"glendonnotglen"},"content":"}","lastModifiedDate":"2022-02-01"}],"authorContributionMap":{"glendonnotglen":136}},{"path":"src/main/java/jarvis/exceptions/JarvisInvalidInput.java","fileType":"java","lines":[{"lineNumber":1,"author":{"gitId":"glendonnotglen"},"content":"package jarvis.exceptions;","lastModifiedDate":"2022-03-01"},{"lineNumber":2,"author":{"gitId":"glendonnotglen"},"content":"","lastModifiedDate":"2022-03-01"},{"lineNumber":3,"author":{"gitId":"glendonnotglen"},"content":"public class JarvisInvalidInput extends Exception {","lastModifiedDate":"2022-03-01"},{"lineNumber":4,"author":{"gitId":"glendonnotglen"},"content":"    public JarvisInvalidInput(){","lastModifiedDate":"2022-03-01"},{"lineNumber":5,"author":{"gitId":"glendonnotglen"},"content":"    }","lastModifiedDate":"2022-03-01"},{"lineNumber":6,"author":{"gitId":"glendonnotglen"},"content":"}","lastModifiedDate":"2022-03-01"}],"authorContributionMap":{"glendonnotglen":6}},{"path":"src/main/java/jarvis/exceptions/JarvisOutOfBounds.java","fileType":"java","lines":[{"lineNumber":1,"author":{"gitId":"glendonnotglen"},"content":"package jarvis.exceptions;","lastModifiedDate":"2022-03-01"},{"lineNumber":2,"author":{"gitId":"glendonnotglen"},"content":"","lastModifiedDate":"2022-03-01"},{"lineNumber":3,"author":{"gitId":"glendonnotglen"},"content":"public class JarvisOutOfBounds extends Exception {","lastModifiedDate":"2022-03-01"},{"lineNumber":4,"author":{"gitId":"glendonnotglen"},"content":"    public JarvisOutOfBounds(){","lastModifiedDate":"2022-03-01"},{"lineNumber":5,"author":{"gitId":"glendonnotglen"},"content":"    }","lastModifiedDate":"2022-03-01"},{"lineNumber":6,"author":{"gitId":"glendonnotglen"},"content":"}","lastModifiedDate":"2022-03-01"}],"authorContributionMap":{"glendonnotglen":6}},{"path":"text-ui-test/input.txt","fileType":"txt","lines":[{"lineNumber":1,"author":{"gitId":"glendonnotglen"},"content":"list","lastModifiedDate":"2022-02-04"},{"lineNumber":2,"author":{"gitId":"glendonnotglen"},"content":"todo read book","lastModifiedDate":"2022-02-04"},{"lineNumber":3,"author":{"gitId":"glendonnotglen"},"content":"deadline return book /by June 6th","lastModifiedDate":"2022-02-04"},{"lineNumber":4,"author":{"gitId":"glendonnotglen"},"content":"event project meeting /at Aug 6th 2-4pm","lastModifiedDate":"2022-02-04"},{"lineNumber":5,"author":{"gitId":"glendonnotglen"},"content":"todo join sports club","lastModifiedDate":"2022-02-04"},{"lineNumber":6,"author":{"gitId":"glendonnotglen"},"content":"mark 1","lastModifiedDate":"2022-02-04"},{"lineNumber":7,"author":{"gitId":"glendonnotglen"},"content":"mark 2","lastModifiedDate":"2022-02-04"},{"lineNumber":8,"author":{"gitId":"glendonnotglen"},"content":"mark 2","lastModifiedDate":"2022-02-04"},{"lineNumber":9,"author":{"gitId":"glendonnotglen"},"content":"unmark 2","lastModifiedDate":"2022-02-04"},{"lineNumber":10,"author":{"gitId":"glendonnotglen"},"content":"unmark 2","lastModifiedDate":"2022-02-04"},{"lineNumber":11,"author":{"gitId":"glendonnotglen"},"content":"mark 4","lastModifiedDate":"2022-02-04"},{"lineNumber":12,"author":{"gitId":"glendonnotglen"},"content":"todo borrow book","lastModifiedDate":"2022-02-04"},{"lineNumber":13,"author":{"gitId":"glendonnotglen"},"content":"list","lastModifiedDate":"2022-02-04"},{"lineNumber":14,"author":{"gitId":"glendonnotglen"},"content":"deadline return book /by Sunday","lastModifiedDate":"2022-02-04"},{"lineNumber":15,"author":{"gitId":"glendonnotglen"},"content":"event project meeting /at Mon 2-4pm","lastModifiedDate":"2022-02-04"},{"lineNumber":16,"author":{"gitId":"glendonnotglen"},"content":"delete 2","lastModifiedDate":"2022-02-17"},{"lineNumber":17,"author":{"gitId":"glendonnotglen"},"content":"delete 6","lastModifiedDate":"2022-02-17"},{"lineNumber":18,"author":{"gitId":"glendonnotglen"},"content":"delete 10","lastModifiedDate":"2022-02-17"},{"lineNumber":19,"author":{"gitId":"glendonnotglen"},"content":"bye","lastModifiedDate":"2022-02-04"}],"authorContributionMap":{"glendonnotglen":19}},{"path":"text-ui-test/runtest.bat","fileType":"bat","lines":[{"lineNumber":1,"author":{"gitId":"-"},"content":"@ECHO OFF","lastModifiedDate":"2020-05-25"},{"lineNumber":2,"author":{"gitId":"-"},"content":"","lastModifiedDate":"2020-05-25"},{"lineNumber":3,"author":{"gitId":"-"},"content":"REM create bin directory if it doesn\u0027t exist","lastModifiedDate":"2020-05-25"},{"lineNumber":4,"author":{"gitId":"-"},"content":"if not exist ..\\bin mkdir ..\\bin","lastModifiedDate":"2020-05-25"},{"lineNumber":5,"author":{"gitId":"-"},"content":"","lastModifiedDate":"2020-05-25"},{"lineNumber":6,"author":{"gitId":"-"},"content":"REM delete output from previous run","lastModifiedDate":"2020-05-25"},{"lineNumber":7,"author":{"gitId":"-"},"content":"if exist ACTUAL.TXT del ACTUAL.TXT","lastModifiedDate":"2020-08-25"},{"lineNumber":8,"author":{"gitId":"-"},"content":"","lastModifiedDate":"2020-05-25"},{"lineNumber":9,"author":{"gitId":"-"},"content":"REM compile the code into the bin folder","lastModifiedDate":"2020-05-25"},{"lineNumber":10,"author":{"gitId":"glendonnotglen"},"content":"javac  -cp ..\\src\\main\\java -Xlint:none -d ..\\bin ..\\src\\main\\java\\jarvis\\*.java ..\\src\\main\\java\\jarvis\\commands\\*.java ..\\src\\main\\java\\jarvis\\display\\*.java ..\\src\\main\\java\\jarvis\\exceptions\\*.java","lastModifiedDate":"2022-02-17"},{"lineNumber":11,"author":{"gitId":"glendonnotglen"},"content":"","lastModifiedDate":"2022-02-17"},{"lineNumber":12,"author":{"gitId":"-"},"content":"IF ERRORLEVEL 1 (","lastModifiedDate":"2020-05-25"},{"lineNumber":13,"author":{"gitId":"-"},"content":"    echo ********** BUILD FAILURE **********","lastModifiedDate":"2020-05-25"},{"lineNumber":14,"author":{"gitId":"-"},"content":"    exit /b 1","lastModifiedDate":"2020-05-25"},{"lineNumber":15,"author":{"gitId":"-"},"content":")","lastModifiedDate":"2020-05-25"},{"lineNumber":16,"author":{"gitId":"-"},"content":"REM no error here, errorlevel \u003d\u003d 0","lastModifiedDate":"2020-05-25"},{"lineNumber":17,"author":{"gitId":"-"},"content":"","lastModifiedDate":"2020-05-25"},{"lineNumber":18,"author":{"gitId":"-"},"content":"REM run the program, feed commands from input.txt file and redirect the output to the ACTUAL.TXT","lastModifiedDate":"2020-05-25"},{"lineNumber":19,"author":{"gitId":"glendonnotglen"},"content":"java -classpath ..\\bin jarvis.Jarvis \u003c input.txt \u003e output.TXT","lastModifiedDate":"2022-02-17"},{"lineNumber":20,"author":{"gitId":"-"},"content":"","lastModifiedDate":"2020-05-25"},{"lineNumber":21,"author":{"gitId":"-"},"content":"REM compare the output to the expected output","lastModifiedDate":"2020-05-25"},{"lineNumber":22,"author":{"gitId":"glendonnotglen"},"content":"FC output.TXT EXPECTED.TXT","lastModifiedDate":"2022-02-17"}],"authorContributionMap":{"glendonnotglen":4,"-":18}},{"path":"text-ui-test/runtest.sh","fileType":"sh","lines":[{"lineNumber":1,"author":{"gitId":"-"},"content":"#!/usr/bin/env bash","lastModifiedDate":"2020-05-25"},{"lineNumber":2,"author":{"gitId":"-"},"content":"","lastModifiedDate":"2020-05-25"},{"lineNumber":3,"author":{"gitId":"-"},"content":"# create bin directory if it doesn\u0027t exist","lastModifiedDate":"2020-05-25"},{"lineNumber":4,"author":{"gitId":"-"},"content":"if [ ! -d \"../bin\" ]","lastModifiedDate":"2020-05-25"},{"lineNumber":5,"author":{"gitId":"-"},"content":"then","lastModifiedDate":"2020-05-25"},{"lineNumber":6,"author":{"gitId":"-"},"content":"    mkdir ../bin","lastModifiedDate":"2020-05-25"},{"lineNumber":7,"author":{"gitId":"-"},"content":"fi","lastModifiedDate":"2020-05-25"},{"lineNumber":8,"author":{"gitId":"-"},"content":"","lastModifiedDate":"2020-05-25"},{"lineNumber":9,"author":{"gitId":"-"},"content":"# delete output from previous run","lastModifiedDate":"2020-05-25"},{"lineNumber":10,"author":{"gitId":"-"},"content":"if [ -e \"./ACTUAL.TXT\" ]","lastModifiedDate":"2020-05-25"},{"lineNumber":11,"author":{"gitId":"-"},"content":"then","lastModifiedDate":"2020-05-25"},{"lineNumber":12,"author":{"gitId":"-"},"content":"    rm ACTUAL.TXT","lastModifiedDate":"2020-05-25"},{"lineNumber":13,"author":{"gitId":"-"},"content":"fi","lastModifiedDate":"2020-05-25"},{"lineNumber":14,"author":{"gitId":"-"},"content":"","lastModifiedDate":"2020-05-25"},{"lineNumber":15,"author":{"gitId":"-"},"content":"# compile the code into the bin folder, terminates if error occurred","lastModifiedDate":"2020-05-25"},{"lineNumber":16,"author":{"gitId":"-"},"content":"if ! javac -cp ../src/main/java -Xlint:none -d ../bin ../src/main/java/*.java","lastModifiedDate":"2020-08-25"},{"lineNumber":17,"author":{"gitId":"-"},"content":"then","lastModifiedDate":"2020-05-25"},{"lineNumber":18,"author":{"gitId":"-"},"content":"    echo \"********** BUILD FAILURE **********\"","lastModifiedDate":"2020-05-25"},{"lineNumber":19,"author":{"gitId":"-"},"content":"    exit 1","lastModifiedDate":"2020-05-25"},{"lineNumber":20,"author":{"gitId":"-"},"content":"fi","lastModifiedDate":"2020-05-25"},{"lineNumber":21,"author":{"gitId":"-"},"content":"","lastModifiedDate":"2020-05-25"},{"lineNumber":22,"author":{"gitId":"-"},"content":"# run the program, feed commands from input.txt file and redirect the output to the ACTUAL.TXT","lastModifiedDate":"2020-05-25"},{"lineNumber":23,"author":{"gitId":"glendonnotglen"},"content":"java -classpath ../bin Jarvis \u003c input.txt \u003e ACTUAL.TXT","lastModifiedDate":"2022-02-04"},{"lineNumber":24,"author":{"gitId":"-"},"content":"","lastModifiedDate":"2020-05-25"},{"lineNumber":25,"author":{"gitId":"-"},"content":"# convert to UNIX format","lastModifiedDate":"2020-05-25"},{"lineNumber":26,"author":{"gitId":"-"},"content":"cp EXPECTED.TXT EXPECTED-UNIX.TXT","lastModifiedDate":"2020-05-25"},{"lineNumber":27,"author":{"gitId":"-"},"content":"dos2unix ACTUAL.TXT EXPECTED-UNIX.TXT","lastModifiedDate":"2020-05-25"},{"lineNumber":28,"author":{"gitId":"-"},"content":"","lastModifiedDate":"2020-05-25"},{"lineNumber":29,"author":{"gitId":"-"},"content":"# compare the output to the expected output","lastModifiedDate":"2020-05-25"},{"lineNumber":30,"author":{"gitId":"-"},"content":"diff ACTUAL.TXT EXPECTED-UNIX.TXT","lastModifiedDate":"2020-05-25"},{"lineNumber":31,"author":{"gitId":"-"},"content":"if [ $? -eq 0 ]","lastModifiedDate":"2020-05-25"},{"lineNumber":32,"author":{"gitId":"-"},"content":"then","lastModifiedDate":"2020-05-25"},{"lineNumber":33,"author":{"gitId":"-"},"content":"    echo \"Test result: PASSED\"","lastModifiedDate":"2020-05-25"},{"lineNumber":34,"author":{"gitId":"-"},"content":"    exit 0","lastModifiedDate":"2020-05-25"},{"lineNumber":35,"author":{"gitId":"-"},"content":"else","lastModifiedDate":"2020-05-25"},{"lineNumber":36,"author":{"gitId":"-"},"content":"    echo \"Test result: FAILED\"","lastModifiedDate":"2020-05-25"},{"lineNumber":37,"author":{"gitId":"-"},"content":"    exit 1","lastModifiedDate":"2020-05-25"},{"lineNumber":38,"author":{"gitId":"-"},"content":"fi","lastModifiedDate":"2020-05-25"}],"authorContributionMap":{"glendonnotglen":1,"-":37}}]
