{"authorDailyContributionsMap":{"glendonnotglen":[{"date":"2022-01-28","commitResults":[{"hash":"1e318ce976b30706be6ccdaad3fcd0e301221bb6","messageTitle":"Add echo","messageBody":"","fileTypesAndContributionMap":{"java":{"insertions":20,"deletions":6}}},{"hash":"f2594131dd1b691cc004e65124c70eca2e7686d9","messageTitle":"Add store, list and refactor code","messageBody":"","fileTypesAndContributionMap":{"java":{"insertions":44,"deletions":11}}},{"hash":"e13da06745b6fde373a082dd7d4876f3f7700d8b","messageTitle":"Add mark, unmark and some invalid command handler","messageBody":"","fileTypesAndContributionMap":{"java":{"insertions":82,"deletions":9}}}]},{"date":"2022-01-31","commitResults":[{"hash":"215e5836729d3030959c99852657781dd0baf614","messageTitle":"Tweak code to comply with coding standard","messageBody":"","tags":["A-CodingStandard"],"fileTypesAndContributionMap":{"java":{"insertions":9,"deletions":2}}}]},{"date":"2022-02-01","commitResults":[{"hash":"fcb1cc6ee233facbf1be4abe5a7c88342778667a","messageTitle":"Add todo, event, deadline and change code into object-oriented","messageBody":"","tags":["Level4.ToDos,Events,Deadlines"],"fileTypesAndContributionMap":{"java":{"insertions":298,"deletions":97}}}]},{"date":"2022-02-04","commitResults":[{"hash":"67d21462734d43da448976ba346d002600f4fb17","messageTitle":"Change name of program from Duke to Jarvis, added automated testing","messageBody":"","tags":["A-TextUiTesting"],"fileTypesAndContributionMap":{"txt":{"insertions":16,"deletions":0},"java":{"insertions":2,"deletions":2},"bat":{"insertions":2,"deletions":2},"sh":{"insertions":1,"deletions":1}}},{"hash":"3876126b4e6ba197d7a95b53f9eabc8cf0b26ca6","messageTitle":"Refactor code and add new display messages","messageBody":"","tags":["A-CodeQuality"],"fileTypesAndContributionMap":{"java":{"insertions":76,"deletions":24}}}]},{"date":"2022-02-09","commitResults":[{"hash":"32f0b6e920e3c593af618079fecec0e8b0f5c1cc","messageTitle":"Refactor error handling and create new JarvisException class","messageBody":"","tags":["A-Exceptions"],"fileTypesAndContributionMap":{"java":{"insertions":84,"deletions":39}}},{"hash":"d8f4be8cb502843ad1c743e0c08997a75aab3afd","messageTitle":"organize classes into Java packages","messageBody":"","fileTypesAndContributionMap":{"java":{"insertions":32,"deletions":2},"bat":{"insertions":1,"deletions":1}}}]},{"date":"2022-02-17","commitResults":[{"hash":"aa30928297d27494e392ff81806593a368037f1e","messageTitle":"add remove command and refactor code","messageBody":"","tags":["A-Collections"],"fileTypesAndContributionMap":{"txt":{"insertions":3,"deletions":0},"java":{"insertions":56,"deletions":36},"bat":{"insertions":4,"deletions":3}}}]},{"date":"2022-02-18","commitResults":[{"hash":"86454d7182d7c9fd0bb32ab4508c23dd9b90824e","messageTitle":"Add save and load data for continuous usage","messageBody":"","fileTypesAndContributionMap":{"java":{"insertions":152,"deletions":20}}}]},{"date":"2022-03-01","commitResults":[{"hash":"f2978ce6db526ea3d16e0282f2766db51401f70a","messageTitle":"Refactored code based on tutor\u0027s comments","messageBody":"","fileTypesAndContributionMap":{"java":{"insertions":96,"deletions":104}}},{"hash":"c91f7b459334f08ed1380a537a888a9ea200abf2","messageTitle":"Make code more OOP","messageBody":"","fileTypesAndContributionMap":{"java":{"insertions":46,"deletions":15}}}]}]},"authorFileTypeContributionMap":{"glendonnotglen":{"java":650,"md":0,"fxml":0,"sh":1,"bat":4,"gradle":0,"txt":19}},"authorContributionVariance":{"glendonnotglen":6242.8306},"authorDisplayNameMap":{"glendonnotglen":"CS2113T-T10-4 NG Z..NDON"}}
