{"authorDailyContributionsMap":{"glendonnotglen":[{"date":"2022-01-28","commitResults":[{"hash":"1e318ce976b30706be6ccdaad3fcd0e301221bb6","messageTitle":"Add echo","messageBody":"","fileTypesAndContributionMap":{"java":{"insertions":20,"deletions":6}}},{"hash":"f2594131dd1b691cc004e65124c70eca2e7686d9","messageTitle":"Add store, list and refactor code","messageBody":"","fileTypesAndContributionMap":{"java":{"insertions":44,"deletions":11}}},{"hash":"e13da06745b6fde373a082dd7d4876f3f7700d8b","messageTitle":"Add mark, unmark and some invalid command handler","messageBody":"","fileTypesAndContributionMap":{"java":{"insertions":82,"deletions":9}}}]},{"date":"2022-01-31","commitResults":[{"hash":"215e5836729d3030959c99852657781dd0baf614","messageTitle":"Tweak code to comply with coding standard","messageBody":"","tags":["A-CodingStandard"],"fileTypesAndContributionMap":{"java":{"insertions":9,"deletions":2}}}]},{"date":"2022-02-01","commitResults":[{"hash":"fcb1cc6ee233facbf1be4abe5a7c88342778667a","messageTitle":"Add todo, event, deadline and change code into object-oriented","messageBody":"","tags":["Level4.ToDos,Events,Deadlines"],"fileTypesAndContributionMap":{"java":{"insertions":298,"deletions":97}}}]}]},"authorFileTypeContributionMap":{"glendonnotglen":{"java":334,"md":0,"fxml":0,"sh":0,"bat":0,"gradle":0,"txt":0}},"authorContributionVariance":{"glendonnotglen":8849.823},"authorDisplayNameMap":{"glendonnotglen":"T10-4 NG Z..NDON"}}
