{"authorDailyContributionsMap":{"FTang21":[{"date":"2022-01-17","commitResults":[{"hash":"fbd662d8f86f8fc4084ea7c146789c2ab45d5cd6","isMergeCommit":false,"messageTitle":"Update Duke.java to complete Level 0: Greet","messageBody":"","fileTypesAndContributionMap":{"java":{"insertions":10,"deletions":6}}}]},{"date":"2022-01-26","commitResults":[{"hash":"be3fea95cf215a7f15159f7af793947f49e88e8d","isMergeCommit":false,"messageTitle":"Change Duke personality to Boba","messageBody":"","fileTypesAndContributionMap":{"java":{"insertions":2,"deletions":2}}},{"hash":"5d9f4e2d2102d79c8a2a695d3a09940cfe12edaa","isMergeCommit":false,"messageTitle":"Add response functionality to \"bye\" for Boba (Level-1)","messageBody":"","tags":["Level-1"],"fileTypesAndContributionMap":{"java":{"insertions":11,"deletions":0}}},{"hash":"666e52b7868a90f6e506841081e050000ab52229","isMergeCommit":false,"messageTitle":"Refactor printSeparator() to botResponse() to reduce redunancy","messageBody":"","fileTypesAndContributionMap":{"java":{"insertions":6,"deletions":11}}},{"hash":"55c5797dfdc126368662e4fae9c894bd5967eb0d","isMergeCommit":false,"messageTitle":"Add list functionality to Boba (Level-2)","messageBody":"","tags":["Level-2"],"fileTypesAndContributionMap":{"java":{"insertions":25,"deletions":5}}},{"hash":"2481d111c2a907d4841bf6603c9f9330447010e7","isMergeCommit":false,"messageTitle":"Add Task.java","messageBody":"","fileTypesAndContributionMap":{"java":{"insertions":21,"deletions":0}}},{"hash":"efcf0573db29de4db39f832f7f84d357987d5fa3","isMergeCommit":false,"messageTitle":"Add mark and unmark functionality to Boba bot","messageBody":"","tags":["Level-3","A-CodingStandard"],"fileTypesAndContributionMap":{"java":{"insertions":29,"deletions":6}}}]},{"date":"2022-02-02","commitResults":[{"hash":"3d1bb0f84b7a5e7a1631863484091c36910fb37e","isMergeCommit":false,"messageTitle":"Add new classes: Todo, Deadline, and Event","messageBody":"New classes are subclasses of Task\nThe implementation of inheritance allows for further subsection of what user may want.\n","tags":["Level-4"],"fileTypesAndContributionMap":{"java":{"insertions":77,"deletions":15}}},{"hash":"069532404871dbd04fe12566b12af4a171dadc9f","isMergeCommit":false,"messageTitle":"Refactor Duke.java to be split into multiple methods","messageBody":"Huge update. Introduction of enums for faster comparison than Strings\nand to better take advantage of switch statements.\nThis also makes it extremely easy to add new commands\n\nAdd HELP command also for better user experience\n\nAdd many functions to handle edge cases.\nThe bot now tells the user when the command is invalid and sometimes why.\nThe bot does not break when commands are inputted not expected\nOverall improvement of user experience.\n","fileTypesAndContributionMap":{"java":{"insertions":182,"deletions":62}}},{"hash":"443aa30ff3903668df491c4af895f7c7c42b0b4e","isMergeCommit":false,"messageTitle":"Add testing","messageBody":"","tags":["A-TextUiTesting"],"fileTypesAndContributionMap":{"txt":{"insertions":24,"deletions":0}}},{"hash":"e71b00a7443d70bc4f520d9f69f4e1cfe6b50972","isMergeCommit":false,"messageTitle":"Add documentation to all classes","messageBody":"Also remove global variable responses and keep it local in methods.\nReadd the previously remove edge case on task limit.\n","tags":["A-CodeQuality"],"fileTypesAndContributionMap":{"java":{"insertions":173,"deletions":50}}}]},{"date":"2022-02-07","commitResults":[{"hash":"c62e8cfe200867e035ac3ede8b2104c90fcfe81a","isMergeCommit":false,"messageTitle":"Add new additions based on PR feedback","messageBody":"Update javadoc to include all methods\nCreate new class TaskManager to handle specifically task related items\nChange Duke.java to Boba.java to fit our bot\u0027s name\n\nMany changes still need to done for code quality.\n- Move getCommand to Command.java\n- Find a better way to print out botResponse\n- Refactor error/invalid command handling\n","fileTypesAndContributionMap":{"java":{"insertions":175,"deletions":139}}},{"hash":"a408db24b15194985d62d5a31b49a6524af0a27c","isMergeCommit":false,"messageTitle":"Move getCommand from Boba.java to Command.java","messageBody":"","tags":["A-CodeQuality-v2"],"fileTypesAndContributionMap":{"java":{"insertions":38,"deletions":35}}},{"hash":"34e22544b21ea6f175ef2ac80374d585f7f57f7e","isMergeCommit":false,"messageTitle":"Add Exception handling to Boba and TaskManager","messageBody":"This will replace our previous more naive solution: printInvalidCommand\nNew exception class and handling shows flaws with current botResponse.\n- Refactor botResponse method to a class\n","fileTypesAndContributionMap":{"java":{"insertions":53,"deletions":90},"sh":{"insertions":1,"deletions":1}}},{"hash":"2fe681c87bf37c551b2b4a579ba991b82c1b2a65","isMergeCommit":false,"messageTitle":"Update botResponse method to BobaResponse class","messageBody":"BobaResponse is currently just an utility class.\nIt uses the same instance for all responses.\n","fileTypesAndContributionMap":{"java":{"insertions":79,"deletions":68}}}]},{"date":"2022-02-08","commitResults":[{"hash":"f726407f13e06e5a54b14f2a91084a8a0d1540de","isMergeCommit":false,"messageTitle":"Add ErrorHandler.java","messageBody":"Use combination BobaException and ErrorHandler for unexpected user inputs\nUpdate error messages\nAdd Javadoc for new classes and methods\n","fileTypesAndContributionMap":{"java":{"insertions":90,"deletions":18}}},{"hash":"f0848b91d85698df51f4057eac6d939e8f021732","isMergeCommit":true,"messageTitle":"Merge branch \u0027branch-Level-5\u0027","messageBody":"* branch-Level-5:\n  Add ErrorHandler.java\n  Update botResponse method to BobaResponse class\n  Add Exception handling to Boba and TaskManager\n","tags":["Level-5"],"fileTypesAndContributionMap":{}}]},{"date":"2022-02-09","commitResults":[{"hash":"902169a092eb2614deac3a5f436dbf1bf1d43083","isMergeCommit":false,"messageTitle":"Move classes into their own separate packages","messageBody":"","fileTypesAndContributionMap":{"java":{"insertions":50,"deletions":16}}}]},{"date":"2022-02-14","commitResults":[{"hash":"cbc819fe76c14758a46577118fdb0b604cd72c56","isMergeCommit":false,"messageTitle":"Clean up documentation for some classes","messageBody":"Remove the boba.\u003cpackage\u003e that change comments as well.\n","fileTypesAndContributionMap":{"java":{"insertions":16,"deletions":16}}},{"hash":"61c67a9bc06de7d5789919a35fc8c8750b6c627a","isMergeCommit":false,"messageTitle":"Add DELETE Command for Boba bot","messageBody":"Use DELETE to remove a task at a given index\nFix minor bug where EXIT is not handle in TaskManager class\n","fileTypesAndContributionMap":{"txt":{"insertions":3,"deletions":0},"java":{"insertions":42,"deletions":9}}},{"hash":"488aa081b0c39ac2e4c78d6d607ceaa309d0133d","isMergeCommit":false,"messageTitle":"Refactor taskList from an Array to an ArrayList","messageBody":"","fileTypesAndContributionMap":{"java":{"insertions":8,"deletions":8}}},{"hash":"266fab2090bb71f472609e4328c4573fcc77ebc5","isMergeCommit":false,"messageTitle":"Add save functionality to Boba","messageBody":"Implement naive solution, optimizations later\n","fileTypesAndContributionMap":{"txt":{"insertions":3,"deletions":0},"java":{"insertions":139,"deletions":12}}}]},{"date":"2022-02-15","commitResults":[{"hash":"524e39752c99cffd88a4a0ecc899d61850503640","isMergeCommit":false,"messageTitle":"Update FileManager for better code quality","messageBody":"Add new method createFile to handle edge case of non-existant filePath\nAdd new lines for Boba for better user experience\n","fileTypesAndContributionMap":{"txt":{"insertions":3,"deletions":3},"java":{"insertions":69,"deletions":11}}},{"hash":"67086b3d7f2041cd01e97c67f7ea1e235c3ce46f","isMergeCommit":true,"messageTitle":"Merge branch \u0027branch-Level-6\u0027","messageBody":"* branch-Level-6:\n  Refactor taskList from an Array to an ArrayList\n  Add DELETE Command for Boba bot\n","tags":["Level-6"],"fileTypesAndContributionMap":{}},{"hash":"28248e7c5a3bdb437d771be24efeb61c6ec28801","isMergeCommit":true,"messageTitle":"Merge branch \u0027branch-Level-7\u0027","messageBody":"* branch-Level-7:\n  Update FileManager for better code quality\n  Add save functionality to Boba\n\n# Conflicts:\n#\tsrc/main/java/boba/command/Command.java\n#\tsrc/main/java/boba/task/TaskManager.java\n","tags":["Level-7","A-Jar"],"fileTypesAndContributionMap":{}},{"hash":"0fb1fbcc2a93ed5542d08bb5e601eaf7042552b5","isMergeCommit":false,"messageTitle":"Add Javadoc for TaskManager","messageBody":"","fileTypesAndContributionMap":{"java":{"insertions":5,"deletions":0}}}]},{"date":"2022-03-03","commitResults":[{"hash":"c63fc23cbda8fb8e00a9d4833a178759c5132d1a","isMergeCommit":false,"messageTitle":"Refactor code for more OOP","messageBody":"Convert Command from Enum to Abstract Class with children\nEach child inherits execute and excecutes differently\nRename FileManager to Storage\nUpdate TaskManager to TaskList and make it iterable\nMove all ui responses to Ui and Storage\nRemove reliance on Commands for BobaException\nErrorHandler removed\n","tags":["A-MoreOOP"],"fileTypesAndContributionMap":{"java":{"insertions":608,"deletions":361}}},{"hash":"e571cb55573c2aa11a21ba1ca53fd62f0dba96c4","isMergeCommit":false,"messageTitle":"Add FindCommand to Boba","messageBody":"","fileTypesAndContributionMap":{"java":{"insertions":57,"deletions":12}}},{"hash":"93068813d9892b877b803de0e6c8d68d9398f31c","isMergeCommit":false,"messageTitle":"Add feature where Boba recognizes date in the format of \"YYYY-MM-DD\"","messageBody":"","fileTypesAndContributionMap":{"txt":{"insertions":2,"deletions":1},"java":{"insertions":24,"deletions":2}}},{"hash":"aff115df1086a3f0961fb325cae1f5a0f2c72056","isMergeCommit":true,"messageTitle":"Merge pull request #1 from FTang21/branch-Level-8","messageBody":"Add feature where Boba recognizes date in the format of \"YYYY-MM-DD\"","fileTypesAndContributionMap":{}},{"hash":"992cd9fbcc3fd25af9e931c5c0a8273e41e43fce","isMergeCommit":true,"messageTitle":"Merge pull request #2 from FTang21/branch-Level-9","messageBody":"Add FindCommand to Boba","tags":["Level-9","Level-8"],"fileTypesAndContributionMap":{}},{"hash":"643f2ac6981a35eb1b4e59a6935f85d648dc6761","isMergeCommit":false,"messageTitle":"Add Javadoc to all methods and classes","messageBody":"","tags":["A-JavaDoc"],"fileTypesAndContributionMap":{"java":{"insertions":289,"deletions":18}}},{"hash":"0f5d36e9fcbb8f45132f8173ab75c49b67a20bc6","isMergeCommit":false,"messageTitle":"Update README.md","messageBody":"","tags":["A-Release"],"fileTypesAndContributionMap":{"md":{"insertions":27,"deletions":20}}}]},{"date":"2022-03-04","commitResults":[{"hash":"537eb43399426646ce4963c8c5e187519508b4c6","isMergeCommit":false,"messageTitle":"Update docs/README.md","messageBody":"","fileTypesAndContributionMap":{"md":{"insertions":24,"deletions":22}}}]}]},"authorFileTypeContributionMap":{"FTang21":{"java":1312,"md":48,"fxml":0,"sh":1,"bat":0,"gradle":0,"txt":31}},"authorContributionVariance":{"FTang21":53945.49},"authorDisplayNameMap":{"FTang21":"CS2113-F10-1 TANG..ANKE"}}
