{"authorDailyContributionsMap":{"FTang21":[{"date":"2022-01-17","commitResults":[{"hash":"fbd662d8f86f8fc4084ea7c146789c2ab45d5cd6","messageTitle":"Update Duke.java to complete Level 0: Greet","messageBody":"","fileTypesAndContributionMap":{"java":{"insertions":10,"deletions":6}}}]},{"date":"2022-01-26","commitResults":[{"hash":"be3fea95cf215a7f15159f7af793947f49e88e8d","messageTitle":"Change Duke personality to Boba","messageBody":"","fileTypesAndContributionMap":{"java":{"insertions":2,"deletions":2}}},{"hash":"5d9f4e2d2102d79c8a2a695d3a09940cfe12edaa","messageTitle":"Add response functionality to \"bye\" for Boba (Level-1)","messageBody":"","tags":["Level-1"],"fileTypesAndContributionMap":{"java":{"insertions":11,"deletions":0}}},{"hash":"666e52b7868a90f6e506841081e050000ab52229","messageTitle":"Refactor printSeparator() to botResponse() to reduce redunancy","messageBody":"","fileTypesAndContributionMap":{"java":{"insertions":6,"deletions":11}}},{"hash":"55c5797dfdc126368662e4fae9c894bd5967eb0d","messageTitle":"Add list functionality to Boba (Level-2)","messageBody":"","tags":["Level-2"],"fileTypesAndContributionMap":{"java":{"insertions":25,"deletions":5}}},{"hash":"2481d111c2a907d4841bf6603c9f9330447010e7","messageTitle":"Add Task.java","messageBody":"","fileTypesAndContributionMap":{"java":{"insertions":21,"deletions":0}}},{"hash":"efcf0573db29de4db39f832f7f84d357987d5fa3","messageTitle":"Add mark and unmark functionality to Boba bot","messageBody":"","tags":["Level-3","A-CodingStandard"],"fileTypesAndContributionMap":{"java":{"insertions":29,"deletions":6}}}]},{"date":"2022-02-02","commitResults":[{"hash":"3d1bb0f84b7a5e7a1631863484091c36910fb37e","messageTitle":"Add new classes: Todo, Deadline, and Event","messageBody":"New classes are subclasses of Task\nThe implementation of inheritance allows for further subsection of what user may want.\n","tags":["Level-4"],"fileTypesAndContributionMap":{"java":{"insertions":77,"deletions":15}}},{"hash":"069532404871dbd04fe12566b12af4a171dadc9f","messageTitle":"Refactor Duke.java to be split into multiple methods","messageBody":"Huge update. Introduction of enums for faster comparison than Strings\nand to better take advantage of switch statements.\nThis also makes it extremely easy to add new commands\n\nAdd HELP command also for better user experience\n\nAdd many functions to handle edge cases.\nThe bot now tells the user when the command is invalid and sometimes why.\nThe bot does not break when commands are inputted not expected\nOverall improvement of user experience.\n","fileTypesAndContributionMap":{"java":{"insertions":182,"deletions":62}}},{"hash":"443aa30ff3903668df491c4af895f7c7c42b0b4e","messageTitle":"Add testing","messageBody":"","tags":["A-TextUiTesting"],"fileTypesAndContributionMap":{"txt":{"insertions":24,"deletions":0}}},{"hash":"e71b00a7443d70bc4f520d9f69f4e1cfe6b50972","messageTitle":"Add documentation to all classes","messageBody":"Also remove global variable responses and keep it local in methods.\nReadd the previously remove edge case on task limit.\n","tags":["A-CodeQuality"],"fileTypesAndContributionMap":{"java":{"insertions":173,"deletions":50}}}]},{"date":"2022-02-07","commitResults":[{"hash":"c62e8cfe200867e035ac3ede8b2104c90fcfe81a","messageTitle":"Add new additions based on PR feedback","messageBody":"Update javadoc to include all methods\nCreate new class TaskManager to handle specifically task related items\nChange Duke.java to Boba.java to fit our bot\u0027s name\n\nMany changes still need to done for code quality.\n- Move getCommand to Command.java\n- Find a better way to print out botResponse\n- Refactor error/invalid command handling\n","fileTypesAndContributionMap":{"java":{"insertions":175,"deletions":139}}},{"hash":"a408db24b15194985d62d5a31b49a6524af0a27c","messageTitle":"Move getCommand from Boba.java to Command.java","messageBody":"","tags":["A-CodeQuality-v2"],"fileTypesAndContributionMap":{"java":{"insertions":38,"deletions":35}}},{"hash":"34e22544b21ea6f175ef2ac80374d585f7f57f7e","messageTitle":"Add Exception handling to Boba and TaskManager","messageBody":"This will replace our previous more naive solution: printInvalidCommand\nNew exception class and handling shows flaws with current botResponse.\n- Refactor botResponse method to a class\n","fileTypesAndContributionMap":{"java":{"insertions":53,"deletions":90},"sh":{"insertions":1,"deletions":1}}},{"hash":"2fe681c87bf37c551b2b4a579ba991b82c1b2a65","messageTitle":"Update botResponse method to BobaResponse class","messageBody":"BobaResponse is currently just an utility class.\nIt uses the same instance for all responses.\n","fileTypesAndContributionMap":{"java":{"insertions":79,"deletions":68}}}]},{"date":"2022-02-08","commitResults":[{"hash":"f726407f13e06e5a54b14f2a91084a8a0d1540de","messageTitle":"Add ErrorHandler.java","messageBody":"Use combination BobaException and ErrorHandler for unexpected user inputs\nUpdate error messages\nAdd Javadoc for new classes and methods\n","fileTypesAndContributionMap":{"java":{"insertions":90,"deletions":18}}}]},{"date":"2022-02-09","commitResults":[{"hash":"902169a092eb2614deac3a5f436dbf1bf1d43083","messageTitle":"Move classes into their own separate packages","messageBody":"","fileTypesAndContributionMap":{"java":{"insertions":50,"deletions":16}}}]}]},"authorFileTypeContributionMap":{"FTang21":{"java":506,"md":0,"fxml":0,"sh":1,"bat":0,"gradle":0,"txt":24}},"authorContributionVariance":{"FTang21":27401.387},"authorDisplayNameMap":{"FTang21":"F10-1 TANG..ANKE"}}
