[{"path":"src/main/java/Chatbox.java","fileType":"java","lines":[{"lineNumber":1,"author":{"gitId":"hlwang56"},"content":"public class Chatbox {","lastModifiedDate":"2022-01-28"},{"lineNumber":2,"author":{"gitId":"hlwang56"},"content":"    private String content \u003d \"\";","lastModifiedDate":"2022-01-28"},{"lineNumber":3,"author":{"gitId":"hlwang56"},"content":"    private final String horizontalLine \u003d \"-------------------------------------\";","lastModifiedDate":"2022-01-30"},{"lineNumber":4,"author":{"gitId":"hlwang56"},"content":"","lastModifiedDate":"2022-01-28"},{"lineNumber":5,"author":{"gitId":"hlwang56"},"content":"    public void chatboxPrinter(){","lastModifiedDate":"2022-01-28"},{"lineNumber":6,"author":{"gitId":"hlwang56"},"content":"        System.out.println(content);","lastModifiedDate":"2022-01-28"},{"lineNumber":7,"author":{"gitId":"hlwang56"},"content":"        System.out.println(horizontalLine);","lastModifiedDate":"2022-01-28"},{"lineNumber":8,"author":{"gitId":"hlwang56"},"content":"    }","lastModifiedDate":"2022-01-28"},{"lineNumber":9,"author":{"gitId":"hlwang56"},"content":"","lastModifiedDate":"2022-01-28"},{"lineNumber":10,"author":{"gitId":"hlwang56"},"content":"    public void linePrinter(){","lastModifiedDate":"2022-01-28"},{"lineNumber":11,"author":{"gitId":"hlwang56"},"content":"        System.out.println(horizontalLine);","lastModifiedDate":"2022-01-28"},{"lineNumber":12,"author":{"gitId":"hlwang56"},"content":"    }","lastModifiedDate":"2022-01-28"},{"lineNumber":13,"author":{"gitId":"hlwang56"},"content":"","lastModifiedDate":"2022-01-28"},{"lineNumber":14,"author":{"gitId":"hlwang56"},"content":"    public void setContent(String input){","lastModifiedDate":"2022-01-28"},{"lineNumber":15,"author":{"gitId":"hlwang56"},"content":"        this.content \u003d input;","lastModifiedDate":"2022-01-28"},{"lineNumber":16,"author":{"gitId":"hlwang56"},"content":"    }","lastModifiedDate":"2022-01-28"},{"lineNumber":17,"author":{"gitId":"hlwang56"},"content":"","lastModifiedDate":"2022-01-28"},{"lineNumber":18,"author":{"gitId":"hlwang56"},"content":"","lastModifiedDate":"2022-01-28"},{"lineNumber":19,"author":{"gitId":"hlwang56"},"content":"}","lastModifiedDate":"2022-01-28"}],"authorContributionMap":{"hlwang56":19}},{"path":"src/main/java/Controller.java","fileType":"java","lines":[{"lineNumber":1,"author":{"gitId":"hlwang56"},"content":"import java.util.Locale;","lastModifiedDate":"2022-01-28"},{"lineNumber":2,"author":{"gitId":"hlwang56"},"content":"import java.util.Scanner;","lastModifiedDate":"2022-01-28"},{"lineNumber":3,"author":{"gitId":"hlwang56"},"content":"","lastModifiedDate":"2022-01-28"},{"lineNumber":4,"author":{"gitId":"hlwang56"},"content":"public class Controller {","lastModifiedDate":"2022-01-28"},{"lineNumber":5,"author":{"gitId":"hlwang56"},"content":"    public String hello \u003d \"Hello! I\u0027m Duke :P\\nWhat can I do for you?\";","lastModifiedDate":"2022-01-28"},{"lineNumber":6,"author":{"gitId":"hlwang56"},"content":"    public String goodbye \u003d \"Bye. Hope to see you again soon! ;)\";","lastModifiedDate":"2022-01-28"},{"lineNumber":7,"author":{"gitId":"hlwang56"},"content":"    public String recvMsg \u003d \"\";","lastModifiedDate":"2022-01-28"},{"lineNumber":8,"author":{"gitId":"hlwang56"},"content":"    public String replyMsg \u003d \"\";","lastModifiedDate":"2022-01-28"},{"lineNumber":9,"author":{"gitId":"hlwang56"},"content":"    Chatbox chatbox \u003d new Chatbox();","lastModifiedDate":"2022-01-28"},{"lineNumber":10,"author":{"gitId":"hlwang56"},"content":"    TaskManager manager \u003d new TaskManager();","lastModifiedDate":"2022-01-28"},{"lineNumber":11,"author":{"gitId":"hlwang56"},"content":"","lastModifiedDate":"2022-01-28"},{"lineNumber":12,"author":{"gitId":"hlwang56"},"content":"    public void addTask(String input) {","lastModifiedDate":"2022-01-28"},{"lineNumber":13,"author":{"gitId":"hlwang56"},"content":"        manager.addTask(input);","lastModifiedDate":"2022-01-28"},{"lineNumber":14,"author":{"gitId":"hlwang56"},"content":"    }","lastModifiedDate":"2022-01-28"},{"lineNumber":15,"author":{"gitId":"hlwang56"},"content":"","lastModifiedDate":"2022-01-28"},{"lineNumber":16,"author":{"gitId":"hlwang56"},"content":"    public void addToDo(String input) {","lastModifiedDate":"2022-02-03"},{"lineNumber":17,"author":{"gitId":"hlwang56"},"content":"        String name \u003d input.replace(\"todo\", \"\");","lastModifiedDate":"2022-02-03"},{"lineNumber":18,"author":{"gitId":"hlwang56"},"content":"        manager.addToDo(name);","lastModifiedDate":"2022-02-03"},{"lineNumber":19,"author":{"gitId":"hlwang56"},"content":"    }","lastModifiedDate":"2022-02-03"},{"lineNumber":20,"author":{"gitId":"hlwang56"},"content":"","lastModifiedDate":"2022-02-03"},{"lineNumber":21,"author":{"gitId":"hlwang56"},"content":"    public void addDeadline(String input) {","lastModifiedDate":"2022-02-03"},{"lineNumber":22,"author":{"gitId":"hlwang56"},"content":"        String[] keywords \u003d input.split(\"/by \");","lastModifiedDate":"2022-02-03"},{"lineNumber":23,"author":{"gitId":"hlwang56"},"content":"        String by \u003d keywords[1];","lastModifiedDate":"2022-02-03"},{"lineNumber":24,"author":{"gitId":"hlwang56"},"content":"        String name \u003d keywords[0].replace(\"deadline \", \"\");","lastModifiedDate":"2022-02-03"},{"lineNumber":25,"author":{"gitId":"hlwang56"},"content":"        manager.addDeadline(name, by);","lastModifiedDate":"2022-02-03"},{"lineNumber":26,"author":{"gitId":"hlwang56"},"content":"    }","lastModifiedDate":"2022-02-03"},{"lineNumber":27,"author":{"gitId":"hlwang56"},"content":"","lastModifiedDate":"2022-02-03"},{"lineNumber":28,"author":{"gitId":"hlwang56"},"content":"    public void addEvent(String input) {","lastModifiedDate":"2022-02-03"},{"lineNumber":29,"author":{"gitId":"hlwang56"},"content":"        String[] keywords \u003d input.split(\"/at \");","lastModifiedDate":"2022-02-03"},{"lineNumber":30,"author":{"gitId":"hlwang56"},"content":"        String by \u003d keywords[1];","lastModifiedDate":"2022-02-03"},{"lineNumber":31,"author":{"gitId":"hlwang56"},"content":"        String name \u003d keywords[0].replace(\"event \", \"\");","lastModifiedDate":"2022-02-03"},{"lineNumber":32,"author":{"gitId":"hlwang56"},"content":"        manager.addEvent(name, by);","lastModifiedDate":"2022-02-03"},{"lineNumber":33,"author":{"gitId":"hlwang56"},"content":"    }","lastModifiedDate":"2022-02-03"},{"lineNumber":34,"author":{"gitId":"hlwang56"},"content":"","lastModifiedDate":"2022-02-03"},{"lineNumber":35,"author":{"gitId":"hlwang56"},"content":"    public void listTask(){","lastModifiedDate":"2022-01-28"},{"lineNumber":36,"author":{"gitId":"hlwang56"},"content":"        manager.listTask();","lastModifiedDate":"2022-01-28"},{"lineNumber":37,"author":{"gitId":"hlwang56"},"content":"    }","lastModifiedDate":"2022-01-28"},{"lineNumber":38,"author":{"gitId":"hlwang56"},"content":"","lastModifiedDate":"2022-01-28"},{"lineNumber":39,"author":{"gitId":"hlwang56"},"content":"    public void greet() {","lastModifiedDate":"2022-01-28"},{"lineNumber":40,"author":{"gitId":"hlwang56"},"content":"        chatbox.setContent(hello);","lastModifiedDate":"2022-01-28"},{"lineNumber":41,"author":{"gitId":"hlwang56"},"content":"        chatbox.chatboxPrinter();","lastModifiedDate":"2022-01-28"},{"lineNumber":42,"author":{"gitId":"hlwang56"},"content":"    }","lastModifiedDate":"2022-01-28"},{"lineNumber":43,"author":{"gitId":"hlwang56"},"content":"","lastModifiedDate":"2022-01-28"},{"lineNumber":44,"author":{"gitId":"hlwang56"},"content":"    public void bye() {","lastModifiedDate":"2022-01-28"},{"lineNumber":45,"author":{"gitId":"hlwang56"},"content":"        chatbox.setContent(goodbye);","lastModifiedDate":"2022-01-28"},{"lineNumber":46,"author":{"gitId":"hlwang56"},"content":"        chatbox.chatboxPrinter();","lastModifiedDate":"2022-01-28"},{"lineNumber":47,"author":{"gitId":"hlwang56"},"content":"        System.exit(0);","lastModifiedDate":"2022-01-28"},{"lineNumber":48,"author":{"gitId":"hlwang56"},"content":"    }","lastModifiedDate":"2022-01-28"},{"lineNumber":49,"author":{"gitId":"hlwang56"},"content":"","lastModifiedDate":"2022-01-28"},{"lineNumber":50,"author":{"gitId":"hlwang56"},"content":"    public void unmarkTask(String input){","lastModifiedDate":"2022-01-29"},{"lineNumber":51,"author":{"gitId":"hlwang56"},"content":"        String[] keywords \u003d input.split(\" \");","lastModifiedDate":"2022-01-29"},{"lineNumber":52,"author":{"gitId":"hlwang56"},"content":"        int index\u003d Integer.parseInt(keywords[1]);","lastModifiedDate":"2022-01-29"},{"lineNumber":53,"author":{"gitId":"hlwang56"},"content":"        manager.unmarkTask(index);","lastModifiedDate":"2022-01-29"},{"lineNumber":54,"author":{"gitId":"hlwang56"},"content":"    }","lastModifiedDate":"2022-01-29"},{"lineNumber":55,"author":{"gitId":"hlwang56"},"content":"","lastModifiedDate":"2022-01-29"},{"lineNumber":56,"author":{"gitId":"hlwang56"},"content":"    public void markTask(String input){","lastModifiedDate":"2022-01-29"},{"lineNumber":57,"author":{"gitId":"hlwang56"},"content":"        String[] keywords \u003d input.split(\" \");","lastModifiedDate":"2022-01-29"},{"lineNumber":58,"author":{"gitId":"hlwang56"},"content":"        int index\u003d Integer.parseInt(keywords[1]);","lastModifiedDate":"2022-01-29"},{"lineNumber":59,"author":{"gitId":"hlwang56"},"content":"        manager.markTask(index);","lastModifiedDate":"2022-01-29"},{"lineNumber":60,"author":{"gitId":"hlwang56"},"content":"    }","lastModifiedDate":"2022-01-29"},{"lineNumber":61,"author":{"gitId":"hlwang56"},"content":"","lastModifiedDate":"2022-01-29"},{"lineNumber":62,"author":{"gitId":"hlwang56"},"content":"    public void replyMsgPrinter(){","lastModifiedDate":"2022-01-29"},{"lineNumber":63,"author":{"gitId":"hlwang56"},"content":"        chatbox.setContent(this.replyMsg);","lastModifiedDate":"2022-01-29"},{"lineNumber":64,"author":{"gitId":"hlwang56"},"content":"        chatbox.chatboxPrinter();","lastModifiedDate":"2022-01-29"},{"lineNumber":65,"author":{"gitId":"hlwang56"},"content":"    }","lastModifiedDate":"2022-01-29"},{"lineNumber":66,"author":{"gitId":"hlwang56"},"content":"","lastModifiedDate":"2022-01-29"},{"lineNumber":67,"author":{"gitId":"hlwang56"},"content":"    public void listen() {","lastModifiedDate":"2022-01-28"},{"lineNumber":68,"author":{"gitId":"hlwang56"},"content":"        Scanner msg \u003d new Scanner(System.in);","lastModifiedDate":"2022-01-28"},{"lineNumber":69,"author":{"gitId":"hlwang56"},"content":"        this.recvMsg \u003d msg.nextLine();","lastModifiedDate":"2022-01-28"},{"lineNumber":70,"author":{"gitId":"hlwang56"},"content":"        String[] keyword \u003d this.recvMsg.toLowerCase(Locale.ROOT).split(\" \");","lastModifiedDate":"2022-01-29"},{"lineNumber":71,"author":{"gitId":"hlwang56"},"content":"        switch (keyword[0]) {","lastModifiedDate":"2022-01-29"},{"lineNumber":72,"author":{"gitId":"hlwang56"},"content":"        case \"bye\":","lastModifiedDate":"2022-01-29"},{"lineNumber":73,"author":{"gitId":"hlwang56"},"content":"            this.bye();","lastModifiedDate":"2022-01-28"},{"lineNumber":74,"author":{"gitId":"hlwang56"},"content":"            break;","lastModifiedDate":"2022-01-29"},{"lineNumber":75,"author":{"gitId":"hlwang56"},"content":"        case \"list\":","lastModifiedDate":"2022-01-29"},{"lineNumber":76,"author":{"gitId":"hlwang56"},"content":"            this.listTask();","lastModifiedDate":"2022-01-28"},{"lineNumber":77,"author":{"gitId":"hlwang56"},"content":"            break;","lastModifiedDate":"2022-01-29"},{"lineNumber":78,"author":{"gitId":"hlwang56"},"content":"        case \"mark\":","lastModifiedDate":"2022-01-29"},{"lineNumber":79,"author":{"gitId":"hlwang56"},"content":"            this.markTask(this.recvMsg);","lastModifiedDate":"2022-01-29"},{"lineNumber":80,"author":{"gitId":"hlwang56"},"content":"            break;","lastModifiedDate":"2022-01-29"},{"lineNumber":81,"author":{"gitId":"hlwang56"},"content":"        case \"unmark\":","lastModifiedDate":"2022-01-29"},{"lineNumber":82,"author":{"gitId":"hlwang56"},"content":"            this.unmarkTask(this.recvMsg);","lastModifiedDate":"2022-01-29"},{"lineNumber":83,"author":{"gitId":"hlwang56"},"content":"            break;","lastModifiedDate":"2022-01-29"},{"lineNumber":84,"author":{"gitId":"hlwang56"},"content":"        case \"deadline\":","lastModifiedDate":"2022-02-03"},{"lineNumber":85,"author":{"gitId":"hlwang56"},"content":"            this.addDeadline(this.recvMsg);","lastModifiedDate":"2022-02-03"},{"lineNumber":86,"author":{"gitId":"hlwang56"},"content":"            break;","lastModifiedDate":"2022-02-03"},{"lineNumber":87,"author":{"gitId":"hlwang56"},"content":"        case \"event\":","lastModifiedDate":"2022-02-03"},{"lineNumber":88,"author":{"gitId":"hlwang56"},"content":"            this.addEvent(this.recvMsg);","lastModifiedDate":"2022-02-03"},{"lineNumber":89,"author":{"gitId":"hlwang56"},"content":"            break;","lastModifiedDate":"2022-02-03"},{"lineNumber":90,"author":{"gitId":"hlwang56"},"content":"        case \"todo\":","lastModifiedDate":"2022-02-03"},{"lineNumber":91,"author":{"gitId":"hlwang56"},"content":"            this.addToDo(this.recvMsg);","lastModifiedDate":"2022-02-03"},{"lineNumber":92,"author":{"gitId":"hlwang56"},"content":"            break;","lastModifiedDate":"2022-02-03"},{"lineNumber":93,"author":{"gitId":"hlwang56"},"content":"        default:","lastModifiedDate":"2022-01-29"},{"lineNumber":94,"author":{"gitId":"hlwang56"},"content":"            this.addTask(this.recvMsg);","lastModifiedDate":"2022-01-28"},{"lineNumber":95,"author":{"gitId":"hlwang56"},"content":"        }","lastModifiedDate":"2022-01-28"},{"lineNumber":96,"author":{"gitId":"hlwang56"},"content":"    }","lastModifiedDate":"2022-01-28"},{"lineNumber":97,"author":{"gitId":"hlwang56"},"content":"","lastModifiedDate":"2022-01-28"},{"lineNumber":98,"author":{"gitId":"hlwang56"},"content":"}","lastModifiedDate":"2022-01-28"}],"authorContributionMap":{"hlwang56":98}},{"path":"src/main/java/Deadline.java","fileType":"java","lines":[{"lineNumber":1,"author":{"gitId":"hlwang56"},"content":"public class Deadline extends Task{","lastModifiedDate":"2022-02-03"},{"lineNumber":2,"author":{"gitId":"hlwang56"},"content":"    public String by;","lastModifiedDate":"2022-02-03"},{"lineNumber":3,"author":{"gitId":"hlwang56"},"content":"","lastModifiedDate":"2022-02-03"},{"lineNumber":4,"author":{"gitId":"hlwang56"},"content":"    public Deadline(String name, String by){","lastModifiedDate":"2022-02-03"},{"lineNumber":5,"author":{"gitId":"hlwang56"},"content":"        super(name);","lastModifiedDate":"2022-02-03"},{"lineNumber":6,"author":{"gitId":"hlwang56"},"content":"        this.by \u003d by;","lastModifiedDate":"2022-02-03"},{"lineNumber":7,"author":{"gitId":"hlwang56"},"content":"        setListName();","lastModifiedDate":"2022-02-03"},{"lineNumber":8,"author":{"gitId":"hlwang56"},"content":"    }","lastModifiedDate":"2022-02-03"},{"lineNumber":9,"author":{"gitId":"hlwang56"},"content":"","lastModifiedDate":"2022-02-03"},{"lineNumber":10,"author":{"gitId":"hlwang56"},"content":"    @Override","lastModifiedDate":"2022-02-03"},{"lineNumber":11,"author":{"gitId":"hlwang56"},"content":"    public void setListName(){","lastModifiedDate":"2022-02-03"},{"lineNumber":12,"author":{"gitId":"hlwang56"},"content":"        if(isDone \u003d\u003d false){","lastModifiedDate":"2022-02-03"},{"lineNumber":13,"author":{"gitId":"hlwang56"},"content":"            this.listName \u003d \"[D]\" + this.unmarkedStatus + this.taskName + \"(by: \" + by + \")\";","lastModifiedDate":"2022-02-03"},{"lineNumber":14,"author":{"gitId":"hlwang56"},"content":"        }else{","lastModifiedDate":"2022-02-03"},{"lineNumber":15,"author":{"gitId":"hlwang56"},"content":"            this.listName \u003d \"[D]\" + this.markedStatus + this.taskName + \"(by: \" + by + \")\";","lastModifiedDate":"2022-02-03"},{"lineNumber":16,"author":{"gitId":"hlwang56"},"content":"        }","lastModifiedDate":"2022-02-03"},{"lineNumber":17,"author":{"gitId":"hlwang56"},"content":"    }","lastModifiedDate":"2022-02-03"},{"lineNumber":18,"author":{"gitId":"hlwang56"},"content":"}","lastModifiedDate":"2022-02-03"}],"authorContributionMap":{"hlwang56":18}},{"path":"src/main/java/Duke.java","fileType":"java","lines":[{"lineNumber":1,"author":{"gitId":"hlwang56"},"content":"import java.util.Scanner;","lastModifiedDate":"2022-01-28"},{"lineNumber":2,"author":{"gitId":"-"},"content":"public class Duke {","lastModifiedDate":"2019-07-29"},{"lineNumber":3,"author":{"gitId":"-"},"content":"    public static void main(String[] args) {","lastModifiedDate":"2019-07-29"},{"lineNumber":4,"author":{"gitId":"hlwang56"},"content":"        Controller bot \u003d new Controller();","lastModifiedDate":"2022-01-28"},{"lineNumber":5,"author":{"gitId":"hlwang56"},"content":"        bot.greet();","lastModifiedDate":"2022-01-28"},{"lineNumber":6,"author":{"gitId":"hlwang56"},"content":"        while(true){","lastModifiedDate":"2022-01-28"},{"lineNumber":7,"author":{"gitId":"hlwang56"},"content":"            bot.listen();","lastModifiedDate":"2022-01-28"},{"lineNumber":8,"author":{"gitId":"hlwang56"},"content":"        }","lastModifiedDate":"2022-01-28"},{"lineNumber":9,"author":{"gitId":"-"},"content":"    }","lastModifiedDate":"2019-07-29"},{"lineNumber":10,"author":{"gitId":"-"},"content":"}","lastModifiedDate":"2019-07-29"}],"authorContributionMap":{"-":4,"hlwang56":6}},{"path":"src/main/java/Event.java","fileType":"java","lines":[{"lineNumber":1,"author":{"gitId":"hlwang56"},"content":"public class Event extends Task{","lastModifiedDate":"2022-02-03"},{"lineNumber":2,"author":{"gitId":"hlwang56"},"content":"    public String by;","lastModifiedDate":"2022-02-03"},{"lineNumber":3,"author":{"gitId":"hlwang56"},"content":"","lastModifiedDate":"2022-02-03"},{"lineNumber":4,"author":{"gitId":"hlwang56"},"content":"    public Event(String name, String by){","lastModifiedDate":"2022-02-03"},{"lineNumber":5,"author":{"gitId":"hlwang56"},"content":"        super(name);","lastModifiedDate":"2022-02-03"},{"lineNumber":6,"author":{"gitId":"hlwang56"},"content":"        this.by \u003d by;","lastModifiedDate":"2022-02-03"},{"lineNumber":7,"author":{"gitId":"hlwang56"},"content":"        setListName();","lastModifiedDate":"2022-02-03"},{"lineNumber":8,"author":{"gitId":"hlwang56"},"content":"    }","lastModifiedDate":"2022-02-03"},{"lineNumber":9,"author":{"gitId":"hlwang56"},"content":"","lastModifiedDate":"2022-02-03"},{"lineNumber":10,"author":{"gitId":"hlwang56"},"content":"    @Override","lastModifiedDate":"2022-02-03"},{"lineNumber":11,"author":{"gitId":"hlwang56"},"content":"    public void setListName(){","lastModifiedDate":"2022-02-03"},{"lineNumber":12,"author":{"gitId":"hlwang56"},"content":"        if(isDone \u003d\u003d false){","lastModifiedDate":"2022-02-03"},{"lineNumber":13,"author":{"gitId":"hlwang56"},"content":"            this.listName \u003d \"[E]\" + this.unmarkedStatus + this.taskName + \"(at: \" + by + \")\";","lastModifiedDate":"2022-02-03"},{"lineNumber":14,"author":{"gitId":"hlwang56"},"content":"        }else{","lastModifiedDate":"2022-02-03"},{"lineNumber":15,"author":{"gitId":"hlwang56"},"content":"            this.listName \u003d \"[E]\" + this.markedStatus + this.taskName + \"(at: \" + by + \")\";","lastModifiedDate":"2022-02-03"},{"lineNumber":16,"author":{"gitId":"hlwang56"},"content":"        }","lastModifiedDate":"2022-02-03"},{"lineNumber":17,"author":{"gitId":"hlwang56"},"content":"    }","lastModifiedDate":"2022-02-03"},{"lineNumber":18,"author":{"gitId":"hlwang56"},"content":"}","lastModifiedDate":"2022-02-03"}],"authorContributionMap":{"hlwang56":18}},{"path":"src/main/java/Task.java","fileType":"java","lines":[{"lineNumber":1,"author":{"gitId":"hlwang56"},"content":"public class Task {","lastModifiedDate":"2022-01-28"},{"lineNumber":2,"author":{"gitId":"hlwang56"},"content":"    public String unmarkedStatus \u003d \"[ ]\";","lastModifiedDate":"2022-01-29"},{"lineNumber":3,"author":{"gitId":"hlwang56"},"content":"    public String markedStatus \u003d \"[X]\";","lastModifiedDate":"2022-01-29"},{"lineNumber":4,"author":{"gitId":"hlwang56"},"content":"    public String taskName \u003d \"\";","lastModifiedDate":"2022-01-28"},{"lineNumber":5,"author":{"gitId":"hlwang56"},"content":"    public boolean isDone \u003d false;","lastModifiedDate":"2022-02-03"},{"lineNumber":6,"author":{"gitId":"hlwang56"},"content":"    public String listName \u003d \"\";","lastModifiedDate":"2022-01-28"},{"lineNumber":7,"author":{"gitId":"hlwang56"},"content":"","lastModifiedDate":"2022-01-28"},{"lineNumber":8,"author":{"gitId":"hlwang56"},"content":"    public Task(String name){","lastModifiedDate":"2022-02-03"},{"lineNumber":9,"author":{"gitId":"hlwang56"},"content":"        this.taskName \u003d name;","lastModifiedDate":"2022-01-28"},{"lineNumber":10,"author":{"gitId":"hlwang56"},"content":"        setListName();","lastModifiedDate":"2022-01-29"},{"lineNumber":11,"author":{"gitId":"hlwang56"},"content":"    }","lastModifiedDate":"2022-01-28"},{"lineNumber":12,"author":{"gitId":"hlwang56"},"content":"","lastModifiedDate":"2022-01-28"},{"lineNumber":13,"author":{"gitId":"hlwang56"},"content":"    public String getTaskName(){","lastModifiedDate":"2022-01-28"},{"lineNumber":14,"author":{"gitId":"hlwang56"},"content":"        return this.taskName;","lastModifiedDate":"2022-01-28"},{"lineNumber":15,"author":{"gitId":"hlwang56"},"content":"    }","lastModifiedDate":"2022-01-28"},{"lineNumber":16,"author":{"gitId":"hlwang56"},"content":"","lastModifiedDate":"2022-01-28"},{"lineNumber":17,"author":{"gitId":"hlwang56"},"content":"    public void setListName(){","lastModifiedDate":"2022-01-28"},{"lineNumber":18,"author":{"gitId":"hlwang56"},"content":"        if(isDone \u003d\u003d false){","lastModifiedDate":"2022-02-03"},{"lineNumber":19,"author":{"gitId":"hlwang56"},"content":"            this.listName \u003d this.unmarkedStatus + this.taskName;","lastModifiedDate":"2022-01-28"},{"lineNumber":20,"author":{"gitId":"hlwang56"},"content":"        }else{","lastModifiedDate":"2022-01-28"},{"lineNumber":21,"author":{"gitId":"hlwang56"},"content":"            this.listName \u003d this.markedStatus + this.taskName;","lastModifiedDate":"2022-01-28"},{"lineNumber":22,"author":{"gitId":"hlwang56"},"content":"        }","lastModifiedDate":"2022-01-28"},{"lineNumber":23,"author":{"gitId":"hlwang56"},"content":"    }","lastModifiedDate":"2022-01-28"},{"lineNumber":24,"author":{"gitId":"hlwang56"},"content":"","lastModifiedDate":"2022-01-28"},{"lineNumber":25,"author":{"gitId":"hlwang56"},"content":"    public String getListName(){","lastModifiedDate":"2022-01-29"},{"lineNumber":26,"author":{"gitId":"hlwang56"},"content":"        return this.listName;","lastModifiedDate":"2022-01-29"},{"lineNumber":27,"author":{"gitId":"hlwang56"},"content":"    }","lastModifiedDate":"2022-01-29"},{"lineNumber":28,"author":{"gitId":"hlwang56"},"content":"","lastModifiedDate":"2022-01-28"},{"lineNumber":29,"author":{"gitId":"hlwang56"},"content":"    public void mark(){","lastModifiedDate":"2022-01-28"},{"lineNumber":30,"author":{"gitId":"hlwang56"},"content":"        this.isDone \u003d true;","lastModifiedDate":"2022-02-03"},{"lineNumber":31,"author":{"gitId":"hlwang56"},"content":"        this.setListName();","lastModifiedDate":"2022-01-29"},{"lineNumber":32,"author":{"gitId":"hlwang56"},"content":"    }","lastModifiedDate":"2022-01-28"},{"lineNumber":33,"author":{"gitId":"hlwang56"},"content":"","lastModifiedDate":"2022-01-28"},{"lineNumber":34,"author":{"gitId":"hlwang56"},"content":"    public void unmark(){","lastModifiedDate":"2022-01-28"},{"lineNumber":35,"author":{"gitId":"hlwang56"},"content":"        this.isDone \u003d false;","lastModifiedDate":"2022-02-03"},{"lineNumber":36,"author":{"gitId":"hlwang56"},"content":"        this.setListName();","lastModifiedDate":"2022-01-29"},{"lineNumber":37,"author":{"gitId":"hlwang56"},"content":"    }","lastModifiedDate":"2022-01-28"},{"lineNumber":38,"author":{"gitId":"hlwang56"},"content":"","lastModifiedDate":"2022-01-28"},{"lineNumber":39,"author":{"gitId":"hlwang56"},"content":"    public void taskPrinter(){","lastModifiedDate":"2022-01-28"},{"lineNumber":40,"author":{"gitId":"hlwang56"},"content":"        System.out.println(listName);","lastModifiedDate":"2022-01-28"},{"lineNumber":41,"author":{"gitId":"hlwang56"},"content":"    }","lastModifiedDate":"2022-01-28"},{"lineNumber":42,"author":{"gitId":"hlwang56"},"content":"}","lastModifiedDate":"2022-01-28"}],"authorContributionMap":{"hlwang56":42}},{"path":"src/main/java/TaskManager.java","fileType":"java","lines":[{"lineNumber":1,"author":{"gitId":"hlwang56"},"content":"import java.util.ArrayList;","lastModifiedDate":"2022-01-28"},{"lineNumber":2,"author":{"gitId":"hlwang56"},"content":"public class TaskManager {","lastModifiedDate":"2022-01-28"},{"lineNumber":3,"author":{"gitId":"hlwang56"},"content":"    private static final ArrayList\u003cTask\u003e Tasks \u003d new ArrayList\u003cTask\u003e();","lastModifiedDate":"2022-01-30"},{"lineNumber":4,"author":{"gitId":"hlwang56"},"content":"    private String addResponse \u003d \"Got it. I\u0027ve added this task:\\n\";","lastModifiedDate":"2022-02-03"},{"lineNumber":5,"author":{"gitId":"hlwang56"},"content":"    Chatbox chatbox \u003d new Chatbox();","lastModifiedDate":"2022-01-28"},{"lineNumber":6,"author":{"gitId":"hlwang56"},"content":"","lastModifiedDate":"2022-01-28"},{"lineNumber":7,"author":{"gitId":"hlwang56"},"content":"    public void addTask(String name){","lastModifiedDate":"2022-01-28"},{"lineNumber":8,"author":{"gitId":"hlwang56"},"content":"        Task newTask \u003d new Task(name);","lastModifiedDate":"2022-02-03"},{"lineNumber":9,"author":{"gitId":"hlwang56"},"content":"        Tasks.add(newTask);","lastModifiedDate":"2022-01-28"},{"lineNumber":10,"author":{"gitId":"hlwang56"},"content":"        chatbox.setContent(\"added: \" + name);","lastModifiedDate":"2022-01-28"},{"lineNumber":11,"author":{"gitId":"hlwang56"},"content":"        chatbox.chatboxPrinter();","lastModifiedDate":"2022-01-28"},{"lineNumber":12,"author":{"gitId":"hlwang56"},"content":"    }","lastModifiedDate":"2022-01-28"},{"lineNumber":13,"author":{"gitId":"hlwang56"},"content":"","lastModifiedDate":"2022-01-28"},{"lineNumber":14,"author":{"gitId":"hlwang56"},"content":"    public void addDeadline(String name, String by){","lastModifiedDate":"2022-02-03"},{"lineNumber":15,"author":{"gitId":"hlwang56"},"content":"        Deadline newDeadline \u003d new Deadline(name, by);","lastModifiedDate":"2022-02-03"},{"lineNumber":16,"author":{"gitId":"hlwang56"},"content":"        Tasks.add(newDeadline);","lastModifiedDate":"2022-02-03"},{"lineNumber":17,"author":{"gitId":"hlwang56"},"content":"        int s \u003d Tasks.size();","lastModifiedDate":"2022-02-03"},{"lineNumber":18,"author":{"gitId":"hlwang56"},"content":"        String response \u003d addResponse + newDeadline.getListName() + \"\\n\" + \"Now you have \" + String.valueOf(s) + \" tasks in your list.\";","lastModifiedDate":"2022-02-03"},{"lineNumber":19,"author":{"gitId":"hlwang56"},"content":"        chatbox.setContent(response);","lastModifiedDate":"2022-02-03"},{"lineNumber":20,"author":{"gitId":"hlwang56"},"content":"        chatbox.chatboxPrinter();","lastModifiedDate":"2022-02-03"},{"lineNumber":21,"author":{"gitId":"hlwang56"},"content":"    }","lastModifiedDate":"2022-02-03"},{"lineNumber":22,"author":{"gitId":"hlwang56"},"content":"","lastModifiedDate":"2022-02-03"},{"lineNumber":23,"author":{"gitId":"hlwang56"},"content":"    public void addEvent(String name, String by){","lastModifiedDate":"2022-02-03"},{"lineNumber":24,"author":{"gitId":"hlwang56"},"content":"        Event newEvent \u003d new Event(name, by);","lastModifiedDate":"2022-02-03"},{"lineNumber":25,"author":{"gitId":"hlwang56"},"content":"        Tasks.add(newEvent);","lastModifiedDate":"2022-02-03"},{"lineNumber":26,"author":{"gitId":"hlwang56"},"content":"        int s \u003d Tasks.size();","lastModifiedDate":"2022-02-03"},{"lineNumber":27,"author":{"gitId":"hlwang56"},"content":"        String response \u003d addResponse + newEvent.getListName() + \"\\n\" + \"Now you have \" + String.valueOf(s) + \" tasks in your list.\";","lastModifiedDate":"2022-02-03"},{"lineNumber":28,"author":{"gitId":"hlwang56"},"content":"        chatbox.setContent(response);","lastModifiedDate":"2022-02-03"},{"lineNumber":29,"author":{"gitId":"hlwang56"},"content":"        chatbox.chatboxPrinter();","lastModifiedDate":"2022-02-03"},{"lineNumber":30,"author":{"gitId":"hlwang56"},"content":"    }","lastModifiedDate":"2022-02-03"},{"lineNumber":31,"author":{"gitId":"hlwang56"},"content":"","lastModifiedDate":"2022-02-03"},{"lineNumber":32,"author":{"gitId":"hlwang56"},"content":"    public void addToDo(String name){","lastModifiedDate":"2022-02-03"},{"lineNumber":33,"author":{"gitId":"hlwang56"},"content":"        ToDo newToDo \u003d new ToDo(name);","lastModifiedDate":"2022-02-03"},{"lineNumber":34,"author":{"gitId":"hlwang56"},"content":"        Tasks.add(newToDo);","lastModifiedDate":"2022-02-03"},{"lineNumber":35,"author":{"gitId":"hlwang56"},"content":"        int s \u003d Tasks.size();","lastModifiedDate":"2022-02-03"},{"lineNumber":36,"author":{"gitId":"hlwang56"},"content":"        String response \u003d addResponse + newToDo.getListName() + \"\\n\" + \"Now you have \" + String.valueOf(s) + \" tasks in your list.\";","lastModifiedDate":"2022-02-03"},{"lineNumber":37,"author":{"gitId":"hlwang56"},"content":"        chatbox.setContent(response);","lastModifiedDate":"2022-02-03"},{"lineNumber":38,"author":{"gitId":"hlwang56"},"content":"        chatbox.chatboxPrinter();","lastModifiedDate":"2022-02-03"},{"lineNumber":39,"author":{"gitId":"hlwang56"},"content":"    }","lastModifiedDate":"2022-02-03"},{"lineNumber":40,"author":{"gitId":"hlwang56"},"content":"","lastModifiedDate":"2022-02-03"},{"lineNumber":41,"author":{"gitId":"hlwang56"},"content":"    public void listTask(){","lastModifiedDate":"2022-01-28"},{"lineNumber":42,"author":{"gitId":"hlwang56"},"content":"        String content \u003d \"Here are the tasks in your list:\\n\";","lastModifiedDate":"2022-01-29"},{"lineNumber":43,"author":{"gitId":"hlwang56"},"content":"        if(Tasks.size() \u003d\u003d 0){","lastModifiedDate":"2022-01-28"},{"lineNumber":44,"author":{"gitId":"hlwang56"},"content":"            content \u003d \"Sorry, there\u0027s no task in the list :(\";","lastModifiedDate":"2022-01-28"},{"lineNumber":45,"author":{"gitId":"hlwang56"},"content":"        }else {","lastModifiedDate":"2022-01-28"},{"lineNumber":46,"author":{"gitId":"hlwang56"},"content":"            for (int i \u003d 0; i \u003c Tasks.size(); i++) {","lastModifiedDate":"2022-01-28"},{"lineNumber":47,"author":{"gitId":"hlwang56"},"content":"                String index \u003d String.valueOf(i + 1);","lastModifiedDate":"2022-01-28"},{"lineNumber":48,"author":{"gitId":"hlwang56"},"content":"                String name \u003d index + \". \" + Tasks.get(i).getListName();","lastModifiedDate":"2022-01-29"},{"lineNumber":49,"author":{"gitId":"hlwang56"},"content":"                content +\u003d name;","lastModifiedDate":"2022-01-28"},{"lineNumber":50,"author":{"gitId":"hlwang56"},"content":"                if(i \u003c Tasks.size() - 1){","lastModifiedDate":"2022-01-28"},{"lineNumber":51,"author":{"gitId":"hlwang56"},"content":"                    content +\u003d \"\\n\";","lastModifiedDate":"2022-01-28"},{"lineNumber":52,"author":{"gitId":"hlwang56"},"content":"                }","lastModifiedDate":"2022-01-28"},{"lineNumber":53,"author":{"gitId":"hlwang56"},"content":"            }","lastModifiedDate":"2022-01-28"},{"lineNumber":54,"author":{"gitId":"hlwang56"},"content":"        }","lastModifiedDate":"2022-01-28"},{"lineNumber":55,"author":{"gitId":"hlwang56"},"content":"        chatbox.setContent(content);","lastModifiedDate":"2022-01-28"},{"lineNumber":56,"author":{"gitId":"hlwang56"},"content":"        chatbox.chatboxPrinter();","lastModifiedDate":"2022-01-28"},{"lineNumber":57,"author":{"gitId":"hlwang56"},"content":"    }","lastModifiedDate":"2022-01-28"},{"lineNumber":58,"author":{"gitId":"hlwang56"},"content":"","lastModifiedDate":"2022-01-28"},{"lineNumber":59,"author":{"gitId":"hlwang56"},"content":"    public void markTask(int n){","lastModifiedDate":"2022-01-29"},{"lineNumber":60,"author":{"gitId":"hlwang56"},"content":"        System.out.println(n);","lastModifiedDate":"2022-01-29"},{"lineNumber":61,"author":{"gitId":"hlwang56"},"content":"        String content \u003d \"\";","lastModifiedDate":"2022-01-29"},{"lineNumber":62,"author":{"gitId":"hlwang56"},"content":"        if(n \u003c 1 || n \u003e Tasks.size()){","lastModifiedDate":"2022-01-29"},{"lineNumber":63,"author":{"gitId":"hlwang56"},"content":"            content \u003d \"Sorry, I could not find the task :/\";","lastModifiedDate":"2022-01-29"},{"lineNumber":64,"author":{"gitId":"hlwang56"},"content":"        }else {","lastModifiedDate":"2022-01-29"},{"lineNumber":65,"author":{"gitId":"hlwang56"},"content":"            //System.out.println(n);","lastModifiedDate":"2022-01-29"},{"lineNumber":66,"author":{"gitId":"hlwang56"},"content":"            Tasks.get(n - 1).mark();","lastModifiedDate":"2022-01-29"},{"lineNumber":67,"author":{"gitId":"hlwang56"},"content":"            content \u003d \"Nice! I\u0027ve marked this task as done:\\n\" + Tasks.get(n - 1).listName;","lastModifiedDate":"2022-01-29"},{"lineNumber":68,"author":{"gitId":"hlwang56"},"content":"        }","lastModifiedDate":"2022-01-29"},{"lineNumber":69,"author":{"gitId":"hlwang56"},"content":"        chatbox.setContent(content);","lastModifiedDate":"2022-01-29"},{"lineNumber":70,"author":{"gitId":"hlwang56"},"content":"        chatbox.chatboxPrinter();","lastModifiedDate":"2022-01-29"},{"lineNumber":71,"author":{"gitId":"hlwang56"},"content":"    }","lastModifiedDate":"2022-01-29"},{"lineNumber":72,"author":{"gitId":"hlwang56"},"content":"","lastModifiedDate":"2022-01-29"},{"lineNumber":73,"author":{"gitId":"hlwang56"},"content":"    public void unmarkTask(int n){","lastModifiedDate":"2022-01-29"},{"lineNumber":74,"author":{"gitId":"hlwang56"},"content":"        String content \u003d \"\";","lastModifiedDate":"2022-01-29"},{"lineNumber":75,"author":{"gitId":"hlwang56"},"content":"        if(n \u003c 1 || n \u003e Tasks.size()){","lastModifiedDate":"2022-01-29"},{"lineNumber":76,"author":{"gitId":"hlwang56"},"content":"            content \u003d \"Sorry, I could not find the task :/\";","lastModifiedDate":"2022-01-29"},{"lineNumber":77,"author":{"gitId":"hlwang56"},"content":"        }else {","lastModifiedDate":"2022-01-29"},{"lineNumber":78,"author":{"gitId":"hlwang56"},"content":"            Tasks.get(n - 1).unmark();","lastModifiedDate":"2022-01-29"},{"lineNumber":79,"author":{"gitId":"hlwang56"},"content":"            content \u003d \"OK, I\u0027ve marked this task as not done yet:\\n\" + Tasks.get(n - 1).listName;","lastModifiedDate":"2022-01-29"},{"lineNumber":80,"author":{"gitId":"hlwang56"},"content":"        }","lastModifiedDate":"2022-01-29"},{"lineNumber":81,"author":{"gitId":"hlwang56"},"content":"        chatbox.setContent(content);","lastModifiedDate":"2022-01-29"},{"lineNumber":82,"author":{"gitId":"hlwang56"},"content":"        chatbox.chatboxPrinter();","lastModifiedDate":"2022-01-29"},{"lineNumber":83,"author":{"gitId":"hlwang56"},"content":"    }","lastModifiedDate":"2022-01-29"},{"lineNumber":84,"author":{"gitId":"hlwang56"},"content":"","lastModifiedDate":"2022-01-29"},{"lineNumber":85,"author":{"gitId":"hlwang56"},"content":"","lastModifiedDate":"2022-01-28"},{"lineNumber":86,"author":{"gitId":"hlwang56"},"content":"}","lastModifiedDate":"2022-01-28"}],"authorContributionMap":{"hlwang56":86}},{"path":"src/main/java/ToDo.java","fileType":"java","lines":[{"lineNumber":1,"author":{"gitId":"hlwang56"},"content":"public class ToDo extends Task{","lastModifiedDate":"2022-02-03"},{"lineNumber":2,"author":{"gitId":"hlwang56"},"content":"","lastModifiedDate":"2022-02-03"},{"lineNumber":3,"author":{"gitId":"hlwang56"},"content":"    public ToDo(String name){","lastModifiedDate":"2022-02-03"},{"lineNumber":4,"author":{"gitId":"hlwang56"},"content":"        super(name);","lastModifiedDate":"2022-02-03"},{"lineNumber":5,"author":{"gitId":"hlwang56"},"content":"    }","lastModifiedDate":"2022-02-03"},{"lineNumber":6,"author":{"gitId":"hlwang56"},"content":"","lastModifiedDate":"2022-02-03"},{"lineNumber":7,"author":{"gitId":"hlwang56"},"content":"    @Override","lastModifiedDate":"2022-02-03"},{"lineNumber":8,"author":{"gitId":"hlwang56"},"content":"    public void setListName(){","lastModifiedDate":"2022-02-03"},{"lineNumber":9,"author":{"gitId":"hlwang56"},"content":"        if(isDone \u003d\u003d false){","lastModifiedDate":"2022-02-03"},{"lineNumber":10,"author":{"gitId":"hlwang56"},"content":"            this.listName \u003d \"[T]\" + this.unmarkedStatus + this.taskName;","lastModifiedDate":"2022-02-03"},{"lineNumber":11,"author":{"gitId":"hlwang56"},"content":"        }else{","lastModifiedDate":"2022-02-03"},{"lineNumber":12,"author":{"gitId":"hlwang56"},"content":"            this.listName \u003d \"[T]\" + this.markedStatus + this.taskName;","lastModifiedDate":"2022-02-03"},{"lineNumber":13,"author":{"gitId":"hlwang56"},"content":"        }","lastModifiedDate":"2022-02-03"},{"lineNumber":14,"author":{"gitId":"hlwang56"},"content":"    }","lastModifiedDate":"2022-02-03"},{"lineNumber":15,"author":{"gitId":"hlwang56"},"content":"}","lastModifiedDate":"2022-02-03"}],"authorContributionMap":{"hlwang56":15}}]
