[{"path":"src/main/java/Chatbox.java","fileType":"java","lines":[{"lineNumber":1,"author":{"gitId":"hlwang56"},"content":"public class Chatbox {","lastModifiedDate":"2022-01-28"},{"lineNumber":2,"author":{"gitId":"hlwang56"},"content":"    private String content \u003d \"\";","lastModifiedDate":"2022-01-28"},{"lineNumber":3,"author":{"gitId":"hlwang56"},"content":"    private String horizontalLine \u003d \"-------------------------------------\";","lastModifiedDate":"2022-01-28"},{"lineNumber":4,"author":{"gitId":"hlwang56"},"content":"","lastModifiedDate":"2022-01-28"},{"lineNumber":5,"author":{"gitId":"hlwang56"},"content":"    public void chatboxPrinter(){","lastModifiedDate":"2022-01-28"},{"lineNumber":6,"author":{"gitId":"hlwang56"},"content":"        System.out.println(content);","lastModifiedDate":"2022-01-28"},{"lineNumber":7,"author":{"gitId":"hlwang56"},"content":"        System.out.println(horizontalLine);","lastModifiedDate":"2022-01-28"},{"lineNumber":8,"author":{"gitId":"hlwang56"},"content":"    }","lastModifiedDate":"2022-01-28"},{"lineNumber":9,"author":{"gitId":"hlwang56"},"content":"","lastModifiedDate":"2022-01-28"},{"lineNumber":10,"author":{"gitId":"hlwang56"},"content":"    public void linePrinter(){","lastModifiedDate":"2022-01-28"},{"lineNumber":11,"author":{"gitId":"hlwang56"},"content":"        System.out.println(horizontalLine);","lastModifiedDate":"2022-01-28"},{"lineNumber":12,"author":{"gitId":"hlwang56"},"content":"    }","lastModifiedDate":"2022-01-28"},{"lineNumber":13,"author":{"gitId":"hlwang56"},"content":"","lastModifiedDate":"2022-01-28"},{"lineNumber":14,"author":{"gitId":"hlwang56"},"content":"    public void setContent(String input){","lastModifiedDate":"2022-01-28"},{"lineNumber":15,"author":{"gitId":"hlwang56"},"content":"        this.content \u003d input;","lastModifiedDate":"2022-01-28"},{"lineNumber":16,"author":{"gitId":"hlwang56"},"content":"    }","lastModifiedDate":"2022-01-28"},{"lineNumber":17,"author":{"gitId":"hlwang56"},"content":"","lastModifiedDate":"2022-01-28"},{"lineNumber":18,"author":{"gitId":"hlwang56"},"content":"","lastModifiedDate":"2022-01-28"},{"lineNumber":19,"author":{"gitId":"hlwang56"},"content":"}","lastModifiedDate":"2022-01-28"}],"authorContributionMap":{"hlwang56":19}},{"path":"src/main/java/Controller.java","fileType":"java","lines":[{"lineNumber":1,"author":{"gitId":"hlwang56"},"content":"import java.util.Locale;","lastModifiedDate":"2022-01-28"},{"lineNumber":2,"author":{"gitId":"hlwang56"},"content":"import java.util.Scanner;","lastModifiedDate":"2022-01-28"},{"lineNumber":3,"author":{"gitId":"hlwang56"},"content":"","lastModifiedDate":"2022-01-28"},{"lineNumber":4,"author":{"gitId":"hlwang56"},"content":"public class Controller {","lastModifiedDate":"2022-01-28"},{"lineNumber":5,"author":{"gitId":"hlwang56"},"content":"    public String hello \u003d \"Hello! I\u0027m Duke :P\\nWhat can I do for you?\";","lastModifiedDate":"2022-01-28"},{"lineNumber":6,"author":{"gitId":"hlwang56"},"content":"    public String goodbye \u003d \"Bye. Hope to see you again soon! ;)\";","lastModifiedDate":"2022-01-28"},{"lineNumber":7,"author":{"gitId":"hlwang56"},"content":"    public String recvMsg \u003d \"\";","lastModifiedDate":"2022-01-28"},{"lineNumber":8,"author":{"gitId":"hlwang56"},"content":"    public String replyMsg \u003d \"\";","lastModifiedDate":"2022-01-28"},{"lineNumber":9,"author":{"gitId":"hlwang56"},"content":"    Chatbox chatbox \u003d new Chatbox();","lastModifiedDate":"2022-01-28"},{"lineNumber":10,"author":{"gitId":"hlwang56"},"content":"    TaskManager manager \u003d new TaskManager();","lastModifiedDate":"2022-01-28"},{"lineNumber":11,"author":{"gitId":"hlwang56"},"content":"","lastModifiedDate":"2022-01-28"},{"lineNumber":12,"author":{"gitId":"hlwang56"},"content":"    public void addTask(String input) {","lastModifiedDate":"2022-01-28"},{"lineNumber":13,"author":{"gitId":"hlwang56"},"content":"        manager.addTask(input);","lastModifiedDate":"2022-01-28"},{"lineNumber":14,"author":{"gitId":"hlwang56"},"content":"    }","lastModifiedDate":"2022-01-28"},{"lineNumber":15,"author":{"gitId":"hlwang56"},"content":"","lastModifiedDate":"2022-01-28"},{"lineNumber":16,"author":{"gitId":"hlwang56"},"content":"    public void listTask(){","lastModifiedDate":"2022-01-28"},{"lineNumber":17,"author":{"gitId":"hlwang56"},"content":"        manager.listTask();","lastModifiedDate":"2022-01-28"},{"lineNumber":18,"author":{"gitId":"hlwang56"},"content":"    }","lastModifiedDate":"2022-01-28"},{"lineNumber":19,"author":{"gitId":"hlwang56"},"content":"","lastModifiedDate":"2022-01-28"},{"lineNumber":20,"author":{"gitId":"hlwang56"},"content":"    public void greet() {","lastModifiedDate":"2022-01-28"},{"lineNumber":21,"author":{"gitId":"hlwang56"},"content":"        chatbox.setContent(hello);","lastModifiedDate":"2022-01-28"},{"lineNumber":22,"author":{"gitId":"hlwang56"},"content":"        chatbox.chatboxPrinter();","lastModifiedDate":"2022-01-28"},{"lineNumber":23,"author":{"gitId":"hlwang56"},"content":"    }","lastModifiedDate":"2022-01-28"},{"lineNumber":24,"author":{"gitId":"hlwang56"},"content":"","lastModifiedDate":"2022-01-28"},{"lineNumber":25,"author":{"gitId":"hlwang56"},"content":"    public void bye() {","lastModifiedDate":"2022-01-28"},{"lineNumber":26,"author":{"gitId":"hlwang56"},"content":"        chatbox.setContent(goodbye);","lastModifiedDate":"2022-01-28"},{"lineNumber":27,"author":{"gitId":"hlwang56"},"content":"        chatbox.chatboxPrinter();","lastModifiedDate":"2022-01-28"},{"lineNumber":28,"author":{"gitId":"hlwang56"},"content":"        System.exit(0);","lastModifiedDate":"2022-01-28"},{"lineNumber":29,"author":{"gitId":"hlwang56"},"content":"    }","lastModifiedDate":"2022-01-28"},{"lineNumber":30,"author":{"gitId":"hlwang56"},"content":"","lastModifiedDate":"2022-01-28"},{"lineNumber":31,"author":{"gitId":"hlwang56"},"content":"    public void unmarkTask(String input){","lastModifiedDate":"2022-01-29"},{"lineNumber":32,"author":{"gitId":"hlwang56"},"content":"        String[] keywords \u003d input.split(\" \");","lastModifiedDate":"2022-01-29"},{"lineNumber":33,"author":{"gitId":"hlwang56"},"content":"        int index\u003d Integer.parseInt(keywords[1]);","lastModifiedDate":"2022-01-29"},{"lineNumber":34,"author":{"gitId":"hlwang56"},"content":"        manager.unmarkTask(index);","lastModifiedDate":"2022-01-29"},{"lineNumber":35,"author":{"gitId":"hlwang56"},"content":"    }","lastModifiedDate":"2022-01-29"},{"lineNumber":36,"author":{"gitId":"hlwang56"},"content":"","lastModifiedDate":"2022-01-29"},{"lineNumber":37,"author":{"gitId":"hlwang56"},"content":"    public void markTask(String input){","lastModifiedDate":"2022-01-29"},{"lineNumber":38,"author":{"gitId":"hlwang56"},"content":"        String[] keywords \u003d input.split(\" \");","lastModifiedDate":"2022-01-29"},{"lineNumber":39,"author":{"gitId":"hlwang56"},"content":"        int index\u003d Integer.parseInt(keywords[1]);","lastModifiedDate":"2022-01-29"},{"lineNumber":40,"author":{"gitId":"hlwang56"},"content":"        manager.markTask(index);","lastModifiedDate":"2022-01-29"},{"lineNumber":41,"author":{"gitId":"hlwang56"},"content":"    }","lastModifiedDate":"2022-01-29"},{"lineNumber":42,"author":{"gitId":"hlwang56"},"content":"","lastModifiedDate":"2022-01-29"},{"lineNumber":43,"author":{"gitId":"hlwang56"},"content":"    public void replyMsgPrinter(){","lastModifiedDate":"2022-01-29"},{"lineNumber":44,"author":{"gitId":"hlwang56"},"content":"        chatbox.setContent(this.replyMsg);","lastModifiedDate":"2022-01-29"},{"lineNumber":45,"author":{"gitId":"hlwang56"},"content":"        chatbox.chatboxPrinter();","lastModifiedDate":"2022-01-29"},{"lineNumber":46,"author":{"gitId":"hlwang56"},"content":"    }","lastModifiedDate":"2022-01-29"},{"lineNumber":47,"author":{"gitId":"hlwang56"},"content":"","lastModifiedDate":"2022-01-29"},{"lineNumber":48,"author":{"gitId":"hlwang56"},"content":"","lastModifiedDate":"2022-01-28"},{"lineNumber":49,"author":{"gitId":"hlwang56"},"content":"","lastModifiedDate":"2022-01-28"},{"lineNumber":50,"author":{"gitId":"hlwang56"},"content":"    public void listen() {","lastModifiedDate":"2022-01-28"},{"lineNumber":51,"author":{"gitId":"hlwang56"},"content":"        Scanner msg \u003d new Scanner(System.in);","lastModifiedDate":"2022-01-28"},{"lineNumber":52,"author":{"gitId":"hlwang56"},"content":"        this.recvMsg \u003d msg.nextLine();","lastModifiedDate":"2022-01-28"},{"lineNumber":53,"author":{"gitId":"hlwang56"},"content":"        String[] keyword \u003d this.recvMsg.toLowerCase(Locale.ROOT).split(\" \");","lastModifiedDate":"2022-01-29"},{"lineNumber":54,"author":{"gitId":"hlwang56"},"content":"        switch (keyword[0]) {","lastModifiedDate":"2022-01-29"},{"lineNumber":55,"author":{"gitId":"hlwang56"},"content":"        case \"bye\":","lastModifiedDate":"2022-01-29"},{"lineNumber":56,"author":{"gitId":"hlwang56"},"content":"            this.bye();","lastModifiedDate":"2022-01-28"},{"lineNumber":57,"author":{"gitId":"hlwang56"},"content":"            break;","lastModifiedDate":"2022-01-29"},{"lineNumber":58,"author":{"gitId":"hlwang56"},"content":"        case \"list\":","lastModifiedDate":"2022-01-29"},{"lineNumber":59,"author":{"gitId":"hlwang56"},"content":"            this.listTask();","lastModifiedDate":"2022-01-28"},{"lineNumber":60,"author":{"gitId":"hlwang56"},"content":"            break;","lastModifiedDate":"2022-01-29"},{"lineNumber":61,"author":{"gitId":"hlwang56"},"content":"        case \"mark\":","lastModifiedDate":"2022-01-29"},{"lineNumber":62,"author":{"gitId":"hlwang56"},"content":"            this.markTask(this.recvMsg);","lastModifiedDate":"2022-01-29"},{"lineNumber":63,"author":{"gitId":"hlwang56"},"content":"            break;","lastModifiedDate":"2022-01-29"},{"lineNumber":64,"author":{"gitId":"hlwang56"},"content":"        case \"unmark\":","lastModifiedDate":"2022-01-29"},{"lineNumber":65,"author":{"gitId":"hlwang56"},"content":"            this.unmarkTask(this.recvMsg);","lastModifiedDate":"2022-01-29"},{"lineNumber":66,"author":{"gitId":"hlwang56"},"content":"            break;","lastModifiedDate":"2022-01-29"},{"lineNumber":67,"author":{"gitId":"hlwang56"},"content":"        default:","lastModifiedDate":"2022-01-29"},{"lineNumber":68,"author":{"gitId":"hlwang56"},"content":"            this.addTask(this.recvMsg);","lastModifiedDate":"2022-01-28"},{"lineNumber":69,"author":{"gitId":"hlwang56"},"content":"        }","lastModifiedDate":"2022-01-28"},{"lineNumber":70,"author":{"gitId":"hlwang56"},"content":"    }","lastModifiedDate":"2022-01-28"},{"lineNumber":71,"author":{"gitId":"hlwang56"},"content":"","lastModifiedDate":"2022-01-28"},{"lineNumber":72,"author":{"gitId":"hlwang56"},"content":"}","lastModifiedDate":"2022-01-28"}],"authorContributionMap":{"hlwang56":72}},{"path":"src/main/java/Duke.java","fileType":"java","lines":[{"lineNumber":1,"author":{"gitId":"hlwang56"},"content":"import java.util.Scanner;","lastModifiedDate":"2022-01-28"},{"lineNumber":2,"author":{"gitId":"-"},"content":"public class Duke {","lastModifiedDate":"2019-07-29"},{"lineNumber":3,"author":{"gitId":"-"},"content":"    public static void main(String[] args) {","lastModifiedDate":"2019-07-29"},{"lineNumber":4,"author":{"gitId":"hlwang56"},"content":"        Controller bot \u003d new Controller();","lastModifiedDate":"2022-01-28"},{"lineNumber":5,"author":{"gitId":"hlwang56"},"content":"        bot.greet();","lastModifiedDate":"2022-01-28"},{"lineNumber":6,"author":{"gitId":"hlwang56"},"content":"        while(true){","lastModifiedDate":"2022-01-28"},{"lineNumber":7,"author":{"gitId":"hlwang56"},"content":"            bot.listen();","lastModifiedDate":"2022-01-28"},{"lineNumber":8,"author":{"gitId":"hlwang56"},"content":"        }","lastModifiedDate":"2022-01-28"},{"lineNumber":9,"author":{"gitId":"-"},"content":"    }","lastModifiedDate":"2019-07-29"},{"lineNumber":10,"author":{"gitId":"-"},"content":"}","lastModifiedDate":"2019-07-29"}],"authorContributionMap":{"-":4,"hlwang56":6}},{"path":"src/main/java/Task.java","fileType":"java","lines":[{"lineNumber":1,"author":{"gitId":"hlwang56"},"content":"public class Task {","lastModifiedDate":"2022-01-28"},{"lineNumber":2,"author":{"gitId":"hlwang56"},"content":"    public String unmarkedStatus \u003d \"[ ]\";","lastModifiedDate":"2022-01-29"},{"lineNumber":3,"author":{"gitId":"hlwang56"},"content":"    public String markedStatus \u003d \"[X]\";","lastModifiedDate":"2022-01-29"},{"lineNumber":4,"author":{"gitId":"hlwang56"},"content":"    public String taskName \u003d \"\";","lastModifiedDate":"2022-01-28"},{"lineNumber":5,"author":{"gitId":"hlwang56"},"content":"    public int status \u003d 0;","lastModifiedDate":"2022-01-29"},{"lineNumber":6,"author":{"gitId":"hlwang56"},"content":"    public String listName \u003d \"\";","lastModifiedDate":"2022-01-28"},{"lineNumber":7,"author":{"gitId":"hlwang56"},"content":"","lastModifiedDate":"2022-01-28"},{"lineNumber":8,"author":{"gitId":"hlwang56"},"content":"    public void setName(String name){","lastModifiedDate":"2022-01-28"},{"lineNumber":9,"author":{"gitId":"hlwang56"},"content":"        this.taskName \u003d name;","lastModifiedDate":"2022-01-28"},{"lineNumber":10,"author":{"gitId":"hlwang56"},"content":"        setListName();","lastModifiedDate":"2022-01-29"},{"lineNumber":11,"author":{"gitId":"hlwang56"},"content":"    }","lastModifiedDate":"2022-01-28"},{"lineNumber":12,"author":{"gitId":"hlwang56"},"content":"","lastModifiedDate":"2022-01-28"},{"lineNumber":13,"author":{"gitId":"hlwang56"},"content":"    public String getTaskName(){","lastModifiedDate":"2022-01-28"},{"lineNumber":14,"author":{"gitId":"hlwang56"},"content":"        return this.taskName;","lastModifiedDate":"2022-01-28"},{"lineNumber":15,"author":{"gitId":"hlwang56"},"content":"    }","lastModifiedDate":"2022-01-28"},{"lineNumber":16,"author":{"gitId":"hlwang56"},"content":"","lastModifiedDate":"2022-01-28"},{"lineNumber":17,"author":{"gitId":"hlwang56"},"content":"    public void setListName(){","lastModifiedDate":"2022-01-28"},{"lineNumber":18,"author":{"gitId":"hlwang56"},"content":"        if(status \u003d\u003d 0){","lastModifiedDate":"2022-01-28"},{"lineNumber":19,"author":{"gitId":"hlwang56"},"content":"            this.listName \u003d this.unmarkedStatus + this.taskName;","lastModifiedDate":"2022-01-28"},{"lineNumber":20,"author":{"gitId":"hlwang56"},"content":"        }else{","lastModifiedDate":"2022-01-28"},{"lineNumber":21,"author":{"gitId":"hlwang56"},"content":"            this.listName \u003d this.markedStatus + this.taskName;","lastModifiedDate":"2022-01-28"},{"lineNumber":22,"author":{"gitId":"hlwang56"},"content":"        }","lastModifiedDate":"2022-01-28"},{"lineNumber":23,"author":{"gitId":"hlwang56"},"content":"    }","lastModifiedDate":"2022-01-28"},{"lineNumber":24,"author":{"gitId":"hlwang56"},"content":"","lastModifiedDate":"2022-01-28"},{"lineNumber":25,"author":{"gitId":"hlwang56"},"content":"    public String getListName(){","lastModifiedDate":"2022-01-29"},{"lineNumber":26,"author":{"gitId":"hlwang56"},"content":"        return this.listName;","lastModifiedDate":"2022-01-29"},{"lineNumber":27,"author":{"gitId":"hlwang56"},"content":"    }","lastModifiedDate":"2022-01-29"},{"lineNumber":28,"author":{"gitId":"hlwang56"},"content":"","lastModifiedDate":"2022-01-28"},{"lineNumber":29,"author":{"gitId":"hlwang56"},"content":"    public void mark(){","lastModifiedDate":"2022-01-28"},{"lineNumber":30,"author":{"gitId":"hlwang56"},"content":"        this.status \u003d 1;","lastModifiedDate":"2022-01-28"},{"lineNumber":31,"author":{"gitId":"hlwang56"},"content":"        this.setListName();","lastModifiedDate":"2022-01-29"},{"lineNumber":32,"author":{"gitId":"hlwang56"},"content":"    }","lastModifiedDate":"2022-01-28"},{"lineNumber":33,"author":{"gitId":"hlwang56"},"content":"","lastModifiedDate":"2022-01-28"},{"lineNumber":34,"author":{"gitId":"hlwang56"},"content":"    public void unmark(){","lastModifiedDate":"2022-01-28"},{"lineNumber":35,"author":{"gitId":"hlwang56"},"content":"        this.status \u003d 0;","lastModifiedDate":"2022-01-28"},{"lineNumber":36,"author":{"gitId":"hlwang56"},"content":"        this.setListName();","lastModifiedDate":"2022-01-29"},{"lineNumber":37,"author":{"gitId":"hlwang56"},"content":"    }","lastModifiedDate":"2022-01-28"},{"lineNumber":38,"author":{"gitId":"hlwang56"},"content":"","lastModifiedDate":"2022-01-28"},{"lineNumber":39,"author":{"gitId":"hlwang56"},"content":"    public void taskPrinter(){","lastModifiedDate":"2022-01-28"},{"lineNumber":40,"author":{"gitId":"hlwang56"},"content":"        System.out.println(listName);","lastModifiedDate":"2022-01-28"},{"lineNumber":41,"author":{"gitId":"hlwang56"},"content":"    }","lastModifiedDate":"2022-01-28"},{"lineNumber":42,"author":{"gitId":"hlwang56"},"content":"","lastModifiedDate":"2022-01-28"},{"lineNumber":43,"author":{"gitId":"hlwang56"},"content":"","lastModifiedDate":"2022-01-28"},{"lineNumber":44,"author":{"gitId":"hlwang56"},"content":"}","lastModifiedDate":"2022-01-28"}],"authorContributionMap":{"hlwang56":44}},{"path":"src/main/java/TaskManager.java","fileType":"java","lines":[{"lineNumber":1,"author":{"gitId":"hlwang56"},"content":"import java.util.ArrayList;","lastModifiedDate":"2022-01-28"},{"lineNumber":2,"author":{"gitId":"hlwang56"},"content":"public class TaskManager {","lastModifiedDate":"2022-01-28"},{"lineNumber":3,"author":{"gitId":"hlwang56"},"content":"    private static ArrayList\u003cTask\u003e Tasks \u003d new ArrayList\u003cTask\u003e();","lastModifiedDate":"2022-01-28"},{"lineNumber":4,"author":{"gitId":"hlwang56"},"content":"    Chatbox chatbox \u003d new Chatbox();","lastModifiedDate":"2022-01-28"},{"lineNumber":5,"author":{"gitId":"hlwang56"},"content":"","lastModifiedDate":"2022-01-28"},{"lineNumber":6,"author":{"gitId":"hlwang56"},"content":"    public void addTask(String name){","lastModifiedDate":"2022-01-28"},{"lineNumber":7,"author":{"gitId":"hlwang56"},"content":"        Task newTask \u003d new Task();","lastModifiedDate":"2022-01-28"},{"lineNumber":8,"author":{"gitId":"hlwang56"},"content":"        newTask.setName(name);","lastModifiedDate":"2022-01-28"},{"lineNumber":9,"author":{"gitId":"hlwang56"},"content":"        Tasks.add(newTask);","lastModifiedDate":"2022-01-28"},{"lineNumber":10,"author":{"gitId":"hlwang56"},"content":"        chatbox.setContent(\"added: \" + name);","lastModifiedDate":"2022-01-28"},{"lineNumber":11,"author":{"gitId":"hlwang56"},"content":"        chatbox.chatboxPrinter();","lastModifiedDate":"2022-01-28"},{"lineNumber":12,"author":{"gitId":"hlwang56"},"content":"    }","lastModifiedDate":"2022-01-28"},{"lineNumber":13,"author":{"gitId":"hlwang56"},"content":"","lastModifiedDate":"2022-01-28"},{"lineNumber":14,"author":{"gitId":"hlwang56"},"content":"    public void listTask(){","lastModifiedDate":"2022-01-28"},{"lineNumber":15,"author":{"gitId":"hlwang56"},"content":"        String content \u003d \"Here are the tasks in your list:\\n\";","lastModifiedDate":"2022-01-29"},{"lineNumber":16,"author":{"gitId":"hlwang56"},"content":"        if(Tasks.size() \u003d\u003d 0){","lastModifiedDate":"2022-01-28"},{"lineNumber":17,"author":{"gitId":"hlwang56"},"content":"            content \u003d \"Sorry, there\u0027s no task in the list :(\";","lastModifiedDate":"2022-01-28"},{"lineNumber":18,"author":{"gitId":"hlwang56"},"content":"        }else {","lastModifiedDate":"2022-01-28"},{"lineNumber":19,"author":{"gitId":"hlwang56"},"content":"            for (int i \u003d 0; i \u003c Tasks.size(); i++) {","lastModifiedDate":"2022-01-28"},{"lineNumber":20,"author":{"gitId":"hlwang56"},"content":"                String index \u003d String.valueOf(i + 1);","lastModifiedDate":"2022-01-28"},{"lineNumber":21,"author":{"gitId":"hlwang56"},"content":"                String name \u003d index + \". \" + Tasks.get(i).getListName();","lastModifiedDate":"2022-01-29"},{"lineNumber":22,"author":{"gitId":"hlwang56"},"content":"                content +\u003d name;","lastModifiedDate":"2022-01-28"},{"lineNumber":23,"author":{"gitId":"hlwang56"},"content":"                if(i \u003c Tasks.size() - 1){","lastModifiedDate":"2022-01-28"},{"lineNumber":24,"author":{"gitId":"hlwang56"},"content":"                    content +\u003d \"\\n\";","lastModifiedDate":"2022-01-28"},{"lineNumber":25,"author":{"gitId":"hlwang56"},"content":"                }","lastModifiedDate":"2022-01-28"},{"lineNumber":26,"author":{"gitId":"hlwang56"},"content":"            }","lastModifiedDate":"2022-01-28"},{"lineNumber":27,"author":{"gitId":"hlwang56"},"content":"        }","lastModifiedDate":"2022-01-28"},{"lineNumber":28,"author":{"gitId":"hlwang56"},"content":"        chatbox.setContent(content);","lastModifiedDate":"2022-01-28"},{"lineNumber":29,"author":{"gitId":"hlwang56"},"content":"        chatbox.chatboxPrinter();","lastModifiedDate":"2022-01-28"},{"lineNumber":30,"author":{"gitId":"hlwang56"},"content":"    }","lastModifiedDate":"2022-01-28"},{"lineNumber":31,"author":{"gitId":"hlwang56"},"content":"","lastModifiedDate":"2022-01-28"},{"lineNumber":32,"author":{"gitId":"hlwang56"},"content":"    public void markTask(int n){","lastModifiedDate":"2022-01-29"},{"lineNumber":33,"author":{"gitId":"hlwang56"},"content":"        System.out.println(n);","lastModifiedDate":"2022-01-29"},{"lineNumber":34,"author":{"gitId":"hlwang56"},"content":"        String content \u003d \"\";","lastModifiedDate":"2022-01-29"},{"lineNumber":35,"author":{"gitId":"hlwang56"},"content":"        if(n \u003c 1 || n \u003e Tasks.size()){","lastModifiedDate":"2022-01-29"},{"lineNumber":36,"author":{"gitId":"hlwang56"},"content":"            content \u003d \"Sorry, I could not find the task :/\";","lastModifiedDate":"2022-01-29"},{"lineNumber":37,"author":{"gitId":"hlwang56"},"content":"        }else {","lastModifiedDate":"2022-01-29"},{"lineNumber":38,"author":{"gitId":"hlwang56"},"content":"            //System.out.println(n);","lastModifiedDate":"2022-01-29"},{"lineNumber":39,"author":{"gitId":"hlwang56"},"content":"            Tasks.get(n - 1).mark();","lastModifiedDate":"2022-01-29"},{"lineNumber":40,"author":{"gitId":"hlwang56"},"content":"            content \u003d \"Nice! I\u0027ve marked this task as done:\\n\" + Tasks.get(n - 1).listName;","lastModifiedDate":"2022-01-29"},{"lineNumber":41,"author":{"gitId":"hlwang56"},"content":"        }","lastModifiedDate":"2022-01-29"},{"lineNumber":42,"author":{"gitId":"hlwang56"},"content":"        chatbox.setContent(content);","lastModifiedDate":"2022-01-29"},{"lineNumber":43,"author":{"gitId":"hlwang56"},"content":"        chatbox.chatboxPrinter();","lastModifiedDate":"2022-01-29"},{"lineNumber":44,"author":{"gitId":"hlwang56"},"content":"    }","lastModifiedDate":"2022-01-29"},{"lineNumber":45,"author":{"gitId":"hlwang56"},"content":"","lastModifiedDate":"2022-01-29"},{"lineNumber":46,"author":{"gitId":"hlwang56"},"content":"    public void unmarkTask(int n){","lastModifiedDate":"2022-01-29"},{"lineNumber":47,"author":{"gitId":"hlwang56"},"content":"        String content \u003d \"\";","lastModifiedDate":"2022-01-29"},{"lineNumber":48,"author":{"gitId":"hlwang56"},"content":"        if(n \u003c 1 || n \u003e Tasks.size()){","lastModifiedDate":"2022-01-29"},{"lineNumber":49,"author":{"gitId":"hlwang56"},"content":"            content \u003d \"Sorry, I could not find the task :/\";","lastModifiedDate":"2022-01-29"},{"lineNumber":50,"author":{"gitId":"hlwang56"},"content":"        }else {","lastModifiedDate":"2022-01-29"},{"lineNumber":51,"author":{"gitId":"hlwang56"},"content":"            Tasks.get(n - 1).unmark();","lastModifiedDate":"2022-01-29"},{"lineNumber":52,"author":{"gitId":"hlwang56"},"content":"            content \u003d \"OK, I\u0027ve marked this task as not done yet:\\n\" + Tasks.get(n - 1).listName;","lastModifiedDate":"2022-01-29"},{"lineNumber":53,"author":{"gitId":"hlwang56"},"content":"        }","lastModifiedDate":"2022-01-29"},{"lineNumber":54,"author":{"gitId":"hlwang56"},"content":"        chatbox.setContent(content);","lastModifiedDate":"2022-01-29"},{"lineNumber":55,"author":{"gitId":"hlwang56"},"content":"        chatbox.chatboxPrinter();","lastModifiedDate":"2022-01-29"},{"lineNumber":56,"author":{"gitId":"hlwang56"},"content":"    }","lastModifiedDate":"2022-01-29"},{"lineNumber":57,"author":{"gitId":"hlwang56"},"content":"","lastModifiedDate":"2022-01-29"},{"lineNumber":58,"author":{"gitId":"hlwang56"},"content":"","lastModifiedDate":"2022-01-28"},{"lineNumber":59,"author":{"gitId":"hlwang56"},"content":"}","lastModifiedDate":"2022-01-28"}],"authorContributionMap":{"hlwang56":59}}]
