[{"path":"src/main/java/Chatbox.java","fileType":"java","lines":[{"lineNumber":1,"author":{"gitId":"hlwang56"},"content":"public class Chatbox {","lastModifiedDate":"2022-01-28"},{"lineNumber":2,"author":{"gitId":"hlwang56"},"content":"    private String content \u003d \"\";","lastModifiedDate":"2022-01-28"},{"lineNumber":3,"author":{"gitId":"hlwang56"},"content":"    private final String horizontalLine \u003d \"-------------------------------------\";","lastModifiedDate":"2022-01-30"},{"lineNumber":4,"author":{"gitId":"hlwang56"},"content":"","lastModifiedDate":"2022-01-28"},{"lineNumber":5,"author":{"gitId":"hlwang56"},"content":"    public void chatboxPrinter(){","lastModifiedDate":"2022-01-28"},{"lineNumber":6,"author":{"gitId":"hlwang56"},"content":"        System.out.println(content);","lastModifiedDate":"2022-01-28"},{"lineNumber":7,"author":{"gitId":"hlwang56"},"content":"        System.out.println(horizontalLine);","lastModifiedDate":"2022-01-28"},{"lineNumber":8,"author":{"gitId":"hlwang56"},"content":"    }","lastModifiedDate":"2022-01-28"},{"lineNumber":9,"author":{"gitId":"hlwang56"},"content":"","lastModifiedDate":"2022-01-28"},{"lineNumber":10,"author":{"gitId":"hlwang56"},"content":"    public void linePrinter(){","lastModifiedDate":"2022-01-28"},{"lineNumber":11,"author":{"gitId":"hlwang56"},"content":"        System.out.println(horizontalLine);","lastModifiedDate":"2022-01-28"},{"lineNumber":12,"author":{"gitId":"hlwang56"},"content":"    }","lastModifiedDate":"2022-01-28"},{"lineNumber":13,"author":{"gitId":"hlwang56"},"content":"","lastModifiedDate":"2022-01-28"},{"lineNumber":14,"author":{"gitId":"hlwang56"},"content":"    public void setContent(String input){","lastModifiedDate":"2022-01-28"},{"lineNumber":15,"author":{"gitId":"hlwang56"},"content":"        this.content \u003d input;","lastModifiedDate":"2022-01-28"},{"lineNumber":16,"author":{"gitId":"hlwang56"},"content":"    }","lastModifiedDate":"2022-01-28"},{"lineNumber":17,"author":{"gitId":"hlwang56"},"content":"","lastModifiedDate":"2022-01-28"},{"lineNumber":18,"author":{"gitId":"hlwang56"},"content":"","lastModifiedDate":"2022-01-28"},{"lineNumber":19,"author":{"gitId":"hlwang56"},"content":"}","lastModifiedDate":"2022-01-28"}],"authorContributionMap":{"hlwang56":19}},{"path":"src/main/java/Controller.java","fileType":"java","lines":[{"lineNumber":1,"author":{"gitId":"hlwang56"},"content":"import java.util.Locale;","lastModifiedDate":"2022-01-28"},{"lineNumber":2,"author":{"gitId":"hlwang56"},"content":"import java.util.Scanner;","lastModifiedDate":"2022-01-28"},{"lineNumber":3,"author":{"gitId":"hlwang56"},"content":"","lastModifiedDate":"2022-01-28"},{"lineNumber":4,"author":{"gitId":"hlwang56"},"content":"public class Controller {","lastModifiedDate":"2022-01-28"},{"lineNumber":5,"author":{"gitId":"hlwang56"},"content":"    protected String HELLO_WORDS \u003d \"Hello! I\u0027m Duke :P\\nWhat can I do for you?\";","lastModifiedDate":"2022-02-04"},{"lineNumber":6,"author":{"gitId":"hlwang56"},"content":"    protected String GOODBYE_WORDS \u003d \"Bye. Hope to see you again soon! ;)\";","lastModifiedDate":"2022-02-04"},{"lineNumber":7,"author":{"gitId":"hlwang56"},"content":"    protected String recvMsg \u003d \"\";","lastModifiedDate":"2022-02-04"},{"lineNumber":8,"author":{"gitId":"hlwang56"},"content":"    protected String replyMsg \u003d \"\";","lastModifiedDate":"2022-02-04"},{"lineNumber":9,"author":{"gitId":"hlwang56"},"content":"    Chatbox chatbox \u003d new Chatbox();","lastModifiedDate":"2022-01-28"},{"lineNumber":10,"author":{"gitId":"hlwang56"},"content":"    TaskManager manager \u003d new TaskManager();","lastModifiedDate":"2022-01-28"},{"lineNumber":11,"author":{"gitId":"hlwang56"},"content":"    OperationAnalyst analyst;","lastModifiedDate":"2022-02-04"},{"lineNumber":12,"author":{"gitId":"hlwang56"},"content":"","lastModifiedDate":"2022-01-28"},{"lineNumber":13,"author":{"gitId":"hlwang56"},"content":"    public void greet() {","lastModifiedDate":"2022-02-04"},{"lineNumber":14,"author":{"gitId":"hlwang56"},"content":"        chatbox.setContent(HELLO_WORDS);","lastModifiedDate":"2022-02-04"},{"lineNumber":15,"author":{"gitId":"hlwang56"},"content":"        chatbox.chatboxPrinter();","lastModifiedDate":"2022-02-04"},{"lineNumber":16,"author":{"gitId":"hlwang56"},"content":"    }","lastModifiedDate":"2022-02-04"},{"lineNumber":17,"author":{"gitId":"hlwang56"},"content":"","lastModifiedDate":"2022-02-04"},{"lineNumber":18,"author":{"gitId":"hlwang56"},"content":"    public void bye() {","lastModifiedDate":"2022-02-04"},{"lineNumber":19,"author":{"gitId":"hlwang56"},"content":"        chatbox.setContent(GOODBYE_WORDS);","lastModifiedDate":"2022-02-04"},{"lineNumber":20,"author":{"gitId":"hlwang56"},"content":"        chatbox.chatboxPrinter();","lastModifiedDate":"2022-02-04"},{"lineNumber":21,"author":{"gitId":"hlwang56"},"content":"        System.exit(0);","lastModifiedDate":"2022-02-04"},{"lineNumber":22,"author":{"gitId":"hlwang56"},"content":"    }","lastModifiedDate":"2022-02-04"},{"lineNumber":23,"author":{"gitId":"hlwang56"},"content":"","lastModifiedDate":"2022-02-04"},{"lineNumber":24,"author":{"gitId":"hlwang56"},"content":"    public void unmarkTask(){","lastModifiedDate":"2022-02-04"},{"lineNumber":25,"author":{"gitId":"hlwang56"},"content":"        //String[] keywords \u003d input.split(\" \");","lastModifiedDate":"2022-02-04"},{"lineNumber":26,"author":{"gitId":"hlwang56"},"content":"        int index\u003d Integer.parseInt(analyst.taskName);","lastModifiedDate":"2022-02-04"},{"lineNumber":27,"author":{"gitId":"hlwang56"},"content":"        manager.unmarkTask(index);","lastModifiedDate":"2022-02-04"},{"lineNumber":28,"author":{"gitId":"hlwang56"},"content":"    }","lastModifiedDate":"2022-02-04"},{"lineNumber":29,"author":{"gitId":"hlwang56"},"content":"","lastModifiedDate":"2022-02-04"},{"lineNumber":30,"author":{"gitId":"hlwang56"},"content":"    public void markTask(){","lastModifiedDate":"2022-02-04"},{"lineNumber":31,"author":{"gitId":"hlwang56"},"content":"        //String[] keywords \u003d input.split(\" \");","lastModifiedDate":"2022-02-04"},{"lineNumber":32,"author":{"gitId":"hlwang56"},"content":"        int index\u003d Integer.parseInt(analyst.taskName);","lastModifiedDate":"2022-02-04"},{"lineNumber":33,"author":{"gitId":"hlwang56"},"content":"        manager.markTask(index);","lastModifiedDate":"2022-02-04"},{"lineNumber":34,"author":{"gitId":"hlwang56"},"content":"    }","lastModifiedDate":"2022-02-04"},{"lineNumber":35,"author":{"gitId":"hlwang56"},"content":"    /*","lastModifiedDate":"2022-02-04"},{"lineNumber":36,"author":{"gitId":"hlwang56"},"content":"    public void addTask(String input) {","lastModifiedDate":"2022-01-28"},{"lineNumber":37,"author":{"gitId":"hlwang56"},"content":"        manager.addTask(input);","lastModifiedDate":"2022-01-28"},{"lineNumber":38,"author":{"gitId":"hlwang56"},"content":"    }","lastModifiedDate":"2022-01-28"},{"lineNumber":39,"author":{"gitId":"hlwang56"},"content":"","lastModifiedDate":"2022-01-28"},{"lineNumber":40,"author":{"gitId":"hlwang56"},"content":"    public void addToDo(String input) {","lastModifiedDate":"2022-02-03"},{"lineNumber":41,"author":{"gitId":"hlwang56"},"content":"        String name \u003d input.replace(\"todo\", \"\");","lastModifiedDate":"2022-02-03"},{"lineNumber":42,"author":{"gitId":"hlwang56"},"content":"        manager.addToDo(name);","lastModifiedDate":"2022-02-03"},{"lineNumber":43,"author":{"gitId":"hlwang56"},"content":"    }","lastModifiedDate":"2022-02-03"},{"lineNumber":44,"author":{"gitId":"hlwang56"},"content":"","lastModifiedDate":"2022-02-03"},{"lineNumber":45,"author":{"gitId":"hlwang56"},"content":"    public void addDeadline(String input) {","lastModifiedDate":"2022-02-03"},{"lineNumber":46,"author":{"gitId":"hlwang56"},"content":"        String[] keywords \u003d input.split(\"/by \");","lastModifiedDate":"2022-02-03"},{"lineNumber":47,"author":{"gitId":"hlwang56"},"content":"        String by \u003d keywords[1];","lastModifiedDate":"2022-02-03"},{"lineNumber":48,"author":{"gitId":"hlwang56"},"content":"        String name \u003d keywords[0].replace(\"deadline \", \"\");","lastModifiedDate":"2022-02-03"},{"lineNumber":49,"author":{"gitId":"hlwang56"},"content":"        manager.addDeadline(analyst.taskName, analyst.time);","lastModifiedDate":"2022-02-04"},{"lineNumber":50,"author":{"gitId":"hlwang56"},"content":"    }","lastModifiedDate":"2022-02-03"},{"lineNumber":51,"author":{"gitId":"hlwang56"},"content":"","lastModifiedDate":"2022-02-03"},{"lineNumber":52,"author":{"gitId":"hlwang56"},"content":"    public void addEvent(String input) {","lastModifiedDate":"2022-02-03"},{"lineNumber":53,"author":{"gitId":"hlwang56"},"content":"        manager.addEvent(analyst.taskName, analyst.time);","lastModifiedDate":"2022-02-04"},{"lineNumber":54,"author":{"gitId":"hlwang56"},"content":"    }","lastModifiedDate":"2022-02-03"},{"lineNumber":55,"author":{"gitId":"hlwang56"},"content":"","lastModifiedDate":"2022-02-03"},{"lineNumber":56,"author":{"gitId":"hlwang56"},"content":"    public void listTask(){","lastModifiedDate":"2022-01-28"},{"lineNumber":57,"author":{"gitId":"hlwang56"},"content":"        manager.listTask();","lastModifiedDate":"2022-01-28"},{"lineNumber":58,"author":{"gitId":"hlwang56"},"content":"    }","lastModifiedDate":"2022-01-28"},{"lineNumber":59,"author":{"gitId":"hlwang56"},"content":"","lastModifiedDate":"2022-01-28"},{"lineNumber":60,"author":{"gitId":"hlwang56"},"content":"","lastModifiedDate":"2022-02-04"},{"lineNumber":61,"author":{"gitId":"hlwang56"},"content":"    public void greet() {","lastModifiedDate":"2022-01-28"},{"lineNumber":62,"author":{"gitId":"hlwang56"},"content":"        chatbox.setContent(HELLO_WORDS);","lastModifiedDate":"2022-02-04"},{"lineNumber":63,"author":{"gitId":"hlwang56"},"content":"        chatbox.chatboxPrinter();","lastModifiedDate":"2022-01-28"},{"lineNumber":64,"author":{"gitId":"hlwang56"},"content":"    }","lastModifiedDate":"2022-01-28"},{"lineNumber":65,"author":{"gitId":"hlwang56"},"content":"","lastModifiedDate":"2022-01-28"},{"lineNumber":66,"author":{"gitId":"hlwang56"},"content":"    public void bye() {","lastModifiedDate":"2022-01-28"},{"lineNumber":67,"author":{"gitId":"hlwang56"},"content":"        chatbox.setContent(GOODBYE_WORDS);","lastModifiedDate":"2022-02-04"},{"lineNumber":68,"author":{"gitId":"hlwang56"},"content":"        chatbox.chatboxPrinter();","lastModifiedDate":"2022-01-28"},{"lineNumber":69,"author":{"gitId":"hlwang56"},"content":"        System.exit(0);","lastModifiedDate":"2022-01-28"},{"lineNumber":70,"author":{"gitId":"hlwang56"},"content":"    }","lastModifiedDate":"2022-01-28"},{"lineNumber":71,"author":{"gitId":"hlwang56"},"content":"","lastModifiedDate":"2022-01-28"},{"lineNumber":72,"author":{"gitId":"hlwang56"},"content":"    public void replyMsgPrinter(){","lastModifiedDate":"2022-01-29"},{"lineNumber":73,"author":{"gitId":"hlwang56"},"content":"        chatbox.setContent(this.replyMsg);","lastModifiedDate":"2022-01-29"},{"lineNumber":74,"author":{"gitId":"hlwang56"},"content":"        chatbox.chatboxPrinter();","lastModifiedDate":"2022-01-29"},{"lineNumber":75,"author":{"gitId":"hlwang56"},"content":"    }","lastModifiedDate":"2022-01-29"},{"lineNumber":76,"author":{"gitId":"hlwang56"},"content":"","lastModifiedDate":"2022-01-29"},{"lineNumber":77,"author":{"gitId":"hlwang56"},"content":"     */","lastModifiedDate":"2022-02-04"},{"lineNumber":78,"author":{"gitId":"hlwang56"},"content":"","lastModifiedDate":"2022-02-04"},{"lineNumber":79,"author":{"gitId":"hlwang56"},"content":"    public void listen() {","lastModifiedDate":"2022-01-28"},{"lineNumber":80,"author":{"gitId":"hlwang56"},"content":"        Scanner msg \u003d new Scanner(System.in);","lastModifiedDate":"2022-01-28"},{"lineNumber":81,"author":{"gitId":"hlwang56"},"content":"        this.recvMsg \u003d msg.nextLine();","lastModifiedDate":"2022-01-28"},{"lineNumber":82,"author":{"gitId":"hlwang56"},"content":"        analyst \u003d new OperationAnalyst(this.recvMsg);","lastModifiedDate":"2022-02-04"},{"lineNumber":83,"author":{"gitId":"hlwang56"},"content":"        String command \u003d analyst.getCommand();","lastModifiedDate":"2022-02-04"},{"lineNumber":84,"author":{"gitId":"hlwang56"},"content":"        //String[] keyword \u003d this.recvMsg.toLowerCase(Locale.ROOT).split(\" \");","lastModifiedDate":"2022-02-04"},{"lineNumber":85,"author":{"gitId":"hlwang56"},"content":"        switch (command) {","lastModifiedDate":"2022-02-04"},{"lineNumber":86,"author":{"gitId":"hlwang56"},"content":"        case \"bye\":","lastModifiedDate":"2022-01-29"},{"lineNumber":87,"author":{"gitId":"hlwang56"},"content":"            this.bye();","lastModifiedDate":"2022-01-28"},{"lineNumber":88,"author":{"gitId":"hlwang56"},"content":"            break;","lastModifiedDate":"2022-01-29"},{"lineNumber":89,"author":{"gitId":"hlwang56"},"content":"        case \"list\":","lastModifiedDate":"2022-01-29"},{"lineNumber":90,"author":{"gitId":"hlwang56"},"content":"            manager.listTask();","lastModifiedDate":"2022-02-04"},{"lineNumber":91,"author":{"gitId":"hlwang56"},"content":"            break;","lastModifiedDate":"2022-01-29"},{"lineNumber":92,"author":{"gitId":"hlwang56"},"content":"        case \"mark\":","lastModifiedDate":"2022-01-29"},{"lineNumber":93,"author":{"gitId":"hlwang56"},"content":"            this.markTask();","lastModifiedDate":"2022-02-04"},{"lineNumber":94,"author":{"gitId":"hlwang56"},"content":"            break;","lastModifiedDate":"2022-01-29"},{"lineNumber":95,"author":{"gitId":"hlwang56"},"content":"        case \"unmark\":","lastModifiedDate":"2022-01-29"},{"lineNumber":96,"author":{"gitId":"hlwang56"},"content":"            this.unmarkTask();","lastModifiedDate":"2022-02-04"},{"lineNumber":97,"author":{"gitId":"hlwang56"},"content":"            break;","lastModifiedDate":"2022-01-29"},{"lineNumber":98,"author":{"gitId":"hlwang56"},"content":"        case \"deadline\":","lastModifiedDate":"2022-02-03"},{"lineNumber":99,"author":{"gitId":"hlwang56"},"content":"            manager.addDeadline(analyst.taskName, analyst.time);","lastModifiedDate":"2022-02-04"},{"lineNumber":100,"author":{"gitId":"hlwang56"},"content":"            break;","lastModifiedDate":"2022-02-03"},{"lineNumber":101,"author":{"gitId":"hlwang56"},"content":"        case \"event\":","lastModifiedDate":"2022-02-03"},{"lineNumber":102,"author":{"gitId":"hlwang56"},"content":"            manager.addEvent(analyst.taskName, analyst.time);","lastModifiedDate":"2022-02-04"},{"lineNumber":103,"author":{"gitId":"hlwang56"},"content":"            break;","lastModifiedDate":"2022-02-03"},{"lineNumber":104,"author":{"gitId":"hlwang56"},"content":"        case \"todo\":","lastModifiedDate":"2022-02-03"},{"lineNumber":105,"author":{"gitId":"hlwang56"},"content":"            manager.addToDo(analyst.taskName);","lastModifiedDate":"2022-02-04"},{"lineNumber":106,"author":{"gitId":"hlwang56"},"content":"            break;","lastModifiedDate":"2022-02-03"},{"lineNumber":107,"author":{"gitId":"hlwang56"},"content":"        default:","lastModifiedDate":"2022-01-29"},{"lineNumber":108,"author":{"gitId":"hlwang56"},"content":"            manager.addTask(analyst.taskName);","lastModifiedDate":"2022-02-04"},{"lineNumber":109,"author":{"gitId":"hlwang56"},"content":"        }","lastModifiedDate":"2022-01-28"},{"lineNumber":110,"author":{"gitId":"hlwang56"},"content":"    }","lastModifiedDate":"2022-01-28"},{"lineNumber":111,"author":{"gitId":"hlwang56"},"content":"","lastModifiedDate":"2022-01-28"},{"lineNumber":112,"author":{"gitId":"hlwang56"},"content":"","lastModifiedDate":"2022-02-04"},{"lineNumber":113,"author":{"gitId":"hlwang56"},"content":"}","lastModifiedDate":"2022-01-28"}],"authorContributionMap":{"hlwang56":113}},{"path":"src/main/java/Deadline.java","fileType":"java","lines":[{"lineNumber":1,"author":{"gitId":"hlwang56"},"content":"public class Deadline extends Task{","lastModifiedDate":"2022-02-03"},{"lineNumber":2,"author":{"gitId":"hlwang56"},"content":"    protected String by;","lastModifiedDate":"2022-02-04"},{"lineNumber":3,"author":{"gitId":"hlwang56"},"content":"","lastModifiedDate":"2022-02-03"},{"lineNumber":4,"author":{"gitId":"hlwang56"},"content":"    public Deadline(String name, String by){","lastModifiedDate":"2022-02-03"},{"lineNumber":5,"author":{"gitId":"hlwang56"},"content":"        super(name);","lastModifiedDate":"2022-02-03"},{"lineNumber":6,"author":{"gitId":"hlwang56"},"content":"        this.by \u003d by;","lastModifiedDate":"2022-02-03"},{"lineNumber":7,"author":{"gitId":"hlwang56"},"content":"        setListName();","lastModifiedDate":"2022-02-03"},{"lineNumber":8,"author":{"gitId":"hlwang56"},"content":"    }","lastModifiedDate":"2022-02-03"},{"lineNumber":9,"author":{"gitId":"hlwang56"},"content":"","lastModifiedDate":"2022-02-03"},{"lineNumber":10,"author":{"gitId":"hlwang56"},"content":"    @Override","lastModifiedDate":"2022-02-03"},{"lineNumber":11,"author":{"gitId":"hlwang56"},"content":"    public void setListName(){","lastModifiedDate":"2022-02-03"},{"lineNumber":12,"author":{"gitId":"hlwang56"},"content":"        if(!isDone){","lastModifiedDate":"2022-02-04"},{"lineNumber":13,"author":{"gitId":"hlwang56"},"content":"            this.listName \u003d \"[D]\" + this.unmarkedStatus + this.taskName + \"(by: \" + by + \")\";","lastModifiedDate":"2022-02-03"},{"lineNumber":14,"author":{"gitId":"hlwang56"},"content":"        }else{","lastModifiedDate":"2022-02-03"},{"lineNumber":15,"author":{"gitId":"hlwang56"},"content":"            this.listName \u003d \"[D]\" + this.markedStatus + this.taskName + \"(by: \" + by + \")\";","lastModifiedDate":"2022-02-03"},{"lineNumber":16,"author":{"gitId":"hlwang56"},"content":"        }","lastModifiedDate":"2022-02-03"},{"lineNumber":17,"author":{"gitId":"hlwang56"},"content":"    }","lastModifiedDate":"2022-02-03"},{"lineNumber":18,"author":{"gitId":"hlwang56"},"content":"}","lastModifiedDate":"2022-02-03"}],"authorContributionMap":{"hlwang56":18}},{"path":"src/main/java/Duke.java","fileType":"java","lines":[{"lineNumber":1,"author":{"gitId":"hlwang56"},"content":"import java.util.Scanner;","lastModifiedDate":"2022-01-28"},{"lineNumber":2,"author":{"gitId":"-"},"content":"public class Duke {","lastModifiedDate":"2019-07-29"},{"lineNumber":3,"author":{"gitId":"-"},"content":"    public static void main(String[] args) {","lastModifiedDate":"2019-07-29"},{"lineNumber":4,"author":{"gitId":"hlwang56"},"content":"        Controller bot \u003d new Controller();","lastModifiedDate":"2022-01-28"},{"lineNumber":5,"author":{"gitId":"hlwang56"},"content":"        bot.greet();","lastModifiedDate":"2022-01-28"},{"lineNumber":6,"author":{"gitId":"hlwang56"},"content":"        while(true){","lastModifiedDate":"2022-01-28"},{"lineNumber":7,"author":{"gitId":"hlwang56"},"content":"            bot.listen();","lastModifiedDate":"2022-01-28"},{"lineNumber":8,"author":{"gitId":"hlwang56"},"content":"        }","lastModifiedDate":"2022-01-28"},{"lineNumber":9,"author":{"gitId":"-"},"content":"    }","lastModifiedDate":"2019-07-29"},{"lineNumber":10,"author":{"gitId":"-"},"content":"}","lastModifiedDate":"2019-07-29"}],"authorContributionMap":{"-":4,"hlwang56":6}},{"path":"src/main/java/Event.java","fileType":"java","lines":[{"lineNumber":1,"author":{"gitId":"hlwang56"},"content":"public class Event extends Task {","lastModifiedDate":"2022-02-03"},{"lineNumber":2,"author":{"gitId":"hlwang56"},"content":"    public String at;","lastModifiedDate":"2022-02-04"},{"lineNumber":3,"author":{"gitId":"hlwang56"},"content":"","lastModifiedDate":"2022-02-03"},{"lineNumber":4,"author":{"gitId":"hlwang56"},"content":"    public Event(String name, String at) {","lastModifiedDate":"2022-02-04"},{"lineNumber":5,"author":{"gitId":"hlwang56"},"content":"        super(name);","lastModifiedDate":"2022-02-03"},{"lineNumber":6,"author":{"gitId":"hlwang56"},"content":"        this.at \u003d at;","lastModifiedDate":"2022-02-04"},{"lineNumber":7,"author":{"gitId":"hlwang56"},"content":"        setListName();","lastModifiedDate":"2022-02-03"},{"lineNumber":8,"author":{"gitId":"hlwang56"},"content":"    }","lastModifiedDate":"2022-02-03"},{"lineNumber":9,"author":{"gitId":"hlwang56"},"content":"","lastModifiedDate":"2022-02-03"},{"lineNumber":10,"author":{"gitId":"hlwang56"},"content":"    @Override","lastModifiedDate":"2022-02-03"},{"lineNumber":11,"author":{"gitId":"hlwang56"},"content":"    public void setListName() {","lastModifiedDate":"2022-02-03"},{"lineNumber":12,"author":{"gitId":"hlwang56"},"content":"        if(!isDone){","lastModifiedDate":"2022-02-04"},{"lineNumber":13,"author":{"gitId":"hlwang56"},"content":"            this.listName \u003d \"[E]\" + this.unmarkedStatus + this.taskName + \"(at: \" + at + \")\";","lastModifiedDate":"2022-02-04"},{"lineNumber":14,"author":{"gitId":"hlwang56"},"content":"        }else{","lastModifiedDate":"2022-02-03"},{"lineNumber":15,"author":{"gitId":"hlwang56"},"content":"            this.listName \u003d \"[E]\" + this.markedStatus + this.taskName + \"(at: \" + at + \")\";","lastModifiedDate":"2022-02-04"},{"lineNumber":16,"author":{"gitId":"hlwang56"},"content":"        }","lastModifiedDate":"2022-02-03"},{"lineNumber":17,"author":{"gitId":"hlwang56"},"content":"    }","lastModifiedDate":"2022-02-03"},{"lineNumber":18,"author":{"gitId":"hlwang56"},"content":"}","lastModifiedDate":"2022-02-03"}],"authorContributionMap":{"hlwang56":18}},{"path":"src/main/java/OperationAnalyst.java","fileType":"java","lines":[{"lineNumber":1,"author":{"gitId":"hlwang56"},"content":"import java.util.Locale;","lastModifiedDate":"2022-02-04"},{"lineNumber":2,"author":{"gitId":"hlwang56"},"content":"","lastModifiedDate":"2022-02-04"},{"lineNumber":3,"author":{"gitId":"hlwang56"},"content":"public class OperationAnalyst {","lastModifiedDate":"2022-02-04"},{"lineNumber":4,"author":{"gitId":"hlwang56"},"content":"    protected String[] keywords;","lastModifiedDate":"2022-02-04"},{"lineNumber":5,"author":{"gitId":"hlwang56"},"content":"    protected String rawInput;","lastModifiedDate":"2022-02-04"},{"lineNumber":6,"author":{"gitId":"hlwang56"},"content":"    protected String time;","lastModifiedDate":"2022-02-04"},{"lineNumber":7,"author":{"gitId":"hlwang56"},"content":"    protected String taskName;","lastModifiedDate":"2022-02-04"},{"lineNumber":8,"author":{"gitId":"hlwang56"},"content":"    protected String instruction;","lastModifiedDate":"2022-02-04"},{"lineNumber":9,"author":{"gitId":"hlwang56"},"content":"","lastModifiedDate":"2022-02-04"},{"lineNumber":10,"author":{"gitId":"hlwang56"},"content":"    public OperationAnalyst(String input){","lastModifiedDate":"2022-02-04"},{"lineNumber":11,"author":{"gitId":"hlwang56"},"content":"        this.keywords \u003d input.split(\" \");","lastModifiedDate":"2022-02-04"},{"lineNumber":12,"author":{"gitId":"hlwang56"},"content":"        this.rawInput \u003d input;","lastModifiedDate":"2022-02-04"},{"lineNumber":13,"author":{"gitId":"hlwang56"},"content":"        this.instruction \u003d keywords[0].toLowerCase(Locale.ROOT);","lastModifiedDate":"2022-02-04"},{"lineNumber":14,"author":{"gitId":"hlwang56"},"content":"        parseInstruction();","lastModifiedDate":"2022-02-04"},{"lineNumber":15,"author":{"gitId":"hlwang56"},"content":"    }","lastModifiedDate":"2022-02-04"},{"lineNumber":16,"author":{"gitId":"hlwang56"},"content":"","lastModifiedDate":"2022-02-04"},{"lineNumber":17,"author":{"gitId":"hlwang56"},"content":"    /**","lastModifiedDate":"2022-02-04"},{"lineNumber":18,"author":{"gitId":"hlwang56"},"content":"     * Computes the command for further operation, which is the first element in the keywords array","lastModifiedDate":"2022-02-04"},{"lineNumber":19,"author":{"gitId":"hlwang56"},"content":"     * @return the command, whether it is deadline, todo, event, list, mark or unmark","lastModifiedDate":"2022-02-04"},{"lineNumber":20,"author":{"gitId":"hlwang56"},"content":"     */","lastModifiedDate":"2022-02-04"},{"lineNumber":21,"author":{"gitId":"hlwang56"},"content":"    public String getCommand() {","lastModifiedDate":"2022-02-04"},{"lineNumber":22,"author":{"gitId":"hlwang56"},"content":"        return this.instruction;","lastModifiedDate":"2022-02-04"},{"lineNumber":23,"author":{"gitId":"hlwang56"},"content":"    }","lastModifiedDate":"2022-02-04"},{"lineNumber":24,"author":{"gitId":"hlwang56"},"content":"","lastModifiedDate":"2022-02-04"},{"lineNumber":25,"author":{"gitId":"hlwang56"},"content":"    /**","lastModifiedDate":"2022-02-04"},{"lineNumber":26,"author":{"gitId":"hlwang56"},"content":"     * Analyses raw input to determine the task name and time","lastModifiedDate":"2022-02-04"},{"lineNumber":27,"author":{"gitId":"hlwang56"},"content":"     */","lastModifiedDate":"2022-02-04"},{"lineNumber":28,"author":{"gitId":"hlwang56"},"content":"    public void parseInstruction() {","lastModifiedDate":"2022-02-04"},{"lineNumber":29,"author":{"gitId":"hlwang56"},"content":"        //String name;","lastModifiedDate":"2022-02-04"},{"lineNumber":30,"author":{"gitId":"hlwang56"},"content":"        String[] command;","lastModifiedDate":"2022-02-04"},{"lineNumber":31,"author":{"gitId":"hlwang56"},"content":"        switch (this.instruction) {","lastModifiedDate":"2022-02-04"},{"lineNumber":32,"author":{"gitId":"hlwang56"},"content":"        case \"deadline\":","lastModifiedDate":"2022-02-04"},{"lineNumber":33,"author":{"gitId":"hlwang56"},"content":"            command \u003d rawInput.split(\"/by \");","lastModifiedDate":"2022-02-04"},{"lineNumber":34,"author":{"gitId":"hlwang56"},"content":"            this.taskName \u003d command[0].replace(\"deadline \", \"\");","lastModifiedDate":"2022-02-04"},{"lineNumber":35,"author":{"gitId":"hlwang56"},"content":"            this.time \u003d command[1];","lastModifiedDate":"2022-02-04"},{"lineNumber":36,"author":{"gitId":"hlwang56"},"content":"            //System.out.println(this.time);","lastModifiedDate":"2022-02-04"},{"lineNumber":37,"author":{"gitId":"hlwang56"},"content":"            break;","lastModifiedDate":"2022-02-04"},{"lineNumber":38,"author":{"gitId":"hlwang56"},"content":"        case \"event\":","lastModifiedDate":"2022-02-04"},{"lineNumber":39,"author":{"gitId":"hlwang56"},"content":"            command \u003d rawInput.split(\"/at \");","lastModifiedDate":"2022-02-04"},{"lineNumber":40,"author":{"gitId":"hlwang56"},"content":"            this.taskName \u003d command[0].replace(\"event \", \"\");","lastModifiedDate":"2022-02-04"},{"lineNumber":41,"author":{"gitId":"hlwang56"},"content":"            this.time \u003d command[1];","lastModifiedDate":"2022-02-04"},{"lineNumber":42,"author":{"gitId":"hlwang56"},"content":"            break;","lastModifiedDate":"2022-02-04"},{"lineNumber":43,"author":{"gitId":"hlwang56"},"content":"        case \"todo\":","lastModifiedDate":"2022-02-04"},{"lineNumber":44,"author":{"gitId":"hlwang56"},"content":"            this.taskName \u003d rawInput.replace(\"todo \", \"\");","lastModifiedDate":"2022-02-04"},{"lineNumber":45,"author":{"gitId":"hlwang56"},"content":"            break;","lastModifiedDate":"2022-02-04"},{"lineNumber":46,"author":{"gitId":"hlwang56"},"content":"        case \"mark\":","lastModifiedDate":"2022-02-04"},{"lineNumber":47,"author":{"gitId":"hlwang56"},"content":"            this.taskName \u003d this.keywords[1];","lastModifiedDate":"2022-02-04"},{"lineNumber":48,"author":{"gitId":"hlwang56"},"content":"            break;","lastModifiedDate":"2022-02-04"},{"lineNumber":49,"author":{"gitId":"hlwang56"},"content":"        case \"unmark\":","lastModifiedDate":"2022-02-04"},{"lineNumber":50,"author":{"gitId":"hlwang56"},"content":"            this.taskName \u003d this.keywords[1];","lastModifiedDate":"2022-02-04"},{"lineNumber":51,"author":{"gitId":"hlwang56"},"content":"            break;","lastModifiedDate":"2022-02-04"},{"lineNumber":52,"author":{"gitId":"hlwang56"},"content":"        default:","lastModifiedDate":"2022-02-04"},{"lineNumber":53,"author":{"gitId":"hlwang56"},"content":"            this.taskName \u003d rawInput;","lastModifiedDate":"2022-02-04"},{"lineNumber":54,"author":{"gitId":"hlwang56"},"content":"        }","lastModifiedDate":"2022-02-04"},{"lineNumber":55,"author":{"gitId":"hlwang56"},"content":"    }","lastModifiedDate":"2022-02-04"},{"lineNumber":56,"author":{"gitId":"hlwang56"},"content":"","lastModifiedDate":"2022-02-04"},{"lineNumber":57,"author":{"gitId":"hlwang56"},"content":"    public String getTaskName() {","lastModifiedDate":"2022-02-04"},{"lineNumber":58,"author":{"gitId":"hlwang56"},"content":"        return this.taskName;","lastModifiedDate":"2022-02-04"},{"lineNumber":59,"author":{"gitId":"hlwang56"},"content":"    }","lastModifiedDate":"2022-02-04"},{"lineNumber":60,"author":{"gitId":"hlwang56"},"content":"","lastModifiedDate":"2022-02-04"},{"lineNumber":61,"author":{"gitId":"hlwang56"},"content":"    public String getTime() {","lastModifiedDate":"2022-02-04"},{"lineNumber":62,"author":{"gitId":"hlwang56"},"content":"        return this.time;","lastModifiedDate":"2022-02-04"},{"lineNumber":63,"author":{"gitId":"hlwang56"},"content":"    }","lastModifiedDate":"2022-02-04"},{"lineNumber":64,"author":{"gitId":"hlwang56"},"content":"}","lastModifiedDate":"2022-02-04"}],"authorContributionMap":{"hlwang56":64}},{"path":"src/main/java/Task.java","fileType":"java","lines":[{"lineNumber":1,"author":{"gitId":"hlwang56"},"content":"public class Task {","lastModifiedDate":"2022-01-28"},{"lineNumber":2,"author":{"gitId":"hlwang56"},"content":"    protected String unmarkedStatus \u003d \"[ ]\";","lastModifiedDate":"2022-02-04"},{"lineNumber":3,"author":{"gitId":"hlwang56"},"content":"    protected String markedStatus \u003d \"[X]\";","lastModifiedDate":"2022-02-04"},{"lineNumber":4,"author":{"gitId":"hlwang56"},"content":"    protected String taskName \u003d \"\";","lastModifiedDate":"2022-02-04"},{"lineNumber":5,"author":{"gitId":"hlwang56"},"content":"    protected boolean isDone \u003d false;","lastModifiedDate":"2022-02-04"},{"lineNumber":6,"author":{"gitId":"hlwang56"},"content":"    protected String listName \u003d \"\";","lastModifiedDate":"2022-02-04"},{"lineNumber":7,"author":{"gitId":"hlwang56"},"content":"","lastModifiedDate":"2022-01-28"},{"lineNumber":8,"author":{"gitId":"hlwang56"},"content":"    public Task(String name){","lastModifiedDate":"2022-02-03"},{"lineNumber":9,"author":{"gitId":"hlwang56"},"content":"        this.taskName \u003d name;","lastModifiedDate":"2022-01-28"},{"lineNumber":10,"author":{"gitId":"hlwang56"},"content":"        setListName();","lastModifiedDate":"2022-01-29"},{"lineNumber":11,"author":{"gitId":"hlwang56"},"content":"    }","lastModifiedDate":"2022-01-28"},{"lineNumber":12,"author":{"gitId":"hlwang56"},"content":"","lastModifiedDate":"2022-01-28"},{"lineNumber":13,"author":{"gitId":"hlwang56"},"content":"    public String getTaskName(){","lastModifiedDate":"2022-01-28"},{"lineNumber":14,"author":{"gitId":"hlwang56"},"content":"        return this.taskName;","lastModifiedDate":"2022-01-28"},{"lineNumber":15,"author":{"gitId":"hlwang56"},"content":"    }","lastModifiedDate":"2022-01-28"},{"lineNumber":16,"author":{"gitId":"hlwang56"},"content":"","lastModifiedDate":"2022-01-28"},{"lineNumber":17,"author":{"gitId":"hlwang56"},"content":"    public void setListName(){","lastModifiedDate":"2022-01-28"},{"lineNumber":18,"author":{"gitId":"hlwang56"},"content":"        if(isDone \u003d\u003d false){","lastModifiedDate":"2022-02-03"},{"lineNumber":19,"author":{"gitId":"hlwang56"},"content":"            this.listName \u003d this.unmarkedStatus + this.taskName;","lastModifiedDate":"2022-01-28"},{"lineNumber":20,"author":{"gitId":"hlwang56"},"content":"        }else{","lastModifiedDate":"2022-01-28"},{"lineNumber":21,"author":{"gitId":"hlwang56"},"content":"            this.listName \u003d this.markedStatus + this.taskName;","lastModifiedDate":"2022-01-28"},{"lineNumber":22,"author":{"gitId":"hlwang56"},"content":"        }","lastModifiedDate":"2022-01-28"},{"lineNumber":23,"author":{"gitId":"hlwang56"},"content":"    }","lastModifiedDate":"2022-01-28"},{"lineNumber":24,"author":{"gitId":"hlwang56"},"content":"","lastModifiedDate":"2022-01-28"},{"lineNumber":25,"author":{"gitId":"hlwang56"},"content":"    public String getListName(){","lastModifiedDate":"2022-01-29"},{"lineNumber":26,"author":{"gitId":"hlwang56"},"content":"        return this.listName;","lastModifiedDate":"2022-01-29"},{"lineNumber":27,"author":{"gitId":"hlwang56"},"content":"    }","lastModifiedDate":"2022-01-29"},{"lineNumber":28,"author":{"gitId":"hlwang56"},"content":"","lastModifiedDate":"2022-01-28"},{"lineNumber":29,"author":{"gitId":"hlwang56"},"content":"    public void mark(){","lastModifiedDate":"2022-01-28"},{"lineNumber":30,"author":{"gitId":"hlwang56"},"content":"        this.isDone \u003d true;","lastModifiedDate":"2022-02-03"},{"lineNumber":31,"author":{"gitId":"hlwang56"},"content":"        this.setListName();","lastModifiedDate":"2022-01-29"},{"lineNumber":32,"author":{"gitId":"hlwang56"},"content":"    }","lastModifiedDate":"2022-01-28"},{"lineNumber":33,"author":{"gitId":"hlwang56"},"content":"","lastModifiedDate":"2022-01-28"},{"lineNumber":34,"author":{"gitId":"hlwang56"},"content":"    public void unmark(){","lastModifiedDate":"2022-01-28"},{"lineNumber":35,"author":{"gitId":"hlwang56"},"content":"        this.isDone \u003d false;","lastModifiedDate":"2022-02-03"},{"lineNumber":36,"author":{"gitId":"hlwang56"},"content":"        this.setListName();","lastModifiedDate":"2022-01-29"},{"lineNumber":37,"author":{"gitId":"hlwang56"},"content":"    }","lastModifiedDate":"2022-01-28"},{"lineNumber":38,"author":{"gitId":"hlwang56"},"content":"","lastModifiedDate":"2022-01-28"},{"lineNumber":39,"author":{"gitId":"hlwang56"},"content":"    public void taskPrinter(){","lastModifiedDate":"2022-01-28"},{"lineNumber":40,"author":{"gitId":"hlwang56"},"content":"        System.out.println(listName);","lastModifiedDate":"2022-01-28"},{"lineNumber":41,"author":{"gitId":"hlwang56"},"content":"    }","lastModifiedDate":"2022-01-28"},{"lineNumber":42,"author":{"gitId":"hlwang56"},"content":"}","lastModifiedDate":"2022-01-28"}],"authorContributionMap":{"hlwang56":42}},{"path":"src/main/java/TaskManager.java","fileType":"java","lines":[{"lineNumber":1,"author":{"gitId":"hlwang56"},"content":"import java.util.ArrayList;","lastModifiedDate":"2022-01-28"},{"lineNumber":2,"author":{"gitId":"hlwang56"},"content":"public class TaskManager {","lastModifiedDate":"2022-01-28"},{"lineNumber":3,"author":{"gitId":"hlwang56"},"content":"    private static final ArrayList\u003cTask\u003e Tasks \u003d new ArrayList\u003cTask\u003e();","lastModifiedDate":"2022-01-30"},{"lineNumber":4,"author":{"gitId":"hlwang56"},"content":"    protected String ADD_RES \u003d \"Got it. I\u0027ve added this task:\\n\";","lastModifiedDate":"2022-02-04"},{"lineNumber":5,"author":{"gitId":"hlwang56"},"content":"    Chatbox chatbox \u003d new Chatbox();","lastModifiedDate":"2022-01-28"},{"lineNumber":6,"author":{"gitId":"hlwang56"},"content":"","lastModifiedDate":"2022-01-28"},{"lineNumber":7,"author":{"gitId":"hlwang56"},"content":"    /**","lastModifiedDate":"2022-02-04"},{"lineNumber":8,"author":{"gitId":"hlwang56"},"content":"     * Adds a general task in the list","lastModifiedDate":"2022-02-04"},{"lineNumber":9,"author":{"gitId":"hlwang56"},"content":"     * @param name refers to the name of the task","lastModifiedDate":"2022-02-04"},{"lineNumber":10,"author":{"gitId":"hlwang56"},"content":"     */","lastModifiedDate":"2022-02-04"},{"lineNumber":11,"author":{"gitId":"hlwang56"},"content":"    public void addTask(String name) {","lastModifiedDate":"2022-01-28"},{"lineNumber":12,"author":{"gitId":"hlwang56"},"content":"        Task newTask \u003d new Task(name);","lastModifiedDate":"2022-02-03"},{"lineNumber":13,"author":{"gitId":"hlwang56"},"content":"        Tasks.add(newTask);","lastModifiedDate":"2022-01-28"},{"lineNumber":14,"author":{"gitId":"hlwang56"},"content":"        chatbox.setContent(\"added: \" + name);","lastModifiedDate":"2022-01-28"},{"lineNumber":15,"author":{"gitId":"hlwang56"},"content":"        chatbox.chatboxPrinter();","lastModifiedDate":"2022-01-28"},{"lineNumber":16,"author":{"gitId":"hlwang56"},"content":"    }","lastModifiedDate":"2022-01-28"},{"lineNumber":17,"author":{"gitId":"hlwang56"},"content":"","lastModifiedDate":"2022-01-28"},{"lineNumber":18,"author":{"gitId":"hlwang56"},"content":"    /**","lastModifiedDate":"2022-02-04"},{"lineNumber":19,"author":{"gitId":"hlwang56"},"content":"     * Adds a deadline task to the list","lastModifiedDate":"2022-02-04"},{"lineNumber":20,"author":{"gitId":"hlwang56"},"content":"     * @param name refers to the name of the task","lastModifiedDate":"2022-02-04"},{"lineNumber":21,"author":{"gitId":"hlwang56"},"content":"     * @param by refers to the deadline of the task","lastModifiedDate":"2022-02-04"},{"lineNumber":22,"author":{"gitId":"hlwang56"},"content":"     */","lastModifiedDate":"2022-02-04"},{"lineNumber":23,"author":{"gitId":"hlwang56"},"content":"    public void addDeadline(String name, String by) {","lastModifiedDate":"2022-02-03"},{"lineNumber":24,"author":{"gitId":"hlwang56"},"content":"        Deadline newDeadline \u003d new Deadline(name, by);","lastModifiedDate":"2022-02-03"},{"lineNumber":25,"author":{"gitId":"hlwang56"},"content":"        Tasks.add(newDeadline);","lastModifiedDate":"2022-02-03"},{"lineNumber":26,"author":{"gitId":"hlwang56"},"content":"        int s \u003d Tasks.size();","lastModifiedDate":"2022-02-03"},{"lineNumber":27,"author":{"gitId":"hlwang56"},"content":"        String response \u003d ADD_RES + newDeadline.getListName() + \"\\n\" + \"Now you have \" + String.valueOf(s) + \" tasks in your list.\";","lastModifiedDate":"2022-02-04"},{"lineNumber":28,"author":{"gitId":"hlwang56"},"content":"        chatbox.setContent(response);","lastModifiedDate":"2022-02-03"},{"lineNumber":29,"author":{"gitId":"hlwang56"},"content":"        chatbox.chatboxPrinter();","lastModifiedDate":"2022-02-03"},{"lineNumber":30,"author":{"gitId":"hlwang56"},"content":"    }","lastModifiedDate":"2022-02-03"},{"lineNumber":31,"author":{"gitId":"hlwang56"},"content":"","lastModifiedDate":"2022-02-03"},{"lineNumber":32,"author":{"gitId":"hlwang56"},"content":"    /**","lastModifiedDate":"2022-02-04"},{"lineNumber":33,"author":{"gitId":"hlwang56"},"content":"     * Adds an event task to the list","lastModifiedDate":"2022-02-04"},{"lineNumber":34,"author":{"gitId":"hlwang56"},"content":"     * @param name refers to the name of the task","lastModifiedDate":"2022-02-04"},{"lineNumber":35,"author":{"gitId":"hlwang56"},"content":"     * @param at refers to the happening time of the event","lastModifiedDate":"2022-02-04"},{"lineNumber":36,"author":{"gitId":"hlwang56"},"content":"     */","lastModifiedDate":"2022-02-04"},{"lineNumber":37,"author":{"gitId":"hlwang56"},"content":"    public void addEvent(String name, String at) {","lastModifiedDate":"2022-02-04"},{"lineNumber":38,"author":{"gitId":"hlwang56"},"content":"        Event newEvent \u003d new Event(name, at);","lastModifiedDate":"2022-02-04"},{"lineNumber":39,"author":{"gitId":"hlwang56"},"content":"        Tasks.add(newEvent);","lastModifiedDate":"2022-02-03"},{"lineNumber":40,"author":{"gitId":"hlwang56"},"content":"        int s \u003d Tasks.size();","lastModifiedDate":"2022-02-03"},{"lineNumber":41,"author":{"gitId":"hlwang56"},"content":"        String response \u003d ADD_RES + newEvent.getListName() + \"\\n\" + \"Now you have \" + String.valueOf(s) + \" tasks in your list.\";","lastModifiedDate":"2022-02-04"},{"lineNumber":42,"author":{"gitId":"hlwang56"},"content":"        chatbox.setContent(response);","lastModifiedDate":"2022-02-03"},{"lineNumber":43,"author":{"gitId":"hlwang56"},"content":"        chatbox.chatboxPrinter();","lastModifiedDate":"2022-02-03"},{"lineNumber":44,"author":{"gitId":"hlwang56"},"content":"    }","lastModifiedDate":"2022-02-03"},{"lineNumber":45,"author":{"gitId":"hlwang56"},"content":"","lastModifiedDate":"2022-02-03"},{"lineNumber":46,"author":{"gitId":"hlwang56"},"content":"    /**","lastModifiedDate":"2022-02-04"},{"lineNumber":47,"author":{"gitId":"hlwang56"},"content":"     * Adds a todo task to the list","lastModifiedDate":"2022-02-04"},{"lineNumber":48,"author":{"gitId":"hlwang56"},"content":"     * @param name refers to the name of the todo task","lastModifiedDate":"2022-02-04"},{"lineNumber":49,"author":{"gitId":"hlwang56"},"content":"     */","lastModifiedDate":"2022-02-04"},{"lineNumber":50,"author":{"gitId":"hlwang56"},"content":"    public void addToDo(String name) {","lastModifiedDate":"2022-02-03"},{"lineNumber":51,"author":{"gitId":"hlwang56"},"content":"        ToDo newToDo \u003d new ToDo(name);","lastModifiedDate":"2022-02-03"},{"lineNumber":52,"author":{"gitId":"hlwang56"},"content":"        Tasks.add(newToDo);","lastModifiedDate":"2022-02-03"},{"lineNumber":53,"author":{"gitId":"hlwang56"},"content":"        int s \u003d Tasks.size();","lastModifiedDate":"2022-02-03"},{"lineNumber":54,"author":{"gitId":"hlwang56"},"content":"        String response \u003d ADD_RES + newToDo.getListName() + \"\\n\" + \"Now you have \" + String.valueOf(s) + \" tasks in your list.\";","lastModifiedDate":"2022-02-04"},{"lineNumber":55,"author":{"gitId":"hlwang56"},"content":"        chatbox.setContent(response);","lastModifiedDate":"2022-02-03"},{"lineNumber":56,"author":{"gitId":"hlwang56"},"content":"        chatbox.chatboxPrinter();","lastModifiedDate":"2022-02-03"},{"lineNumber":57,"author":{"gitId":"hlwang56"},"content":"    }","lastModifiedDate":"2022-02-03"},{"lineNumber":58,"author":{"gitId":"hlwang56"},"content":"","lastModifiedDate":"2022-02-03"},{"lineNumber":59,"author":{"gitId":"hlwang56"},"content":"    /**","lastModifiedDate":"2022-02-04"},{"lineNumber":60,"author":{"gitId":"hlwang56"},"content":"     * Lists all tasks in the list with adding time order","lastModifiedDate":"2022-02-04"},{"lineNumber":61,"author":{"gitId":"hlwang56"},"content":"     */","lastModifiedDate":"2022-02-04"},{"lineNumber":62,"author":{"gitId":"hlwang56"},"content":"    public void listTask() {","lastModifiedDate":"2022-01-28"},{"lineNumber":63,"author":{"gitId":"hlwang56"},"content":"        String content \u003d \"Here are the tasks in your list:\\n\";","lastModifiedDate":"2022-01-29"},{"lineNumber":64,"author":{"gitId":"hlwang56"},"content":"        if(Tasks.size() \u003d\u003d 0){","lastModifiedDate":"2022-01-28"},{"lineNumber":65,"author":{"gitId":"hlwang56"},"content":"            content \u003d \"Sorry, there\u0027s no task in the list :(\";","lastModifiedDate":"2022-01-28"},{"lineNumber":66,"author":{"gitId":"hlwang56"},"content":"        }else {","lastModifiedDate":"2022-01-28"},{"lineNumber":67,"author":{"gitId":"hlwang56"},"content":"            for (int i \u003d 0; i \u003c Tasks.size(); i++) {","lastModifiedDate":"2022-01-28"},{"lineNumber":68,"author":{"gitId":"hlwang56"},"content":"                String index \u003d String.valueOf(i + 1);","lastModifiedDate":"2022-01-28"},{"lineNumber":69,"author":{"gitId":"hlwang56"},"content":"                String name \u003d index + \". \" + Tasks.get(i).getListName();","lastModifiedDate":"2022-01-29"},{"lineNumber":70,"author":{"gitId":"hlwang56"},"content":"                content +\u003d name;","lastModifiedDate":"2022-01-28"},{"lineNumber":71,"author":{"gitId":"hlwang56"},"content":"                if(i \u003c Tasks.size() - 1){","lastModifiedDate":"2022-01-28"},{"lineNumber":72,"author":{"gitId":"hlwang56"},"content":"                    content +\u003d \"\\n\";","lastModifiedDate":"2022-01-28"},{"lineNumber":73,"author":{"gitId":"hlwang56"},"content":"                }","lastModifiedDate":"2022-01-28"},{"lineNumber":74,"author":{"gitId":"hlwang56"},"content":"            }","lastModifiedDate":"2022-01-28"},{"lineNumber":75,"author":{"gitId":"hlwang56"},"content":"        }","lastModifiedDate":"2022-01-28"},{"lineNumber":76,"author":{"gitId":"hlwang56"},"content":"        chatbox.setContent(content);","lastModifiedDate":"2022-01-28"},{"lineNumber":77,"author":{"gitId":"hlwang56"},"content":"        chatbox.chatboxPrinter();","lastModifiedDate":"2022-01-28"},{"lineNumber":78,"author":{"gitId":"hlwang56"},"content":"    }","lastModifiedDate":"2022-01-28"},{"lineNumber":79,"author":{"gitId":"hlwang56"},"content":"","lastModifiedDate":"2022-01-28"},{"lineNumber":80,"author":{"gitId":"hlwang56"},"content":"    /**","lastModifiedDate":"2022-02-04"},{"lineNumber":81,"author":{"gitId":"hlwang56"},"content":"     * Marks specific task in the list as done","lastModifiedDate":"2022-02-04"},{"lineNumber":82,"author":{"gitId":"hlwang56"},"content":"     * @param n refers to the index of the task in adding time order","lastModifiedDate":"2022-02-04"},{"lineNumber":83,"author":{"gitId":"hlwang56"},"content":"     */","lastModifiedDate":"2022-02-04"},{"lineNumber":84,"author":{"gitId":"hlwang56"},"content":"    public void markTask(int n) {","lastModifiedDate":"2022-01-29"},{"lineNumber":85,"author":{"gitId":"hlwang56"},"content":"        System.out.println(n);","lastModifiedDate":"2022-01-29"},{"lineNumber":86,"author":{"gitId":"hlwang56"},"content":"        String content \u003d \"\";","lastModifiedDate":"2022-01-29"},{"lineNumber":87,"author":{"gitId":"hlwang56"},"content":"        if(n \u003c 1 || n \u003e Tasks.size()) {","lastModifiedDate":"2022-01-29"},{"lineNumber":88,"author":{"gitId":"hlwang56"},"content":"            //Beyonds boundaries","lastModifiedDate":"2022-02-04"},{"lineNumber":89,"author":{"gitId":"hlwang56"},"content":"            content \u003d \"Sorry, I could not find the task :/\";","lastModifiedDate":"2022-01-29"},{"lineNumber":90,"author":{"gitId":"hlwang56"},"content":"        }else {","lastModifiedDate":"2022-01-29"},{"lineNumber":91,"author":{"gitId":"hlwang56"},"content":"            Tasks.get(n - 1).mark();","lastModifiedDate":"2022-01-29"},{"lineNumber":92,"author":{"gitId":"hlwang56"},"content":"            content \u003d \"Nice! I\u0027ve marked this task as done:\\n\" + Tasks.get(n - 1).listName;","lastModifiedDate":"2022-01-29"},{"lineNumber":93,"author":{"gitId":"hlwang56"},"content":"        }","lastModifiedDate":"2022-01-29"},{"lineNumber":94,"author":{"gitId":"hlwang56"},"content":"        chatbox.setContent(content);","lastModifiedDate":"2022-01-29"},{"lineNumber":95,"author":{"gitId":"hlwang56"},"content":"        chatbox.chatboxPrinter();","lastModifiedDate":"2022-01-29"},{"lineNumber":96,"author":{"gitId":"hlwang56"},"content":"    }","lastModifiedDate":"2022-01-29"},{"lineNumber":97,"author":{"gitId":"hlwang56"},"content":"","lastModifiedDate":"2022-01-29"},{"lineNumber":98,"author":{"gitId":"hlwang56"},"content":"    /**","lastModifiedDate":"2022-02-04"},{"lineNumber":99,"author":{"gitId":"hlwang56"},"content":"     * Unmarks specific task in the list as undone","lastModifiedDate":"2022-02-04"},{"lineNumber":100,"author":{"gitId":"hlwang56"},"content":"     * @param n refers to the index of the task in adding time order","lastModifiedDate":"2022-02-04"},{"lineNumber":101,"author":{"gitId":"hlwang56"},"content":"     */","lastModifiedDate":"2022-02-04"},{"lineNumber":102,"author":{"gitId":"hlwang56"},"content":"    public void unmarkTask(int n) {","lastModifiedDate":"2022-01-29"},{"lineNumber":103,"author":{"gitId":"hlwang56"},"content":"        String content \u003d \"\";","lastModifiedDate":"2022-01-29"},{"lineNumber":104,"author":{"gitId":"hlwang56"},"content":"        if(n \u003c 1 || n \u003e Tasks.size()){","lastModifiedDate":"2022-01-29"},{"lineNumber":105,"author":{"gitId":"hlwang56"},"content":"            // Beyonds boundaries","lastModifiedDate":"2022-02-04"},{"lineNumber":106,"author":{"gitId":"hlwang56"},"content":"            content \u003d \"Sorry, I could not find the task :/\";","lastModifiedDate":"2022-01-29"},{"lineNumber":107,"author":{"gitId":"hlwang56"},"content":"        }else {","lastModifiedDate":"2022-01-29"},{"lineNumber":108,"author":{"gitId":"hlwang56"},"content":"            Tasks.get(n - 1).unmark();","lastModifiedDate":"2022-01-29"},{"lineNumber":109,"author":{"gitId":"hlwang56"},"content":"            content \u003d \"OK, I\u0027ve marked this task as not done yet:\\n\" + Tasks.get(n - 1).listName;","lastModifiedDate":"2022-01-29"},{"lineNumber":110,"author":{"gitId":"hlwang56"},"content":"        }","lastModifiedDate":"2022-01-29"},{"lineNumber":111,"author":{"gitId":"hlwang56"},"content":"        chatbox.setContent(content);","lastModifiedDate":"2022-01-29"},{"lineNumber":112,"author":{"gitId":"hlwang56"},"content":"        chatbox.chatboxPrinter();","lastModifiedDate":"2022-01-29"},{"lineNumber":113,"author":{"gitId":"hlwang56"},"content":"    }","lastModifiedDate":"2022-01-29"},{"lineNumber":114,"author":{"gitId":"hlwang56"},"content":"","lastModifiedDate":"2022-01-29"},{"lineNumber":115,"author":{"gitId":"hlwang56"},"content":"","lastModifiedDate":"2022-01-28"},{"lineNumber":116,"author":{"gitId":"hlwang56"},"content":"}","lastModifiedDate":"2022-01-28"}],"authorContributionMap":{"hlwang56":116}},{"path":"src/main/java/ToDo.java","fileType":"java","lines":[{"lineNumber":1,"author":{"gitId":"hlwang56"},"content":"public class ToDo extends Task{","lastModifiedDate":"2022-02-03"},{"lineNumber":2,"author":{"gitId":"hlwang56"},"content":"","lastModifiedDate":"2022-02-03"},{"lineNumber":3,"author":{"gitId":"hlwang56"},"content":"    public ToDo(String name){","lastModifiedDate":"2022-02-03"},{"lineNumber":4,"author":{"gitId":"hlwang56"},"content":"        super(name);","lastModifiedDate":"2022-02-03"},{"lineNumber":5,"author":{"gitId":"hlwang56"},"content":"    }","lastModifiedDate":"2022-02-03"},{"lineNumber":6,"author":{"gitId":"hlwang56"},"content":"","lastModifiedDate":"2022-02-03"},{"lineNumber":7,"author":{"gitId":"hlwang56"},"content":"    @Override","lastModifiedDate":"2022-02-03"},{"lineNumber":8,"author":{"gitId":"hlwang56"},"content":"    public void setListName(){","lastModifiedDate":"2022-02-03"},{"lineNumber":9,"author":{"gitId":"hlwang56"},"content":"        if(!isDone){","lastModifiedDate":"2022-02-04"},{"lineNumber":10,"author":{"gitId":"hlwang56"},"content":"            this.listName \u003d \"[T]\" + this.unmarkedStatus + this.taskName;","lastModifiedDate":"2022-02-03"},{"lineNumber":11,"author":{"gitId":"hlwang56"},"content":"        }else{","lastModifiedDate":"2022-02-03"},{"lineNumber":12,"author":{"gitId":"hlwang56"},"content":"            this.listName \u003d \"[T]\" + this.markedStatus + this.taskName;","lastModifiedDate":"2022-02-03"},{"lineNumber":13,"author":{"gitId":"hlwang56"},"content":"        }","lastModifiedDate":"2022-02-03"},{"lineNumber":14,"author":{"gitId":"hlwang56"},"content":"    }","lastModifiedDate":"2022-02-03"},{"lineNumber":15,"author":{"gitId":"hlwang56"},"content":"}","lastModifiedDate":"2022-02-03"}],"authorContributionMap":{"hlwang56":15}}]
