{"authorDailyContributionsMap":{"hlwang56":[{"date":"2022-01-28","commitResults":[{"hash":"3741eff0b2a4c86774b336a35c3b12e8de0ccf55","messageTitle":"Level 1 - add echo features","messageBody":"","fileTypesAndContributionMap":{"java":{"insertions":60,"deletions":6}}},{"hash":"4420957b64e9141ad1e8cecb2f53229350036143","messageTitle":"Level - 2","messageBody":"Add/list function added\n","tags":["Level---2"],"fileTypesAndContributionMap":{"java":{"insertions":94,"deletions":9}}}]},{"date":"2022-01-29","commitResults":[{"hash":"5072522c30ff7d644eea7daafa56e8c3d234ae91","messageTitle":"Level 3","messageBody":"add mark/unmark feature\n","tags":["level---3"],"fileTypesAndContributionMap":{"java":{"insertions":67,"deletions":12}}}]}]},"authorFileTypeContributionMap":{"hlwang56":{"java":200,"md":0,"fxml":0,"sh":0,"bat":0,"gradle":0,"txt":0}},"authorContributionVariance":{"hlwang56":1934.875},"authorDisplayNameMap":{"hlwang56":"T10-2 WANG..ILIN"}}
