[{"path":"data/brave.txt","fileType":"txt","lines":[{"lineNumber":1,"author":{"gitId":"johnsuharjono"},"content":"T , 1 , read book","lastModifiedDate":"2022-02-18"},{"lineNumber":2,"author":{"gitId":"johnsuharjono"},"content":"D , 1 , return book , June 6th","lastModifiedDate":"2022-03-03"},{"lineNumber":3,"author":{"gitId":"johnsuharjono"},"content":"E , 0 , project meeting , Aug 6th 2-4pm","lastModifiedDate":"2022-02-18"},{"lineNumber":4,"author":{"gitId":"johnsuharjono"},"content":"T , 1 , join sports club","lastModifiedDate":"2022-02-18"},{"lineNumber":5,"author":{"gitId":"johnsuharjono"},"content":"T , 0 , cs2113 lecture","lastModifiedDate":"2022-02-18"}],"authorContributionMap":{"johnsuharjono":5}},{"path":"src/main/java/brave/Brave.java","fileType":"java","lines":[{"lineNumber":1,"author":{"gitId":"johnsuharjono"},"content":"package brave;","lastModifiedDate":"2022-02-11"},{"lineNumber":2,"author":{"gitId":"johnsuharjono"},"content":"","lastModifiedDate":"2022-02-11"},{"lineNumber":3,"author":{"gitId":"johnsuharjono"},"content":"import brave.data.TaskManager;","lastModifiedDate":"2022-03-03"},{"lineNumber":4,"author":{"gitId":"johnsuharjono"},"content":"import brave.parser.Parser;","lastModifiedDate":"2022-03-03"},{"lineNumber":5,"author":{"gitId":"johnsuharjono"},"content":"import brave.ui.Ui;","lastModifiedDate":"2022-03-03"},{"lineNumber":6,"author":{"gitId":"johnsuharjono"},"content":"import brave.storage.Storage;","lastModifiedDate":"2022-03-03"},{"lineNumber":7,"author":{"gitId":"johnsuharjono"},"content":"","lastModifiedDate":"2022-03-03"},{"lineNumber":8,"author":{"gitId":"johnsuharjono"},"content":"import java.io.IOException;","lastModifiedDate":"2022-03-03"},{"lineNumber":9,"author":{"gitId":"johnsuharjono"},"content":"import java.lang.String;","lastModifiedDate":"2022-01-27"},{"lineNumber":10,"author":{"gitId":"johnsuharjono"},"content":"","lastModifiedDate":"2022-01-27"},{"lineNumber":11,"author":{"gitId":"johnsuharjono"},"content":"public class Brave {","lastModifiedDate":"2022-01-27"},{"lineNumber":12,"author":{"gitId":"johnsuharjono"},"content":"","lastModifiedDate":"2022-01-27"},{"lineNumber":13,"author":{"gitId":"johnsuharjono"},"content":"    private final Ui ui;","lastModifiedDate":"2022-03-03"},{"lineNumber":14,"author":{"gitId":"johnsuharjono"},"content":"    private TaskManager tasks;","lastModifiedDate":"2022-03-03"},{"lineNumber":15,"author":{"gitId":"johnsuharjono"},"content":"","lastModifiedDate":"2022-01-27"},{"lineNumber":16,"author":{"gitId":"johnsuharjono"},"content":"    public Brave(String filePath) {","lastModifiedDate":"2022-03-03"},{"lineNumber":17,"author":{"gitId":"johnsuharjono"},"content":"        ui \u003d new Ui();","lastModifiedDate":"2022-03-03"},{"lineNumber":18,"author":{"gitId":"johnsuharjono"},"content":"        Storage storage \u003d new Storage(filePath);","lastModifiedDate":"2022-03-03"},{"lineNumber":19,"author":{"gitId":"johnsuharjono"},"content":"        try {","lastModifiedDate":"2022-02-10"},{"lineNumber":20,"author":{"gitId":"johnsuharjono"},"content":"            tasks \u003d new TaskManager(storage.load());","lastModifiedDate":"2022-03-03"},{"lineNumber":21,"author":{"gitId":"johnsuharjono"},"content":"        } catch (IOException e) {","lastModifiedDate":"2022-03-03"},{"lineNumber":22,"author":{"gitId":"johnsuharjono"},"content":"            ui.showLoadingError(e.getMessage());","lastModifiedDate":"2022-03-03"},{"lineNumber":23,"author":{"gitId":"johnsuharjono"},"content":"            tasks \u003d new TaskManager();","lastModifiedDate":"2022-03-03"},{"lineNumber":24,"author":{"gitId":"johnsuharjono"},"content":"        }","lastModifiedDate":"2022-02-10"},{"lineNumber":25,"author":{"gitId":"johnsuharjono"},"content":"    }","lastModifiedDate":"2022-02-17"},{"lineNumber":26,"author":{"gitId":"johnsuharjono"},"content":"","lastModifiedDate":"2022-03-03"},{"lineNumber":27,"author":{"gitId":"johnsuharjono"},"content":"    public void run() {","lastModifiedDate":"2022-03-03"},{"lineNumber":28,"author":{"gitId":"johnsuharjono"},"content":"        ui.showWelcomeMessage();","lastModifiedDate":"2022-03-03"},{"lineNumber":29,"author":{"gitId":"johnsuharjono"},"content":"        boolean isExit;","lastModifiedDate":"2022-03-03"},{"lineNumber":30,"author":{"gitId":"johnsuharjono"},"content":"        isExit \u003d false;","lastModifiedDate":"2022-03-03"},{"lineNumber":31,"author":{"gitId":"johnsuharjono"},"content":"","lastModifiedDate":"2022-03-03"},{"lineNumber":32,"author":{"gitId":"johnsuharjono"},"content":"        while (!isExit) {","lastModifiedDate":"2022-03-03"},{"lineNumber":33,"author":{"gitId":"johnsuharjono"},"content":"            String fullCommand \u003d ui.getUserCommand();","lastModifiedDate":"2022-03-03"},{"lineNumber":34,"author":{"gitId":"johnsuharjono"},"content":"            Parser p \u003d new Parser(ui);","lastModifiedDate":"2022-03-03"},{"lineNumber":35,"author":{"gitId":"johnsuharjono"},"content":"            p.parse(fullCommand, tasks);","lastModifiedDate":"2022-03-03"},{"lineNumber":36,"author":{"gitId":"johnsuharjono"},"content":"            isExit \u003d p.getExit();","lastModifiedDate":"2022-03-03"},{"lineNumber":37,"author":{"gitId":"johnsuharjono"},"content":"        }","lastModifiedDate":"2022-01-27"},{"lineNumber":38,"author":{"gitId":"johnsuharjono"},"content":"","lastModifiedDate":"2022-03-03"},{"lineNumber":39,"author":{"gitId":"johnsuharjono"},"content":"        ui.showFarewellMessage();","lastModifiedDate":"2022-03-03"},{"lineNumber":40,"author":{"gitId":"johnsuharjono"},"content":"    }","lastModifiedDate":"2022-01-27"},{"lineNumber":41,"author":{"gitId":"johnsuharjono"},"content":"","lastModifiedDate":"2022-03-03"},{"lineNumber":42,"author":{"gitId":"johnsuharjono"},"content":"    public static void main(String[] args) {","lastModifiedDate":"2022-03-03"},{"lineNumber":43,"author":{"gitId":"johnsuharjono"},"content":"        new Brave(\"data/brave.txt\").run();","lastModifiedDate":"2022-03-03"},{"lineNumber":44,"author":{"gitId":"-"},"content":"    }","lastModifiedDate":"2019-07-29"},{"lineNumber":45,"author":{"gitId":"-"},"content":"}","lastModifiedDate":"2019-07-29"}],"authorContributionMap":{"-":2,"johnsuharjono":43}},{"path":"src/main/java/brave/IllegalArgumentException.java","fileType":"java","lines":[{"lineNumber":1,"author":{"gitId":"johnsuharjono"},"content":"package brave;","lastModifiedDate":"2022-02-11"},{"lineNumber":2,"author":{"gitId":"johnsuharjono"},"content":"","lastModifiedDate":"2022-02-11"},{"lineNumber":3,"author":{"gitId":"johnsuharjono"},"content":"public class IllegalArgumentException extends Exception{","lastModifiedDate":"2022-02-10"},{"lineNumber":4,"author":{"gitId":"johnsuharjono"},"content":"}","lastModifiedDate":"2022-02-10"}],"authorContributionMap":{"johnsuharjono":4}},{"path":"src/main/java/brave/data/Deadline.java","fileType":"java","lines":[{"lineNumber":1,"author":{"gitId":"johnsuharjono"},"content":"package brave.data;","lastModifiedDate":"2022-03-03"},{"lineNumber":2,"author":{"gitId":"johnsuharjono"},"content":"","lastModifiedDate":"2022-02-11"},{"lineNumber":3,"author":{"gitId":"johnsuharjono"},"content":"public class Deadline extends Task {","lastModifiedDate":"2022-02-04"},{"lineNumber":4,"author":{"gitId":"johnsuharjono"},"content":"    private String by;","lastModifiedDate":"2022-02-04"},{"lineNumber":5,"author":{"gitId":"johnsuharjono"},"content":"","lastModifiedDate":"2022-02-04"},{"lineNumber":6,"author":{"gitId":"johnsuharjono"},"content":"    public Deadline(String description, String by) {","lastModifiedDate":"2022-02-04"},{"lineNumber":7,"author":{"gitId":"johnsuharjono"},"content":"        super(description);","lastModifiedDate":"2022-02-04"},{"lineNumber":8,"author":{"gitId":"johnsuharjono"},"content":"        this.by \u003d by;","lastModifiedDate":"2022-02-04"},{"lineNumber":9,"author":{"gitId":"johnsuharjono"},"content":"    }","lastModifiedDate":"2022-02-04"},{"lineNumber":10,"author":{"gitId":"johnsuharjono"},"content":"","lastModifiedDate":"2022-02-04"},{"lineNumber":11,"author":{"gitId":"johnsuharjono"},"content":"    public String getDescription() {","lastModifiedDate":"2022-02-04"},{"lineNumber":12,"author":{"gitId":"johnsuharjono"},"content":"        return super.getDescription() + String.format(\" (by: %s)\", this.by);","lastModifiedDate":"2022-02-04"},{"lineNumber":13,"author":{"gitId":"johnsuharjono"},"content":"    }","lastModifiedDate":"2022-02-04"},{"lineNumber":14,"author":{"gitId":"johnsuharjono"},"content":"","lastModifiedDate":"2022-02-18"},{"lineNumber":15,"author":{"gitId":"johnsuharjono"},"content":"    @Override","lastModifiedDate":"2022-03-03"},{"lineNumber":16,"author":{"gitId":"johnsuharjono"},"content":"    public String toString() {","lastModifiedDate":"2022-03-03"},{"lineNumber":17,"author":{"gitId":"johnsuharjono"},"content":"        return \"[D] \" + super.toString();","lastModifiedDate":"2022-03-03"},{"lineNumber":18,"author":{"gitId":"johnsuharjono"},"content":"    }","lastModifiedDate":"2022-03-03"},{"lineNumber":19,"author":{"gitId":"johnsuharjono"},"content":"","lastModifiedDate":"2022-03-03"},{"lineNumber":20,"author":{"gitId":"johnsuharjono"},"content":"    @Override","lastModifiedDate":"2022-02-18"},{"lineNumber":21,"author":{"gitId":"johnsuharjono"},"content":"    public String getSaveFormat() {","lastModifiedDate":"2022-02-18"},{"lineNumber":22,"author":{"gitId":"johnsuharjono"},"content":"        if (!isDone) {","lastModifiedDate":"2022-02-18"},{"lineNumber":23,"author":{"gitId":"johnsuharjono"},"content":"            return \"D , 0 , \" + this.description + \" , \" + this.by;","lastModifiedDate":"2022-02-18"},{"lineNumber":24,"author":{"gitId":"johnsuharjono"},"content":"        } else {","lastModifiedDate":"2022-02-18"},{"lineNumber":25,"author":{"gitId":"johnsuharjono"},"content":"            return \"D , 1 , \" + this.description + \" , \" + this.by;","lastModifiedDate":"2022-02-18"},{"lineNumber":26,"author":{"gitId":"johnsuharjono"},"content":"        }","lastModifiedDate":"2022-02-18"},{"lineNumber":27,"author":{"gitId":"johnsuharjono"},"content":"    }","lastModifiedDate":"2022-02-18"},{"lineNumber":28,"author":{"gitId":"johnsuharjono"},"content":"}","lastModifiedDate":"2022-02-04"}],"authorContributionMap":{"johnsuharjono":28}},{"path":"src/main/java/brave/data/Event.java","fileType":"java","lines":[{"lineNumber":1,"author":{"gitId":"johnsuharjono"},"content":"package brave.data;","lastModifiedDate":"2022-03-03"},{"lineNumber":2,"author":{"gitId":"johnsuharjono"},"content":"","lastModifiedDate":"2022-02-11"},{"lineNumber":3,"author":{"gitId":"johnsuharjono"},"content":"public class Event extends Task {","lastModifiedDate":"2022-02-04"},{"lineNumber":4,"author":{"gitId":"johnsuharjono"},"content":"    private String eventTime;","lastModifiedDate":"2022-02-04"},{"lineNumber":5,"author":{"gitId":"johnsuharjono"},"content":"","lastModifiedDate":"2022-02-04"},{"lineNumber":6,"author":{"gitId":"johnsuharjono"},"content":"    public Event(String description, String eventTime) {","lastModifiedDate":"2022-02-04"},{"lineNumber":7,"author":{"gitId":"johnsuharjono"},"content":"        super(description);","lastModifiedDate":"2022-02-04"},{"lineNumber":8,"author":{"gitId":"johnsuharjono"},"content":"        this.eventTime \u003d eventTime;","lastModifiedDate":"2022-02-04"},{"lineNumber":9,"author":{"gitId":"johnsuharjono"},"content":"    }","lastModifiedDate":"2022-02-04"},{"lineNumber":10,"author":{"gitId":"johnsuharjono"},"content":"","lastModifiedDate":"2022-02-04"},{"lineNumber":11,"author":{"gitId":"johnsuharjono"},"content":"    public String getDescription() {","lastModifiedDate":"2022-02-04"},{"lineNumber":12,"author":{"gitId":"johnsuharjono"},"content":"        return super.getDescription() + String.format(\" (at: %s)\", this.eventTime);","lastModifiedDate":"2022-02-04"},{"lineNumber":13,"author":{"gitId":"johnsuharjono"},"content":"    }","lastModifiedDate":"2022-02-04"},{"lineNumber":14,"author":{"gitId":"johnsuharjono"},"content":"","lastModifiedDate":"2022-02-18"},{"lineNumber":15,"author":{"gitId":"johnsuharjono"},"content":"    @Override","lastModifiedDate":"2022-03-03"},{"lineNumber":16,"author":{"gitId":"johnsuharjono"},"content":"    public String toString() {","lastModifiedDate":"2022-03-03"},{"lineNumber":17,"author":{"gitId":"johnsuharjono"},"content":"        return \"[E] \" + super.toString();","lastModifiedDate":"2022-03-03"},{"lineNumber":18,"author":{"gitId":"johnsuharjono"},"content":"    }","lastModifiedDate":"2022-03-03"},{"lineNumber":19,"author":{"gitId":"johnsuharjono"},"content":"","lastModifiedDate":"2022-03-03"},{"lineNumber":20,"author":{"gitId":"johnsuharjono"},"content":"    @Override","lastModifiedDate":"2022-02-18"},{"lineNumber":21,"author":{"gitId":"johnsuharjono"},"content":"    public String getSaveFormat() {","lastModifiedDate":"2022-02-18"},{"lineNumber":22,"author":{"gitId":"johnsuharjono"},"content":"        if (!isDone) {","lastModifiedDate":"2022-02-18"},{"lineNumber":23,"author":{"gitId":"johnsuharjono"},"content":"            return \"E , 0 , \" + this.description + \" , \" + this.eventTime;","lastModifiedDate":"2022-02-18"},{"lineNumber":24,"author":{"gitId":"johnsuharjono"},"content":"        } else {","lastModifiedDate":"2022-02-18"},{"lineNumber":25,"author":{"gitId":"johnsuharjono"},"content":"            return \"E , 1 , \" + this.description + \" , \" + this.eventTime;","lastModifiedDate":"2022-02-18"},{"lineNumber":26,"author":{"gitId":"johnsuharjono"},"content":"        }","lastModifiedDate":"2022-02-18"},{"lineNumber":27,"author":{"gitId":"johnsuharjono"},"content":"    }","lastModifiedDate":"2022-02-18"},{"lineNumber":28,"author":{"gitId":"johnsuharjono"},"content":"}","lastModifiedDate":"2022-02-04"}],"authorContributionMap":{"johnsuharjono":28}},{"path":"src/main/java/brave/data/Task.java","fileType":"java","lines":[{"lineNumber":1,"author":{"gitId":"johnsuharjono"},"content":"package brave.data;","lastModifiedDate":"2022-03-03"},{"lineNumber":2,"author":{"gitId":"johnsuharjono"},"content":"","lastModifiedDate":"2022-02-11"},{"lineNumber":3,"author":{"gitId":"johnsuharjono"},"content":"public abstract class Task {","lastModifiedDate":"2022-02-10"},{"lineNumber":4,"author":{"gitId":"johnsuharjono"},"content":"    protected String description;","lastModifiedDate":"2022-01-27"},{"lineNumber":5,"author":{"gitId":"johnsuharjono"},"content":"    protected boolean isDone;","lastModifiedDate":"2022-01-27"},{"lineNumber":6,"author":{"gitId":"johnsuharjono"},"content":"","lastModifiedDate":"2022-01-27"},{"lineNumber":7,"author":{"gitId":"johnsuharjono"},"content":"    public Task(String description) {","lastModifiedDate":"2022-01-27"},{"lineNumber":8,"author":{"gitId":"johnsuharjono"},"content":"        this.description \u003d description;","lastModifiedDate":"2022-01-27"},{"lineNumber":9,"author":{"gitId":"johnsuharjono"},"content":"        this.isDone \u003d false;","lastModifiedDate":"2022-01-27"},{"lineNumber":10,"author":{"gitId":"johnsuharjono"},"content":"    }","lastModifiedDate":"2022-01-27"},{"lineNumber":11,"author":{"gitId":"johnsuharjono"},"content":"","lastModifiedDate":"2022-01-27"},{"lineNumber":12,"author":{"gitId":"johnsuharjono"},"content":"    public String getStatusIcon() {","lastModifiedDate":"2022-01-27"},{"lineNumber":13,"author":{"gitId":"johnsuharjono"},"content":"        return (isDone ? \"[X]\" : \"[ ]\"); // mark done task with X","lastModifiedDate":"2022-01-27"},{"lineNumber":14,"author":{"gitId":"johnsuharjono"},"content":"    }","lastModifiedDate":"2022-01-27"},{"lineNumber":15,"author":{"gitId":"johnsuharjono"},"content":"","lastModifiedDate":"2022-01-27"},{"lineNumber":16,"author":{"gitId":"johnsuharjono"},"content":"    public String getDescription() {","lastModifiedDate":"2022-01-27"},{"lineNumber":17,"author":{"gitId":"johnsuharjono"},"content":"        return description;","lastModifiedDate":"2022-01-27"},{"lineNumber":18,"author":{"gitId":"johnsuharjono"},"content":"    }","lastModifiedDate":"2022-01-27"},{"lineNumber":19,"author":{"gitId":"johnsuharjono"},"content":"","lastModifiedDate":"2022-02-03"},{"lineNumber":20,"author":{"gitId":"johnsuharjono"},"content":"    public void markAsDone() {","lastModifiedDate":"2022-01-27"},{"lineNumber":21,"author":{"gitId":"johnsuharjono"},"content":"        isDone \u003d true;","lastModifiedDate":"2022-01-27"},{"lineNumber":22,"author":{"gitId":"johnsuharjono"},"content":"    }","lastModifiedDate":"2022-01-27"},{"lineNumber":23,"author":{"gitId":"johnsuharjono"},"content":"","lastModifiedDate":"2022-01-27"},{"lineNumber":24,"author":{"gitId":"johnsuharjono"},"content":"    public void unmarkAsDone() {","lastModifiedDate":"2022-01-27"},{"lineNumber":25,"author":{"gitId":"johnsuharjono"},"content":"        isDone \u003d false;","lastModifiedDate":"2022-01-27"},{"lineNumber":26,"author":{"gitId":"johnsuharjono"},"content":"    }","lastModifiedDate":"2022-01-27"},{"lineNumber":27,"author":{"gitId":"johnsuharjono"},"content":"","lastModifiedDate":"2022-02-18"},{"lineNumber":28,"author":{"gitId":"johnsuharjono"},"content":"    @Override","lastModifiedDate":"2022-03-03"},{"lineNumber":29,"author":{"gitId":"johnsuharjono"},"content":"    public String toString() {","lastModifiedDate":"2022-03-03"},{"lineNumber":30,"author":{"gitId":"johnsuharjono"},"content":"        return getStatusIcon() + \" \" + getDescription();","lastModifiedDate":"2022-03-03"},{"lineNumber":31,"author":{"gitId":"johnsuharjono"},"content":"    }","lastModifiedDate":"2022-03-03"},{"lineNumber":32,"author":{"gitId":"johnsuharjono"},"content":"","lastModifiedDate":"2022-03-03"},{"lineNumber":33,"author":{"gitId":"johnsuharjono"},"content":"    public abstract String getSaveFormat();","lastModifiedDate":"2022-02-18"},{"lineNumber":34,"author":{"gitId":"johnsuharjono"},"content":"}","lastModifiedDate":"2022-01-27"}],"authorContributionMap":{"johnsuharjono":34}},{"path":"src/main/java/brave/data/TaskManager.java","fileType":"java","lines":[{"lineNumber":1,"author":{"gitId":"johnsuharjono"},"content":"package brave.data;","lastModifiedDate":"2022-03-03"},{"lineNumber":2,"author":{"gitId":"johnsuharjono"},"content":"","lastModifiedDate":"2022-03-03"},{"lineNumber":3,"author":{"gitId":"johnsuharjono"},"content":"import brave.storage.Storage;","lastModifiedDate":"2022-03-03"},{"lineNumber":4,"author":{"gitId":"johnsuharjono"},"content":"import brave.ui.Ui;","lastModifiedDate":"2022-03-03"},{"lineNumber":5,"author":{"gitId":"johnsuharjono"},"content":"","lastModifiedDate":"2022-03-03"},{"lineNumber":6,"author":{"gitId":"johnsuharjono"},"content":"import java.util.ArrayList;","lastModifiedDate":"2022-03-03"},{"lineNumber":7,"author":{"gitId":"johnsuharjono"},"content":"","lastModifiedDate":"2022-03-03"},{"lineNumber":8,"author":{"gitId":"johnsuharjono"},"content":"public class TaskManager {","lastModifiedDate":"2022-03-03"},{"lineNumber":9,"author":{"gitId":"johnsuharjono"},"content":"    public static final String LINE_SPLIT \u003d \"____________________________________________________________\";","lastModifiedDate":"2022-03-03"},{"lineNumber":10,"author":{"gitId":"johnsuharjono"},"content":"    private final ArrayList\u003cTask\u003e tasks;","lastModifiedDate":"2022-03-03"},{"lineNumber":11,"author":{"gitId":"johnsuharjono"},"content":"    private Ui ui;","lastModifiedDate":"2022-03-03"},{"lineNumber":12,"author":{"gitId":"johnsuharjono"},"content":"","lastModifiedDate":"2022-03-03"},{"lineNumber":13,"author":{"gitId":"johnsuharjono"},"content":"    public TaskManager() {","lastModifiedDate":"2022-03-03"},{"lineNumber":14,"author":{"gitId":"johnsuharjono"},"content":"        tasks \u003d new ArrayList\u003c\u003e();","lastModifiedDate":"2022-03-03"},{"lineNumber":15,"author":{"gitId":"johnsuharjono"},"content":"    }","lastModifiedDate":"2022-03-03"},{"lineNumber":16,"author":{"gitId":"johnsuharjono"},"content":"","lastModifiedDate":"2022-03-03"},{"lineNumber":17,"author":{"gitId":"johnsuharjono"},"content":"    public TaskManager(ArrayList\u003cTask\u003e tasks) {","lastModifiedDate":"2022-03-03"},{"lineNumber":18,"author":{"gitId":"johnsuharjono"},"content":"        this.tasks \u003d tasks;","lastModifiedDate":"2022-03-03"},{"lineNumber":19,"author":{"gitId":"johnsuharjono"},"content":"    }","lastModifiedDate":"2022-03-03"},{"lineNumber":20,"author":{"gitId":"johnsuharjono"},"content":"","lastModifiedDate":"2022-03-03"},{"lineNumber":21,"author":{"gitId":"johnsuharjono"},"content":"    public ArrayList\u003cTask\u003e getTasks() {","lastModifiedDate":"2022-03-03"},{"lineNumber":22,"author":{"gitId":"johnsuharjono"},"content":"        return tasks;","lastModifiedDate":"2022-03-03"},{"lineNumber":23,"author":{"gitId":"johnsuharjono"},"content":"    }","lastModifiedDate":"2022-03-03"},{"lineNumber":24,"author":{"gitId":"johnsuharjono"},"content":"","lastModifiedDate":"2022-03-03"},{"lineNumber":25,"author":{"gitId":"johnsuharjono"},"content":"    public void addTask(Task task) {","lastModifiedDate":"2022-03-03"},{"lineNumber":26,"author":{"gitId":"johnsuharjono"},"content":"        tasks.add(task);","lastModifiedDate":"2022-03-03"},{"lineNumber":27,"author":{"gitId":"johnsuharjono"},"content":"        System.out.println(LINE_SPLIT);","lastModifiedDate":"2022-03-03"},{"lineNumber":28,"author":{"gitId":"johnsuharjono"},"content":"        System.out.println(\"Yepp, I have added task below!\");","lastModifiedDate":"2022-03-03"},{"lineNumber":29,"author":{"gitId":"johnsuharjono"},"content":"        System.out.println(task.description);","lastModifiedDate":"2022-03-03"},{"lineNumber":30,"author":{"gitId":"johnsuharjono"},"content":"        System.out.println(\"You currenly have \" + tasks.size() + \" task in the list\");","lastModifiedDate":"2022-03-03"},{"lineNumber":31,"author":{"gitId":"johnsuharjono"},"content":"        System.out.println(LINE_SPLIT);","lastModifiedDate":"2022-03-03"},{"lineNumber":32,"author":{"gitId":"johnsuharjono"},"content":"    }","lastModifiedDate":"2022-03-03"},{"lineNumber":33,"author":{"gitId":"johnsuharjono"},"content":"","lastModifiedDate":"2022-03-03"},{"lineNumber":34,"author":{"gitId":"johnsuharjono"},"content":"    public void markTask(int taskIndex) {","lastModifiedDate":"2022-03-03"},{"lineNumber":35,"author":{"gitId":"johnsuharjono"},"content":"        Task selected_task \u003d tasks.get(taskIndex);","lastModifiedDate":"2022-03-03"},{"lineNumber":36,"author":{"gitId":"johnsuharjono"},"content":"        selected_task.markAsDone();","lastModifiedDate":"2022-03-03"},{"lineNumber":37,"author":{"gitId":"johnsuharjono"},"content":"        System.out.println(\"Nice! I\u0027ve marked this task as done:\");","lastModifiedDate":"2022-03-03"},{"lineNumber":38,"author":{"gitId":"johnsuharjono"},"content":"        System.out.println(selected_task.getStatusIcon() + \" \" + selected_task.getDescription());","lastModifiedDate":"2022-03-03"},{"lineNumber":39,"author":{"gitId":"johnsuharjono"},"content":"    }","lastModifiedDate":"2022-03-03"},{"lineNumber":40,"author":{"gitId":"johnsuharjono"},"content":"","lastModifiedDate":"2022-03-03"},{"lineNumber":41,"author":{"gitId":"johnsuharjono"},"content":"    public void unmarkTask(int taskIndex) {","lastModifiedDate":"2022-03-03"},{"lineNumber":42,"author":{"gitId":"johnsuharjono"},"content":"        Task selected_task \u003d tasks.get(taskIndex);","lastModifiedDate":"2022-03-03"},{"lineNumber":43,"author":{"gitId":"johnsuharjono"},"content":"        selected_task.unmarkAsDone();","lastModifiedDate":"2022-03-03"},{"lineNumber":44,"author":{"gitId":"johnsuharjono"},"content":"        System.out.println(\"OK, I\u0027ve marked this task as not done yet:\");","lastModifiedDate":"2022-03-03"},{"lineNumber":45,"author":{"gitId":"johnsuharjono"},"content":"        System.out.println(selected_task.getStatusIcon() + \" \" + selected_task.getDescription());","lastModifiedDate":"2022-03-03"},{"lineNumber":46,"author":{"gitId":"johnsuharjono"},"content":"    }","lastModifiedDate":"2022-03-03"},{"lineNumber":47,"author":{"gitId":"johnsuharjono"},"content":"","lastModifiedDate":"2022-03-03"},{"lineNumber":48,"author":{"gitId":"johnsuharjono"},"content":"    public void deleteTask(int taskIndex) {","lastModifiedDate":"2022-03-03"},{"lineNumber":49,"author":{"gitId":"johnsuharjono"},"content":"        Task selected_task \u003d tasks.get(taskIndex);","lastModifiedDate":"2022-03-03"},{"lineNumber":50,"author":{"gitId":"johnsuharjono"},"content":"        System.out.println(LINE_SPLIT);","lastModifiedDate":"2022-03-03"},{"lineNumber":51,"author":{"gitId":"johnsuharjono"},"content":"        System.out.println(\"Successfully deleted task below\");","lastModifiedDate":"2022-03-03"},{"lineNumber":52,"author":{"gitId":"johnsuharjono"},"content":"        System.out.printf(\"%d.%s %s%n\", taskIndex + 1, selected_task.getStatusIcon(),","lastModifiedDate":"2022-03-03"},{"lineNumber":53,"author":{"gitId":"johnsuharjono"},"content":"                selected_task.getDescription());","lastModifiedDate":"2022-03-03"},{"lineNumber":54,"author":{"gitId":"johnsuharjono"},"content":"        tasks.remove(taskIndex);","lastModifiedDate":"2022-03-03"},{"lineNumber":55,"author":{"gitId":"johnsuharjono"},"content":"        System.out.println(\"You now have \" + tasks.size() + \" task remaining\");","lastModifiedDate":"2022-03-03"},{"lineNumber":56,"author":{"gitId":"johnsuharjono"},"content":"    }","lastModifiedDate":"2022-03-03"},{"lineNumber":57,"author":{"gitId":"johnsuharjono"},"content":"}","lastModifiedDate":"2022-03-03"}],"authorContributionMap":{"johnsuharjono":57}},{"path":"src/main/java/brave/data/Todo.java","fileType":"java","lines":[{"lineNumber":1,"author":{"gitId":"johnsuharjono"},"content":"package brave.data;","lastModifiedDate":"2022-03-03"},{"lineNumber":2,"author":{"gitId":"johnsuharjono"},"content":"","lastModifiedDate":"2022-02-11"},{"lineNumber":3,"author":{"gitId":"johnsuharjono"},"content":"public class Todo extends Task {","lastModifiedDate":"2022-02-04"},{"lineNumber":4,"author":{"gitId":"johnsuharjono"},"content":"    public Todo(String description) {","lastModifiedDate":"2022-02-04"},{"lineNumber":5,"author":{"gitId":"johnsuharjono"},"content":"        super(description);","lastModifiedDate":"2022-02-04"},{"lineNumber":6,"author":{"gitId":"johnsuharjono"},"content":"    }","lastModifiedDate":"2022-02-04"},{"lineNumber":7,"author":{"gitId":"johnsuharjono"},"content":"","lastModifiedDate":"2022-02-04"},{"lineNumber":8,"author":{"gitId":"johnsuharjono"},"content":"    @Override","lastModifiedDate":"2022-02-18"},{"lineNumber":9,"author":{"gitId":"johnsuharjono"},"content":"    public String getSaveFormat() {","lastModifiedDate":"2022-02-18"},{"lineNumber":10,"author":{"gitId":"johnsuharjono"},"content":"        if (!isDone) {","lastModifiedDate":"2022-02-18"},{"lineNumber":11,"author":{"gitId":"johnsuharjono"},"content":"            return \"T , 0 , \" + description;","lastModifiedDate":"2022-02-18"},{"lineNumber":12,"author":{"gitId":"johnsuharjono"},"content":"        } else {","lastModifiedDate":"2022-02-18"},{"lineNumber":13,"author":{"gitId":"johnsuharjono"},"content":"            return \"T , 1 , \" + description;","lastModifiedDate":"2022-02-18"},{"lineNumber":14,"author":{"gitId":"johnsuharjono"},"content":"        }","lastModifiedDate":"2022-02-18"},{"lineNumber":15,"author":{"gitId":"johnsuharjono"},"content":"    }","lastModifiedDate":"2022-02-18"},{"lineNumber":16,"author":{"gitId":"johnsuharjono"},"content":"","lastModifiedDate":"2022-03-03"},{"lineNumber":17,"author":{"gitId":"johnsuharjono"},"content":"    @Override","lastModifiedDate":"2022-03-03"},{"lineNumber":18,"author":{"gitId":"johnsuharjono"},"content":"    public String toString() {","lastModifiedDate":"2022-03-03"},{"lineNumber":19,"author":{"gitId":"johnsuharjono"},"content":"        return \"[T] \" + super.toString();","lastModifiedDate":"2022-03-03"},{"lineNumber":20,"author":{"gitId":"johnsuharjono"},"content":"    }","lastModifiedDate":"2022-03-03"},{"lineNumber":21,"author":{"gitId":"johnsuharjono"},"content":"}","lastModifiedDate":"2022-02-04"}],"authorContributionMap":{"johnsuharjono":21}},{"path":"src/main/java/brave/parser/Parser.java","fileType":"java","lines":[{"lineNumber":1,"author":{"gitId":"johnsuharjono"},"content":"package brave.parser;","lastModifiedDate":"2022-03-03"},{"lineNumber":2,"author":{"gitId":"johnsuharjono"},"content":"","lastModifiedDate":"2022-03-03"},{"lineNumber":3,"author":{"gitId":"johnsuharjono"},"content":"import brave.IllegalArgumentException;","lastModifiedDate":"2022-03-03"},{"lineNumber":4,"author":{"gitId":"johnsuharjono"},"content":"import brave.data.*;","lastModifiedDate":"2022-03-03"},{"lineNumber":5,"author":{"gitId":"johnsuharjono"},"content":"import brave.storage.Storage;","lastModifiedDate":"2022-03-03"},{"lineNumber":6,"author":{"gitId":"johnsuharjono"},"content":"import brave.ui.Ui;","lastModifiedDate":"2022-03-03"},{"lineNumber":7,"author":{"gitId":"johnsuharjono"},"content":"","lastModifiedDate":"2022-03-03"},{"lineNumber":8,"author":{"gitId":"johnsuharjono"},"content":"import java.util.ArrayList;","lastModifiedDate":"2022-03-03"},{"lineNumber":9,"author":{"gitId":"johnsuharjono"},"content":"","lastModifiedDate":"2022-03-03"},{"lineNumber":10,"author":{"gitId":"johnsuharjono"},"content":"import static java.util.stream.Collectors.toList;","lastModifiedDate":"2022-03-03"},{"lineNumber":11,"author":{"gitId":"johnsuharjono"},"content":"","lastModifiedDate":"2022-03-03"},{"lineNumber":12,"author":{"gitId":"johnsuharjono"},"content":"public class Parser {","lastModifiedDate":"2022-03-03"},{"lineNumber":13,"author":{"gitId":"johnsuharjono"},"content":"","lastModifiedDate":"2022-03-03"},{"lineNumber":14,"author":{"gitId":"johnsuharjono"},"content":"    private static boolean isExit;","lastModifiedDate":"2022-03-03"},{"lineNumber":15,"author":{"gitId":"johnsuharjono"},"content":"    private Ui ui;","lastModifiedDate":"2022-03-03"},{"lineNumber":16,"author":{"gitId":"johnsuharjono"},"content":"","lastModifiedDate":"2022-03-03"},{"lineNumber":17,"author":{"gitId":"johnsuharjono"},"content":"    public Parser(Ui ui) {","lastModifiedDate":"2022-03-03"},{"lineNumber":18,"author":{"gitId":"johnsuharjono"},"content":"        this.ui \u003d ui;","lastModifiedDate":"2022-03-03"},{"lineNumber":19,"author":{"gitId":"johnsuharjono"},"content":"    }","lastModifiedDate":"2022-03-03"},{"lineNumber":20,"author":{"gitId":"johnsuharjono"},"content":"","lastModifiedDate":"2022-03-03"},{"lineNumber":21,"author":{"gitId":"johnsuharjono"},"content":"    public void setExit(boolean exit) {","lastModifiedDate":"2022-03-03"},{"lineNumber":22,"author":{"gitId":"johnsuharjono"},"content":"        isExit \u003d exit;","lastModifiedDate":"2022-03-03"},{"lineNumber":23,"author":{"gitId":"johnsuharjono"},"content":"    }","lastModifiedDate":"2022-03-03"},{"lineNumber":24,"author":{"gitId":"johnsuharjono"},"content":"","lastModifiedDate":"2022-03-03"},{"lineNumber":25,"author":{"gitId":"johnsuharjono"},"content":"    public boolean getExit() {","lastModifiedDate":"2022-03-03"},{"lineNumber":26,"author":{"gitId":"johnsuharjono"},"content":"        return isExit;","lastModifiedDate":"2022-03-03"},{"lineNumber":27,"author":{"gitId":"johnsuharjono"},"content":"    }","lastModifiedDate":"2022-03-03"},{"lineNumber":28,"author":{"gitId":"johnsuharjono"},"content":"","lastModifiedDate":"2022-03-03"},{"lineNumber":29,"author":{"gitId":"johnsuharjono"},"content":"    public void parse(String fullCommand, TaskManager tasks) {","lastModifiedDate":"2022-03-03"},{"lineNumber":30,"author":{"gitId":"johnsuharjono"},"content":"        String[] splitInputs \u003d fullCommand.split(\" \", 2);","lastModifiedDate":"2022-03-03"},{"lineNumber":31,"author":{"gitId":"johnsuharjono"},"content":"        String command \u003d splitInputs[0]; //e.g. mark 2 -\u003e take the first word as the command -\u003e \"mark\"","lastModifiedDate":"2022-03-03"},{"lineNumber":32,"author":{"gitId":"johnsuharjono"},"content":"","lastModifiedDate":"2022-03-03"},{"lineNumber":33,"author":{"gitId":"johnsuharjono"},"content":"        if (command.equals(\"bye\")) {","lastModifiedDate":"2022-03-03"},{"lineNumber":34,"author":{"gitId":"johnsuharjono"},"content":"            Storage.encode(tasks.getTasks(), \"data/brave.txt\");","lastModifiedDate":"2022-03-03"},{"lineNumber":35,"author":{"gitId":"johnsuharjono"},"content":"            setExit(true);","lastModifiedDate":"2022-03-03"},{"lineNumber":36,"author":{"gitId":"johnsuharjono"},"content":"            return;","lastModifiedDate":"2022-03-03"},{"lineNumber":37,"author":{"gitId":"johnsuharjono"},"content":"        }","lastModifiedDate":"2022-03-03"},{"lineNumber":38,"author":{"gitId":"johnsuharjono"},"content":"","lastModifiedDate":"2022-03-03"},{"lineNumber":39,"author":{"gitId":"johnsuharjono"},"content":"        String description;","lastModifiedDate":"2022-03-03"},{"lineNumber":40,"author":{"gitId":"johnsuharjono"},"content":"        switch (command) {","lastModifiedDate":"2022-03-03"},{"lineNumber":41,"author":{"gitId":"johnsuharjono"},"content":"        case \"list\":","lastModifiedDate":"2022-03-03"},{"lineNumber":42,"author":{"gitId":"johnsuharjono"},"content":"            ui.printTaskList(tasks.getTasks());","lastModifiedDate":"2022-03-03"},{"lineNumber":43,"author":{"gitId":"johnsuharjono"},"content":"            break;","lastModifiedDate":"2022-03-03"},{"lineNumber":44,"author":{"gitId":"johnsuharjono"},"content":"        case \"mark\":","lastModifiedDate":"2022-03-03"},{"lineNumber":45,"author":{"gitId":"johnsuharjono"},"content":"            try {","lastModifiedDate":"2022-03-03"},{"lineNumber":46,"author":{"gitId":"johnsuharjono"},"content":"                tasks.markTask(Integer.parseInt(splitInputs[1]) - 1); // 0 indexing","lastModifiedDate":"2022-03-03"},{"lineNumber":47,"author":{"gitId":"johnsuharjono"},"content":"            } catch (NumberFormatException e) {","lastModifiedDate":"2022-03-03"},{"lineNumber":48,"author":{"gitId":"johnsuharjono"},"content":"                System.out.println(\"Please put in integer value\");","lastModifiedDate":"2022-03-03"},{"lineNumber":49,"author":{"gitId":"johnsuharjono"},"content":"            } catch (NullPointerException | ArrayIndexOutOfBoundsException e) {","lastModifiedDate":"2022-03-03"},{"lineNumber":50,"author":{"gitId":"johnsuharjono"},"content":"                System.out.println(\"Please put in valid number of task\");","lastModifiedDate":"2022-03-03"},{"lineNumber":51,"author":{"gitId":"johnsuharjono"},"content":"            }","lastModifiedDate":"2022-03-03"},{"lineNumber":52,"author":{"gitId":"johnsuharjono"},"content":"            break;","lastModifiedDate":"2022-03-03"},{"lineNumber":53,"author":{"gitId":"johnsuharjono"},"content":"        case \"unmark\":","lastModifiedDate":"2022-03-03"},{"lineNumber":54,"author":{"gitId":"johnsuharjono"},"content":"            try {","lastModifiedDate":"2022-03-03"},{"lineNumber":55,"author":{"gitId":"johnsuharjono"},"content":"                tasks.unmarkTask(Integer.parseInt(splitInputs[1]) - 1); // 0 indexing","lastModifiedDate":"2022-03-03"},{"lineNumber":56,"author":{"gitId":"johnsuharjono"},"content":"            } catch (NumberFormatException e) {","lastModifiedDate":"2022-03-03"},{"lineNumber":57,"author":{"gitId":"johnsuharjono"},"content":"                System.out.println(\"Please put in integer value\");","lastModifiedDate":"2022-03-03"},{"lineNumber":58,"author":{"gitId":"johnsuharjono"},"content":"            } catch (NullPointerException | ArrayIndexOutOfBoundsException e) {","lastModifiedDate":"2022-03-03"},{"lineNumber":59,"author":{"gitId":"johnsuharjono"},"content":"                System.out.println(\"Please put in valid number of task\");","lastModifiedDate":"2022-03-03"},{"lineNumber":60,"author":{"gitId":"johnsuharjono"},"content":"            }","lastModifiedDate":"2022-03-03"},{"lineNumber":61,"author":{"gitId":"johnsuharjono"},"content":"            break;","lastModifiedDate":"2022-03-03"},{"lineNumber":62,"author":{"gitId":"johnsuharjono"},"content":"        case \"todo\":","lastModifiedDate":"2022-03-03"},{"lineNumber":63,"author":{"gitId":"johnsuharjono"},"content":"            try {","lastModifiedDate":"2022-03-03"},{"lineNumber":64,"author":{"gitId":"johnsuharjono"},"content":"                description \u003d splitInputs[1];","lastModifiedDate":"2022-03-03"},{"lineNumber":65,"author":{"gitId":"johnsuharjono"},"content":"                tasks.addTask(new Todo(description));","lastModifiedDate":"2022-03-03"},{"lineNumber":66,"author":{"gitId":"johnsuharjono"},"content":"            } catch (IndexOutOfBoundsException e) {","lastModifiedDate":"2022-03-03"},{"lineNumber":67,"author":{"gitId":"johnsuharjono"},"content":"                System.out.println(\" ☹ OOPS!!! The description of a todo cannot be empty.\");","lastModifiedDate":"2022-03-03"},{"lineNumber":68,"author":{"gitId":"johnsuharjono"},"content":"            }","lastModifiedDate":"2022-03-03"},{"lineNumber":69,"author":{"gitId":"johnsuharjono"},"content":"            break;","lastModifiedDate":"2022-03-03"},{"lineNumber":70,"author":{"gitId":"johnsuharjono"},"content":"        case \"deadline\":","lastModifiedDate":"2022-03-03"},{"lineNumber":71,"author":{"gitId":"johnsuharjono"},"content":"            String[] arguments \u003d splitInputs[1].split(\" /by \", 2);","lastModifiedDate":"2022-03-03"},{"lineNumber":72,"author":{"gitId":"johnsuharjono"},"content":"            description \u003d arguments[0];","lastModifiedDate":"2022-03-03"},{"lineNumber":73,"author":{"gitId":"johnsuharjono"},"content":"            String by \u003d arguments[1];","lastModifiedDate":"2022-03-03"},{"lineNumber":74,"author":{"gitId":"johnsuharjono"},"content":"            tasks.addTask(new Deadline(description, by));","lastModifiedDate":"2022-03-03"},{"lineNumber":75,"author":{"gitId":"johnsuharjono"},"content":"            break;","lastModifiedDate":"2022-03-03"},{"lineNumber":76,"author":{"gitId":"johnsuharjono"},"content":"        case \"event\":","lastModifiedDate":"2022-03-03"},{"lineNumber":77,"author":{"gitId":"johnsuharjono"},"content":"            arguments \u003d splitInputs[1].split(\" /at \", 2);","lastModifiedDate":"2022-03-03"},{"lineNumber":78,"author":{"gitId":"johnsuharjono"},"content":"            description \u003d arguments[0];","lastModifiedDate":"2022-03-03"},{"lineNumber":79,"author":{"gitId":"johnsuharjono"},"content":"            String eventTime \u003d arguments[1];","lastModifiedDate":"2022-03-03"},{"lineNumber":80,"author":{"gitId":"johnsuharjono"},"content":"            tasks.addTask(new Event(description, eventTime));","lastModifiedDate":"2022-03-03"},{"lineNumber":81,"author":{"gitId":"johnsuharjono"},"content":"            break;","lastModifiedDate":"2022-03-03"},{"lineNumber":82,"author":{"gitId":"johnsuharjono"},"content":"        case \"delete\":","lastModifiedDate":"2022-03-03"},{"lineNumber":83,"author":{"gitId":"johnsuharjono"},"content":"            try {","lastModifiedDate":"2022-03-03"},{"lineNumber":84,"author":{"gitId":"johnsuharjono"},"content":"                tasks.deleteTask(Integer.parseInt(splitInputs[1]) - 1); // 0 indexing","lastModifiedDate":"2022-03-03"},{"lineNumber":85,"author":{"gitId":"johnsuharjono"},"content":"            } catch (NumberFormatException e) {","lastModifiedDate":"2022-03-03"},{"lineNumber":86,"author":{"gitId":"johnsuharjono"},"content":"                System.out.println(\"Please put in integer value\");","lastModifiedDate":"2022-03-03"},{"lineNumber":87,"author":{"gitId":"johnsuharjono"},"content":"            } catch (NullPointerException | ArrayIndexOutOfBoundsException e) {","lastModifiedDate":"2022-03-03"},{"lineNumber":88,"author":{"gitId":"johnsuharjono"},"content":"                System.out.println(\"Please put in valid number of task\");","lastModifiedDate":"2022-03-03"},{"lineNumber":89,"author":{"gitId":"johnsuharjono"},"content":"            }","lastModifiedDate":"2022-03-03"},{"lineNumber":90,"author":{"gitId":"johnsuharjono"},"content":"            break;","lastModifiedDate":"2022-03-03"},{"lineNumber":91,"author":{"gitId":"johnsuharjono"},"content":"        case \"find\":","lastModifiedDate":"2022-03-03"},{"lineNumber":92,"author":{"gitId":"johnsuharjono"},"content":"            try {","lastModifiedDate":"2022-03-03"},{"lineNumber":93,"author":{"gitId":"johnsuharjono"},"content":"                String params \u003d splitInputs[1];","lastModifiedDate":"2022-03-03"},{"lineNumber":94,"author":{"gitId":"johnsuharjono"},"content":"                ArrayList\u003cTask\u003e filteredTask \u003d (ArrayList\u003cTask\u003e) tasks.getTasks().stream().","lastModifiedDate":"2022-03-03"},{"lineNumber":95,"author":{"gitId":"johnsuharjono"},"content":"                        filter(task -\u003e task.getDescription().toLowerCase().","lastModifiedDate":"2022-03-03"},{"lineNumber":96,"author":{"gitId":"johnsuharjono"},"content":"                                contains(params.toLowerCase())).collect(toList());","lastModifiedDate":"2022-03-03"},{"lineNumber":97,"author":{"gitId":"johnsuharjono"},"content":"","lastModifiedDate":"2022-03-03"},{"lineNumber":98,"author":{"gitId":"johnsuharjono"},"content":"                ui.printTaskList(filteredTask);","lastModifiedDate":"2022-03-03"},{"lineNumber":99,"author":{"gitId":"johnsuharjono"},"content":"            } catch (IndexOutOfBoundsException e) {","lastModifiedDate":"2022-03-03"},{"lineNumber":100,"author":{"gitId":"johnsuharjono"},"content":"                System.out.println(\"Brave need something to search for!!\");","lastModifiedDate":"2022-03-03"},{"lineNumber":101,"author":{"gitId":"johnsuharjono"},"content":"            }","lastModifiedDate":"2022-03-03"},{"lineNumber":102,"author":{"gitId":"johnsuharjono"},"content":"            break;","lastModifiedDate":"2022-03-03"},{"lineNumber":103,"author":{"gitId":"johnsuharjono"},"content":"        default:","lastModifiedDate":"2022-03-03"},{"lineNumber":104,"author":{"gitId":"johnsuharjono"},"content":"            try {","lastModifiedDate":"2022-03-03"},{"lineNumber":105,"author":{"gitId":"johnsuharjono"},"content":"                throw new IllegalArgumentException();","lastModifiedDate":"2022-03-03"},{"lineNumber":106,"author":{"gitId":"johnsuharjono"},"content":"            } catch (IllegalArgumentException e) {","lastModifiedDate":"2022-03-03"},{"lineNumber":107,"author":{"gitId":"johnsuharjono"},"content":"                System.out.println(\"☹ OOPS!!! I\u0027m sorry, but I don\u0027t know what that means :-(\");","lastModifiedDate":"2022-03-03"},{"lineNumber":108,"author":{"gitId":"johnsuharjono"},"content":"                System.out.println(\"Available command are -\u003e list/mark/unmark/todo/deadline/event\");","lastModifiedDate":"2022-03-03"},{"lineNumber":109,"author":{"gitId":"johnsuharjono"},"content":"            }","lastModifiedDate":"2022-03-03"},{"lineNumber":110,"author":{"gitId":"johnsuharjono"},"content":"            break;","lastModifiedDate":"2022-03-03"},{"lineNumber":111,"author":{"gitId":"johnsuharjono"},"content":"        }","lastModifiedDate":"2022-03-03"},{"lineNumber":112,"author":{"gitId":"johnsuharjono"},"content":"    }","lastModifiedDate":"2022-03-03"},{"lineNumber":113,"author":{"gitId":"johnsuharjono"},"content":"}","lastModifiedDate":"2022-03-03"}],"authorContributionMap":{"johnsuharjono":113}},{"path":"src/main/java/brave/storage/Storage.java","fileType":"java","lines":[{"lineNumber":1,"author":{"gitId":"johnsuharjono"},"content":"package brave.storage;","lastModifiedDate":"2022-03-03"},{"lineNumber":2,"author":{"gitId":"johnsuharjono"},"content":"","lastModifiedDate":"2022-03-03"},{"lineNumber":3,"author":{"gitId":"johnsuharjono"},"content":"import brave.data.Deadline;","lastModifiedDate":"2022-03-03"},{"lineNumber":4,"author":{"gitId":"johnsuharjono"},"content":"import brave.data.Event;","lastModifiedDate":"2022-03-03"},{"lineNumber":5,"author":{"gitId":"johnsuharjono"},"content":"import brave.data.Task;","lastModifiedDate":"2022-03-03"},{"lineNumber":6,"author":{"gitId":"johnsuharjono"},"content":"import brave.data.Todo;","lastModifiedDate":"2022-03-03"},{"lineNumber":7,"author":{"gitId":"johnsuharjono"},"content":"","lastModifiedDate":"2022-03-03"},{"lineNumber":8,"author":{"gitId":"johnsuharjono"},"content":"import java.io.File;","lastModifiedDate":"2022-03-03"},{"lineNumber":9,"author":{"gitId":"johnsuharjono"},"content":"import java.io.FileWriter;","lastModifiedDate":"2022-03-03"},{"lineNumber":10,"author":{"gitId":"johnsuharjono"},"content":"import java.io.IOException;","lastModifiedDate":"2022-03-03"},{"lineNumber":11,"author":{"gitId":"johnsuharjono"},"content":"import java.util.ArrayList;","lastModifiedDate":"2022-03-03"},{"lineNumber":12,"author":{"gitId":"johnsuharjono"},"content":"import java.util.Scanner;","lastModifiedDate":"2022-03-03"},{"lineNumber":13,"author":{"gitId":"johnsuharjono"},"content":"","lastModifiedDate":"2022-03-03"},{"lineNumber":14,"author":{"gitId":"johnsuharjono"},"content":"public class Storage {","lastModifiedDate":"2022-03-03"},{"lineNumber":15,"author":{"gitId":"johnsuharjono"},"content":"    private final String filePath;","lastModifiedDate":"2022-03-03"},{"lineNumber":16,"author":{"gitId":"johnsuharjono"},"content":"","lastModifiedDate":"2022-03-03"},{"lineNumber":17,"author":{"gitId":"johnsuharjono"},"content":"    public Storage(String filePath) {","lastModifiedDate":"2022-03-03"},{"lineNumber":18,"author":{"gitId":"johnsuharjono"},"content":"        this.filePath \u003d filePath;","lastModifiedDate":"2022-03-03"},{"lineNumber":19,"author":{"gitId":"johnsuharjono"},"content":"    }","lastModifiedDate":"2022-03-03"},{"lineNumber":20,"author":{"gitId":"johnsuharjono"},"content":"","lastModifiedDate":"2022-03-03"},{"lineNumber":21,"author":{"gitId":"johnsuharjono"},"content":"    public ArrayList\u003cTask\u003e load() throws IOException {","lastModifiedDate":"2022-03-03"},{"lineNumber":22,"author":{"gitId":"johnsuharjono"},"content":"        File f \u003d new File(filePath); // create a File for the given file path","lastModifiedDate":"2022-03-03"},{"lineNumber":23,"author":{"gitId":"johnsuharjono"},"content":"        Scanner s \u003d new Scanner(f); // create a Scanner using the File as the source","lastModifiedDate":"2022-03-03"},{"lineNumber":24,"author":{"gitId":"johnsuharjono"},"content":"        ArrayList\u003cTask\u003e tasks \u003d new ArrayList\u003c\u003e();","lastModifiedDate":"2022-03-03"},{"lineNumber":25,"author":{"gitId":"johnsuharjono"},"content":"        decode(s, tasks);","lastModifiedDate":"2022-03-03"},{"lineNumber":26,"author":{"gitId":"johnsuharjono"},"content":"        return tasks;","lastModifiedDate":"2022-03-03"},{"lineNumber":27,"author":{"gitId":"johnsuharjono"},"content":"    }","lastModifiedDate":"2022-03-03"},{"lineNumber":28,"author":{"gitId":"johnsuharjono"},"content":"","lastModifiedDate":"2022-03-03"},{"lineNumber":29,"author":{"gitId":"johnsuharjono"},"content":"    public static void decode(Scanner s, ArrayList\u003cTask\u003e tasks) {","lastModifiedDate":"2022-03-03"},{"lineNumber":30,"author":{"gitId":"johnsuharjono"},"content":"        int taskIndex \u003d -1;","lastModifiedDate":"2022-03-03"},{"lineNumber":31,"author":{"gitId":"johnsuharjono"},"content":"        while (s.hasNext()) {","lastModifiedDate":"2022-03-03"},{"lineNumber":32,"author":{"gitId":"johnsuharjono"},"content":"            taskIndex++;","lastModifiedDate":"2022-03-03"},{"lineNumber":33,"author":{"gitId":"johnsuharjono"},"content":"            Task selected_task;","lastModifiedDate":"2022-03-03"},{"lineNumber":34,"author":{"gitId":"johnsuharjono"},"content":"            String[] details \u003d s.nextLine().split(\" , \", 0);","lastModifiedDate":"2022-03-03"},{"lineNumber":35,"author":{"gitId":"johnsuharjono"},"content":"            switch (details[0]) {","lastModifiedDate":"2022-03-03"},{"lineNumber":36,"author":{"gitId":"johnsuharjono"},"content":"            case \"T\":","lastModifiedDate":"2022-03-03"},{"lineNumber":37,"author":{"gitId":"johnsuharjono"},"content":"                tasks.add(new Todo(details[2]));","lastModifiedDate":"2022-03-03"},{"lineNumber":38,"author":{"gitId":"johnsuharjono"},"content":"                if (details[1].equals(\"1\")) {","lastModifiedDate":"2022-03-03"},{"lineNumber":39,"author":{"gitId":"johnsuharjono"},"content":"                    selected_task \u003d tasks.get(taskIndex);","lastModifiedDate":"2022-03-03"},{"lineNumber":40,"author":{"gitId":"johnsuharjono"},"content":"                    selected_task.markAsDone();","lastModifiedDate":"2022-03-03"},{"lineNumber":41,"author":{"gitId":"johnsuharjono"},"content":"                }","lastModifiedDate":"2022-03-03"},{"lineNumber":42,"author":{"gitId":"johnsuharjono"},"content":"                break;","lastModifiedDate":"2022-03-03"},{"lineNumber":43,"author":{"gitId":"johnsuharjono"},"content":"            case \"D\":","lastModifiedDate":"2022-03-03"},{"lineNumber":44,"author":{"gitId":"johnsuharjono"},"content":"                tasks.add(new Deadline(details[2], details[3]));","lastModifiedDate":"2022-03-03"},{"lineNumber":45,"author":{"gitId":"johnsuharjono"},"content":"                if (details[1].equals(\"1\")) {","lastModifiedDate":"2022-03-03"},{"lineNumber":46,"author":{"gitId":"johnsuharjono"},"content":"                    selected_task \u003d tasks.get(taskIndex);","lastModifiedDate":"2022-03-03"},{"lineNumber":47,"author":{"gitId":"johnsuharjono"},"content":"                    selected_task.markAsDone();","lastModifiedDate":"2022-03-03"},{"lineNumber":48,"author":{"gitId":"johnsuharjono"},"content":"                }","lastModifiedDate":"2022-03-03"},{"lineNumber":49,"author":{"gitId":"johnsuharjono"},"content":"                break;","lastModifiedDate":"2022-03-03"},{"lineNumber":50,"author":{"gitId":"johnsuharjono"},"content":"            case \"E\":","lastModifiedDate":"2022-03-03"},{"lineNumber":51,"author":{"gitId":"johnsuharjono"},"content":"                tasks.add(new Event(details[2], details[3]));","lastModifiedDate":"2022-03-03"},{"lineNumber":52,"author":{"gitId":"johnsuharjono"},"content":"                if (details[1].equals(\"1\")) {","lastModifiedDate":"2022-03-03"},{"lineNumber":53,"author":{"gitId":"johnsuharjono"},"content":"                    selected_task \u003d tasks.get(taskIndex);","lastModifiedDate":"2022-03-03"},{"lineNumber":54,"author":{"gitId":"johnsuharjono"},"content":"                    selected_task.markAsDone();","lastModifiedDate":"2022-03-03"},{"lineNumber":55,"author":{"gitId":"johnsuharjono"},"content":"                }","lastModifiedDate":"2022-03-03"},{"lineNumber":56,"author":{"gitId":"johnsuharjono"},"content":"                break;","lastModifiedDate":"2022-03-03"},{"lineNumber":57,"author":{"gitId":"johnsuharjono"},"content":"            }","lastModifiedDate":"2022-03-03"},{"lineNumber":58,"author":{"gitId":"johnsuharjono"},"content":"        }","lastModifiedDate":"2022-03-03"},{"lineNumber":59,"author":{"gitId":"johnsuharjono"},"content":"    }","lastModifiedDate":"2022-03-03"},{"lineNumber":60,"author":{"gitId":"johnsuharjono"},"content":"","lastModifiedDate":"2022-03-03"},{"lineNumber":61,"author":{"gitId":"johnsuharjono"},"content":"    public void save(ArrayList\u003cTask\u003e tasks) throws IOException {","lastModifiedDate":"2022-03-03"},{"lineNumber":62,"author":{"gitId":"johnsuharjono"},"content":"        encode(tasks, filePath);","lastModifiedDate":"2022-03-03"},{"lineNumber":63,"author":{"gitId":"johnsuharjono"},"content":"    }","lastModifiedDate":"2022-03-03"},{"lineNumber":64,"author":{"gitId":"johnsuharjono"},"content":"","lastModifiedDate":"2022-03-03"},{"lineNumber":65,"author":{"gitId":"johnsuharjono"},"content":"    public static void encode(ArrayList\u003cTask\u003e tasks, String filePath) {","lastModifiedDate":"2022-03-03"},{"lineNumber":66,"author":{"gitId":"johnsuharjono"},"content":"        try {","lastModifiedDate":"2022-03-03"},{"lineNumber":67,"author":{"gitId":"johnsuharjono"},"content":"            FileWriter fw \u003d new FileWriter(filePath);","lastModifiedDate":"2022-03-03"},{"lineNumber":68,"author":{"gitId":"johnsuharjono"},"content":"            StringBuilder toFile \u003d new StringBuilder();","lastModifiedDate":"2022-03-03"},{"lineNumber":69,"author":{"gitId":"johnsuharjono"},"content":"            for (Task task : tasks) {","lastModifiedDate":"2022-03-03"},{"lineNumber":70,"author":{"gitId":"johnsuharjono"},"content":"                toFile.append(task.getSaveFormat()).append(\"\\n\");","lastModifiedDate":"2022-03-03"},{"lineNumber":71,"author":{"gitId":"johnsuharjono"},"content":"            }","lastModifiedDate":"2022-03-03"},{"lineNumber":72,"author":{"gitId":"johnsuharjono"},"content":"            fw.write(toFile.toString());","lastModifiedDate":"2022-03-03"},{"lineNumber":73,"author":{"gitId":"johnsuharjono"},"content":"            fw.close();","lastModifiedDate":"2022-03-03"},{"lineNumber":74,"author":{"gitId":"johnsuharjono"},"content":"        } catch (Exception e) {","lastModifiedDate":"2022-03-03"},{"lineNumber":75,"author":{"gitId":"johnsuharjono"},"content":"            System.out.println(e);","lastModifiedDate":"2022-03-03"},{"lineNumber":76,"author":{"gitId":"johnsuharjono"},"content":"        }","lastModifiedDate":"2022-03-03"},{"lineNumber":77,"author":{"gitId":"johnsuharjono"},"content":"    }","lastModifiedDate":"2022-03-03"},{"lineNumber":78,"author":{"gitId":"johnsuharjono"},"content":"}","lastModifiedDate":"2022-03-03"}],"authorContributionMap":{"johnsuharjono":78}},{"path":"src/main/java/brave/ui/Ui.java","fileType":"java","lines":[{"lineNumber":1,"author":{"gitId":"johnsuharjono"},"content":"package brave.ui;","lastModifiedDate":"2022-03-03"},{"lineNumber":2,"author":{"gitId":"johnsuharjono"},"content":"","lastModifiedDate":"2022-03-03"},{"lineNumber":3,"author":{"gitId":"johnsuharjono"},"content":"import brave.data.Task;","lastModifiedDate":"2022-03-03"},{"lineNumber":4,"author":{"gitId":"johnsuharjono"},"content":"import java.util.ArrayList;","lastModifiedDate":"2022-03-03"},{"lineNumber":5,"author":{"gitId":"johnsuharjono"},"content":"import java.util.Scanner;","lastModifiedDate":"2022-03-03"},{"lineNumber":6,"author":{"gitId":"johnsuharjono"},"content":"","lastModifiedDate":"2022-03-03"},{"lineNumber":7,"author":{"gitId":"johnsuharjono"},"content":"public class Ui {","lastModifiedDate":"2022-03-03"},{"lineNumber":8,"author":{"gitId":"johnsuharjono"},"content":"    String input;","lastModifiedDate":"2022-03-03"},{"lineNumber":9,"author":{"gitId":"johnsuharjono"},"content":"    private final Scanner in;","lastModifiedDate":"2022-03-03"},{"lineNumber":10,"author":{"gitId":"johnsuharjono"},"content":"    public static final String LINE_SPLIT \u003d \"____________________________________________________________\";","lastModifiedDate":"2022-03-03"},{"lineNumber":11,"author":{"gitId":"johnsuharjono"},"content":"    boolean isExit;","lastModifiedDate":"2022-03-03"},{"lineNumber":12,"author":{"gitId":"johnsuharjono"},"content":"","lastModifiedDate":"2022-03-03"},{"lineNumber":13,"author":{"gitId":"johnsuharjono"},"content":"    public Ui() {","lastModifiedDate":"2022-03-03"},{"lineNumber":14,"author":{"gitId":"johnsuharjono"},"content":"        in \u003d new Scanner(System.in);","lastModifiedDate":"2022-03-03"},{"lineNumber":15,"author":{"gitId":"johnsuharjono"},"content":"        isExit \u003d false;","lastModifiedDate":"2022-03-03"},{"lineNumber":16,"author":{"gitId":"johnsuharjono"},"content":"    }","lastModifiedDate":"2022-03-03"},{"lineNumber":17,"author":{"gitId":"johnsuharjono"},"content":"","lastModifiedDate":"2022-03-03"},{"lineNumber":18,"author":{"gitId":"johnsuharjono"},"content":"    public String getUserCommand() {","lastModifiedDate":"2022-03-03"},{"lineNumber":19,"author":{"gitId":"johnsuharjono"},"content":"        input \u003d in.nextLine();","lastModifiedDate":"2022-03-03"},{"lineNumber":20,"author":{"gitId":"johnsuharjono"},"content":"        return input;","lastModifiedDate":"2022-03-03"},{"lineNumber":21,"author":{"gitId":"johnsuharjono"},"content":"    }","lastModifiedDate":"2022-03-03"},{"lineNumber":22,"author":{"gitId":"johnsuharjono"},"content":"","lastModifiedDate":"2022-03-03"},{"lineNumber":23,"author":{"gitId":"johnsuharjono"},"content":"    public void showLoadingError(String message) {","lastModifiedDate":"2022-03-03"},{"lineNumber":24,"author":{"gitId":"johnsuharjono"},"content":"        System.out.println(\"\\t Error: Failed to load data.\");","lastModifiedDate":"2022-03-03"},{"lineNumber":25,"author":{"gitId":"johnsuharjono"},"content":"        System.out.println(\"\\t \" + message);","lastModifiedDate":"2022-03-03"},{"lineNumber":26,"author":{"gitId":"johnsuharjono"},"content":"    }","lastModifiedDate":"2022-03-03"},{"lineNumber":27,"author":{"gitId":"johnsuharjono"},"content":"","lastModifiedDate":"2022-03-03"},{"lineNumber":28,"author":{"gitId":"johnsuharjono"},"content":"    public void showWelcomeMessage() {","lastModifiedDate":"2022-03-03"},{"lineNumber":29,"author":{"gitId":"johnsuharjono"},"content":"        System.out.println(LINE_SPLIT);","lastModifiedDate":"2022-03-03"},{"lineNumber":30,"author":{"gitId":"johnsuharjono"},"content":"        System.out.println(\"Hello I\u0027m Brave\");","lastModifiedDate":"2022-03-03"},{"lineNumber":31,"author":{"gitId":"johnsuharjono"},"content":"        System.out.println(\"What can I do for you?\");","lastModifiedDate":"2022-03-03"},{"lineNumber":32,"author":{"gitId":"johnsuharjono"},"content":"        System.out.println(LINE_SPLIT);","lastModifiedDate":"2022-03-03"},{"lineNumber":33,"author":{"gitId":"johnsuharjono"},"content":"    }","lastModifiedDate":"2022-03-03"},{"lineNumber":34,"author":{"gitId":"johnsuharjono"},"content":"","lastModifiedDate":"2022-03-03"},{"lineNumber":35,"author":{"gitId":"johnsuharjono"},"content":"    public void showFarewellMessage() {","lastModifiedDate":"2022-03-03"},{"lineNumber":36,"author":{"gitId":"johnsuharjono"},"content":"        System.out.println(LINE_SPLIT);","lastModifiedDate":"2022-03-03"},{"lineNumber":37,"author":{"gitId":"johnsuharjono"},"content":"        System.out.println(\"Bye, Hope to see you again soon!\");","lastModifiedDate":"2022-03-03"},{"lineNumber":38,"author":{"gitId":"johnsuharjono"},"content":"        System.out.println(LINE_SPLIT);","lastModifiedDate":"2022-03-03"},{"lineNumber":39,"author":{"gitId":"johnsuharjono"},"content":"    }","lastModifiedDate":"2022-03-03"},{"lineNumber":40,"author":{"gitId":"johnsuharjono"},"content":"","lastModifiedDate":"2022-03-03"},{"lineNumber":41,"author":{"gitId":"johnsuharjono"},"content":"    public void printTaskList(ArrayList\u003cTask\u003e tasks) {","lastModifiedDate":"2022-03-03"},{"lineNumber":42,"author":{"gitId":"johnsuharjono"},"content":"        if (tasks.size() \u003d\u003d 0) {","lastModifiedDate":"2022-03-03"},{"lineNumber":43,"author":{"gitId":"johnsuharjono"},"content":"            System.out.println(\"You currently have no task!\");","lastModifiedDate":"2022-03-03"},{"lineNumber":44,"author":{"gitId":"johnsuharjono"},"content":"            return;","lastModifiedDate":"2022-03-03"},{"lineNumber":45,"author":{"gitId":"johnsuharjono"},"content":"        }","lastModifiedDate":"2022-03-03"},{"lineNumber":46,"author":{"gitId":"johnsuharjono"},"content":"        System.out.println(LINE_SPLIT);","lastModifiedDate":"2022-03-03"},{"lineNumber":47,"author":{"gitId":"johnsuharjono"},"content":"        for (Task task : tasks) {","lastModifiedDate":"2022-03-03"},{"lineNumber":48,"author":{"gitId":"johnsuharjono"},"content":"            System.out.println(String.format(\"%d \", tasks.indexOf((task)) + 1) + task);","lastModifiedDate":"2022-03-03"},{"lineNumber":49,"author":{"gitId":"johnsuharjono"},"content":"        }","lastModifiedDate":"2022-03-03"},{"lineNumber":50,"author":{"gitId":"johnsuharjono"},"content":"        System.out.println(LINE_SPLIT);","lastModifiedDate":"2022-03-03"},{"lineNumber":51,"author":{"gitId":"johnsuharjono"},"content":"    }","lastModifiedDate":"2022-03-03"},{"lineNumber":52,"author":{"gitId":"johnsuharjono"},"content":"}","lastModifiedDate":"2022-03-03"}],"authorContributionMap":{"johnsuharjono":52}}]
