[{"path":"src/main/java/brave/Brave.java","fileType":"java","lines":[{"lineNumber":1,"author":{"gitId":"johnsuharjono"},"content":"package brave;","lastModifiedDate":"2022-02-11"},{"lineNumber":2,"author":{"gitId":"johnsuharjono"},"content":"","lastModifiedDate":"2022-02-11"},{"lineNumber":3,"author":{"gitId":"johnsuharjono"},"content":"import java.util.Scanner;","lastModifiedDate":"2022-01-27"},{"lineNumber":4,"author":{"gitId":"johnsuharjono"},"content":"import java.lang.String;","lastModifiedDate":"2022-01-27"},{"lineNumber":5,"author":{"gitId":"johnsuharjono"},"content":"","lastModifiedDate":"2022-01-27"},{"lineNumber":6,"author":{"gitId":"johnsuharjono"},"content":"public class Brave {","lastModifiedDate":"2022-01-27"},{"lineNumber":7,"author":{"gitId":"-"},"content":"    public static void main(String[] args) {","lastModifiedDate":"2019-07-29"},{"lineNumber":8,"author":{"gitId":"johnsuharjono"},"content":"        String input;","lastModifiedDate":"2022-02-04"},{"lineNumber":9,"author":{"gitId":"johnsuharjono"},"content":"        String[] splitInputs;","lastModifiedDate":"2022-02-10"},{"lineNumber":10,"author":{"gitId":"johnsuharjono"},"content":"        String command;","lastModifiedDate":"2022-01-27"},{"lineNumber":11,"author":{"gitId":"johnsuharjono"},"content":"        String[] arguments;","lastModifiedDate":"2022-02-04"},{"lineNumber":12,"author":{"gitId":"johnsuharjono"},"content":"        String description;","lastModifiedDate":"2022-02-04"},{"lineNumber":13,"author":{"gitId":"johnsuharjono"},"content":"        Scanner in \u003d new Scanner(System.in);","lastModifiedDate":"2022-01-27"},{"lineNumber":14,"author":{"gitId":"johnsuharjono"},"content":"        TaskManager tasks \u003d new TaskManager();","lastModifiedDate":"2022-02-04"},{"lineNumber":15,"author":{"gitId":"johnsuharjono"},"content":"","lastModifiedDate":"2022-01-27"},{"lineNumber":16,"author":{"gitId":"johnsuharjono"},"content":"        tasks.showWelcomeMessage();","lastModifiedDate":"2022-02-04"},{"lineNumber":17,"author":{"gitId":"johnsuharjono"},"content":"","lastModifiedDate":"2022-01-27"},{"lineNumber":18,"author":{"gitId":"johnsuharjono"},"content":"        while (true) {","lastModifiedDate":"2022-02-04"},{"lineNumber":19,"author":{"gitId":"johnsuharjono"},"content":"            input \u003d in.nextLine();","lastModifiedDate":"2022-02-04"},{"lineNumber":20,"author":{"gitId":"johnsuharjono"},"content":"            splitInputs \u003d input.split(\" \", 2);","lastModifiedDate":"2022-02-10"},{"lineNumber":21,"author":{"gitId":"johnsuharjono"},"content":"            command \u003d splitInputs[0]; //e.g. mark 2 -\u003e take the first word as the command -\u003e \"mark\"","lastModifiedDate":"2022-02-10"},{"lineNumber":22,"author":{"gitId":"johnsuharjono"},"content":"","lastModifiedDate":"2022-01-27"},{"lineNumber":23,"author":{"gitId":"johnsuharjono"},"content":"            if (command.equals(\"bye\")) {","lastModifiedDate":"2022-02-04"},{"lineNumber":24,"author":{"gitId":"johnsuharjono"},"content":"                tasks.showFarewellMessage();","lastModifiedDate":"2022-02-10"},{"lineNumber":25,"author":{"gitId":"johnsuharjono"},"content":"                break;","lastModifiedDate":"2022-02-04"},{"lineNumber":26,"author":{"gitId":"johnsuharjono"},"content":"            }","lastModifiedDate":"2022-01-27"},{"lineNumber":27,"author":{"gitId":"johnsuharjono"},"content":"","lastModifiedDate":"2022-01-27"},{"lineNumber":28,"author":{"gitId":"johnsuharjono"},"content":"            switch (command) {","lastModifiedDate":"2022-02-04"},{"lineNumber":29,"author":{"gitId":"johnsuharjono"},"content":"            case \"list\":","lastModifiedDate":"2022-02-04"},{"lineNumber":30,"author":{"gitId":"johnsuharjono"},"content":"                tasks.printTaskList();","lastModifiedDate":"2022-02-04"},{"lineNumber":31,"author":{"gitId":"johnsuharjono"},"content":"                break;","lastModifiedDate":"2022-02-04"},{"lineNumber":32,"author":{"gitId":"johnsuharjono"},"content":"            case \"mark\":","lastModifiedDate":"2022-02-04"},{"lineNumber":33,"author":{"gitId":"johnsuharjono"},"content":"                try {","lastModifiedDate":"2022-02-10"},{"lineNumber":34,"author":{"gitId":"johnsuharjono"},"content":"                    tasks.markTask(Integer.parseInt(splitInputs[1]) - 1); // 0 indexing","lastModifiedDate":"2022-02-10"},{"lineNumber":35,"author":{"gitId":"johnsuharjono"},"content":"                } catch (NumberFormatException e) {","lastModifiedDate":"2022-02-10"},{"lineNumber":36,"author":{"gitId":"johnsuharjono"},"content":"                    System.out.println(\"Please put in integer value\");","lastModifiedDate":"2022-02-10"},{"lineNumber":37,"author":{"gitId":"johnsuharjono"},"content":"                } catch (NullPointerException | ArrayIndexOutOfBoundsException e) {","lastModifiedDate":"2022-02-10"},{"lineNumber":38,"author":{"gitId":"johnsuharjono"},"content":"                    System.out.println(\"Please put in valid number of task\");","lastModifiedDate":"2022-02-10"},{"lineNumber":39,"author":{"gitId":"johnsuharjono"},"content":"                }","lastModifiedDate":"2022-02-10"},{"lineNumber":40,"author":{"gitId":"johnsuharjono"},"content":"                break;","lastModifiedDate":"2022-02-04"},{"lineNumber":41,"author":{"gitId":"johnsuharjono"},"content":"            case \"unmark\":","lastModifiedDate":"2022-02-04"},{"lineNumber":42,"author":{"gitId":"johnsuharjono"},"content":"                try {","lastModifiedDate":"2022-02-10"},{"lineNumber":43,"author":{"gitId":"johnsuharjono"},"content":"                    tasks.unmarkTask(Integer.parseInt(splitInputs[1]) - 1); // 0 indexing","lastModifiedDate":"2022-02-10"},{"lineNumber":44,"author":{"gitId":"johnsuharjono"},"content":"                } catch (NumberFormatException e) {","lastModifiedDate":"2022-02-10"},{"lineNumber":45,"author":{"gitId":"johnsuharjono"},"content":"                    System.out.println(\"Please put in integer value\");","lastModifiedDate":"2022-02-10"},{"lineNumber":46,"author":{"gitId":"johnsuharjono"},"content":"                } catch (NullPointerException | ArrayIndexOutOfBoundsException e) {","lastModifiedDate":"2022-02-10"},{"lineNumber":47,"author":{"gitId":"johnsuharjono"},"content":"                    System.out.println(\"Please put in valid number of task\");","lastModifiedDate":"2022-02-10"},{"lineNumber":48,"author":{"gitId":"johnsuharjono"},"content":"                }","lastModifiedDate":"2022-02-10"},{"lineNumber":49,"author":{"gitId":"johnsuharjono"},"content":"                break;","lastModifiedDate":"2022-02-04"},{"lineNumber":50,"author":{"gitId":"johnsuharjono"},"content":"            case \"todo\":","lastModifiedDate":"2022-02-04"},{"lineNumber":51,"author":{"gitId":"johnsuharjono"},"content":"                try {","lastModifiedDate":"2022-02-10"},{"lineNumber":52,"author":{"gitId":"johnsuharjono"},"content":"                    tasks.addTask(new Todo(splitInputs[1]));","lastModifiedDate":"2022-02-10"},{"lineNumber":53,"author":{"gitId":"johnsuharjono"},"content":"                } catch (IndexOutOfBoundsException e) {","lastModifiedDate":"2022-02-10"},{"lineNumber":54,"author":{"gitId":"johnsuharjono"},"content":"                    System.out.println(\" ☹ OOPS!!! The description of a todo cannot be empty.\");","lastModifiedDate":"2022-02-10"},{"lineNumber":55,"author":{"gitId":"johnsuharjono"},"content":"                }","lastModifiedDate":"2022-02-10"},{"lineNumber":56,"author":{"gitId":"johnsuharjono"},"content":"                break;","lastModifiedDate":"2022-02-04"},{"lineNumber":57,"author":{"gitId":"johnsuharjono"},"content":"            case \"deadline\":","lastModifiedDate":"2022-02-04"},{"lineNumber":58,"author":{"gitId":"johnsuharjono"},"content":"                // To-do validate arguments~","lastModifiedDate":"2022-02-04"},{"lineNumber":59,"author":{"gitId":"johnsuharjono"},"content":"                arguments \u003d splitInputs[1].split(\" /by \", 2);","lastModifiedDate":"2022-02-10"},{"lineNumber":60,"author":{"gitId":"johnsuharjono"},"content":"                description \u003d arguments[0];","lastModifiedDate":"2022-02-04"},{"lineNumber":61,"author":{"gitId":"johnsuharjono"},"content":"                String by \u003d arguments[1];","lastModifiedDate":"2022-02-04"},{"lineNumber":62,"author":{"gitId":"johnsuharjono"},"content":"                tasks.addTask(new Deadline(description, by));","lastModifiedDate":"2022-02-04"},{"lineNumber":63,"author":{"gitId":"johnsuharjono"},"content":"                break;","lastModifiedDate":"2022-02-04"},{"lineNumber":64,"author":{"gitId":"johnsuharjono"},"content":"            case \"event\":","lastModifiedDate":"2022-02-04"},{"lineNumber":65,"author":{"gitId":"johnsuharjono"},"content":"                // To-do validate arguments~","lastModifiedDate":"2022-02-04"},{"lineNumber":66,"author":{"gitId":"johnsuharjono"},"content":"                arguments \u003d splitInputs[1].split(\" /at \", 2);","lastModifiedDate":"2022-02-10"},{"lineNumber":67,"author":{"gitId":"johnsuharjono"},"content":"                description \u003d arguments[0];","lastModifiedDate":"2022-02-04"},{"lineNumber":68,"author":{"gitId":"johnsuharjono"},"content":"                String eventTime \u003d arguments[1];","lastModifiedDate":"2022-02-04"},{"lineNumber":69,"author":{"gitId":"johnsuharjono"},"content":"                tasks.addTask(new Event(description, eventTime));","lastModifiedDate":"2022-02-04"},{"lineNumber":70,"author":{"gitId":"johnsuharjono"},"content":"                break;","lastModifiedDate":"2022-02-04"},{"lineNumber":71,"author":{"gitId":"johnsuharjono"},"content":"            default:","lastModifiedDate":"2022-02-04"},{"lineNumber":72,"author":{"gitId":"johnsuharjono"},"content":"                try {","lastModifiedDate":"2022-02-10"},{"lineNumber":73,"author":{"gitId":"johnsuharjono"},"content":"                    throw new IllegalArgumentException();","lastModifiedDate":"2022-02-10"},{"lineNumber":74,"author":{"gitId":"johnsuharjono"},"content":"                } catch (IllegalArgumentException e) {","lastModifiedDate":"2022-02-10"},{"lineNumber":75,"author":{"gitId":"johnsuharjono"},"content":"                    System.out.println(\"☹ OOPS!!! I\u0027m sorry, but I don\u0027t know what that means :-(\");","lastModifiedDate":"2022-02-10"},{"lineNumber":76,"author":{"gitId":"johnsuharjono"},"content":"                    System.out.println(\"Available command are -\u003e list/mark/unmark/todo/deadline/event\");","lastModifiedDate":"2022-02-10"},{"lineNumber":77,"author":{"gitId":"johnsuharjono"},"content":"                }","lastModifiedDate":"2022-02-10"},{"lineNumber":78,"author":{"gitId":"johnsuharjono"},"content":"                break;","lastModifiedDate":"2022-02-04"},{"lineNumber":79,"author":{"gitId":"johnsuharjono"},"content":"            }","lastModifiedDate":"2022-01-27"},{"lineNumber":80,"author":{"gitId":"johnsuharjono"},"content":"        }","lastModifiedDate":"2022-01-27"},{"lineNumber":81,"author":{"gitId":"-"},"content":"    }","lastModifiedDate":"2019-07-29"},{"lineNumber":82,"author":{"gitId":"johnsuharjono"},"content":"","lastModifiedDate":"2022-02-04"},{"lineNumber":83,"author":{"gitId":"johnsuharjono"},"content":"","lastModifiedDate":"2022-02-04"},{"lineNumber":84,"author":{"gitId":"-"},"content":"}","lastModifiedDate":"2019-07-29"}],"authorContributionMap":{"-":3,"johnsuharjono":81}},{"path":"src/main/java/brave/Deadline.java","fileType":"java","lines":[{"lineNumber":1,"author":{"gitId":"johnsuharjono"},"content":"package brave;","lastModifiedDate":"2022-02-11"},{"lineNumber":2,"author":{"gitId":"johnsuharjono"},"content":"","lastModifiedDate":"2022-02-11"},{"lineNumber":3,"author":{"gitId":"johnsuharjono"},"content":"public class Deadline extends Task {","lastModifiedDate":"2022-02-04"},{"lineNumber":4,"author":{"gitId":"johnsuharjono"},"content":"    private String by;","lastModifiedDate":"2022-02-04"},{"lineNumber":5,"author":{"gitId":"johnsuharjono"},"content":"","lastModifiedDate":"2022-02-04"},{"lineNumber":6,"author":{"gitId":"johnsuharjono"},"content":"    public Deadline(String description, String by) {","lastModifiedDate":"2022-02-04"},{"lineNumber":7,"author":{"gitId":"johnsuharjono"},"content":"        super(description);","lastModifiedDate":"2022-02-04"},{"lineNumber":8,"author":{"gitId":"johnsuharjono"},"content":"        this.by \u003d by;","lastModifiedDate":"2022-02-04"},{"lineNumber":9,"author":{"gitId":"johnsuharjono"},"content":"    }","lastModifiedDate":"2022-02-04"},{"lineNumber":10,"author":{"gitId":"johnsuharjono"},"content":"","lastModifiedDate":"2022-02-04"},{"lineNumber":11,"author":{"gitId":"johnsuharjono"},"content":"    @Override","lastModifiedDate":"2022-02-04"},{"lineNumber":12,"author":{"gitId":"johnsuharjono"},"content":"    public String getStatusIcon() {","lastModifiedDate":"2022-02-04"},{"lineNumber":13,"author":{"gitId":"johnsuharjono"},"content":"        return \"[D]\" + super.getStatusIcon();","lastModifiedDate":"2022-02-04"},{"lineNumber":14,"author":{"gitId":"johnsuharjono"},"content":"    }","lastModifiedDate":"2022-02-04"},{"lineNumber":15,"author":{"gitId":"johnsuharjono"},"content":"","lastModifiedDate":"2022-02-04"},{"lineNumber":16,"author":{"gitId":"johnsuharjono"},"content":"    public String getDescription() {","lastModifiedDate":"2022-02-04"},{"lineNumber":17,"author":{"gitId":"johnsuharjono"},"content":"        return super.getDescription() + String.format(\" (by: %s)\", this.by);","lastModifiedDate":"2022-02-04"},{"lineNumber":18,"author":{"gitId":"johnsuharjono"},"content":"    }","lastModifiedDate":"2022-02-04"},{"lineNumber":19,"author":{"gitId":"johnsuharjono"},"content":"}","lastModifiedDate":"2022-02-04"}],"authorContributionMap":{"johnsuharjono":19}},{"path":"src/main/java/brave/Event.java","fileType":"java","lines":[{"lineNumber":1,"author":{"gitId":"johnsuharjono"},"content":"package brave;","lastModifiedDate":"2022-02-11"},{"lineNumber":2,"author":{"gitId":"johnsuharjono"},"content":"","lastModifiedDate":"2022-02-11"},{"lineNumber":3,"author":{"gitId":"johnsuharjono"},"content":"public class Event extends Task {","lastModifiedDate":"2022-02-04"},{"lineNumber":4,"author":{"gitId":"johnsuharjono"},"content":"    private String eventTime;","lastModifiedDate":"2022-02-04"},{"lineNumber":5,"author":{"gitId":"johnsuharjono"},"content":"","lastModifiedDate":"2022-02-04"},{"lineNumber":6,"author":{"gitId":"johnsuharjono"},"content":"    public Event(String description, String eventTime) {","lastModifiedDate":"2022-02-04"},{"lineNumber":7,"author":{"gitId":"johnsuharjono"},"content":"        super(description);","lastModifiedDate":"2022-02-04"},{"lineNumber":8,"author":{"gitId":"johnsuharjono"},"content":"        this.eventTime \u003d eventTime;","lastModifiedDate":"2022-02-04"},{"lineNumber":9,"author":{"gitId":"johnsuharjono"},"content":"    }","lastModifiedDate":"2022-02-04"},{"lineNumber":10,"author":{"gitId":"johnsuharjono"},"content":"","lastModifiedDate":"2022-02-04"},{"lineNumber":11,"author":{"gitId":"johnsuharjono"},"content":"    @Override","lastModifiedDate":"2022-02-04"},{"lineNumber":12,"author":{"gitId":"johnsuharjono"},"content":"    public String getStatusIcon() {","lastModifiedDate":"2022-02-04"},{"lineNumber":13,"author":{"gitId":"johnsuharjono"},"content":"        return \"[E]\" + super.getStatusIcon();","lastModifiedDate":"2022-02-04"},{"lineNumber":14,"author":{"gitId":"johnsuharjono"},"content":"    }","lastModifiedDate":"2022-02-04"},{"lineNumber":15,"author":{"gitId":"johnsuharjono"},"content":"","lastModifiedDate":"2022-02-04"},{"lineNumber":16,"author":{"gitId":"johnsuharjono"},"content":"    public String getDescription() {","lastModifiedDate":"2022-02-04"},{"lineNumber":17,"author":{"gitId":"johnsuharjono"},"content":"        return super.getDescription() + String.format(\" (at: %s)\", this.eventTime);","lastModifiedDate":"2022-02-04"},{"lineNumber":18,"author":{"gitId":"johnsuharjono"},"content":"    }","lastModifiedDate":"2022-02-04"},{"lineNumber":19,"author":{"gitId":"johnsuharjono"},"content":"}","lastModifiedDate":"2022-02-04"}],"authorContributionMap":{"johnsuharjono":19}},{"path":"src/main/java/brave/IllegalArgumentException.java","fileType":"java","lines":[{"lineNumber":1,"author":{"gitId":"johnsuharjono"},"content":"package brave;","lastModifiedDate":"2022-02-11"},{"lineNumber":2,"author":{"gitId":"johnsuharjono"},"content":"","lastModifiedDate":"2022-02-11"},{"lineNumber":3,"author":{"gitId":"johnsuharjono"},"content":"public class IllegalArgumentException extends Exception{","lastModifiedDate":"2022-02-10"},{"lineNumber":4,"author":{"gitId":"johnsuharjono"},"content":"}","lastModifiedDate":"2022-02-10"}],"authorContributionMap":{"johnsuharjono":4}},{"path":"src/main/java/brave/Task.java","fileType":"java","lines":[{"lineNumber":1,"author":{"gitId":"johnsuharjono"},"content":"package brave;","lastModifiedDate":"2022-02-11"},{"lineNumber":2,"author":{"gitId":"johnsuharjono"},"content":"","lastModifiedDate":"2022-02-11"},{"lineNumber":3,"author":{"gitId":"johnsuharjono"},"content":"public abstract class Task {","lastModifiedDate":"2022-02-10"},{"lineNumber":4,"author":{"gitId":"johnsuharjono"},"content":"    protected String description;","lastModifiedDate":"2022-01-27"},{"lineNumber":5,"author":{"gitId":"johnsuharjono"},"content":"    protected boolean isDone;","lastModifiedDate":"2022-01-27"},{"lineNumber":6,"author":{"gitId":"johnsuharjono"},"content":"","lastModifiedDate":"2022-01-27"},{"lineNumber":7,"author":{"gitId":"johnsuharjono"},"content":"    public Task(String description) {","lastModifiedDate":"2022-01-27"},{"lineNumber":8,"author":{"gitId":"johnsuharjono"},"content":"        this.description \u003d description;","lastModifiedDate":"2022-01-27"},{"lineNumber":9,"author":{"gitId":"johnsuharjono"},"content":"        this.isDone \u003d false;","lastModifiedDate":"2022-01-27"},{"lineNumber":10,"author":{"gitId":"johnsuharjono"},"content":"    }","lastModifiedDate":"2022-01-27"},{"lineNumber":11,"author":{"gitId":"johnsuharjono"},"content":"","lastModifiedDate":"2022-01-27"},{"lineNumber":12,"author":{"gitId":"johnsuharjono"},"content":"    public String getStatusIcon() {","lastModifiedDate":"2022-01-27"},{"lineNumber":13,"author":{"gitId":"johnsuharjono"},"content":"        return (isDone ? \"[X]\" : \"[ ]\"); // mark done task with X","lastModifiedDate":"2022-01-27"},{"lineNumber":14,"author":{"gitId":"johnsuharjono"},"content":"    }","lastModifiedDate":"2022-01-27"},{"lineNumber":15,"author":{"gitId":"johnsuharjono"},"content":"","lastModifiedDate":"2022-01-27"},{"lineNumber":16,"author":{"gitId":"johnsuharjono"},"content":"    public String getDescription() {","lastModifiedDate":"2022-01-27"},{"lineNumber":17,"author":{"gitId":"johnsuharjono"},"content":"        return description;","lastModifiedDate":"2022-01-27"},{"lineNumber":18,"author":{"gitId":"johnsuharjono"},"content":"    }","lastModifiedDate":"2022-01-27"},{"lineNumber":19,"author":{"gitId":"johnsuharjono"},"content":"","lastModifiedDate":"2022-02-03"},{"lineNumber":20,"author":{"gitId":"johnsuharjono"},"content":"    public void markAsDone() {","lastModifiedDate":"2022-01-27"},{"lineNumber":21,"author":{"gitId":"johnsuharjono"},"content":"        isDone \u003d true;","lastModifiedDate":"2022-01-27"},{"lineNumber":22,"author":{"gitId":"johnsuharjono"},"content":"    }","lastModifiedDate":"2022-01-27"},{"lineNumber":23,"author":{"gitId":"johnsuharjono"},"content":"","lastModifiedDate":"2022-01-27"},{"lineNumber":24,"author":{"gitId":"johnsuharjono"},"content":"    public void unmarkAsDone() {","lastModifiedDate":"2022-01-27"},{"lineNumber":25,"author":{"gitId":"johnsuharjono"},"content":"        isDone \u003d false;","lastModifiedDate":"2022-01-27"},{"lineNumber":26,"author":{"gitId":"johnsuharjono"},"content":"    }","lastModifiedDate":"2022-01-27"},{"lineNumber":27,"author":{"gitId":"johnsuharjono"},"content":"}","lastModifiedDate":"2022-01-27"}],"authorContributionMap":{"johnsuharjono":27}},{"path":"src/main/java/brave/TaskManager.java","fileType":"java","lines":[{"lineNumber":1,"author":{"gitId":"johnsuharjono"},"content":"package brave;","lastModifiedDate":"2022-02-11"},{"lineNumber":2,"author":{"gitId":"johnsuharjono"},"content":"","lastModifiedDate":"2022-02-11"},{"lineNumber":3,"author":{"gitId":"johnsuharjono"},"content":"public class TaskManager {","lastModifiedDate":"2022-02-04"},{"lineNumber":4,"author":{"gitId":"johnsuharjono"},"content":"    public static final int MAX_TASK \u003d 100;","lastModifiedDate":"2022-02-04"},{"lineNumber":5,"author":{"gitId":"johnsuharjono"},"content":"    public static final String LINE_SPLIT \u003d \"\\t____________________________________________________________\";","lastModifiedDate":"2022-02-10"},{"lineNumber":6,"author":{"gitId":"johnsuharjono"},"content":"    private final Task[] tasks \u003d new Task[MAX_TASK];","lastModifiedDate":"2022-02-04"},{"lineNumber":7,"author":{"gitId":"johnsuharjono"},"content":"    private int tasksCount \u003d 0;","lastModifiedDate":"2022-02-04"},{"lineNumber":8,"author":{"gitId":"johnsuharjono"},"content":"","lastModifiedDate":"2022-02-04"},{"lineNumber":9,"author":{"gitId":"johnsuharjono"},"content":"    public TaskManager() {","lastModifiedDate":"2022-02-04"},{"lineNumber":10,"author":{"gitId":"johnsuharjono"},"content":"    }","lastModifiedDate":"2022-02-04"},{"lineNumber":11,"author":{"gitId":"johnsuharjono"},"content":"","lastModifiedDate":"2022-02-04"},{"lineNumber":12,"author":{"gitId":"johnsuharjono"},"content":"    public void addTask(Task description) {","lastModifiedDate":"2022-02-04"},{"lineNumber":13,"author":{"gitId":"johnsuharjono"},"content":"        this.tasks[this.tasksCount] \u003d description;","lastModifiedDate":"2022-02-04"},{"lineNumber":14,"author":{"gitId":"johnsuharjono"},"content":"        System.out.println(LINE_SPLIT);","lastModifiedDate":"2022-02-10"},{"lineNumber":15,"author":{"gitId":"johnsuharjono"},"content":"        System.out.println(\"\\tYepp, I have added task below!\");","lastModifiedDate":"2022-02-10"},{"lineNumber":16,"author":{"gitId":"johnsuharjono"},"content":"        System.out.println(\"\\t\" + tasks[tasksCount].description);","lastModifiedDate":"2022-02-10"},{"lineNumber":17,"author":{"gitId":"johnsuharjono"},"content":"        System.out.println(\"\\tYou currenly have \" + (tasksCount + 1) + \" task in the list\");","lastModifiedDate":"2022-02-10"},{"lineNumber":18,"author":{"gitId":"johnsuharjono"},"content":"        System.out.println(LINE_SPLIT);","lastModifiedDate":"2022-02-10"},{"lineNumber":19,"author":{"gitId":"johnsuharjono"},"content":"        this.tasksCount++;","lastModifiedDate":"2022-02-04"},{"lineNumber":20,"author":{"gitId":"johnsuharjono"},"content":"    }","lastModifiedDate":"2022-02-04"},{"lineNumber":21,"author":{"gitId":"johnsuharjono"},"content":"","lastModifiedDate":"2022-02-04"},{"lineNumber":22,"author":{"gitId":"johnsuharjono"},"content":"    public void printTaskList() {","lastModifiedDate":"2022-02-04"},{"lineNumber":23,"author":{"gitId":"johnsuharjono"},"content":"        System.out.println(LINE_SPLIT);","lastModifiedDate":"2022-02-10"},{"lineNumber":24,"author":{"gitId":"johnsuharjono"},"content":"        for (int i \u003d 0; i \u003c tasksCount; i++) {","lastModifiedDate":"2022-02-04"},{"lineNumber":25,"author":{"gitId":"johnsuharjono"},"content":"            System.out.println(String.format(\"\\t%d.%s %s\", i + 1, tasks[i].getStatusIcon(), tasks[i].getDescription()));","lastModifiedDate":"2022-02-10"},{"lineNumber":26,"author":{"gitId":"johnsuharjono"},"content":"        }","lastModifiedDate":"2022-02-04"},{"lineNumber":27,"author":{"gitId":"johnsuharjono"},"content":"        System.out.println(LINE_SPLIT);","lastModifiedDate":"2022-02-10"},{"lineNumber":28,"author":{"gitId":"johnsuharjono"},"content":"    }","lastModifiedDate":"2022-02-04"},{"lineNumber":29,"author":{"gitId":"johnsuharjono"},"content":"","lastModifiedDate":"2022-02-04"},{"lineNumber":30,"author":{"gitId":"johnsuharjono"},"content":"    public void markTask(int taskIndex) {","lastModifiedDate":"2022-02-04"},{"lineNumber":31,"author":{"gitId":"johnsuharjono"},"content":"        this.tasks[taskIndex].markAsDone();","lastModifiedDate":"2022-02-04"},{"lineNumber":32,"author":{"gitId":"johnsuharjono"},"content":"        System.out.println(\"Nice! I\u0027ve marked this task as done:\");","lastModifiedDate":"2022-02-04"},{"lineNumber":33,"author":{"gitId":"johnsuharjono"},"content":"        System.out.println(tasks[taskIndex].getStatusIcon() + \" \" + tasks[taskIndex].getDescription());","lastModifiedDate":"2022-02-10"},{"lineNumber":34,"author":{"gitId":"johnsuharjono"},"content":"    }","lastModifiedDate":"2022-02-04"},{"lineNumber":35,"author":{"gitId":"johnsuharjono"},"content":"","lastModifiedDate":"2022-02-04"},{"lineNumber":36,"author":{"gitId":"johnsuharjono"},"content":"    public void unmarkTask(int taskIndex) {","lastModifiedDate":"2022-02-04"},{"lineNumber":37,"author":{"gitId":"johnsuharjono"},"content":"        this.tasks[taskIndex].unmarkAsDone();","lastModifiedDate":"2022-02-04"},{"lineNumber":38,"author":{"gitId":"johnsuharjono"},"content":"        System.out.println(\"OK, I\u0027ve marked this task as not done yet:\");","lastModifiedDate":"2022-02-04"},{"lineNumber":39,"author":{"gitId":"johnsuharjono"},"content":"        System.out.println(this.tasks[taskIndex].getStatusIcon() + \" \" + this.tasks[taskIndex].getDescription());","lastModifiedDate":"2022-02-04"},{"lineNumber":40,"author":{"gitId":"johnsuharjono"},"content":"    }","lastModifiedDate":"2022-02-04"},{"lineNumber":41,"author":{"gitId":"johnsuharjono"},"content":"","lastModifiedDate":"2022-02-04"},{"lineNumber":42,"author":{"gitId":"johnsuharjono"},"content":"    public void showWelcomeMessage() {","lastModifiedDate":"2022-02-04"},{"lineNumber":43,"author":{"gitId":"johnsuharjono"},"content":"        System.out.println(LINE_SPLIT);","lastModifiedDate":"2022-02-10"},{"lineNumber":44,"author":{"gitId":"johnsuharjono"},"content":"        System.out.println(\"\\tHello I\u0027m Brave\");","lastModifiedDate":"2022-02-04"},{"lineNumber":45,"author":{"gitId":"johnsuharjono"},"content":"        System.out.println(\"\\tWhat can I do for you?\");","lastModifiedDate":"2022-02-04"},{"lineNumber":46,"author":{"gitId":"johnsuharjono"},"content":"        System.out.println(LINE_SPLIT);","lastModifiedDate":"2022-02-10"},{"lineNumber":47,"author":{"gitId":"johnsuharjono"},"content":"    }","lastModifiedDate":"2022-02-04"},{"lineNumber":48,"author":{"gitId":"johnsuharjono"},"content":"","lastModifiedDate":"2022-02-04"},{"lineNumber":49,"author":{"gitId":"johnsuharjono"},"content":"    public void showFarewellMessage() {","lastModifiedDate":"2022-02-10"},{"lineNumber":50,"author":{"gitId":"johnsuharjono"},"content":"        System.out.println(LINE_SPLIT);","lastModifiedDate":"2022-02-10"},{"lineNumber":51,"author":{"gitId":"johnsuharjono"},"content":"        System.out.println(\"\\tBye, Hope to see you again soon!\");","lastModifiedDate":"2022-02-10"},{"lineNumber":52,"author":{"gitId":"johnsuharjono"},"content":"        System.out.println(LINE_SPLIT);","lastModifiedDate":"2022-02-10"},{"lineNumber":53,"author":{"gitId":"johnsuharjono"},"content":"    }","lastModifiedDate":"2022-02-10"},{"lineNumber":54,"author":{"gitId":"johnsuharjono"},"content":"}","lastModifiedDate":"2022-02-04"}],"authorContributionMap":{"johnsuharjono":54}},{"path":"src/main/java/brave/Todo.java","fileType":"java","lines":[{"lineNumber":1,"author":{"gitId":"johnsuharjono"},"content":"package brave;","lastModifiedDate":"2022-02-11"},{"lineNumber":2,"author":{"gitId":"johnsuharjono"},"content":"","lastModifiedDate":"2022-02-11"},{"lineNumber":3,"author":{"gitId":"johnsuharjono"},"content":"public class Todo extends Task {","lastModifiedDate":"2022-02-04"},{"lineNumber":4,"author":{"gitId":"johnsuharjono"},"content":"    public Todo(String description) {","lastModifiedDate":"2022-02-04"},{"lineNumber":5,"author":{"gitId":"johnsuharjono"},"content":"        super(description);","lastModifiedDate":"2022-02-04"},{"lineNumber":6,"author":{"gitId":"johnsuharjono"},"content":"    }","lastModifiedDate":"2022-02-04"},{"lineNumber":7,"author":{"gitId":"johnsuharjono"},"content":"","lastModifiedDate":"2022-02-04"},{"lineNumber":8,"author":{"gitId":"johnsuharjono"},"content":"    @Override","lastModifiedDate":"2022-02-04"},{"lineNumber":9,"author":{"gitId":"johnsuharjono"},"content":"    public String getStatusIcon() {","lastModifiedDate":"2022-02-04"},{"lineNumber":10,"author":{"gitId":"johnsuharjono"},"content":"        return \"[T]\" + super.getStatusIcon();","lastModifiedDate":"2022-02-04"},{"lineNumber":11,"author":{"gitId":"johnsuharjono"},"content":"    }","lastModifiedDate":"2022-02-04"},{"lineNumber":12,"author":{"gitId":"johnsuharjono"},"content":"}","lastModifiedDate":"2022-02-04"}],"authorContributionMap":{"johnsuharjono":12}}]
