[{"path":"src/main/java/Brave.java","fileType":"java","lines":[{"lineNumber":1,"author":{"gitId":"johnsuharjono"},"content":"import java.util.Scanner;","lastModifiedDate":"2022-01-27"},{"lineNumber":2,"author":{"gitId":"johnsuharjono"},"content":"import java.lang.String;","lastModifiedDate":"2022-01-27"},{"lineNumber":3,"author":{"gitId":"johnsuharjono"},"content":"","lastModifiedDate":"2022-01-27"},{"lineNumber":4,"author":{"gitId":"johnsuharjono"},"content":"public class Brave {","lastModifiedDate":"2022-01-27"},{"lineNumber":5,"author":{"gitId":"-"},"content":"    public static void main(String[] args) {","lastModifiedDate":"2019-07-29"},{"lineNumber":6,"author":{"gitId":"johnsuharjono"},"content":"        String command;","lastModifiedDate":"2022-01-27"},{"lineNumber":7,"author":{"gitId":"johnsuharjono"},"content":"        Scanner in \u003d new Scanner(System.in);","lastModifiedDate":"2022-01-27"},{"lineNumber":8,"author":{"gitId":"johnsuharjono"},"content":"        Task[] task \u003d new Task[100];","lastModifiedDate":"2022-01-27"},{"lineNumber":9,"author":{"gitId":"johnsuharjono"},"content":"        int numberOfTask \u003d 0;","lastModifiedDate":"2022-01-27"},{"lineNumber":10,"author":{"gitId":"johnsuharjono"},"content":"","lastModifiedDate":"2022-01-27"},{"lineNumber":11,"author":{"gitId":"johnsuharjono"},"content":"        System.out.println(\"\\t____________________________________________________________\");","lastModifiedDate":"2022-01-27"},{"lineNumber":12,"author":{"gitId":"johnsuharjono"},"content":"        System.out.println(\"\\tHello I\u0027m Brave\");","lastModifiedDate":"2022-01-27"},{"lineNumber":13,"author":{"gitId":"johnsuharjono"},"content":"        System.out.println(\"\\tWhat can I do for you?\");","lastModifiedDate":"2022-01-27"},{"lineNumber":14,"author":{"gitId":"johnsuharjono"},"content":"        System.out.println(\"\\t____________________________________________________________\");","lastModifiedDate":"2022-01-27"},{"lineNumber":15,"author":{"gitId":"johnsuharjono"},"content":"","lastModifiedDate":"2022-01-27"},{"lineNumber":16,"author":{"gitId":"johnsuharjono"},"content":"        command \u003d in.nextLine();","lastModifiedDate":"2022-01-27"},{"lineNumber":17,"author":{"gitId":"johnsuharjono"},"content":"","lastModifiedDate":"2022-01-27"},{"lineNumber":18,"author":{"gitId":"johnsuharjono"},"content":"        while (!command.equals(\"bye\")) {","lastModifiedDate":"2022-01-27"},{"lineNumber":19,"author":{"gitId":"johnsuharjono"},"content":"            if (command.split(\" \")[0].equals(\"mark\")) {","lastModifiedDate":"2022-01-27"},{"lineNumber":20,"author":{"gitId":"johnsuharjono"},"content":"                String[] words \u003d command.split(\" \");","lastModifiedDate":"2022-01-27"},{"lineNumber":21,"author":{"gitId":"johnsuharjono"},"content":"                int taskIndex \u003d Integer.parseInt(words[1]) - 1;","lastModifiedDate":"2022-01-27"},{"lineNumber":22,"author":{"gitId":"johnsuharjono"},"content":"                task[taskIndex].markAsDone();","lastModifiedDate":"2022-01-27"},{"lineNumber":23,"author":{"gitId":"johnsuharjono"},"content":"                System.out.println(\"Nice! I\u0027ve marked this task as done:\");","lastModifiedDate":"2022-01-27"},{"lineNumber":24,"author":{"gitId":"johnsuharjono"},"content":"                System.out.println(task[taskIndex].getStatusIcon() + \" \" + task[taskIndex].getDescription());","lastModifiedDate":"2022-01-27"},{"lineNumber":25,"author":{"gitId":"johnsuharjono"},"content":"            }","lastModifiedDate":"2022-01-27"},{"lineNumber":26,"author":{"gitId":"johnsuharjono"},"content":"","lastModifiedDate":"2022-01-27"},{"lineNumber":27,"author":{"gitId":"johnsuharjono"},"content":"            else if (command.split(\" \")[0].equals(\"unmark\")) {","lastModifiedDate":"2022-01-27"},{"lineNumber":28,"author":{"gitId":"johnsuharjono"},"content":"                String[] words \u003d command.split(\" \");","lastModifiedDate":"2022-01-27"},{"lineNumber":29,"author":{"gitId":"johnsuharjono"},"content":"                int taskIndex \u003d Integer.parseInt(words[1]) - 1;","lastModifiedDate":"2022-01-27"},{"lineNumber":30,"author":{"gitId":"johnsuharjono"},"content":"                task[taskIndex].unmarkAsDone();","lastModifiedDate":"2022-01-27"},{"lineNumber":31,"author":{"gitId":"johnsuharjono"},"content":"                System.out.println(\"OK, I\u0027ve marked this task as not done yet:\");","lastModifiedDate":"2022-01-27"},{"lineNumber":32,"author":{"gitId":"johnsuharjono"},"content":"                System.out.println(task[taskIndex].getStatusIcon() + \" \" + task[taskIndex].getDescription());","lastModifiedDate":"2022-01-27"},{"lineNumber":33,"author":{"gitId":"johnsuharjono"},"content":"            }","lastModifiedDate":"2022-01-27"},{"lineNumber":34,"author":{"gitId":"johnsuharjono"},"content":"","lastModifiedDate":"2022-01-27"},{"lineNumber":35,"author":{"gitId":"johnsuharjono"},"content":"            else if (command.equals(\"list\")) {","lastModifiedDate":"2022-01-27"},{"lineNumber":36,"author":{"gitId":"johnsuharjono"},"content":"                System.out.println(\"\\t____________________________________________________________\");","lastModifiedDate":"2022-01-27"},{"lineNumber":37,"author":{"gitId":"johnsuharjono"},"content":"                for (int i\u003d0; i\u003cnumberOfTask; i++) {","lastModifiedDate":"2022-01-27"},{"lineNumber":38,"author":{"gitId":"johnsuharjono"},"content":"                    System.out.println(\"\\t\" + (i+1) + \".\" + task[i].getStatusIcon() + \" \" + task[i].getDescription());","lastModifiedDate":"2022-01-27"},{"lineNumber":39,"author":{"gitId":"johnsuharjono"},"content":"                }","lastModifiedDate":"2022-01-27"},{"lineNumber":40,"author":{"gitId":"johnsuharjono"},"content":"                System.out.println(\"\\t____________________________________________________________\");","lastModifiedDate":"2022-01-27"},{"lineNumber":41,"author":{"gitId":"johnsuharjono"},"content":"            }","lastModifiedDate":"2022-01-27"},{"lineNumber":42,"author":{"gitId":"johnsuharjono"},"content":"            else {","lastModifiedDate":"2022-01-27"},{"lineNumber":43,"author":{"gitId":"johnsuharjono"},"content":"                System.out.println(\"\\t____________________________________________________________\");","lastModifiedDate":"2022-01-27"},{"lineNumber":44,"author":{"gitId":"johnsuharjono"},"content":"                System.out.println(\"\\tadded: \" + command);","lastModifiedDate":"2022-01-27"},{"lineNumber":45,"author":{"gitId":"johnsuharjono"},"content":"                System.out.println(\"\\t____________________________________________________________\");","lastModifiedDate":"2022-01-27"},{"lineNumber":46,"author":{"gitId":"johnsuharjono"},"content":"                task[numberOfTask] \u003d new Task(command);","lastModifiedDate":"2022-01-27"},{"lineNumber":47,"author":{"gitId":"johnsuharjono"},"content":"                numberOfTask++;","lastModifiedDate":"2022-01-27"},{"lineNumber":48,"author":{"gitId":"johnsuharjono"},"content":"            }","lastModifiedDate":"2022-01-27"},{"lineNumber":49,"author":{"gitId":"johnsuharjono"},"content":"","lastModifiedDate":"2022-01-27"},{"lineNumber":50,"author":{"gitId":"johnsuharjono"},"content":"            command \u003d in.nextLine();","lastModifiedDate":"2022-01-27"},{"lineNumber":51,"author":{"gitId":"johnsuharjono"},"content":"        }","lastModifiedDate":"2022-01-27"},{"lineNumber":52,"author":{"gitId":"johnsuharjono"},"content":"","lastModifiedDate":"2022-01-27"},{"lineNumber":53,"author":{"gitId":"johnsuharjono"},"content":"        System.out.println(\"\\t____________________________________________________________\");","lastModifiedDate":"2022-01-27"},{"lineNumber":54,"author":{"gitId":"johnsuharjono"},"content":"        System.out.println(\"\\tBye, Hope to see you again soon!\");","lastModifiedDate":"2022-01-27"},{"lineNumber":55,"author":{"gitId":"johnsuharjono"},"content":"        System.out.println(\"\\t____________________________________________________________\");","lastModifiedDate":"2022-01-27"},{"lineNumber":56,"author":{"gitId":"-"},"content":"    }","lastModifiedDate":"2019-07-29"},{"lineNumber":57,"author":{"gitId":"-"},"content":"}","lastModifiedDate":"2019-07-29"}],"authorContributionMap":{"-":3,"johnsuharjono":54}},{"path":"src/main/java/Task.java","fileType":"java","lines":[{"lineNumber":1,"author":{"gitId":"johnsuharjono"},"content":"public class Task {","lastModifiedDate":"2022-01-27"},{"lineNumber":2,"author":{"gitId":"johnsuharjono"},"content":"    protected String description;","lastModifiedDate":"2022-01-27"},{"lineNumber":3,"author":{"gitId":"johnsuharjono"},"content":"    protected boolean isDone;","lastModifiedDate":"2022-01-27"},{"lineNumber":4,"author":{"gitId":"johnsuharjono"},"content":"","lastModifiedDate":"2022-01-27"},{"lineNumber":5,"author":{"gitId":"johnsuharjono"},"content":"    public Task(String description) {","lastModifiedDate":"2022-01-27"},{"lineNumber":6,"author":{"gitId":"johnsuharjono"},"content":"        this.description \u003d description;","lastModifiedDate":"2022-01-27"},{"lineNumber":7,"author":{"gitId":"johnsuharjono"},"content":"        this.isDone \u003d false;","lastModifiedDate":"2022-01-27"},{"lineNumber":8,"author":{"gitId":"johnsuharjono"},"content":"    }","lastModifiedDate":"2022-01-27"},{"lineNumber":9,"author":{"gitId":"johnsuharjono"},"content":"","lastModifiedDate":"2022-01-27"},{"lineNumber":10,"author":{"gitId":"johnsuharjono"},"content":"    public String getStatusIcon() {","lastModifiedDate":"2022-01-27"},{"lineNumber":11,"author":{"gitId":"johnsuharjono"},"content":"        return (isDone ? \"[X]\" : \"[ ]\"); // mark done task with X","lastModifiedDate":"2022-01-27"},{"lineNumber":12,"author":{"gitId":"johnsuharjono"},"content":"    }","lastModifiedDate":"2022-01-27"},{"lineNumber":13,"author":{"gitId":"johnsuharjono"},"content":"","lastModifiedDate":"2022-01-27"},{"lineNumber":14,"author":{"gitId":"johnsuharjono"},"content":"    public String getDescription() {","lastModifiedDate":"2022-01-27"},{"lineNumber":15,"author":{"gitId":"johnsuharjono"},"content":"        return description;","lastModifiedDate":"2022-01-27"},{"lineNumber":16,"author":{"gitId":"johnsuharjono"},"content":"    }","lastModifiedDate":"2022-01-27"},{"lineNumber":17,"author":{"gitId":"johnsuharjono"},"content":"","lastModifiedDate":"2022-02-03"},{"lineNumber":18,"author":{"gitId":"johnsuharjono"},"content":"    public void markAsDone() {","lastModifiedDate":"2022-01-27"},{"lineNumber":19,"author":{"gitId":"johnsuharjono"},"content":"        isDone \u003d true;","lastModifiedDate":"2022-01-27"},{"lineNumber":20,"author":{"gitId":"johnsuharjono"},"content":"    }","lastModifiedDate":"2022-01-27"},{"lineNumber":21,"author":{"gitId":"johnsuharjono"},"content":"","lastModifiedDate":"2022-01-27"},{"lineNumber":22,"author":{"gitId":"johnsuharjono"},"content":"    public void unmarkAsDone() {","lastModifiedDate":"2022-01-27"},{"lineNumber":23,"author":{"gitId":"johnsuharjono"},"content":"        isDone \u003d false;","lastModifiedDate":"2022-01-27"},{"lineNumber":24,"author":{"gitId":"johnsuharjono"},"content":"    }","lastModifiedDate":"2022-01-27"},{"lineNumber":25,"author":{"gitId":"johnsuharjono"},"content":"}","lastModifiedDate":"2022-01-27"}],"authorContributionMap":{"johnsuharjono":25}}]
