[{"path":"src/main/java/Duke.java","fileType":"java","lines":[{"lineNumber":1,"author":{"gitId":"johnmcmonigle"},"content":"import java.util.Scanner;","lastModifiedDate":"2022-01-28"},{"lineNumber":2,"author":{"gitId":"-"},"content":"public class Duke {","lastModifiedDate":"2019-07-29"},{"lineNumber":3,"author":{"gitId":"-"},"content":"    public static void main(String[] args) {","lastModifiedDate":"2019-07-29"},{"lineNumber":4,"author":{"gitId":"johnmcmonigle"},"content":"        Scanner sc \u003d new Scanner(System.in);","lastModifiedDate":"2022-01-28"},{"lineNumber":5,"author":{"gitId":"johnmcmonigle"},"content":"        Task[] tasks \u003d new Task[100]; //holds all tasks given","lastModifiedDate":"2022-01-28"},{"lineNumber":6,"author":{"gitId":"johnmcmonigle"},"content":"        int taskCounter \u003d 0; //counts number of tasks","lastModifiedDate":"2022-01-28"},{"lineNumber":7,"author":{"gitId":"johnmcmonigle"},"content":"        String greeting \u003d \"____________________________________________________________\\n\"","lastModifiedDate":"2022-01-20"},{"lineNumber":8,"author":{"gitId":"johnmcmonigle"},"content":"                + \" Hello! I\u0027m Duke\\n\"","lastModifiedDate":"2022-01-20"},{"lineNumber":9,"author":{"gitId":"johnmcmonigle"},"content":"                + \" What can I do for you?\\n\"","lastModifiedDate":"2022-01-28"},{"lineNumber":10,"author":{"gitId":"johnmcmonigle"},"content":"                + \"____________________________________________________________\\n\";","lastModifiedDate":"2022-01-20"},{"lineNumber":11,"author":{"gitId":"johnmcmonigle"},"content":"","lastModifiedDate":"2022-01-28"},{"lineNumber":12,"author":{"gitId":"johnmcmonigle"},"content":"","lastModifiedDate":"2022-01-28"},{"lineNumber":13,"author":{"gitId":"johnmcmonigle"},"content":"        System.out.println(greeting);","lastModifiedDate":"2022-01-28"},{"lineNumber":14,"author":{"gitId":"johnmcmonigle"},"content":"","lastModifiedDate":"2022-01-28"},{"lineNumber":15,"author":{"gitId":"johnmcmonigle"},"content":"        while (true) {","lastModifiedDate":"2022-01-28"},{"lineNumber":16,"author":{"gitId":"johnmcmonigle"},"content":"            String line \u003d sc.nextLine();","lastModifiedDate":"2022-01-28"},{"lineNumber":17,"author":{"gitId":"johnmcmonigle"},"content":"            String[] commands \u003d line.split(\" \");","lastModifiedDate":"2022-01-28"},{"lineNumber":18,"author":{"gitId":"johnmcmonigle"},"content":"            int commandNumber;","lastModifiedDate":"2022-01-28"},{"lineNumber":19,"author":{"gitId":"johnmcmonigle"},"content":"            switch (commands[0]) {","lastModifiedDate":"2022-01-28"},{"lineNumber":20,"author":{"gitId":"johnmcmonigle"},"content":"            case \"bye\":","lastModifiedDate":"2022-01-28"},{"lineNumber":21,"author":{"gitId":"johnmcmonigle"},"content":"                System.out.println(\"____________________________________________________________\");","lastModifiedDate":"2022-01-28"},{"lineNumber":22,"author":{"gitId":"johnmcmonigle"},"content":"                System.out.println(\"  Bye; Don\u0027t restart me.\");","lastModifiedDate":"2022-01-28"},{"lineNumber":23,"author":{"gitId":"johnmcmonigle"},"content":"                System.out.println(\"____________________________________________________________\\n\");","lastModifiedDate":"2022-01-28"},{"lineNumber":24,"author":{"gitId":"johnmcmonigle"},"content":"                System.exit(0);","lastModifiedDate":"2022-01-28"},{"lineNumber":25,"author":{"gitId":"johnmcmonigle"},"content":"            case \"list\":","lastModifiedDate":"2022-01-28"},{"lineNumber":26,"author":{"gitId":"johnmcmonigle"},"content":"                System.out.println(\"____________________________________________________________\");","lastModifiedDate":"2022-01-28"},{"lineNumber":27,"author":{"gitId":"johnmcmonigle"},"content":"                for (int i \u003d 0; i \u003c taskCounter; i++) {","lastModifiedDate":"2022-01-28"},{"lineNumber":28,"author":{"gitId":"johnmcmonigle"},"content":"                    System.out.println(\"   [\" + tasks[i].getStatusIcon() + \"]\" + (i + 1) + \". \" + tasks[i].getDescription());","lastModifiedDate":"2022-01-28"},{"lineNumber":29,"author":{"gitId":"johnmcmonigle"},"content":"                }","lastModifiedDate":"2022-01-28"},{"lineNumber":30,"author":{"gitId":"johnmcmonigle"},"content":"                System.out.println(\"____________________________________________________________\\n\");","lastModifiedDate":"2022-01-28"},{"lineNumber":31,"author":{"gitId":"johnmcmonigle"},"content":"                break;","lastModifiedDate":"2022-01-28"},{"lineNumber":32,"author":{"gitId":"johnmcmonigle"},"content":"            case \"mark\":","lastModifiedDate":"2022-01-28"},{"lineNumber":33,"author":{"gitId":"johnmcmonigle"},"content":"                line \u003d line.substring(5, line.length());","lastModifiedDate":"2022-01-28"},{"lineNumber":34,"author":{"gitId":"johnmcmonigle"},"content":"                commandNumber \u003d Integer.parseInt(commands[1]) - 1;","lastModifiedDate":"2022-01-28"},{"lineNumber":35,"author":{"gitId":"johnmcmonigle"},"content":"                if (commandNumber \u003e\u003d 0 \u0026\u0026 commandNumber \u003c\u003d taskCounter) {","lastModifiedDate":"2022-01-28"},{"lineNumber":36,"author":{"gitId":"johnmcmonigle"},"content":"                    System.out.println(\"____________________________________________________________\");","lastModifiedDate":"2022-01-28"},{"lineNumber":37,"author":{"gitId":"johnmcmonigle"},"content":"                    System.out.println(\"   I don\u0027t actually believe you completed a task, but I\u0027ll mark it anyway.\");","lastModifiedDate":"2022-01-28"},{"lineNumber":38,"author":{"gitId":"johnmcmonigle"},"content":"                    System.out.println(\"     [X] \" + tasks[commandNumber].getDescription());","lastModifiedDate":"2022-01-28"},{"lineNumber":39,"author":{"gitId":"johnmcmonigle"},"content":"                    System.out.println(\"____________________________________________________________\");","lastModifiedDate":"2022-01-28"},{"lineNumber":40,"author":{"gitId":"johnmcmonigle"},"content":"                    tasks[commandNumber].setDone(true);","lastModifiedDate":"2022-01-28"},{"lineNumber":41,"author":{"gitId":"johnmcmonigle"},"content":"                } else {","lastModifiedDate":"2022-01-28"},{"lineNumber":42,"author":{"gitId":"johnmcmonigle"},"content":"                    System.out.println(\"____________________________________________________________\");","lastModifiedDate":"2022-01-28"},{"lineNumber":43,"author":{"gitId":"johnmcmonigle"},"content":"                    System.out.println(\"   You didn\u0027t even write down that task.\");","lastModifiedDate":"2022-01-28"},{"lineNumber":44,"author":{"gitId":"johnmcmonigle"},"content":"                    System.out.println(\"____________________________________________________________\");","lastModifiedDate":"2022-01-28"},{"lineNumber":45,"author":{"gitId":"johnmcmonigle"},"content":"                }","lastModifiedDate":"2022-01-28"},{"lineNumber":46,"author":{"gitId":"johnmcmonigle"},"content":"                break;","lastModifiedDate":"2022-01-28"},{"lineNumber":47,"author":{"gitId":"johnmcmonigle"},"content":"            case \"unmark\":","lastModifiedDate":"2022-01-28"},{"lineNumber":48,"author":{"gitId":"johnmcmonigle"},"content":"                line \u003d line.substring(5, line.length());","lastModifiedDate":"2022-01-28"},{"lineNumber":49,"author":{"gitId":"johnmcmonigle"},"content":"                commandNumber \u003d Integer.parseInt(commands[1]) - 1;","lastModifiedDate":"2022-01-28"},{"lineNumber":50,"author":{"gitId":"johnmcmonigle"},"content":"                if (commandNumber \u003e\u003d 0 \u0026\u0026 commandNumber \u003c\u003d taskCounter) {","lastModifiedDate":"2022-01-28"},{"lineNumber":51,"author":{"gitId":"johnmcmonigle"},"content":"                    System.out.println(\"____________________________________________________________\");","lastModifiedDate":"2022-01-28"},{"lineNumber":52,"author":{"gitId":"johnmcmonigle"},"content":"                    System.out.println(\"   Unmarking a task; sharp as a marble, aren\u0027t we?\");","lastModifiedDate":"2022-01-28"},{"lineNumber":53,"author":{"gitId":"johnmcmonigle"},"content":"                    System.out.println(\"     [] \" + tasks[commandNumber].getDescription());","lastModifiedDate":"2022-01-28"},{"lineNumber":54,"author":{"gitId":"johnmcmonigle"},"content":"                    System.out.println(\"____________________________________________________________\");","lastModifiedDate":"2022-01-28"},{"lineNumber":55,"author":{"gitId":"johnmcmonigle"},"content":"                    tasks[commandNumber].setDone(false);","lastModifiedDate":"2022-01-28"},{"lineNumber":56,"author":{"gitId":"johnmcmonigle"},"content":"                } else {","lastModifiedDate":"2022-01-28"},{"lineNumber":57,"author":{"gitId":"johnmcmonigle"},"content":"                    System.out.println(\"____________________________________________________________\");","lastModifiedDate":"2022-01-28"},{"lineNumber":58,"author":{"gitId":"johnmcmonigle"},"content":"                    System.out.println(\"   You didn\u0027t even write down that task.\");","lastModifiedDate":"2022-01-28"},{"lineNumber":59,"author":{"gitId":"johnmcmonigle"},"content":"                    System.out.println(\"____________________________________________________________\");","lastModifiedDate":"2022-01-28"},{"lineNumber":60,"author":{"gitId":"johnmcmonigle"},"content":"                }","lastModifiedDate":"2022-01-28"},{"lineNumber":61,"author":{"gitId":"johnmcmonigle"},"content":"                break;","lastModifiedDate":"2022-01-28"},{"lineNumber":62,"author":{"gitId":"johnmcmonigle"},"content":"            default:","lastModifiedDate":"2022-01-28"},{"lineNumber":63,"author":{"gitId":"johnmcmonigle"},"content":"                tasks[taskCounter] \u003d new Task(line);","lastModifiedDate":"2022-01-28"},{"lineNumber":64,"author":{"gitId":"johnmcmonigle"},"content":"                taskCounter++;","lastModifiedDate":"2022-01-28"},{"lineNumber":65,"author":{"gitId":"johnmcmonigle"},"content":"                System.out.println(\"____________________________________________________________\");","lastModifiedDate":"2022-01-28"},{"lineNumber":66,"author":{"gitId":"johnmcmonigle"},"content":"                System.out.println(\"  added: \" + line);","lastModifiedDate":"2022-01-28"},{"lineNumber":67,"author":{"gitId":"johnmcmonigle"},"content":"                System.out.println(\"____________________________________________________________\\n\");","lastModifiedDate":"2022-01-28"},{"lineNumber":68,"author":{"gitId":"johnmcmonigle"},"content":"            }","lastModifiedDate":"2022-01-28"},{"lineNumber":69,"author":{"gitId":"johnmcmonigle"},"content":"        }","lastModifiedDate":"2022-01-28"},{"lineNumber":70,"author":{"gitId":"-"},"content":"    }","lastModifiedDate":"2019-07-29"},{"lineNumber":71,"author":{"gitId":"-"},"content":"}","lastModifiedDate":"2019-07-29"}],"authorContributionMap":{"johnmcmonigle":67,"-":4}},{"path":"src/main/java/Task.java","fileType":"java","lines":[{"lineNumber":1,"author":{"gitId":"johnmcmonigle"},"content":"public class Task {","lastModifiedDate":"2022-01-28"},{"lineNumber":2,"author":{"gitId":"johnmcmonigle"},"content":"    protected String description;","lastModifiedDate":"2022-01-28"},{"lineNumber":3,"author":{"gitId":"johnmcmonigle"},"content":"    protected boolean isDone;","lastModifiedDate":"2022-01-28"},{"lineNumber":4,"author":{"gitId":"johnmcmonigle"},"content":"","lastModifiedDate":"2022-01-28"},{"lineNumber":5,"author":{"gitId":"johnmcmonigle"},"content":"    /**","lastModifiedDate":"2022-01-28"},{"lineNumber":6,"author":{"gitId":"johnmcmonigle"},"content":"     * Constructor for Task object","lastModifiedDate":"2022-01-28"},{"lineNumber":7,"author":{"gitId":"johnmcmonigle"},"content":"     *","lastModifiedDate":"2022-01-28"},{"lineNumber":8,"author":{"gitId":"johnmcmonigle"},"content":"     * @param description Description of the task","lastModifiedDate":"2022-01-28"},{"lineNumber":9,"author":{"gitId":"johnmcmonigle"},"content":"     * @return the Task object","lastModifiedDate":"2022-01-28"},{"lineNumber":10,"author":{"gitId":"johnmcmonigle"},"content":"     */","lastModifiedDate":"2022-01-28"},{"lineNumber":11,"author":{"gitId":"johnmcmonigle"},"content":"    public Task(String description) {","lastModifiedDate":"2022-01-28"},{"lineNumber":12,"author":{"gitId":"johnmcmonigle"},"content":"        this.description \u003d description;","lastModifiedDate":"2022-01-28"},{"lineNumber":13,"author":{"gitId":"johnmcmonigle"},"content":"        this.isDone \u003d false;","lastModifiedDate":"2022-01-28"},{"lineNumber":14,"author":{"gitId":"johnmcmonigle"},"content":"    }","lastModifiedDate":"2022-01-28"},{"lineNumber":15,"author":{"gitId":"johnmcmonigle"},"content":"","lastModifiedDate":"2022-01-28"},{"lineNumber":16,"author":{"gitId":"johnmcmonigle"},"content":"    /**","lastModifiedDate":"2022-01-28"},{"lineNumber":17,"author":{"gitId":"johnmcmonigle"},"content":"     * Gets the Task Description","lastModifiedDate":"2022-01-28"},{"lineNumber":18,"author":{"gitId":"johnmcmonigle"},"content":"     * @return the task description","lastModifiedDate":"2022-01-28"},{"lineNumber":19,"author":{"gitId":"johnmcmonigle"},"content":"     */","lastModifiedDate":"2022-01-28"},{"lineNumber":20,"author":{"gitId":"johnmcmonigle"},"content":"    public String getDescription() {","lastModifiedDate":"2022-01-28"},{"lineNumber":21,"author":{"gitId":"johnmcmonigle"},"content":"        return description;","lastModifiedDate":"2022-01-28"},{"lineNumber":22,"author":{"gitId":"johnmcmonigle"},"content":"    }","lastModifiedDate":"2022-01-28"},{"lineNumber":23,"author":{"gitId":"johnmcmonigle"},"content":"","lastModifiedDate":"2022-01-28"},{"lineNumber":24,"author":{"gitId":"johnmcmonigle"},"content":"    /**","lastModifiedDate":"2022-01-28"},{"lineNumber":25,"author":{"gitId":"johnmcmonigle"},"content":"     * Sets the task status","lastModifiedDate":"2022-01-28"},{"lineNumber":26,"author":{"gitId":"johnmcmonigle"},"content":"     * @param status The status (true/false) of whether the task is done","lastModifiedDate":"2022-01-28"},{"lineNumber":27,"author":{"gitId":"johnmcmonigle"},"content":"     */","lastModifiedDate":"2022-01-28"},{"lineNumber":28,"author":{"gitId":"johnmcmonigle"},"content":"    public void setDone(boolean status) {","lastModifiedDate":"2022-01-28"},{"lineNumber":29,"author":{"gitId":"johnmcmonigle"},"content":"        isDone \u003d status;","lastModifiedDate":"2022-01-28"},{"lineNumber":30,"author":{"gitId":"johnmcmonigle"},"content":"    }","lastModifiedDate":"2022-01-28"},{"lineNumber":31,"author":{"gitId":"johnmcmonigle"},"content":"","lastModifiedDate":"2022-01-28"},{"lineNumber":32,"author":{"gitId":"johnmcmonigle"},"content":"    /**","lastModifiedDate":"2022-01-28"},{"lineNumber":33,"author":{"gitId":"johnmcmonigle"},"content":"     * Gets the Task Status Icon (X if done, \"\" if not)","lastModifiedDate":"2022-01-28"},{"lineNumber":34,"author":{"gitId":"johnmcmonigle"},"content":"     * @return the status icon","lastModifiedDate":"2022-01-28"},{"lineNumber":35,"author":{"gitId":"johnmcmonigle"},"content":"     */","lastModifiedDate":"2022-01-28"},{"lineNumber":36,"author":{"gitId":"johnmcmonigle"},"content":"    public String getStatusIcon() {","lastModifiedDate":"2022-01-28"},{"lineNumber":37,"author":{"gitId":"johnmcmonigle"},"content":"        String s \u003d (isDone ? \"X\" : \" \");","lastModifiedDate":"2022-01-28"},{"lineNumber":38,"author":{"gitId":"johnmcmonigle"},"content":"        return s;","lastModifiedDate":"2022-01-28"},{"lineNumber":39,"author":{"gitId":"johnmcmonigle"},"content":"    }","lastModifiedDate":"2022-01-28"},{"lineNumber":40,"author":{"gitId":"johnmcmonigle"},"content":"}","lastModifiedDate":"2022-01-28"}],"authorContributionMap":{"johnmcmonigle":40}}]
