[{"path":"src/main/java/duke/Duke.java","fileType":"java","lines":[{"lineNumber":1,"author":{"gitId":"johnmcmonigle"},"content":"package duke;","lastModifiedDate":"2022-02-10"},{"lineNumber":2,"author":{"gitId":"johnmcmonigle"},"content":"","lastModifiedDate":"2022-02-10"},{"lineNumber":3,"author":{"gitId":"johnmcmonigle"},"content":"import java.util.ArrayList;","lastModifiedDate":"2022-02-17"},{"lineNumber":4,"author":{"gitId":"johnmcmonigle"},"content":"import duke.exceptions.InputLengthException;","lastModifiedDate":"2022-02-10"},{"lineNumber":5,"author":{"gitId":"johnmcmonigle"},"content":"import duke.exceptions.UnreachableTaskException;","lastModifiedDate":"2022-02-10"},{"lineNumber":6,"author":{"gitId":"johnmcmonigle"},"content":"import duke.tasks.Deadline;","lastModifiedDate":"2022-02-10"},{"lineNumber":7,"author":{"gitId":"johnmcmonigle"},"content":"import duke.tasks.Event;","lastModifiedDate":"2022-02-10"},{"lineNumber":8,"author":{"gitId":"johnmcmonigle"},"content":"import duke.tasks.ToDo;","lastModifiedDate":"2022-02-10"},{"lineNumber":9,"author":{"gitId":"johnmcmonigle"},"content":"","lastModifiedDate":"2022-02-10"},{"lineNumber":10,"author":{"gitId":"johnmcmonigle"},"content":"import java.io.File;","lastModifiedDate":"2022-02-17"},{"lineNumber":11,"author":{"gitId":"johnmcmonigle"},"content":"import java.io.BufferedReader;","lastModifiedDate":"2022-02-18"},{"lineNumber":12,"author":{"gitId":"johnmcmonigle"},"content":"import java.io.FileReader;","lastModifiedDate":"2022-02-18"},{"lineNumber":13,"author":{"gitId":"johnmcmonigle"},"content":"import java.io.FileWriter;","lastModifiedDate":"2022-02-18"},{"lineNumber":14,"author":{"gitId":"johnmcmonigle"},"content":"import java.io.IOException;","lastModifiedDate":"2022-02-17"},{"lineNumber":15,"author":{"gitId":"johnmcmonigle"},"content":"","lastModifiedDate":"2022-02-17"},{"lineNumber":16,"author":{"gitId":"johnmcmonigle"},"content":"import java.util.Scanner;","lastModifiedDate":"2022-01-28"},{"lineNumber":17,"author":{"gitId":"johnmcmonigle"},"content":"","lastModifiedDate":"2022-01-31"},{"lineNumber":18,"author":{"gitId":"-"},"content":"public class Duke {","lastModifiedDate":"2019-07-29"},{"lineNumber":19,"author":{"gitId":"johnmcmonigle"},"content":"","lastModifiedDate":"2022-02-17"},{"lineNumber":20,"author":{"gitId":"johnmcmonigle"},"content":"    public static int taskCounter \u003d 0; //counts number of tasks","lastModifiedDate":"2022-02-18"},{"lineNumber":21,"author":{"gitId":"johnmcmonigle"},"content":"","lastModifiedDate":"2022-02-18"},{"lineNumber":22,"author":{"gitId":"johnmcmonigle"},"content":"    public static void listCreate(String fileString, ArrayList\u003cToDo\u003e toDos, int counter) {","lastModifiedDate":"2022-02-18"},{"lineNumber":23,"author":{"gitId":"johnmcmonigle"},"content":"        try {","lastModifiedDate":"2022-02-18"},{"lineNumber":24,"author":{"gitId":"johnmcmonigle"},"content":"            BufferedReader reader \u003d new BufferedReader(new FileReader(fileString));","lastModifiedDate":"2022-02-18"},{"lineNumber":25,"author":{"gitId":"johnmcmonigle"},"content":"            for(String line; (line \u003d reader.readLine()) !\u003d null; ) {","lastModifiedDate":"2022-02-18"},{"lineNumber":26,"author":{"gitId":"johnmcmonigle"},"content":"                if (line.charAt(1) \u003d\u003d \u0027T\u0027) {","lastModifiedDate":"2022-02-18"},{"lineNumber":27,"author":{"gitId":"johnmcmonigle"},"content":"                    toDos.add(new ToDo(line.substring(6, line.length())));","lastModifiedDate":"2022-02-18"},{"lineNumber":28,"author":{"gitId":"johnmcmonigle"},"content":"                    if (line.charAt(4) \u003d\u003d \u0027X\u0027) {","lastModifiedDate":"2022-02-18"},{"lineNumber":29,"author":{"gitId":"johnmcmonigle"},"content":"                        toDos.get(taskCounter).setDone(true);","lastModifiedDate":"2022-02-18"},{"lineNumber":30,"author":{"gitId":"johnmcmonigle"},"content":"                    }","lastModifiedDate":"2022-02-18"},{"lineNumber":31,"author":{"gitId":"johnmcmonigle"},"content":"                    taskCounter++;","lastModifiedDate":"2022-02-18"},{"lineNumber":32,"author":{"gitId":"johnmcmonigle"},"content":"                } else if (line.charAt(1) \u003d\u003d \u0027D\u0027) {","lastModifiedDate":"2022-02-18"},{"lineNumber":33,"author":{"gitId":"johnmcmonigle"},"content":"                    String[] commands \u003d line.split(\"by\");","lastModifiedDate":"2022-02-18"},{"lineNumber":34,"author":{"gitId":"johnmcmonigle"},"content":"                    toDos.add(new Deadline(line.substring(6, line.indexOf(\u0027(\u0027)),","lastModifiedDate":"2022-02-18"},{"lineNumber":35,"author":{"gitId":"johnmcmonigle"},"content":"                            line.substring(line.indexOf(\u0027(\u0027) + 5, line.length() - 1)));","lastModifiedDate":"2022-02-18"},{"lineNumber":36,"author":{"gitId":"johnmcmonigle"},"content":"                    if (line.charAt(4) \u003d\u003d \u0027X\u0027) {","lastModifiedDate":"2022-02-18"},{"lineNumber":37,"author":{"gitId":"johnmcmonigle"},"content":"                        toDos.get(taskCounter).setDone(true);","lastModifiedDate":"2022-02-18"},{"lineNumber":38,"author":{"gitId":"johnmcmonigle"},"content":"                    }","lastModifiedDate":"2022-02-18"},{"lineNumber":39,"author":{"gitId":"johnmcmonigle"},"content":"                    taskCounter++;","lastModifiedDate":"2022-02-18"},{"lineNumber":40,"author":{"gitId":"johnmcmonigle"},"content":"                } else if (line.charAt(1) \u003d\u003d \u0027E\u0027) {","lastModifiedDate":"2022-02-18"},{"lineNumber":41,"author":{"gitId":"johnmcmonigle"},"content":"                    String[] commands \u003d line.split(\"at\");","lastModifiedDate":"2022-02-18"},{"lineNumber":42,"author":{"gitId":"johnmcmonigle"},"content":"                    toDos.add(new Event(line.substring(6, line.indexOf(\u0027(\u0027)),","lastModifiedDate":"2022-02-18"},{"lineNumber":43,"author":{"gitId":"johnmcmonigle"},"content":"                            line.substring(line.indexOf(\u0027(\u0027) + 5, line.length() - 1)));","lastModifiedDate":"2022-02-18"},{"lineNumber":44,"author":{"gitId":"johnmcmonigle"},"content":"                    if (line.charAt(4) \u003d\u003d \u0027X\u0027) {","lastModifiedDate":"2022-02-18"},{"lineNumber":45,"author":{"gitId":"johnmcmonigle"},"content":"                        toDos.get(taskCounter).setDone(true);","lastModifiedDate":"2022-02-18"},{"lineNumber":46,"author":{"gitId":"johnmcmonigle"},"content":"                    }","lastModifiedDate":"2022-02-18"},{"lineNumber":47,"author":{"gitId":"johnmcmonigle"},"content":"                    taskCounter++;","lastModifiedDate":"2022-02-18"},{"lineNumber":48,"author":{"gitId":"johnmcmonigle"},"content":"                }","lastModifiedDate":"2022-02-18"},{"lineNumber":49,"author":{"gitId":"johnmcmonigle"},"content":"            }","lastModifiedDate":"2022-02-18"},{"lineNumber":50,"author":{"gitId":"johnmcmonigle"},"content":"            reader.close();","lastModifiedDate":"2022-02-18"},{"lineNumber":51,"author":{"gitId":"johnmcmonigle"},"content":"        } catch (IOException e) {","lastModifiedDate":"2022-02-18"},{"lineNumber":52,"author":{"gitId":"johnmcmonigle"},"content":"            System.out.println(\"File not found\");","lastModifiedDate":"2022-02-18"},{"lineNumber":53,"author":{"gitId":"johnmcmonigle"},"content":"        } catch (StringIndexOutOfBoundsException e) {","lastModifiedDate":"2022-02-18"},{"lineNumber":54,"author":{"gitId":"johnmcmonigle"},"content":"            System.out.println(\"string out of bounds\");","lastModifiedDate":"2022-02-18"},{"lineNumber":55,"author":{"gitId":"johnmcmonigle"},"content":"            return;","lastModifiedDate":"2022-02-18"},{"lineNumber":56,"author":{"gitId":"johnmcmonigle"},"content":"        }","lastModifiedDate":"2022-02-18"},{"lineNumber":57,"author":{"gitId":"johnmcmonigle"},"content":"    }","lastModifiedDate":"2022-02-18"},{"lineNumber":58,"author":{"gitId":"johnmcmonigle"},"content":"","lastModifiedDate":"2022-02-18"},{"lineNumber":59,"author":{"gitId":"johnmcmonigle"},"content":"    public static void fileWrite(String fileString, ArrayList\u003cToDo\u003e toDos) {","lastModifiedDate":"2022-02-18"},{"lineNumber":60,"author":{"gitId":"johnmcmonigle"},"content":"        try {","lastModifiedDate":"2022-02-18"},{"lineNumber":61,"author":{"gitId":"johnmcmonigle"},"content":"            new FileWriter(fileString, false).close();","lastModifiedDate":"2022-02-18"},{"lineNumber":62,"author":{"gitId":"johnmcmonigle"},"content":"            FileWriter myWriter \u003d new FileWriter(fileString);","lastModifiedDate":"2022-02-18"},{"lineNumber":63,"author":{"gitId":"johnmcmonigle"},"content":"            for (int i \u003d 0; i \u003c toDos.size(); i++) {","lastModifiedDate":"2022-02-18"},{"lineNumber":64,"author":{"gitId":"johnmcmonigle"},"content":"                myWriter.write(toDos.get(i).getStatusIcon() + toDos.get(i).getDescription() + \"\\n\");","lastModifiedDate":"2022-02-18"},{"lineNumber":65,"author":{"gitId":"johnmcmonigle"},"content":"            }","lastModifiedDate":"2022-02-18"},{"lineNumber":66,"author":{"gitId":"johnmcmonigle"},"content":"            myWriter.close();","lastModifiedDate":"2022-02-18"},{"lineNumber":67,"author":{"gitId":"johnmcmonigle"},"content":"        } catch (IOException e) {","lastModifiedDate":"2022-02-18"},{"lineNumber":68,"author":{"gitId":"johnmcmonigle"},"content":"            System.out.println(\"File not found.\");","lastModifiedDate":"2022-02-18"},{"lineNumber":69,"author":{"gitId":"johnmcmonigle"},"content":"            System.exit(1);","lastModifiedDate":"2022-02-18"},{"lineNumber":70,"author":{"gitId":"johnmcmonigle"},"content":"        }","lastModifiedDate":"2022-02-18"},{"lineNumber":71,"author":{"gitId":"johnmcmonigle"},"content":"    }","lastModifiedDate":"2022-02-18"},{"lineNumber":72,"author":{"gitId":"johnmcmonigle"},"content":"","lastModifiedDate":"2022-02-18"},{"lineNumber":73,"author":{"gitId":"johnmcmonigle"},"content":"    public static void main(String[] args) throws InputLengthException {","lastModifiedDate":"2022-02-10"},{"lineNumber":74,"author":{"gitId":"johnmcmonigle"},"content":"","lastModifiedDate":"2022-02-18"},{"lineNumber":75,"author":{"gitId":"johnmcmonigle"},"content":"        Scanner sc \u003d new Scanner(System.in);","lastModifiedDate":"2022-01-28"},{"lineNumber":76,"author":{"gitId":"johnmcmonigle"},"content":"        //ToDo[] toDos \u003d new ToDo[100]; //holds all tasks given","lastModifiedDate":"2022-02-17"},{"lineNumber":77,"author":{"gitId":"johnmcmonigle"},"content":"        ArrayList\u003cToDo\u003e toDos \u003d new ArrayList\u003c\u003e();","lastModifiedDate":"2022-02-17"},{"lineNumber":78,"author":{"gitId":"johnmcmonigle"},"content":"","lastModifiedDate":"2022-02-18"},{"lineNumber":79,"author":{"gitId":"johnmcmonigle"},"content":"        String greeting \u003d \"____________________________________________________________\\n\"","lastModifiedDate":"2022-01-20"},{"lineNumber":80,"author":{"gitId":"johnmcmonigle"},"content":"                + \" Hello! I\u0027m Duke\\n\"","lastModifiedDate":"2022-01-20"},{"lineNumber":81,"author":{"gitId":"johnmcmonigle"},"content":"                + \" What can I do for you?\\n\"","lastModifiedDate":"2022-01-28"},{"lineNumber":82,"author":{"gitId":"johnmcmonigle"},"content":"                + \"____________________________________________________________\\n\";","lastModifiedDate":"2022-01-20"},{"lineNumber":83,"author":{"gitId":"johnmcmonigle"},"content":"        String underscoreLine \u003d \"____________________________________________________________\";","lastModifiedDate":"2022-02-03"},{"lineNumber":84,"author":{"gitId":"johnmcmonigle"},"content":"","lastModifiedDate":"2022-01-28"},{"lineNumber":85,"author":{"gitId":"johnmcmonigle"},"content":"        System.out.println(greeting);","lastModifiedDate":"2022-01-28"},{"lineNumber":86,"author":{"gitId":"johnmcmonigle"},"content":"","lastModifiedDate":"2022-01-28"},{"lineNumber":87,"author":{"gitId":"johnmcmonigle"},"content":"        listCreate(\"src/main/java/duke/taskList.txt\", toDos, taskCounter);","lastModifiedDate":"2022-02-18"},{"lineNumber":88,"author":{"gitId":"johnmcmonigle"},"content":"","lastModifiedDate":"2022-02-18"},{"lineNumber":89,"author":{"gitId":"johnmcmonigle"},"content":"        while (true) {","lastModifiedDate":"2022-01-28"},{"lineNumber":90,"author":{"gitId":"johnmcmonigle"},"content":"","lastModifiedDate":"2022-02-18"},{"lineNumber":91,"author":{"gitId":"johnmcmonigle"},"content":"            fileWrite(\"src/main/java/duke/taskList.txt\", toDos);","lastModifiedDate":"2022-02-18"},{"lineNumber":92,"author":{"gitId":"johnmcmonigle"},"content":"","lastModifiedDate":"2022-02-18"},{"lineNumber":93,"author":{"gitId":"johnmcmonigle"},"content":"            String line \u003d sc.nextLine();","lastModifiedDate":"2022-01-28"},{"lineNumber":94,"author":{"gitId":"johnmcmonigle"},"content":"            String[] commands \u003d line.split(\" \");","lastModifiedDate":"2022-01-28"},{"lineNumber":95,"author":{"gitId":"johnmcmonigle"},"content":"            int commandNumber;","lastModifiedDate":"2022-01-28"},{"lineNumber":96,"author":{"gitId":"johnmcmonigle"},"content":"            switch (commands[0]) {","lastModifiedDate":"2022-01-28"},{"lineNumber":97,"author":{"gitId":"johnmcmonigle"},"content":"            case \"bye\": //end the program","lastModifiedDate":"2022-02-03"},{"lineNumber":98,"author":{"gitId":"johnmcmonigle"},"content":"                System.out.println(underscoreLine);","lastModifiedDate":"2022-02-03"},{"lineNumber":99,"author":{"gitId":"johnmcmonigle"},"content":"                System.out.println(\"  Bye; Don\u0027t restart me.\");","lastModifiedDate":"2022-01-28"},{"lineNumber":100,"author":{"gitId":"johnmcmonigle"},"content":"                System.out.println(underscoreLine);","lastModifiedDate":"2022-02-10"},{"lineNumber":101,"author":{"gitId":"johnmcmonigle"},"content":"                System.exit(0);","lastModifiedDate":"2022-01-28"},{"lineNumber":102,"author":{"gitId":"johnmcmonigle"},"content":"            case \"list\": //list out all tasks","lastModifiedDate":"2022-02-03"},{"lineNumber":103,"author":{"gitId":"johnmcmonigle"},"content":"                System.out.println(underscoreLine);","lastModifiedDate":"2022-02-03"},{"lineNumber":104,"author":{"gitId":"johnmcmonigle"},"content":"                for (int i \u003d 0; i \u003c taskCounter; i++) {","lastModifiedDate":"2022-02-17"},{"lineNumber":105,"author":{"gitId":"johnmcmonigle"},"content":"                    System.out.println(\"   \" + (i + 1) + \". \" + toDos.get(i).getStatusIcon()","lastModifiedDate":"2022-02-17"},{"lineNumber":106,"author":{"gitId":"johnmcmonigle"},"content":"                            + toDos.get(i).getDescription());","lastModifiedDate":"2022-02-17"},{"lineNumber":107,"author":{"gitId":"johnmcmonigle"},"content":"                }","lastModifiedDate":"2022-01-28"},{"lineNumber":108,"author":{"gitId":"johnmcmonigle"},"content":"                System.out.println(underscoreLine);","lastModifiedDate":"2022-02-10"},{"lineNumber":109,"author":{"gitId":"johnmcmonigle"},"content":"                break;","lastModifiedDate":"2022-01-28"},{"lineNumber":110,"author":{"gitId":"johnmcmonigle"},"content":"            case \"mark\": //mark a task as done","lastModifiedDate":"2022-02-03"},{"lineNumber":111,"author":{"gitId":"johnmcmonigle"},"content":"                try {","lastModifiedDate":"2022-02-10"},{"lineNumber":112,"author":{"gitId":"johnmcmonigle"},"content":"                    if (commands.length \u003c 2) {","lastModifiedDate":"2022-02-17"},{"lineNumber":113,"author":{"gitId":"johnmcmonigle"},"content":"                        throw new InputLengthException();","lastModifiedDate":"2022-02-10"},{"lineNumber":114,"author":{"gitId":"johnmcmonigle"},"content":"                    }","lastModifiedDate":"2022-02-10"},{"lineNumber":115,"author":{"gitId":"johnmcmonigle"},"content":"                    commandNumber \u003d Integer.parseInt(commands[1]);","lastModifiedDate":"2022-02-17"},{"lineNumber":116,"author":{"gitId":"johnmcmonigle"},"content":"                    if (commandNumber \u003e\u003d 0 \u0026\u0026 commandNumber \u003c\u003d taskCounter) {","lastModifiedDate":"2022-01-28"},{"lineNumber":117,"author":{"gitId":"johnmcmonigle"},"content":"                        System.out.println(underscoreLine);","lastModifiedDate":"2022-02-03"},{"lineNumber":118,"author":{"gitId":"johnmcmonigle"},"content":"                        System.out.println(\"   I don\u0027t actually believe you completed a task, but I\u0027ll mark it anyway.\");","lastModifiedDate":"2022-01-28"},{"lineNumber":119,"author":{"gitId":"johnmcmonigle"},"content":"                        System.out.println(\"     [X] \" + toDos.get(commandNumber - 1).getDescription());","lastModifiedDate":"2022-02-17"},{"lineNumber":120,"author":{"gitId":"johnmcmonigle"},"content":"                        System.out.println(underscoreLine);","lastModifiedDate":"2022-02-03"},{"lineNumber":121,"author":{"gitId":"johnmcmonigle"},"content":"                        toDos.get(commandNumber - 1).setDone(true);","lastModifiedDate":"2022-02-17"},{"lineNumber":122,"author":{"gitId":"johnmcmonigle"},"content":"                    } else {","lastModifiedDate":"2022-01-28"},{"lineNumber":123,"author":{"gitId":"johnmcmonigle"},"content":"                        throw new UnreachableTaskException();","lastModifiedDate":"2022-02-10"},{"lineNumber":124,"author":{"gitId":"johnmcmonigle"},"content":"                    }","lastModifiedDate":"2022-02-10"},{"lineNumber":125,"author":{"gitId":"johnmcmonigle"},"content":"                } catch (InputLengthException e) {","lastModifiedDate":"2022-02-10"},{"lineNumber":126,"author":{"gitId":"johnmcmonigle"},"content":"                    System.out.println(underscoreLine);","lastModifiedDate":"2022-02-10"},{"lineNumber":127,"author":{"gitId":"johnmcmonigle"},"content":"                    System.out.println(\"   You forgot to tell me what to mark. \\n But that doesn\u0027t surprise me...\");","lastModifiedDate":"2022-02-10"},{"lineNumber":128,"author":{"gitId":"johnmcmonigle"},"content":"                    System.out.println(underscoreLine);","lastModifiedDate":"2022-02-10"},{"lineNumber":129,"author":{"gitId":"johnmcmonigle"},"content":"                } catch (UnreachableTaskException e) {","lastModifiedDate":"2022-02-10"},{"lineNumber":130,"author":{"gitId":"johnmcmonigle"},"content":"                    System.out.println(underscoreLine);","lastModifiedDate":"2022-02-03"},{"lineNumber":131,"author":{"gitId":"johnmcmonigle"},"content":"                    System.out.println(\"   You didn\u0027t even write down that task.\");","lastModifiedDate":"2022-01-28"},{"lineNumber":132,"author":{"gitId":"johnmcmonigle"},"content":"                    System.out.println(underscoreLine);","lastModifiedDate":"2022-02-03"},{"lineNumber":133,"author":{"gitId":"johnmcmonigle"},"content":"                }","lastModifiedDate":"2022-01-28"},{"lineNumber":134,"author":{"gitId":"johnmcmonigle"},"content":"                break;","lastModifiedDate":"2022-01-28"},{"lineNumber":135,"author":{"gitId":"johnmcmonigle"},"content":"            case \"unmark\": //mark a task as no longer done","lastModifiedDate":"2022-02-03"},{"lineNumber":136,"author":{"gitId":"johnmcmonigle"},"content":"                try {","lastModifiedDate":"2022-02-10"},{"lineNumber":137,"author":{"gitId":"johnmcmonigle"},"content":"                    if (commands.length \u003c 2) {","lastModifiedDate":"2022-02-17"},{"lineNumber":138,"author":{"gitId":"johnmcmonigle"},"content":"                        throw new InputLengthException();","lastModifiedDate":"2022-02-10"},{"lineNumber":139,"author":{"gitId":"johnmcmonigle"},"content":"                    }","lastModifiedDate":"2022-02-10"},{"lineNumber":140,"author":{"gitId":"johnmcmonigle"},"content":"                    commandNumber \u003d Integer.parseInt(commands[1]);","lastModifiedDate":"2022-02-17"},{"lineNumber":141,"author":{"gitId":"johnmcmonigle"},"content":"                    if (commandNumber \u003e\u003d 0 \u0026\u0026 commandNumber \u003c\u003d taskCounter) {","lastModifiedDate":"2022-01-28"},{"lineNumber":142,"author":{"gitId":"johnmcmonigle"},"content":"                        System.out.println(underscoreLine);","lastModifiedDate":"2022-02-03"},{"lineNumber":143,"author":{"gitId":"johnmcmonigle"},"content":"                        System.out.println(\"   Unmarking a task; sharp as a marble, aren\u0027t we?\");","lastModifiedDate":"2022-01-28"},{"lineNumber":144,"author":{"gitId":"johnmcmonigle"},"content":"                        System.out.println(\"     [] \" + toDos.get(commandNumber - 1).getDescription());","lastModifiedDate":"2022-02-17"},{"lineNumber":145,"author":{"gitId":"johnmcmonigle"},"content":"                        System.out.println(underscoreLine);","lastModifiedDate":"2022-02-03"},{"lineNumber":146,"author":{"gitId":"johnmcmonigle"},"content":"                        toDos.get(commandNumber - 1).setDone(false);","lastModifiedDate":"2022-02-17"},{"lineNumber":147,"author":{"gitId":"johnmcmonigle"},"content":"                    } else {","lastModifiedDate":"2022-01-28"},{"lineNumber":148,"author":{"gitId":"johnmcmonigle"},"content":"                        throw new UnreachableTaskException();","lastModifiedDate":"2022-02-10"},{"lineNumber":149,"author":{"gitId":"johnmcmonigle"},"content":"                    }","lastModifiedDate":"2022-02-10"},{"lineNumber":150,"author":{"gitId":"johnmcmonigle"},"content":"                } catch (InputLengthException e) {","lastModifiedDate":"2022-02-10"},{"lineNumber":151,"author":{"gitId":"johnmcmonigle"},"content":"                    System.out.println(underscoreLine);","lastModifiedDate":"2022-02-10"},{"lineNumber":152,"author":{"gitId":"johnmcmonigle"},"content":"                    System.out.println(\"   You forgot to tell me what to unmark. \\n But that doesn\u0027t surprise me...\");","lastModifiedDate":"2022-02-10"},{"lineNumber":153,"author":{"gitId":"johnmcmonigle"},"content":"                    System.out.println(underscoreLine);","lastModifiedDate":"2022-02-10"},{"lineNumber":154,"author":{"gitId":"johnmcmonigle"},"content":"                } catch (UnreachableTaskException e) {","lastModifiedDate":"2022-02-10"},{"lineNumber":155,"author":{"gitId":"johnmcmonigle"},"content":"                    System.out.println(underscoreLine);","lastModifiedDate":"2022-02-03"},{"lineNumber":156,"author":{"gitId":"johnmcmonigle"},"content":"                    System.out.println(\"   You didn\u0027t even write down that task.\");","lastModifiedDate":"2022-01-28"},{"lineNumber":157,"author":{"gitId":"johnmcmonigle"},"content":"                    System.out.println(underscoreLine);","lastModifiedDate":"2022-02-03"},{"lineNumber":158,"author":{"gitId":"johnmcmonigle"},"content":"                }","lastModifiedDate":"2022-01-28"},{"lineNumber":159,"author":{"gitId":"johnmcmonigle"},"content":"                break;","lastModifiedDate":"2022-01-28"},{"lineNumber":160,"author":{"gitId":"johnmcmonigle"},"content":"            case \"todo\": //add a todo (normal task) to the list","lastModifiedDate":"2022-02-03"},{"lineNumber":161,"author":{"gitId":"johnmcmonigle"},"content":"                try {","lastModifiedDate":"2022-02-10"},{"lineNumber":162,"author":{"gitId":"johnmcmonigle"},"content":"                    if (commands.length \u003c 2) {","lastModifiedDate":"2022-02-17"},{"lineNumber":163,"author":{"gitId":"johnmcmonigle"},"content":"                        throw new InputLengthException();","lastModifiedDate":"2022-02-10"},{"lineNumber":164,"author":{"gitId":"johnmcmonigle"},"content":"                    }","lastModifiedDate":"2022-02-10"},{"lineNumber":165,"author":{"gitId":"johnmcmonigle"},"content":"                    line \u003d line.substring(5); //removing the first part of the command from the description","lastModifiedDate":"2022-02-03"},{"lineNumber":166,"author":{"gitId":"johnmcmonigle"},"content":"                    //toDos.get(taskCounter) \u003d new ToDo(line);","lastModifiedDate":"2022-02-17"},{"lineNumber":167,"author":{"gitId":"johnmcmonigle"},"content":"                    toDos.add(new ToDo(line));","lastModifiedDate":"2022-02-17"},{"lineNumber":168,"author":{"gitId":"johnmcmonigle"},"content":"                    System.out.println(underscoreLine);","lastModifiedDate":"2022-02-03"},{"lineNumber":169,"author":{"gitId":"johnmcmonigle"},"content":"                    System.out.println(\" Do these tasks distract you from a glaring lack of meaning\\n in your life?\" +","lastModifiedDate":"2022-02-03"},{"lineNumber":170,"author":{"gitId":"johnmcmonigle"},"content":"                            \"\\n Anyway, I added\" + \" it to the list.\");","lastModifiedDate":"2022-02-03"},{"lineNumber":171,"author":{"gitId":"johnmcmonigle"},"content":"                    System.out.printf(\"   %s %s%n\", toDos.get(taskCounter).getStatusIcon(), line);","lastModifiedDate":"2022-02-17"},{"lineNumber":172,"author":{"gitId":"johnmcmonigle"},"content":"                    taskCounter++;","lastModifiedDate":"2022-02-03"},{"lineNumber":173,"author":{"gitId":"johnmcmonigle"},"content":"                    System.out.println(\" There are now \" + taskCounter + \" tasks in the list.\");","lastModifiedDate":"2022-02-03"},{"lineNumber":174,"author":{"gitId":"johnmcmonigle"},"content":"                    System.out.println(underscoreLine);","lastModifiedDate":"2022-02-10"},{"lineNumber":175,"author":{"gitId":"johnmcmonigle"},"content":"                } catch (InputLengthException e) {","lastModifiedDate":"2022-02-10"},{"lineNumber":176,"author":{"gitId":"johnmcmonigle"},"content":"                    System.out.println(underscoreLine);","lastModifiedDate":"2022-02-10"},{"lineNumber":177,"author":{"gitId":"johnmcmonigle"},"content":"                    System.out.println(\"   Todo what? You left the task blank.\");","lastModifiedDate":"2022-02-10"},{"lineNumber":178,"author":{"gitId":"johnmcmonigle"},"content":"                    System.out.println(\"   Doing nothing would be your normal schedule.\");","lastModifiedDate":"2022-02-10"},{"lineNumber":179,"author":{"gitId":"johnmcmonigle"},"content":"                    System.out.println(underscoreLine);","lastModifiedDate":"2022-02-10"},{"lineNumber":180,"author":{"gitId":"johnmcmonigle"},"content":"                }","lastModifiedDate":"2022-02-10"},{"lineNumber":181,"author":{"gitId":"johnmcmonigle"},"content":"                break;","lastModifiedDate":"2022-02-03"},{"lineNumber":182,"author":{"gitId":"johnmcmonigle"},"content":"            case \"deadline\": //add a deadline to the task list","lastModifiedDate":"2022-02-03"},{"lineNumber":183,"author":{"gitId":"johnmcmonigle"},"content":"                int separationLocation \u003d line.indexOf(\"/by\"); //used to split the command","lastModifiedDate":"2022-02-03"},{"lineNumber":184,"author":{"gitId":"johnmcmonigle"},"content":"                if (separationLocation \u003d\u003d -1) { //checks if separationLocation exists","lastModifiedDate":"2022-02-03"},{"lineNumber":185,"author":{"gitId":"johnmcmonigle"},"content":"                    System.out.println(underscoreLine);","lastModifiedDate":"2022-02-03"},{"lineNumber":186,"author":{"gitId":"johnmcmonigle"},"content":"                    System.out.println(\"I\u0027m a supercomputer, and I couldn\u0027t parse what you just typed. Impressive.\");","lastModifiedDate":"2022-02-03"},{"lineNumber":187,"author":{"gitId":"johnmcmonigle"},"content":"                    System.out.println(underscoreLine);","lastModifiedDate":"2022-02-03"},{"lineNumber":188,"author":{"gitId":"johnmcmonigle"},"content":"                    break;","lastModifiedDate":"2022-02-03"},{"lineNumber":189,"author":{"gitId":"johnmcmonigle"},"content":"                }","lastModifiedDate":"2022-02-03"},{"lineNumber":190,"author":{"gitId":"johnmcmonigle"},"content":"                String description \u003d line.substring(9, separationLocation); //first half of command","lastModifiedDate":"2022-02-03"},{"lineNumber":191,"author":{"gitId":"johnmcmonigle"},"content":"                String doBy \u003d line.substring((separationLocation + 3));","lastModifiedDate":"2022-02-03"},{"lineNumber":192,"author":{"gitId":"johnmcmonigle"},"content":"                //toDos.get(taskCounter) \u003d new Deadline(description, doBy);","lastModifiedDate":"2022-02-17"},{"lineNumber":193,"author":{"gitId":"johnmcmonigle"},"content":"                toDos.add(new Deadline(description, doBy));","lastModifiedDate":"2022-02-17"},{"lineNumber":194,"author":{"gitId":"johnmcmonigle"},"content":"                System.out.println(underscoreLine);","lastModifiedDate":"2022-02-03"},{"lineNumber":195,"author":{"gitId":"johnmcmonigle"},"content":"                System.out.println(\" Great, something else for you to procrastinate:\");","lastModifiedDate":"2022-02-03"},{"lineNumber":196,"author":{"gitId":"johnmcmonigle"},"content":"                System.out.printf(\"   %s %s(by:%s)%n\", toDos.get(taskCounter).getStatusIcon(), description, doBy);","lastModifiedDate":"2022-02-17"},{"lineNumber":197,"author":{"gitId":"johnmcmonigle"},"content":"                taskCounter++;","lastModifiedDate":"2022-01-28"},{"lineNumber":198,"author":{"gitId":"johnmcmonigle"},"content":"                System.out.printf(\" There are now %d tasks in the list.%n\", taskCounter);","lastModifiedDate":"2022-02-03"},{"lineNumber":199,"author":{"gitId":"johnmcmonigle"},"content":"                System.out.println(underscoreLine);","lastModifiedDate":"2022-02-10"},{"lineNumber":200,"author":{"gitId":"johnmcmonigle"},"content":"                break;","lastModifiedDate":"2022-02-03"},{"lineNumber":201,"author":{"gitId":"johnmcmonigle"},"content":"            case \"event\": //add an event to the task list","lastModifiedDate":"2022-02-03"},{"lineNumber":202,"author":{"gitId":"johnmcmonigle"},"content":"                separationLocation \u003d line.indexOf(\"/at\");","lastModifiedDate":"2022-02-03"},{"lineNumber":203,"author":{"gitId":"johnmcmonigle"},"content":"                if (separationLocation \u003d\u003d -1) {","lastModifiedDate":"2022-02-03"},{"lineNumber":204,"author":{"gitId":"johnmcmonigle"},"content":"                    System.out.println(underscoreLine);","lastModifiedDate":"2022-02-03"},{"lineNumber":205,"author":{"gitId":"johnmcmonigle"},"content":"                    System.out.println(\"I\u0027m a supercomputer, and I couldn\u0027t parse what you just typed. Impressive.\");","lastModifiedDate":"2022-02-03"},{"lineNumber":206,"author":{"gitId":"johnmcmonigle"},"content":"                    System.out.println(underscoreLine);","lastModifiedDate":"2022-02-03"},{"lineNumber":207,"author":{"gitId":"johnmcmonigle"},"content":"                    break;","lastModifiedDate":"2022-02-03"},{"lineNumber":208,"author":{"gitId":"johnmcmonigle"},"content":"                }","lastModifiedDate":"2022-02-03"},{"lineNumber":209,"author":{"gitId":"johnmcmonigle"},"content":"                description \u003d line.substring(6, separationLocation);","lastModifiedDate":"2022-02-03"},{"lineNumber":210,"author":{"gitId":"johnmcmonigle"},"content":"                String doAt \u003d line.substring((separationLocation + 3));","lastModifiedDate":"2022-02-03"},{"lineNumber":211,"author":{"gitId":"johnmcmonigle"},"content":"                //toDos.get(taskCounter) \u003d new Event(description, doAt);","lastModifiedDate":"2022-02-17"},{"lineNumber":212,"author":{"gitId":"johnmcmonigle"},"content":"                toDos.add(new Event(description, doAt));","lastModifiedDate":"2022-02-17"},{"lineNumber":213,"author":{"gitId":"johnmcmonigle"},"content":"                System.out.println(underscoreLine);","lastModifiedDate":"2022-02-03"},{"lineNumber":214,"author":{"gitId":"johnmcmonigle"},"content":"                System.out.println(\" An event! Perhaps it can distract you from your self-inflicted prison:\");","lastModifiedDate":"2022-02-03"},{"lineNumber":215,"author":{"gitId":"johnmcmonigle"},"content":"                System.out.printf(\"   %s %s(at:%s)%n\", toDos.get(taskCounter).getStatusIcon(), description, doAt);","lastModifiedDate":"2022-02-17"},{"lineNumber":216,"author":{"gitId":"johnmcmonigle"},"content":"                taskCounter++;","lastModifiedDate":"2022-02-03"},{"lineNumber":217,"author":{"gitId":"johnmcmonigle"},"content":"                System.out.printf(\" There are now %d tasks in the list.%n\", taskCounter);","lastModifiedDate":"2022-02-03"},{"lineNumber":218,"author":{"gitId":"johnmcmonigle"},"content":"                System.out.println(underscoreLine);","lastModifiedDate":"2022-02-10"},{"lineNumber":219,"author":{"gitId":"johnmcmonigle"},"content":"                break;","lastModifiedDate":"2022-02-03"},{"lineNumber":220,"author":{"gitId":"johnmcmonigle"},"content":"            case \"delete\":","lastModifiedDate":"2022-02-17"},{"lineNumber":221,"author":{"gitId":"johnmcmonigle"},"content":"                try {","lastModifiedDate":"2022-02-17"},{"lineNumber":222,"author":{"gitId":"johnmcmonigle"},"content":"                    if (commands.length \u003c 2) {","lastModifiedDate":"2022-02-17"},{"lineNumber":223,"author":{"gitId":"johnmcmonigle"},"content":"                        throw new InputLengthException();","lastModifiedDate":"2022-02-17"},{"lineNumber":224,"author":{"gitId":"johnmcmonigle"},"content":"                    }","lastModifiedDate":"2022-02-17"},{"lineNumber":225,"author":{"gitId":"johnmcmonigle"},"content":"                    commandNumber \u003d Integer.parseInt(commands[1]);","lastModifiedDate":"2022-02-17"},{"lineNumber":226,"author":{"gitId":"johnmcmonigle"},"content":"                    if (commandNumber \u003e\u003d 0 \u0026\u0026 commandNumber \u003c\u003d taskCounter) {","lastModifiedDate":"2022-02-17"},{"lineNumber":227,"author":{"gitId":"johnmcmonigle"},"content":"                        System.out.println(underscoreLine);","lastModifiedDate":"2022-02-17"},{"lineNumber":228,"author":{"gitId":"johnmcmonigle"},"content":"                        System.out.println(\" Forgoing further responsibilties, I see.\");","lastModifiedDate":"2022-02-17"},{"lineNumber":229,"author":{"gitId":"johnmcmonigle"},"content":"                        System.out.printf(\" Removed:   %s %s%n\", toDos.get(commandNumber - 1).getStatusIcon(),","lastModifiedDate":"2022-02-17"},{"lineNumber":230,"author":{"gitId":"johnmcmonigle"},"content":"                                toDos.get(commandNumber - 1).getDescription());","lastModifiedDate":"2022-02-17"},{"lineNumber":231,"author":{"gitId":"johnmcmonigle"},"content":"                        taskCounter--;","lastModifiedDate":"2022-02-17"},{"lineNumber":232,"author":{"gitId":"johnmcmonigle"},"content":"                        System.out.println(\" There are now \" + taskCounter + \" tasks in the list.\");","lastModifiedDate":"2022-02-17"},{"lineNumber":233,"author":{"gitId":"johnmcmonigle"},"content":"                        System.out.println(underscoreLine);","lastModifiedDate":"2022-02-17"},{"lineNumber":234,"author":{"gitId":"johnmcmonigle"},"content":"                        toDos.remove(commandNumber - 1);","lastModifiedDate":"2022-02-17"},{"lineNumber":235,"author":{"gitId":"johnmcmonigle"},"content":"                    } else {","lastModifiedDate":"2022-02-17"},{"lineNumber":236,"author":{"gitId":"johnmcmonigle"},"content":"                        throw new UnreachableTaskException();","lastModifiedDate":"2022-02-17"},{"lineNumber":237,"author":{"gitId":"johnmcmonigle"},"content":"                    }","lastModifiedDate":"2022-02-17"},{"lineNumber":238,"author":{"gitId":"johnmcmonigle"},"content":"                } catch (InputLengthException e) {","lastModifiedDate":"2022-02-17"},{"lineNumber":239,"author":{"gitId":"johnmcmonigle"},"content":"                    System.out.println(underscoreLine);","lastModifiedDate":"2022-02-17"},{"lineNumber":240,"author":{"gitId":"johnmcmonigle"},"content":"                    System.out.println(\"You forgot the whole other half of the command... why am I not surprised?\");","lastModifiedDate":"2022-02-17"},{"lineNumber":241,"author":{"gitId":"johnmcmonigle"},"content":"                    System.out.println(underscoreLine);","lastModifiedDate":"2022-02-17"},{"lineNumber":242,"author":{"gitId":"johnmcmonigle"},"content":"                } catch (UnreachableTaskException e) {","lastModifiedDate":"2022-02-17"},{"lineNumber":243,"author":{"gitId":"johnmcmonigle"},"content":"                    System.out.println(underscoreLine);","lastModifiedDate":"2022-02-17"},{"lineNumber":244,"author":{"gitId":"johnmcmonigle"},"content":"                    System.out.println(\"You never wrote down such a task. But of course you want to delete it.\");","lastModifiedDate":"2022-02-17"},{"lineNumber":245,"author":{"gitId":"johnmcmonigle"},"content":"                    System.out.println(underscoreLine);","lastModifiedDate":"2022-02-17"},{"lineNumber":246,"author":{"gitId":"johnmcmonigle"},"content":"                }","lastModifiedDate":"2022-02-17"},{"lineNumber":247,"author":{"gitId":"johnmcmonigle"},"content":"                break;","lastModifiedDate":"2022-02-17"},{"lineNumber":248,"author":{"gitId":"johnmcmonigle"},"content":"            default: //user formatted a command incorrectly","lastModifiedDate":"2022-02-03"},{"lineNumber":249,"author":{"gitId":"johnmcmonigle"},"content":"                System.out.println(underscoreLine);","lastModifiedDate":"2022-02-03"},{"lineNumber":250,"author":{"gitId":"johnmcmonigle"},"content":"                System.out.println(\"I can\u0027t understand your gibberish.\");","lastModifiedDate":"2022-02-10"},{"lineNumber":251,"author":{"gitId":"johnmcmonigle"},"content":"                System.out.println(underscoreLine);","lastModifiedDate":"2022-02-03"},{"lineNumber":252,"author":{"gitId":"johnmcmonigle"},"content":"            }","lastModifiedDate":"2022-01-28"},{"lineNumber":253,"author":{"gitId":"johnmcmonigle"},"content":"        }","lastModifiedDate":"2022-01-28"},{"lineNumber":254,"author":{"gitId":"-"},"content":"    }","lastModifiedDate":"2019-07-29"},{"lineNumber":255,"author":{"gitId":"-"},"content":"}","lastModifiedDate":"2019-07-29"}],"authorContributionMap":{"johnmcmonigle":252,"-":3}},{"path":"src/main/java/duke/exceptions/InputLengthException.java","fileType":"java","lines":[{"lineNumber":1,"author":{"gitId":"johnmcmonigle"},"content":"package duke.exceptions;","lastModifiedDate":"2022-02-10"},{"lineNumber":2,"author":{"gitId":"johnmcmonigle"},"content":"","lastModifiedDate":"2022-02-10"},{"lineNumber":3,"author":{"gitId":"johnmcmonigle"},"content":"public class InputLengthException extends Exception {","lastModifiedDate":"2022-02-10"},{"lineNumber":4,"author":{"gitId":"johnmcmonigle"},"content":"","lastModifiedDate":"2022-02-10"},{"lineNumber":5,"author":{"gitId":"johnmcmonigle"},"content":"}","lastModifiedDate":"2022-02-10"}],"authorContributionMap":{"johnmcmonigle":5}},{"path":"src/main/java/duke/exceptions/UnreachableTaskException.java","fileType":"java","lines":[{"lineNumber":1,"author":{"gitId":"johnmcmonigle"},"content":"package duke.exceptions;","lastModifiedDate":"2022-02-10"},{"lineNumber":2,"author":{"gitId":"johnmcmonigle"},"content":"","lastModifiedDate":"2022-02-10"},{"lineNumber":3,"author":{"gitId":"johnmcmonigle"},"content":"public class UnreachableTaskException extends Exception {","lastModifiedDate":"2022-02-10"},{"lineNumber":4,"author":{"gitId":"johnmcmonigle"},"content":"}","lastModifiedDate":"2022-02-10"}],"authorContributionMap":{"johnmcmonigle":4}},{"path":"src/main/java/duke/taskList.txt","fileType":"txt","lines":[{"lineNumber":1,"author":{"gitId":"johnmcmonigle"},"content":"[T][X]sleep","lastModifiedDate":"2022-02-18"},{"lineNumber":2,"author":{"gitId":"johnmcmonigle"},"content":"[D][X]eat (by: 10pm)","lastModifiedDate":"2022-02-18"},{"lineNumber":3,"author":{"gitId":"johnmcmonigle"},"content":"[E][X]cry (at: 11pm)","lastModifiedDate":"2022-02-18"}],"authorContributionMap":{"johnmcmonigle":3}},{"path":"src/main/java/duke/tasks/Deadline.java","fileType":"java","lines":[{"lineNumber":1,"author":{"gitId":"johnmcmonigle"},"content":"package duke.tasks;","lastModifiedDate":"2022-02-10"},{"lineNumber":2,"author":{"gitId":"johnmcmonigle"},"content":"import java.util.ArrayList;","lastModifiedDate":"2022-02-17"},{"lineNumber":3,"author":{"gitId":"johnmcmonigle"},"content":"","lastModifiedDate":"2022-02-10"},{"lineNumber":4,"author":{"gitId":"johnmcmonigle"},"content":"public class Deadline extends ToDo {","lastModifiedDate":"2022-02-03"},{"lineNumber":5,"author":{"gitId":"johnmcmonigle"},"content":"    protected String doBy;","lastModifiedDate":"2022-02-03"},{"lineNumber":6,"author":{"gitId":"johnmcmonigle"},"content":"","lastModifiedDate":"2022-02-03"},{"lineNumber":7,"author":{"gitId":"johnmcmonigle"},"content":"    /**","lastModifiedDate":"2022-02-03"},{"lineNumber":8,"author":{"gitId":"johnmcmonigle"},"content":"     * Constructor for Deadline object","lastModifiedDate":"2022-02-03"},{"lineNumber":9,"author":{"gitId":"johnmcmonigle"},"content":"     *","lastModifiedDate":"2022-02-03"},{"lineNumber":10,"author":{"gitId":"johnmcmonigle"},"content":"     * @param description Description of the deadline","lastModifiedDate":"2022-02-03"},{"lineNumber":11,"author":{"gitId":"johnmcmonigle"},"content":"     * @param doBy the due date of the deadline","lastModifiedDate":"2022-02-03"},{"lineNumber":12,"author":{"gitId":"johnmcmonigle"},"content":"     * @returns the deadline object","lastModifiedDate":"2022-02-03"},{"lineNumber":13,"author":{"gitId":"johnmcmonigle"},"content":"     */","lastModifiedDate":"2022-02-03"},{"lineNumber":14,"author":{"gitId":"johnmcmonigle"},"content":"    public Deadline(String description, String doBy) {","lastModifiedDate":"2022-02-03"},{"lineNumber":15,"author":{"gitId":"johnmcmonigle"},"content":"        super(description);","lastModifiedDate":"2022-02-03"},{"lineNumber":16,"author":{"gitId":"johnmcmonigle"},"content":"        this.doBy \u003d doBy;","lastModifiedDate":"2022-02-03"},{"lineNumber":17,"author":{"gitId":"johnmcmonigle"},"content":"    }","lastModifiedDate":"2022-02-03"},{"lineNumber":18,"author":{"gitId":"johnmcmonigle"},"content":"","lastModifiedDate":"2022-02-03"},{"lineNumber":19,"author":{"gitId":"johnmcmonigle"},"content":"    @Override","lastModifiedDate":"2022-02-03"},{"lineNumber":20,"author":{"gitId":"johnmcmonigle"},"content":"    public String getDescription() {","lastModifiedDate":"2022-02-03"},{"lineNumber":21,"author":{"gitId":"johnmcmonigle"},"content":"        String completeDescription \u003d description + \"(by: \" + doBy + \")\";","lastModifiedDate":"2022-02-17"},{"lineNumber":22,"author":{"gitId":"johnmcmonigle"},"content":"        return completeDescription;","lastModifiedDate":"2022-02-03"},{"lineNumber":23,"author":{"gitId":"johnmcmonigle"},"content":"    }","lastModifiedDate":"2022-02-03"},{"lineNumber":24,"author":{"gitId":"johnmcmonigle"},"content":"","lastModifiedDate":"2022-02-03"},{"lineNumber":25,"author":{"gitId":"johnmcmonigle"},"content":"    @Override","lastModifiedDate":"2022-02-03"},{"lineNumber":26,"author":{"gitId":"johnmcmonigle"},"content":"    public String getStatusIcon() {","lastModifiedDate":"2022-02-03"},{"lineNumber":27,"author":{"gitId":"johnmcmonigle"},"content":"        String status \u003d (isDone ? \"X\" : \" \");","lastModifiedDate":"2022-02-03"},{"lineNumber":28,"author":{"gitId":"johnmcmonigle"},"content":"        String finalString \u003d \"[D][\" + status + \"]\";","lastModifiedDate":"2022-02-03"},{"lineNumber":29,"author":{"gitId":"johnmcmonigle"},"content":"        return finalString;","lastModifiedDate":"2022-02-03"},{"lineNumber":30,"author":{"gitId":"johnmcmonigle"},"content":"    }","lastModifiedDate":"2022-02-03"},{"lineNumber":31,"author":{"gitId":"johnmcmonigle"},"content":"}","lastModifiedDate":"2022-02-03"}],"authorContributionMap":{"johnmcmonigle":31}},{"path":"src/main/java/duke/tasks/Event.java","fileType":"java","lines":[{"lineNumber":1,"author":{"gitId":"johnmcmonigle"},"content":"package duke.tasks;","lastModifiedDate":"2022-02-10"},{"lineNumber":2,"author":{"gitId":"johnmcmonigle"},"content":"import java.util.ArrayList;","lastModifiedDate":"2022-02-17"},{"lineNumber":3,"author":{"gitId":"johnmcmonigle"},"content":"","lastModifiedDate":"2022-02-10"},{"lineNumber":4,"author":{"gitId":"johnmcmonigle"},"content":"public class Event extends ToDo {","lastModifiedDate":"2022-02-03"},{"lineNumber":5,"author":{"gitId":"johnmcmonigle"},"content":"    protected String eventTime;","lastModifiedDate":"2022-02-03"},{"lineNumber":6,"author":{"gitId":"johnmcmonigle"},"content":"","lastModifiedDate":"2022-02-03"},{"lineNumber":7,"author":{"gitId":"johnmcmonigle"},"content":"    /**","lastModifiedDate":"2022-02-03"},{"lineNumber":8,"author":{"gitId":"johnmcmonigle"},"content":"     * Constructor for Event object","lastModifiedDate":"2022-02-03"},{"lineNumber":9,"author":{"gitId":"johnmcmonigle"},"content":"     *","lastModifiedDate":"2022-02-03"},{"lineNumber":10,"author":{"gitId":"johnmcmonigle"},"content":"     * @param description Description of the event","lastModifiedDate":"2022-02-03"},{"lineNumber":11,"author":{"gitId":"johnmcmonigle"},"content":"     * @param eventTime the time of the event","lastModifiedDate":"2022-02-03"},{"lineNumber":12,"author":{"gitId":"johnmcmonigle"},"content":"     * @returns the deadline object","lastModifiedDate":"2022-02-03"},{"lineNumber":13,"author":{"gitId":"johnmcmonigle"},"content":"     */","lastModifiedDate":"2022-02-03"},{"lineNumber":14,"author":{"gitId":"johnmcmonigle"},"content":"    public Event(String description, String eventTime) {","lastModifiedDate":"2022-02-03"},{"lineNumber":15,"author":{"gitId":"johnmcmonigle"},"content":"        super(description);","lastModifiedDate":"2022-02-03"},{"lineNumber":16,"author":{"gitId":"johnmcmonigle"},"content":"        this.eventTime \u003d eventTime;","lastModifiedDate":"2022-02-03"},{"lineNumber":17,"author":{"gitId":"johnmcmonigle"},"content":"    }","lastModifiedDate":"2022-02-03"},{"lineNumber":18,"author":{"gitId":"johnmcmonigle"},"content":"","lastModifiedDate":"2022-02-03"},{"lineNumber":19,"author":{"gitId":"johnmcmonigle"},"content":"    @Override","lastModifiedDate":"2022-02-03"},{"lineNumber":20,"author":{"gitId":"johnmcmonigle"},"content":"    public String getDescription() {","lastModifiedDate":"2022-02-03"},{"lineNumber":21,"author":{"gitId":"johnmcmonigle"},"content":"        String completeDescription \u003d description + \"(at: \" + eventTime + \")\";","lastModifiedDate":"2022-02-17"},{"lineNumber":22,"author":{"gitId":"johnmcmonigle"},"content":"        return completeDescription;","lastModifiedDate":"2022-02-03"},{"lineNumber":23,"author":{"gitId":"johnmcmonigle"},"content":"    }","lastModifiedDate":"2022-02-03"},{"lineNumber":24,"author":{"gitId":"johnmcmonigle"},"content":"","lastModifiedDate":"2022-02-03"},{"lineNumber":25,"author":{"gitId":"johnmcmonigle"},"content":"    @Override","lastModifiedDate":"2022-02-03"},{"lineNumber":26,"author":{"gitId":"johnmcmonigle"},"content":"    public String getStatusIcon() {","lastModifiedDate":"2022-02-03"},{"lineNumber":27,"author":{"gitId":"johnmcmonigle"},"content":"        String status \u003d (isDone ? \"X\" : \" \");","lastModifiedDate":"2022-02-03"},{"lineNumber":28,"author":{"gitId":"johnmcmonigle"},"content":"        String finalString \u003d \"[E][\" + status + \"]\";","lastModifiedDate":"2022-02-03"},{"lineNumber":29,"author":{"gitId":"johnmcmonigle"},"content":"        return finalString;","lastModifiedDate":"2022-02-03"},{"lineNumber":30,"author":{"gitId":"johnmcmonigle"},"content":"    }","lastModifiedDate":"2022-02-03"},{"lineNumber":31,"author":{"gitId":"johnmcmonigle"},"content":"}","lastModifiedDate":"2022-02-03"}],"authorContributionMap":{"johnmcmonigle":31}},{"path":"src/main/java/duke/tasks/ToDo.java","fileType":"java","lines":[{"lineNumber":1,"author":{"gitId":"johnmcmonigle"},"content":"package duke.tasks;","lastModifiedDate":"2022-02-10"},{"lineNumber":2,"author":{"gitId":"johnmcmonigle"},"content":"import java.util.ArrayList;","lastModifiedDate":"2022-02-17"},{"lineNumber":3,"author":{"gitId":"johnmcmonigle"},"content":"","lastModifiedDate":"2022-02-10"},{"lineNumber":4,"author":{"gitId":"johnmcmonigle"},"content":"public class ToDo {","lastModifiedDate":"2022-02-03"},{"lineNumber":5,"author":{"gitId":"johnmcmonigle"},"content":"    protected String description;","lastModifiedDate":"2022-01-28"},{"lineNumber":6,"author":{"gitId":"johnmcmonigle"},"content":"    protected boolean isDone;","lastModifiedDate":"2022-01-28"},{"lineNumber":7,"author":{"gitId":"johnmcmonigle"},"content":"","lastModifiedDate":"2022-01-28"},{"lineNumber":8,"author":{"gitId":"johnmcmonigle"},"content":"    /**","lastModifiedDate":"2022-01-28"},{"lineNumber":9,"author":{"gitId":"johnmcmonigle"},"content":"     * Constructor for Todo (task) object","lastModifiedDate":"2022-02-03"},{"lineNumber":10,"author":{"gitId":"johnmcmonigle"},"content":"     *","lastModifiedDate":"2022-01-28"},{"lineNumber":11,"author":{"gitId":"johnmcmonigle"},"content":"     * @param description Description of the todo","lastModifiedDate":"2022-02-03"},{"lineNumber":12,"author":{"gitId":"johnmcmonigle"},"content":"     * @return the todo object","lastModifiedDate":"2022-02-03"},{"lineNumber":13,"author":{"gitId":"johnmcmonigle"},"content":"     */","lastModifiedDate":"2022-01-28"},{"lineNumber":14,"author":{"gitId":"johnmcmonigle"},"content":"    public ToDo(String description) {","lastModifiedDate":"2022-02-03"},{"lineNumber":15,"author":{"gitId":"johnmcmonigle"},"content":"        this.description \u003d description;","lastModifiedDate":"2022-01-28"},{"lineNumber":16,"author":{"gitId":"johnmcmonigle"},"content":"        this.isDone \u003d false;","lastModifiedDate":"2022-01-28"},{"lineNumber":17,"author":{"gitId":"johnmcmonigle"},"content":"    }","lastModifiedDate":"2022-01-28"},{"lineNumber":18,"author":{"gitId":"johnmcmonigle"},"content":"","lastModifiedDate":"2022-01-28"},{"lineNumber":19,"author":{"gitId":"johnmcmonigle"},"content":"    /**","lastModifiedDate":"2022-01-28"},{"lineNumber":20,"author":{"gitId":"johnmcmonigle"},"content":"     * Gets the Task Description","lastModifiedDate":"2022-01-28"},{"lineNumber":21,"author":{"gitId":"johnmcmonigle"},"content":"     * @return the task description","lastModifiedDate":"2022-01-28"},{"lineNumber":22,"author":{"gitId":"johnmcmonigle"},"content":"     */","lastModifiedDate":"2022-01-28"},{"lineNumber":23,"author":{"gitId":"johnmcmonigle"},"content":"    public String getDescription() {","lastModifiedDate":"2022-01-28"},{"lineNumber":24,"author":{"gitId":"johnmcmonigle"},"content":"        return description;","lastModifiedDate":"2022-01-28"},{"lineNumber":25,"author":{"gitId":"johnmcmonigle"},"content":"    }","lastModifiedDate":"2022-01-28"},{"lineNumber":26,"author":{"gitId":"johnmcmonigle"},"content":"","lastModifiedDate":"2022-01-28"},{"lineNumber":27,"author":{"gitId":"johnmcmonigle"},"content":"    /**","lastModifiedDate":"2022-01-28"},{"lineNumber":28,"author":{"gitId":"johnmcmonigle"},"content":"     * Sets the task status","lastModifiedDate":"2022-01-28"},{"lineNumber":29,"author":{"gitId":"johnmcmonigle"},"content":"     * @param status The status (true/false) of whether the task is done","lastModifiedDate":"2022-01-28"},{"lineNumber":30,"author":{"gitId":"johnmcmonigle"},"content":"     */","lastModifiedDate":"2022-01-28"},{"lineNumber":31,"author":{"gitId":"johnmcmonigle"},"content":"    public void setDone(boolean status) {","lastModifiedDate":"2022-01-28"},{"lineNumber":32,"author":{"gitId":"johnmcmonigle"},"content":"        isDone \u003d status;","lastModifiedDate":"2022-01-28"},{"lineNumber":33,"author":{"gitId":"johnmcmonigle"},"content":"    }","lastModifiedDate":"2022-01-28"},{"lineNumber":34,"author":{"gitId":"johnmcmonigle"},"content":"","lastModifiedDate":"2022-01-28"},{"lineNumber":35,"author":{"gitId":"johnmcmonigle"},"content":"    /**","lastModifiedDate":"2022-01-28"},{"lineNumber":36,"author":{"gitId":"johnmcmonigle"},"content":"     * Gets the Task Status Icon (X if done, \"\" if not)","lastModifiedDate":"2022-01-28"},{"lineNumber":37,"author":{"gitId":"johnmcmonigle"},"content":"     * @return the status icon","lastModifiedDate":"2022-01-28"},{"lineNumber":38,"author":{"gitId":"johnmcmonigle"},"content":"     */","lastModifiedDate":"2022-01-28"},{"lineNumber":39,"author":{"gitId":"johnmcmonigle"},"content":"    public String getStatusIcon() {","lastModifiedDate":"2022-01-28"},{"lineNumber":40,"author":{"gitId":"johnmcmonigle"},"content":"        String status \u003d (isDone ? \"X\" : \" \");","lastModifiedDate":"2022-02-03"},{"lineNumber":41,"author":{"gitId":"johnmcmonigle"},"content":"        String finalString \u003d \"[T][\" + status + \"]\";","lastModifiedDate":"2022-02-03"},{"lineNumber":42,"author":{"gitId":"johnmcmonigle"},"content":"        return finalString;","lastModifiedDate":"2022-02-03"},{"lineNumber":43,"author":{"gitId":"johnmcmonigle"},"content":"    }","lastModifiedDate":"2022-01-28"},{"lineNumber":44,"author":{"gitId":"johnmcmonigle"},"content":"}","lastModifiedDate":"2022-01-28"}],"authorContributionMap":{"johnmcmonigle":44}},{"path":"text-ui-test/input.txt","fileType":"txt","lines":[{"lineNumber":1,"author":{"gitId":"johnmcmonigle"},"content":"event some birthday party /at Saturday 3pm","lastModifiedDate":"2022-02-03"},{"lineNumber":2,"author":{"gitId":"johnmcmonigle"},"content":"todo see gardens by the bay","lastModifiedDate":"2022-02-03"},{"lineNumber":3,"author":{"gitId":"johnmcmonigle"},"content":"deadline do homework /by Monday","lastModifiedDate":"2022-02-03"},{"lineNumber":4,"author":{"gitId":"johnmcmonigle"},"content":"deadline no seriously do the homework /by Monday","lastModifiedDate":"2022-02-03"},{"lineNumber":5,"author":{"gitId":"johnmcmonigle"},"content":"list","lastModifiedDate":"2022-02-03"},{"lineNumber":6,"author":{"gitId":"johnmcmonigle"},"content":"mark 4","lastModifiedDate":"2022-02-03"},{"lineNumber":7,"author":{"gitId":"johnmcmonigle"},"content":"mark 1","lastModifiedDate":"2022-02-03"},{"lineNumber":8,"author":{"gitId":"johnmcmonigle"},"content":"mark 2","lastModifiedDate":"2022-02-03"},{"lineNumber":9,"author":{"gitId":"johnmcmonigle"},"content":"unmark 2","lastModifiedDate":"2022-02-03"},{"lineNumber":10,"author":{"gitId":"johnmcmonigle"},"content":"bye","lastModifiedDate":"2022-02-03"}],"authorContributionMap":{"johnmcmonigle":10}}]
