{"authorDailyContributionsMap":{"johnmcmonigle":[{"date":"2022-01-20","commitResults":[{"hash":"9d1d26cb02df2df21a86739baa43c5a5b68fa81d","messageTitle":"Level-0","messageBody":"","fileTypesAndContributionMap":{"java":{"insertions":7,"deletions":6}}}]},{"date":"2022-01-28","commitResults":[{"hash":"a4cbbeb7283bbc4c9b2674da26a66fa72cb2f4d1","messageTitle":"Level-1","messageBody":"","fileTypesAndContributionMap":{"java":{"insertions":19,"deletions":3}}},{"hash":"520b1c4b438c0c9f5804d4ccbecc995baaf4c378","messageTitle":"Level-2","messageBody":"","fileTypesAndContributionMap":{"java":{"insertions":17,"deletions":5}}},{"hash":"7a0aa38d0510eb90e69fa03f795a7409b2815db4","messageTitle":"Level-2","messageBody":"","tags":["TYPO__Level-3"],"fileTypesAndContributionMap":{"java":{"insertions":56,"deletions":4}}},{"hash":"9f492d1ea5026039da764e090b71189bb6de1227","messageTitle":"A-CodingStandard","messageBody":"","fileTypesAndContributionMap":{"java":{"insertions":21,"deletions":1}}}]},{"date":"2022-01-31","commitResults":[{"hash":"7bcb7fe218662d33e02bce421f8ec27e4781532d","messageTitle":"Added an empty space for clarity","messageBody":"","fileTypesAndContributionMap":{"java":{"insertions":1,"deletions":0}}}]},{"date":"2022-02-03","commitResults":[{"hash":"e51c10329a718a42d6487197b5ad5d466959db6e","messageTitle":"Level-4","messageBody":"","fileTypesAndContributionMap":{"java":{"insertions":97,"deletions":13}}}]}]},"authorFileTypeContributionMap":{"johnmcmonigle":{"java":192,"md":0,"fxml":0,"sh":0,"bat":0,"gradle":0,"txt":0}},"authorContributionVariance":{"johnmcmonigle":1198.5624},"authorDisplayNameMap":{"johnmcmonigle":"F10-1 MCMO..GLAS"}}
