{"authorDailyContributionsMap":{"ElaineQT":[{"date":"2022-01-24","commitResults":[{"hash":"af2ee1e03c70f6d00631a4bf104868b8462100e7","messageTitle":"add Level-0: Greet","messageBody":"","tags":["Level-0"],"fileTypesAndContributionMap":{"java":{"insertions":9,"deletions":0}}}]},{"date":"2022-01-27","commitResults":[{"hash":"e6b064e5e361a81a62ddeed449464e9e62725b42","messageTitle":"add Level-1: Greet, Echo, Exit","messageBody":"","tags":["Level-1"],"fileTypesAndContributionMap":{"java":{"insertions":22,"deletions":13}}},{"hash":"f657b042d57feec4523c21caf8c0f6a2ce7b7b5c","messageTitle":"add Level-2: Add, list","messageBody":"","tags":["Level-2"],"fileTypesAndContributionMap":{"java":{"insertions":99,"deletions":7}}},{"hash":"c7245297025a8b30502c7b15fccaa6ce8e74faa8","messageTitle":"add Level-3: Mark as Done","messageBody":"","tags":["Level-3"],"fileTypesAndContributionMap":{"java":{"insertions":41,"deletions":1}}}]},{"date":"2022-01-28","commitResults":[{"hash":"87e3944b274e69e8bc35267774c335572dc92dbd","messageTitle":"fix code style","messageBody":"","tags":["A-CodingStandard"],"fileTypesAndContributionMap":{"java":{"insertions":7,"deletions":0}}}]},{"date":"2022-02-03","commitResults":[{"hash":"bec5e565a10f7c71dc2122700c7226429a5102f0","messageTitle":"add Level-4: Todo, Event, Deadline","messageBody":"","tags":["Level-4","A-CodeQuality"],"fileTypesAndContributionMap":{"java":{"insertions":86,"deletions":35}}},{"hash":"717955f8681b96640077c9014d123bfa6f3e0c4b","messageTitle":"improve code quality","messageBody":"","fileTypesAndContributionMap":{"java":{"insertions":40,"deletions":28}}}]},{"date":"2022-02-10","commitResults":[{"hash":"9f05f0ef2306fa876b81ecaffc1e4777c9129f53","messageTitle":"improve TaskManager class logic","messageBody":"","fileTypesAndContributionMap":{"java":{"insertions":16,"deletions":13}}},{"hash":"35d00ce0acda7f264025dc8f3819dc0aa8990e25","messageTitle":"add Level-5: Handle Errors, add DukeException.java","messageBody":"","tags":["Level-5","A-Exceptions"],"fileTypesAndContributionMap":{"java":{"insertions":77,"deletions":28}}},{"hash":"0a3bc680f313cfca77ea12e6d07a05f19449be7e","messageTitle":"remove redundant code","messageBody":"","fileTypesAndContributionMap":{"java":{"insertions":0,"deletions":11}}},{"hash":"a47f8c329e36a5ac5c94ecbcfa40e3493f8645f4","messageTitle":"add package duke","messageBody":"","fileTypesAndContributionMap":{"java":{"insertions":0,"deletions":0}}},{"hash":"f0ec31daaa01dff73e62f4f8d7cf7a7fc4085ac6","messageTitle":"add package duke","messageBody":"","tags":["A-Packages"],"fileTypesAndContributionMap":{"java":{"insertions":13,"deletions":1}}}]},{"date":"2022-02-17","commitResults":[{"hash":"cffedca02b6bd070c53c2cbef1c9c1e8e40c1bf5","messageTitle":"Refactor TaskManager class","messageBody":"","fileTypesAndContributionMap":{"java":{"insertions":14,"deletions":10}}},{"hash":"b3642d7f85ec895a4d1d42b387b47dcacc152e29","messageTitle":"Add ArrayList tasks","messageBody":"","fileTypesAndContributionMap":{"java":{"insertions":18,"deletions":18}}},{"hash":"699f2648c96f745ce1d6348de79c5ceb6d8f498c","messageTitle":"Add Level-6: Delete","messageBody":"","fileTypesAndContributionMap":{"java":{"insertions":29,"deletions":1}}},{"hash":"d551e205a32c8b6aebb8f324e0df2b205cdf30b4","messageTitle":"Add getInfo() method","messageBody":"","fileTypesAndContributionMap":{"java":{"insertions":34,"deletions":0}}},{"hash":"28026cfda1be824feef74b5e67a0b53c601e8572","messageTitle":"Add FileManager class and duke.txt","messageBody":"","fileTypesAndContributionMap":{"txt":{"insertions":3,"deletions":0},"java":{"insertions":90,"deletions":2}}},{"hash":"c7e571c878a33d4c81d112315906cfc7b4225c4a","messageTitle":"Fix bug in FileManager class","messageBody":"","fileTypesAndContributionMap":{"txt":{"insertions":3,"deletions":4},"java":{"insertions":1,"deletions":1}}}]},{"date":"2022-02-24","commitResults":[{"hash":"520e2ae8d7ac79d400f2e003e786c680cf210117","messageTitle":"Refactor file structure","messageBody":"","fileTypesAndContributionMap":{"txt":{"insertions":1,"deletions":1},"java":{"insertions":15,"deletions":8}}},{"hash":"e2483dde645121efa7026f918631f261ce42f7c8","messageTitle":"Update input.txt, ignore duke.txt","messageBody":"","fileTypesAndContributionMap":{"txt":{"insertions":14,"deletions":1}}},{"hash":"f4a23af87979f28032a30d869e7c6012ade12333","messageTitle":"Refactor Duke class, add Ui class","messageBody":"","fileTypesAndContributionMap":{"txt":{"insertions":3,"deletions":3},"java":{"insertions":51,"deletions":13}}},{"hash":"6ba28678c39ff871cdc6b51a42af37cfa0554e9f","messageTitle":"Refine Ui class","messageBody":"","fileTypesAndContributionMap":{"java":{"insertions":12,"deletions":1}}}]},{"date":"2022-02-27","commitResults":[{"hash":"b712e40fd44662a1a6440fbb3047d749f4d09c95","messageTitle":"Refactor todo command","messageBody":"","fileTypesAndContributionMap":{"txt":{"insertions":1,"deletions":1},"java":{"insertions":133,"deletions":28}}},{"hash":"d7bfcde94286a4b0a1764e0ac97769575648d95d","messageTitle":"Refactor deadline command","messageBody":"","fileTypesAndContributionMap":{"txt":{"insertions":2,"deletions":1},"java":{"insertions":41,"deletions":3}}},{"hash":"c84ba33755de7c189b3d1febe4a227d084f410ea","messageTitle":"Refactor event command","messageBody":"","fileTypesAndContributionMap":{"txt":{"insertions":1,"deletions":1},"java":{"insertions":38,"deletions":0}}},{"hash":"30c5d34828bd1e33883a3a7648b1503cf1a988f1","messageTitle":"Refactor list command","messageBody":"","fileTypesAndContributionMap":{"java":{"insertions":48,"deletions":7}}},{"hash":"58ac2d21f5f73a1a612be8ab6cf0eefe42db8d05","messageTitle":"Refactor bye command and main method","messageBody":"","fileTypesAndContributionMap":{"txt":{"insertions":1,"deletions":0},"java":{"insertions":68,"deletions":18}}},{"hash":"19c572ff7d7c67cf2432205752fd1867e8b13684","messageTitle":"Refactor FileManager class","messageBody":"","fileTypesAndContributionMap":{"txt":{"insertions":3,"deletions":1},"java":{"insertions":77,"deletions":23}}}]},{"date":"2022-02-28","commitResults":[{"hash":"a411aa2b24d84f1d0043b1e5b0b64ba4b28fa6e7","messageTitle":"Refactor delete command","messageBody":"","fileTypesAndContributionMap":{"txt":{"insertions":0,"deletions":7},"java":{"insertions":56,"deletions":12}}},{"hash":"20c7796fa996b278112d723cedd64a65a95aabee","messageTitle":"Refactor mark command","messageBody":"","fileTypesAndContributionMap":{"java":{"insertions":41,"deletions":8}}},{"hash":"1e20a7537431db2223fd2436dec16538f53dd356","messageTitle":"Refactor unmark command","messageBody":"","fileTypesAndContributionMap":{"java":{"insertions":48,"deletions":10}}},{"hash":"0b4a3e934bbb5aae824d65bdf22f5090a338b57d","messageTitle":"Add help command","messageBody":"","fileTypesAndContributionMap":{"java":{"insertions":32,"deletions":1}}},{"hash":"74674d0f15ced22a847f8833486a41b76d31fe6c","messageTitle":"Update TaskManager class","messageBody":"","fileTypesAndContributionMap":{"java":{"insertions":0,"deletions":162}}},{"hash":"817539e9caf542d4027cb1c7ad0df9ff9da88527","messageTitle":"Change data file location","messageBody":"","fileTypesAndContributionMap":{"java":{"insertions":2,"deletions":2}}},{"hash":"f9b85a43182da88914cbf5734a8efa20a6d6cd0c","messageTitle":"Handle exception for mark and unmark commands","messageBody":"","fileTypesAndContributionMap":{"java":{"insertions":34,"deletions":24}}}]},{"date":"2022-03-01","commitResults":[{"hash":"9c6d494d73ec0efb7d9a92d1c43ddfb8bca1125b","messageTitle":"Fix non-integer input exception","messageBody":"","fileTypesAndContributionMap":{"java":{"insertions":30,"deletions":19}}},{"hash":"5e71f1dd3fc2df09e1ac5ba44970cb5fbb8ef742","messageTitle":"Fix command format exception for mark, unmark, and delete","messageBody":"","fileTypesAndContributionMap":{"java":{"insertions":38,"deletions":44}}},{"hash":"a22f156bdc4edf36e9559ea13a58f909118e1905","messageTitle":"Fix task command exception","messageBody":"","fileTypesAndContributionMap":{"java":{"insertions":30,"deletions":42}}},{"hash":"01a06d6c0a2a77ed5e436e21cf42ac3b6a0f9052","messageTitle":"Improve code quality","messageBody":"","tags":["A-MoreOOP"],"fileTypesAndContributionMap":{"java":{"insertions":6,"deletions":14}}},{"hash":"134fb023bcf11b21bb710cb50b94dd0cef3a50d6","messageTitle":"Add LocalDateTime to deadline","messageBody":"","fileTypesAndContributionMap":{"java":{"insertions":28,"deletions":11}}},{"hash":"d293d30020dbf83d8d19938f28d673a52058fe69","messageTitle":"Add LocalDateTime to event","messageBody":"","fileTypesAndContributionMap":{"java":{"insertions":23,"deletions":14}}},{"hash":"fa0c38117c2b0ba2346d5211d15b2a307d80f99b","messageTitle":"Add FindCommand class","messageBody":"","fileTypesAndContributionMap":{"java":{"insertions":28,"deletions":0}}},{"hash":"acf3e7139d2e260a0f2290e680ba46575fe1d7cb","messageTitle":"Implement find command","messageBody":"","fileTypesAndContributionMap":{"java":{"insertions":16,"deletions":0}}},{"hash":"416781ebdea15f66512a925346a0f0b0d4c77cf4","messageTitle":"Show find command in help","messageBody":"","fileTypesAndContributionMap":{"java":{"insertions":14,"deletions":1}}},{"hash":"d85e391d4a1e30fa3f130c2b33d4671352a96c99","messageTitle":"Add JavaDoc for main class","messageBody":"","fileTypesAndContributionMap":{"java":{"insertions":8,"deletions":0}}},{"hash":"43e76d2d197ba5c34b2c7bfc71d8e2199f043aca","messageTitle":"Add JavaDoc","messageBody":"","fileTypesAndContributionMap":{"java":{"insertions":82,"deletions":5}}}]},{"date":"2022-03-02","commitResults":[{"hash":"9e88efe4a7d2a9f3c24bfb9ef669b6d95cb1d296","messageTitle":"Add JavaDoc to tasks","messageBody":"","fileTypesAndContributionMap":{"java":{"insertions":121,"deletions":0}}},{"hash":"8225d0d57e8be7b8ead190857d170473515ffae3","messageTitle":"Add JavaDoc to command and message classes","messageBody":"","fileTypesAndContributionMap":{"java":{"insertions":45,"deletions":1}}},{"hash":"2ed12b6d74f17c7f50e049a74a9f4d929a28cc4f","messageTitle":"Add JavaDoc for find command","messageBody":"","fileTypesAndContributionMap":{"java":{"insertions":3,"deletions":0}}},{"hash":"9128dcde4b112d5b6f068863b06eb1d049cd4ca9","messageTitle":"Update README.md","messageBody":"","tags":["A-UserGuide"],"fileTypesAndContributionMap":{"md":{"insertions":79,"deletions":16}}},{"hash":"ca0ab820515b9b5cf1570db370fee54fbac295b6","messageTitle":"Update user guide","messageBody":"","fileTypesAndContributionMap":{"md":{"insertions":13,"deletions":13}}},{"hash":"429ca08fbda3143f50ebc4fc3970f226fb274730","messageTitle":"Update user guide","messageBody":"","fileTypesAndContributionMap":{"md":{"insertions":11,"deletions":11}}},{"hash":"ff900b2aa6ddebc920ef88a1902eb32fcc0922c7","messageTitle":"Update user guide","messageBody":"","tags":["A-Release"],"fileTypesAndContributionMap":{"md":{"insertions":1,"deletions":1}}}]}]},"authorFileTypeContributionMap":{"ElaineQT":{"java":1130,"md":80,"fxml":0,"sh":0,"bat":0,"gradle":0,"txt":13}},"authorContributionVariance":{"ElaineQT":15915.902},"authorDisplayNameMap":{"ElaineQT":"CS2113-F12-3 WANG..TENG"}}
