{"authorDailyContributionsMap":{"tanweili":[{"date":"2022-01-23","commitResults":[{"hash":"7d31cbf14f3f9767404db814b0994d82c2402a00","messageTitle":"Add increment: Level-0","messageBody":"","tags":["Level-0"],"fileTypesAndContributionMap":{"java":{"insertions":6,"deletions":6}}},{"hash":"af23cab777488ea6894795ee75073b09c4b923db","messageTitle":"Add increment: Level-1","messageBody":"","fileTypesAndContributionMap":{"java":{"insertions":9,"deletions":1}}},{"hash":"4fbcc004e1671f67a0cc6ead97ba7f4ad5595456","messageTitle":"Refactoring by extracting echo as a method to be called for Level-1","messageBody":"","tags":["Level-1"],"fileTypesAndContributionMap":{"java":{"insertions":9,"deletions":3}}},{"hash":"a5eb34920829fcf78ae46bc9d64e8b5ef680cac6","messageTitle":"Add increment: Level-2","messageBody":"","fileTypesAndContributionMap":{"java":{"insertions":33,"deletions":8}}},{"hash":"8359d6fd59080a0274d24abeb5e95342094e5572","messageTitle":"Change list to start from 1 instead of 0 for Level-2","messageBody":"","tags":["Level-2"],"fileTypesAndContributionMap":{"java":{"insertions":3,"deletions":2}}},{"hash":"d065772e9b01e6ebf98ce6c6aa4157797d3f2f46","messageTitle":"Add increment: Level-3","messageBody":"Implement a simple validation method for marking and unmarking the\nlist also.\n\nPrevents ArrayIndexOutOfBounds exception, NumberFormatException\nand prevent the user from accessing item list numbers that are not\nyet created.\n","tags":["Level-3","A-CodingStandard","A-Classes"],"fileTypesAndContributionMap":{"java":{"insertions":82,"deletions":14}}}]},{"date":"2022-02-01","commitResults":[{"hash":"083e4ed147c82c30cf75b50a61e7ee8731cfbcc9","messageTitle":"Add increments: Level-4, A-TextUiTesting and A-CodeQuality","messageBody":"* Add support for tracking todo, deadline and event types\n* Implement a TaskManager class to manage all types of tasks,\nrefactor the methods to manage tasks originally in Duke to\nTaskManager\n* Remove comments in lines 9 and 10 in Duke\n* Set up test using the I/O redirection technique\n","tags":["Level-4","A-TextUiTesting","A-CodeQuality"],"fileTypesAndContributionMap":{"txt":{"insertions":1,"deletions":0},"java":{"insertions":192,"deletions":64}}}]},{"date":"2022-02-06","commitResults":[{"hash":"8947a76994bd675c8c14a2649c05da61622e3ec5","messageTitle":"Add increments: Level-5, A-Exceptions, A-Packages","messageBody":"* Add support for handling errors when user gives incorrect inputs\n  which includes:\n  * Not using the correct keywords\n  * Having no description when creating a task\n  * Having no time details when creating a task\n  * Not having an integer value when marking or unmarking a task\n* Add a help message when user does use the correct keywords\n* Add custom exceptions to have semantic errors\n* Refactor classes into packages for organization of code\n* Refactor markTask and unmarkTask in TaskManager to be a single\n  method\n* MAXTASKCOUNT in TaskManager in all uppercase to adhere to coding\n  standards.\n","fileTypesAndContributionMap":{"java":{"insertions":169,"deletions":121},"md":{"insertions":2,"deletions":2}}}]}]},"authorFileTypeContributionMap":{"tanweili":{"java":290,"md":2,"fxml":0,"sh":0,"bat":0,"gradle":0,"txt":1}},"authorContributionVariance":{"tanweili":6726.6235},"authorDisplayNameMap":{"tanweili":"T09-3 TAN ..I LI"}}
