{"authorDailyContributionsMap":{"lelerer":[{"date":"2022-01-31","commitResults":[{"hash":"8a6e935a6a83d47d6a93be09b26ef5309e4aa520","messageTitle":"Leve 0: Implement an initial skeletal version of the Duke","messageBody":"","tags":["Level-0"],"fileTypesAndContributionMap":{"java":{"insertions":8,"deletions":7}}},{"hash":"e9842a4ba597905dc41029543ce4939decdde682","messageTitle":"Add a new line in the end","messageBody":"","fileTypesAndContributionMap":{"java":{"insertions":1,"deletions":0}}}]},{"date":"2022-02-03","commitResults":[{"hash":"e2ce3795703080669ef0e36f29be50d1a2b70040","messageTitle":"complete level 1, the chatbot is now able to echo whatever customers say, and exit when \"bye\" is entered","messageBody":"","tags":["level1"],"fileTypesAndContributionMap":{"java":{"insertions":26,"deletions":5}}}]}]},"authorFileTypeContributionMap":{"lelerer":{"java":29,"md":0,"fxml":0,"sh":0,"bat":0,"gradle":0,"txt":0}},"authorContributionVariance":{"lelerer":52.943314},"authorDisplayNameMap":{"lelerer":"T10-1 REN ..ANLE"}}
