[{"path":"src/main/java/Main.java","fileType":"java","lines":[{"lineNumber":1,"author":{"gitId":"Lim-Shi-Han"},"content":"import Ui.Superhero;","lastModifiedDate":"2022-01-31"},{"lineNumber":2,"author":{"gitId":"Lim-Shi-Han"},"content":"","lastModifiedDate":"2022-01-31"},{"lineNumber":3,"author":{"gitId":"Lim-Shi-Han"},"content":"public class Main {","lastModifiedDate":"2022-01-28"},{"lineNumber":4,"author":{"gitId":"Lim-Shi-Han"},"content":"    public static void main(String[] args) {","lastModifiedDate":"2022-01-28"},{"lineNumber":5,"author":{"gitId":"Lim-Shi-Han"},"content":"        Superhero vocabHero \u003d new Superhero();","lastModifiedDate":"2022-01-28"},{"lineNumber":6,"author":{"gitId":"Lim-Shi-Han"},"content":"        vocabHero.startVocabCheck();","lastModifiedDate":"2022-01-28"},{"lineNumber":7,"author":{"gitId":"Lim-Shi-Han"},"content":"    }","lastModifiedDate":"2022-01-28"},{"lineNumber":8,"author":{"gitId":"Lim-Shi-Han"},"content":"}","lastModifiedDate":"2022-01-28"}],"authorContributionMap":{"Lim-Shi-Han":8}},{"path":"src/main/java/Ui/Superhero.java","fileType":"java","lines":[{"lineNumber":1,"author":{"gitId":"Lim-Shi-Han"},"content":"package Ui;","lastModifiedDate":"2022-01-31"},{"lineNumber":2,"author":{"gitId":"Lim-Shi-Han"},"content":"","lastModifiedDate":"2022-01-31"},{"lineNumber":3,"author":{"gitId":"Lim-Shi-Han"},"content":"import java.util.Scanner;","lastModifiedDate":"2022-01-28"},{"lineNumber":4,"author":{"gitId":"Lim-Shi-Han"},"content":"import java.util.ArrayList;","lastModifiedDate":"2022-01-28"},{"lineNumber":5,"author":{"gitId":"Lim-Shi-Han"},"content":"import java.util.Arrays;","lastModifiedDate":"2022-01-28"},{"lineNumber":6,"author":{"gitId":"Lim-Shi-Han"},"content":"","lastModifiedDate":"2022-01-28"},{"lineNumber":7,"author":{"gitId":"Lim-Shi-Han"},"content":"import WordList.ToLearn;","lastModifiedDate":"2022-01-31"},{"lineNumber":8,"author":{"gitId":"Lim-Shi-Han"},"content":"import WordList.VocabList;","lastModifiedDate":"2022-01-31"},{"lineNumber":9,"author":{"gitId":"Lim-Shi-Han"},"content":"import WordList.Vocabulary;","lastModifiedDate":"2022-01-31"},{"lineNumber":10,"author":{"gitId":"Lim-Shi-Han"},"content":"import WordList.Deadline;","lastModifiedDate":"2022-01-31"},{"lineNumber":11,"author":{"gitId":"Lim-Shi-Han"},"content":"import WordList.Event;","lastModifiedDate":"2022-01-31"},{"lineNumber":12,"author":{"gitId":"Lim-Shi-Han"},"content":"","lastModifiedDate":"2022-01-31"},{"lineNumber":13,"author":{"gitId":"Lim-Shi-Han"},"content":"public class Superhero {","lastModifiedDate":"2022-01-28"},{"lineNumber":14,"author":{"gitId":"Lim-Shi-Han"},"content":"","lastModifiedDate":"2022-01-28"},{"lineNumber":15,"author":{"gitId":"Lim-Shi-Han"},"content":"    VocabList inputList \u003d new VocabList();","lastModifiedDate":"2022-01-31"},{"lineNumber":16,"author":{"gitId":"Lim-Shi-Han"},"content":"    Scanner choice \u003d new Scanner(System.in);","lastModifiedDate":"2022-01-28"},{"lineNumber":17,"author":{"gitId":"Lim-Shi-Han"},"content":"    String input;","lastModifiedDate":"2022-01-28"},{"lineNumber":18,"author":{"gitId":"Lim-Shi-Han"},"content":"    ArrayList\u003cString\u003e inputArray;","lastModifiedDate":"2022-01-28"},{"lineNumber":19,"author":{"gitId":"Lim-Shi-Han"},"content":"","lastModifiedDate":"2022-01-28"},{"lineNumber":20,"author":{"gitId":"Lim-Shi-Han"},"content":"    public void startVocabCheck() {","lastModifiedDate":"2022-01-28"},{"lineNumber":21,"author":{"gitId":"Lim-Shi-Han"},"content":"        this.printWelcomeMessage();","lastModifiedDate":"2022-01-28"},{"lineNumber":22,"author":{"gitId":"Lim-Shi-Han"},"content":"        do {","lastModifiedDate":"2022-01-28"},{"lineNumber":23,"author":{"gitId":"Lim-Shi-Han"},"content":"            input \u003d choice.nextLine();","lastModifiedDate":"2022-01-28"},{"lineNumber":24,"author":{"gitId":"Lim-Shi-Han"},"content":"            inputArray \u003d new ArrayList\u003cString\u003e(Arrays.asList(input.split(\" \", 2)));","lastModifiedDate":"2022-01-31"},{"lineNumber":25,"author":{"gitId":"Lim-Shi-Han"},"content":"            switch (inputArray.get(0)) {","lastModifiedDate":"2022-01-28"},{"lineNumber":26,"author":{"gitId":"Lim-Shi-Han"},"content":"            case \"bye\":","lastModifiedDate":"2022-01-28"},{"lineNumber":27,"author":{"gitId":"Lim-Shi-Han"},"content":"                this.printByeMessage();","lastModifiedDate":"2022-01-28"},{"lineNumber":28,"author":{"gitId":"Lim-Shi-Han"},"content":"                break;","lastModifiedDate":"2022-01-28"},{"lineNumber":29,"author":{"gitId":"Lim-Shi-Han"},"content":"            case \"list\":","lastModifiedDate":"2022-01-31"},{"lineNumber":30,"author":{"gitId":"Lim-Shi-Han"},"content":"                inputList.printList();","lastModifiedDate":"2022-01-31"},{"lineNumber":31,"author":{"gitId":"Lim-Shi-Han"},"content":"                break;","lastModifiedDate":"2022-01-31"},{"lineNumber":32,"author":{"gitId":"Lim-Shi-Han"},"content":"            case \"todo\":","lastModifiedDate":"2022-01-31"},{"lineNumber":33,"author":{"gitId":"Lim-Shi-Han"},"content":"                Vocabulary newTodoWord \u003d new ToLearn(inputArray.get(1));","lastModifiedDate":"2022-01-31"},{"lineNumber":34,"author":{"gitId":"Lim-Shi-Han"},"content":"                printInput(newTodoWord.getWord());","lastModifiedDate":"2022-01-31"},{"lineNumber":35,"author":{"gitId":"Lim-Shi-Han"},"content":"                inputList.appendList(newTodoWord);","lastModifiedDate":"2022-01-31"},{"lineNumber":36,"author":{"gitId":"Lim-Shi-Han"},"content":"                break;","lastModifiedDate":"2022-01-31"},{"lineNumber":37,"author":{"gitId":"Lim-Shi-Han"},"content":"            case \"deadline\":","lastModifiedDate":"2022-01-31"},{"lineNumber":38,"author":{"gitId":"Lim-Shi-Han"},"content":"                ArrayList\u003cString\u003e deadlineArray \u003d new ArrayList\u003cString\u003e(Arrays.asList(inputArray.get(1).split(\"/\", 2)));","lastModifiedDate":"2022-01-31"},{"lineNumber":39,"author":{"gitId":"Lim-Shi-Han"},"content":"                Vocabulary newDeadlineWord \u003d new Deadline(deadlineArray.get(0), deadlineArray.get(1));","lastModifiedDate":"2022-01-31"},{"lineNumber":40,"author":{"gitId":"Lim-Shi-Han"},"content":"                printInput(newDeadlineWord.getWord());","lastModifiedDate":"2022-01-31"},{"lineNumber":41,"author":{"gitId":"Lim-Shi-Han"},"content":"                inputList.appendList(newDeadlineWord);","lastModifiedDate":"2022-01-31"},{"lineNumber":42,"author":{"gitId":"Lim-Shi-Han"},"content":"                break;","lastModifiedDate":"2022-01-31"},{"lineNumber":43,"author":{"gitId":"Lim-Shi-Han"},"content":"            case \"event\":","lastModifiedDate":"2022-01-31"},{"lineNumber":44,"author":{"gitId":"Lim-Shi-Han"},"content":"                ArrayList\u003cString\u003e eventArray \u003d new ArrayList\u003cString\u003e(Arrays.asList(inputArray.get(1).split(\"/\", 2)));","lastModifiedDate":"2022-01-31"},{"lineNumber":45,"author":{"gitId":"Lim-Shi-Han"},"content":"                Vocabulary newEventWord \u003d new Event(eventArray.get(0), eventArray.get(1));","lastModifiedDate":"2022-01-31"},{"lineNumber":46,"author":{"gitId":"Lim-Shi-Han"},"content":"                printInput(newEventWord.getWord());","lastModifiedDate":"2022-01-31"},{"lineNumber":47,"author":{"gitId":"Lim-Shi-Han"},"content":"                inputList.appendList(newEventWord);","lastModifiedDate":"2022-01-31"},{"lineNumber":48,"author":{"gitId":"Lim-Shi-Han"},"content":"                break;","lastModifiedDate":"2022-01-28"},{"lineNumber":49,"author":{"gitId":"Lim-Shi-Han"},"content":"            case \"mark\":","lastModifiedDate":"2022-01-28"},{"lineNumber":50,"author":{"gitId":"Lim-Shi-Han"},"content":"                try {","lastModifiedDate":"2022-01-28"},{"lineNumber":51,"author":{"gitId":"Lim-Shi-Han"},"content":"                    int index \u003d Integer.parseInt(inputArray.get(1));","lastModifiedDate":"2022-01-28"},{"lineNumber":52,"author":{"gitId":"Lim-Shi-Han"},"content":"                    inputList.getList()[index - 1].setDone(true);","lastModifiedDate":"2022-01-31"},{"lineNumber":53,"author":{"gitId":"Lim-Shi-Han"},"content":"                    this.printMarkMessage(index - 1);","lastModifiedDate":"2022-01-28"},{"lineNumber":54,"author":{"gitId":"Lim-Shi-Han"},"content":"                } catch (NumberFormatException e){","lastModifiedDate":"2022-01-28"},{"lineNumber":55,"author":{"gitId":"Lim-Shi-Han"},"content":"                    System.out.println(\"Second word in input is not a number!\\n\" +","lastModifiedDate":"2022-01-28"},{"lineNumber":56,"author":{"gitId":"Lim-Shi-Han"},"content":"                            \"____________________________________________________________\");","lastModifiedDate":"2022-01-28"},{"lineNumber":57,"author":{"gitId":"Lim-Shi-Han"},"content":"                } catch (NullPointerException e){","lastModifiedDate":"2022-01-28"},{"lineNumber":58,"author":{"gitId":"Lim-Shi-Han"},"content":"                    System.out.println(\"Your index is out of bounds!\\n\" +","lastModifiedDate":"2022-01-28"},{"lineNumber":59,"author":{"gitId":"Lim-Shi-Han"},"content":"                            \"____________________________________________________________\");","lastModifiedDate":"2022-01-28"},{"lineNumber":60,"author":{"gitId":"Lim-Shi-Han"},"content":"                }","lastModifiedDate":"2022-01-28"},{"lineNumber":61,"author":{"gitId":"Lim-Shi-Han"},"content":"                break;","lastModifiedDate":"2022-01-28"},{"lineNumber":62,"author":{"gitId":"Lim-Shi-Han"},"content":"            case \"unmark\":","lastModifiedDate":"2022-01-28"},{"lineNumber":63,"author":{"gitId":"Lim-Shi-Han"},"content":"                try {","lastModifiedDate":"2022-01-28"},{"lineNumber":64,"author":{"gitId":"Lim-Shi-Han"},"content":"                    int index \u003d Integer.parseInt(inputArray.get(1));","lastModifiedDate":"2022-01-28"},{"lineNumber":65,"author":{"gitId":"Lim-Shi-Han"},"content":"                    inputList.getList()[index - 1].setDone(false);","lastModifiedDate":"2022-01-31"},{"lineNumber":66,"author":{"gitId":"Lim-Shi-Han"},"content":"                    this.printUnmarkMessage(index - 1);","lastModifiedDate":"2022-01-28"},{"lineNumber":67,"author":{"gitId":"Lim-Shi-Han"},"content":"                } catch (NumberFormatException e){","lastModifiedDate":"2022-01-28"},{"lineNumber":68,"author":{"gitId":"Lim-Shi-Han"},"content":"                    System.out.println(\"Second word in input is not a number!\\n\" +","lastModifiedDate":"2022-01-28"},{"lineNumber":69,"author":{"gitId":"Lim-Shi-Han"},"content":"                            \"____________________________________________________________\");","lastModifiedDate":"2022-01-28"},{"lineNumber":70,"author":{"gitId":"Lim-Shi-Han"},"content":"                } catch (NullPointerException e){","lastModifiedDate":"2022-01-28"},{"lineNumber":71,"author":{"gitId":"Lim-Shi-Han"},"content":"                    System.out.println(\"Your index is out of bounds!\\n\" +","lastModifiedDate":"2022-01-28"},{"lineNumber":72,"author":{"gitId":"Lim-Shi-Han"},"content":"                            \"____________________________________________________________\");","lastModifiedDate":"2022-01-28"},{"lineNumber":73,"author":{"gitId":"Lim-Shi-Han"},"content":"                }","lastModifiedDate":"2022-01-28"},{"lineNumber":74,"author":{"gitId":"Lim-Shi-Han"},"content":"                break;","lastModifiedDate":"2022-01-28"},{"lineNumber":75,"author":{"gitId":"Lim-Shi-Han"},"content":"            default:","lastModifiedDate":"2022-01-28"},{"lineNumber":76,"author":{"gitId":"Lim-Shi-Han"},"content":"                printDefaultMessage();","lastModifiedDate":"2022-01-31"},{"lineNumber":77,"author":{"gitId":"Lim-Shi-Han"},"content":"            }","lastModifiedDate":"2022-01-28"},{"lineNumber":78,"author":{"gitId":"Lim-Shi-Han"},"content":"        }while(!inputArray.get(0).equals(\"bye\")) ;","lastModifiedDate":"2022-01-28"},{"lineNumber":79,"author":{"gitId":"Lim-Shi-Han"},"content":"    }","lastModifiedDate":"2022-01-28"},{"lineNumber":80,"author":{"gitId":"Lim-Shi-Han"},"content":"","lastModifiedDate":"2022-01-28"},{"lineNumber":81,"author":{"gitId":"Lim-Shi-Han"},"content":"    private void printWelcomeMessage(){","lastModifiedDate":"2022-01-28"},{"lineNumber":82,"author":{"gitId":"Lim-Shi-Han"},"content":"        System.out.println(\"____________________________________________________________\\n\" +","lastModifiedDate":"2022-01-28"},{"lineNumber":83,"author":{"gitId":"Lim-Shi-Han"},"content":"                \" *Flies in*\\n\" +","lastModifiedDate":"2022-01-28"},{"lineNumber":84,"author":{"gitId":"Lim-Shi-Han"},"content":"                \" Hello! I\u0027m your friendly neighbourhood vocabulary superhero!\\n\" +","lastModifiedDate":"2022-01-28"},{"lineNumber":85,"author":{"gitId":"Lim-Shi-Han"},"content":"                \" Come spelling bee tell me what words/phrases you know?\\n\" +","lastModifiedDate":"2022-01-28"},{"lineNumber":86,"author":{"gitId":"Lim-Shi-Han"},"content":"                \"____________________________________________________________\");","lastModifiedDate":"2022-01-28"},{"lineNumber":87,"author":{"gitId":"Lim-Shi-Han"},"content":"    }","lastModifiedDate":"2022-01-28"},{"lineNumber":88,"author":{"gitId":"Lim-Shi-Han"},"content":"","lastModifiedDate":"2022-01-28"},{"lineNumber":89,"author":{"gitId":"Lim-Shi-Han"},"content":"    private void printByeMessage(){","lastModifiedDate":"2022-01-28"},{"lineNumber":90,"author":{"gitId":"Lim-Shi-Han"},"content":"        System.out.println(\"____________________________________________________________\\n\" +","lastModifiedDate":"2022-01-28"},{"lineNumber":91,"author":{"gitId":"Lim-Shi-Han"},"content":"                \" Bye. I\u0027m off saving people\u0027s vocabulary again!\\n\" +","lastModifiedDate":"2022-01-28"},{"lineNumber":92,"author":{"gitId":"Lim-Shi-Han"},"content":"                \" *Flies away*\\n\" +","lastModifiedDate":"2022-01-28"},{"lineNumber":93,"author":{"gitId":"Lim-Shi-Han"},"content":"                \"____________________________________________________________\");","lastModifiedDate":"2022-01-28"},{"lineNumber":94,"author":{"gitId":"Lim-Shi-Han"},"content":"    }","lastModifiedDate":"2022-01-28"},{"lineNumber":95,"author":{"gitId":"Lim-Shi-Han"},"content":"","lastModifiedDate":"2022-01-28"},{"lineNumber":96,"author":{"gitId":"Lim-Shi-Han"},"content":"    private void printMarkMessage(int index){","lastModifiedDate":"2022-01-28"},{"lineNumber":97,"author":{"gitId":"Lim-Shi-Han"},"content":"        System.out.println(\"____________________________________________________________\\n\" +","lastModifiedDate":"2022-01-28"},{"lineNumber":98,"author":{"gitId":"Lim-Shi-Han"},"content":"                \" We\u0027ve just confirmed you have understood this word:\\n\" +","lastModifiedDate":"2022-01-28"},{"lineNumber":99,"author":{"gitId":"Lim-Shi-Han"},"content":"                \" [x] \" + inputList.getList()[index].getWord() + \"\\n\" +","lastModifiedDate":"2022-01-31"},{"lineNumber":100,"author":{"gitId":"Lim-Shi-Han"},"content":"                \" Now go learn more new words!\\n\" +","lastModifiedDate":"2022-01-28"},{"lineNumber":101,"author":{"gitId":"Lim-Shi-Han"},"content":"                \"____________________________________________________________\");","lastModifiedDate":"2022-01-28"},{"lineNumber":102,"author":{"gitId":"Lim-Shi-Han"},"content":"    }","lastModifiedDate":"2022-01-28"},{"lineNumber":103,"author":{"gitId":"Lim-Shi-Han"},"content":"","lastModifiedDate":"2022-01-28"},{"lineNumber":104,"author":{"gitId":"Lim-Shi-Han"},"content":"    private void printUnmarkMessage(int index){","lastModifiedDate":"2022-01-28"},{"lineNumber":105,"author":{"gitId":"Lim-Shi-Han"},"content":"        System.out.println(\"____________________________________________________________\\n\" +","lastModifiedDate":"2022-01-28"},{"lineNumber":106,"author":{"gitId":"Lim-Shi-Han"},"content":"                \" We\u0027ve just confirmed you forgot this word:\\n\" +","lastModifiedDate":"2022-01-28"},{"lineNumber":107,"author":{"gitId":"Lim-Shi-Han"},"content":"                \" [ ] \" + inputList.getList()[index].getWord() + \"\\n\" +","lastModifiedDate":"2022-01-31"},{"lineNumber":108,"author":{"gitId":"Lim-Shi-Han"},"content":"                \" What happened???\\n\" +","lastModifiedDate":"2022-01-28"},{"lineNumber":109,"author":{"gitId":"Lim-Shi-Han"},"content":"                \"____________________________________________________________\");","lastModifiedDate":"2022-01-28"},{"lineNumber":110,"author":{"gitId":"Lim-Shi-Han"},"content":"    }","lastModifiedDate":"2022-01-28"},{"lineNumber":111,"author":{"gitId":"Lim-Shi-Han"},"content":"","lastModifiedDate":"2022-01-28"},{"lineNumber":112,"author":{"gitId":"Lim-Shi-Han"},"content":"    private void printInput(String input){","lastModifiedDate":"2022-01-28"},{"lineNumber":113,"author":{"gitId":"Lim-Shi-Han"},"content":"        System.out.println(\"____________________________________________________________\\n\" +","lastModifiedDate":"2022-01-28"},{"lineNumber":114,"author":{"gitId":"Lim-Shi-Han"},"content":"                \" You have a new word to learn: \" + input +","lastModifiedDate":"2022-01-31"},{"lineNumber":115,"author":{"gitId":"Lim-Shi-Han"},"content":"                \"\\n -from your neighbourhood vocabulary superhero\\n\" +","lastModifiedDate":"2022-01-28"},{"lineNumber":116,"author":{"gitId":"Lim-Shi-Han"},"content":"                \"____________________________________________________________\");","lastModifiedDate":"2022-01-28"},{"lineNumber":117,"author":{"gitId":"Lim-Shi-Han"},"content":"    }","lastModifiedDate":"2022-01-28"},{"lineNumber":118,"author":{"gitId":"Lim-Shi-Han"},"content":"","lastModifiedDate":"2022-01-31"},{"lineNumber":119,"author":{"gitId":"Lim-Shi-Han"},"content":"    private void printDefaultMessage() {","lastModifiedDate":"2022-01-31"},{"lineNumber":120,"author":{"gitId":"Lim-Shi-Han"},"content":"        System.out.println(\"____________________________________________________________\\n\" +","lastModifiedDate":"2022-01-31"},{"lineNumber":121,"author":{"gitId":"Lim-Shi-Han"},"content":"                \" Please use keyword - bye, todo, list, todo, deadline, event, mark, unmark!\\n\" +","lastModifiedDate":"2022-01-31"},{"lineNumber":122,"author":{"gitId":"Lim-Shi-Han"},"content":"                \"____________________________________________________________\");","lastModifiedDate":"2022-01-31"},{"lineNumber":123,"author":{"gitId":"Lim-Shi-Han"},"content":"    }","lastModifiedDate":"2022-01-31"},{"lineNumber":124,"author":{"gitId":"Lim-Shi-Han"},"content":"}","lastModifiedDate":"2022-01-28"}],"authorContributionMap":{"Lim-Shi-Han":124}},{"path":"src/main/java/WordList/Deadline.java","fileType":"java","lines":[{"lineNumber":1,"author":{"gitId":"Lim-Shi-Han"},"content":"package WordList;","lastModifiedDate":"2022-01-31"},{"lineNumber":2,"author":{"gitId":"Lim-Shi-Han"},"content":"","lastModifiedDate":"2022-01-31"},{"lineNumber":3,"author":{"gitId":"Lim-Shi-Han"},"content":"public class Deadline extends Vocabulary {","lastModifiedDate":"2022-01-31"},{"lineNumber":4,"author":{"gitId":"Lim-Shi-Han"},"content":"    private String date;","lastModifiedDate":"2022-01-31"},{"lineNumber":5,"author":{"gitId":"Lim-Shi-Han"},"content":"","lastModifiedDate":"2022-01-31"},{"lineNumber":6,"author":{"gitId":"Lim-Shi-Han"},"content":"    public Deadline(String word, String date) {","lastModifiedDate":"2022-01-31"},{"lineNumber":7,"author":{"gitId":"Lim-Shi-Han"},"content":"        super(word);","lastModifiedDate":"2022-01-31"},{"lineNumber":8,"author":{"gitId":"Lim-Shi-Han"},"content":"        this.date \u003d date;","lastModifiedDate":"2022-01-31"},{"lineNumber":9,"author":{"gitId":"Lim-Shi-Han"},"content":"    }","lastModifiedDate":"2022-01-31"},{"lineNumber":10,"author":{"gitId":"Lim-Shi-Han"},"content":"","lastModifiedDate":"2022-01-31"},{"lineNumber":11,"author":{"gitId":"Lim-Shi-Han"},"content":"    @Override","lastModifiedDate":"2022-01-31"},{"lineNumber":12,"author":{"gitId":"Lim-Shi-Han"},"content":"    public String toString() {","lastModifiedDate":"2022-01-31"},{"lineNumber":13,"author":{"gitId":"Lim-Shi-Han"},"content":"        return \"[D]\" + super.toString() + \"(\" + date + \")\";","lastModifiedDate":"2022-01-31"},{"lineNumber":14,"author":{"gitId":"Lim-Shi-Han"},"content":"    }","lastModifiedDate":"2022-01-31"},{"lineNumber":15,"author":{"gitId":"Lim-Shi-Han"},"content":"}","lastModifiedDate":"2022-01-31"}],"authorContributionMap":{"Lim-Shi-Han":15}},{"path":"src/main/java/WordList/Event.java","fileType":"java","lines":[{"lineNumber":1,"author":{"gitId":"Lim-Shi-Han"},"content":"package WordList;","lastModifiedDate":"2022-01-31"},{"lineNumber":2,"author":{"gitId":"Lim-Shi-Han"},"content":"","lastModifiedDate":"2022-01-31"},{"lineNumber":3,"author":{"gitId":"Lim-Shi-Han"},"content":"public class Event extends Vocabulary {","lastModifiedDate":"2022-01-31"},{"lineNumber":4,"author":{"gitId":"Lim-Shi-Han"},"content":"    private String eventTime;","lastModifiedDate":"2022-01-31"},{"lineNumber":5,"author":{"gitId":"Lim-Shi-Han"},"content":"","lastModifiedDate":"2022-01-31"},{"lineNumber":6,"author":{"gitId":"Lim-Shi-Han"},"content":"    public Event(String word, String eventTime) {","lastModifiedDate":"2022-01-31"},{"lineNumber":7,"author":{"gitId":"Lim-Shi-Han"},"content":"    super(word);","lastModifiedDate":"2022-01-31"},{"lineNumber":8,"author":{"gitId":"Lim-Shi-Han"},"content":"    this.eventTime \u003d eventTime;","lastModifiedDate":"2022-01-31"},{"lineNumber":9,"author":{"gitId":"Lim-Shi-Han"},"content":"    }","lastModifiedDate":"2022-01-31"},{"lineNumber":10,"author":{"gitId":"Lim-Shi-Han"},"content":"","lastModifiedDate":"2022-01-31"},{"lineNumber":11,"author":{"gitId":"Lim-Shi-Han"},"content":"    @Override","lastModifiedDate":"2022-01-31"},{"lineNumber":12,"author":{"gitId":"Lim-Shi-Han"},"content":"    public String toString() {","lastModifiedDate":"2022-01-31"},{"lineNumber":13,"author":{"gitId":"Lim-Shi-Han"},"content":"        return \"[D]\" + super.toString() + \"(\" + eventTime + \")\";","lastModifiedDate":"2022-01-31"},{"lineNumber":14,"author":{"gitId":"Lim-Shi-Han"},"content":"    }","lastModifiedDate":"2022-01-31"},{"lineNumber":15,"author":{"gitId":"Lim-Shi-Han"},"content":"}","lastModifiedDate":"2022-01-31"}],"authorContributionMap":{"Lim-Shi-Han":15}},{"path":"src/main/java/WordList/ToLearn.java","fileType":"java","lines":[{"lineNumber":1,"author":{"gitId":"Lim-Shi-Han"},"content":"package WordList;","lastModifiedDate":"2022-01-31"},{"lineNumber":2,"author":{"gitId":"Lim-Shi-Han"},"content":"","lastModifiedDate":"2022-01-31"},{"lineNumber":3,"author":{"gitId":"Lim-Shi-Han"},"content":"public class ToLearn extends Vocabulary {","lastModifiedDate":"2022-01-31"},{"lineNumber":4,"author":{"gitId":"Lim-Shi-Han"},"content":"    public ToLearn(String word){","lastModifiedDate":"2022-01-31"},{"lineNumber":5,"author":{"gitId":"Lim-Shi-Han"},"content":"        super(word);","lastModifiedDate":"2022-01-31"},{"lineNumber":6,"author":{"gitId":"Lim-Shi-Han"},"content":"    }","lastModifiedDate":"2022-01-31"},{"lineNumber":7,"author":{"gitId":"Lim-Shi-Han"},"content":"","lastModifiedDate":"2022-01-31"},{"lineNumber":8,"author":{"gitId":"Lim-Shi-Han"},"content":"    @Override","lastModifiedDate":"2022-01-31"},{"lineNumber":9,"author":{"gitId":"Lim-Shi-Han"},"content":"    public String toString() {","lastModifiedDate":"2022-01-31"},{"lineNumber":10,"author":{"gitId":"Lim-Shi-Han"},"content":"        return \"[T]\" + super.toString();","lastModifiedDate":"2022-01-31"},{"lineNumber":11,"author":{"gitId":"Lim-Shi-Han"},"content":"    }","lastModifiedDate":"2022-01-31"},{"lineNumber":12,"author":{"gitId":"Lim-Shi-Han"},"content":"}","lastModifiedDate":"2022-01-31"}],"authorContributionMap":{"Lim-Shi-Han":12}},{"path":"src/main/java/WordList/VocabList.java","fileType":"java","lines":[{"lineNumber":1,"author":{"gitId":"Lim-Shi-Han"},"content":"package WordList;","lastModifiedDate":"2022-01-31"},{"lineNumber":2,"author":{"gitId":"Lim-Shi-Han"},"content":"","lastModifiedDate":"2022-01-31"},{"lineNumber":3,"author":{"gitId":"Lim-Shi-Han"},"content":"public class VocabList {","lastModifiedDate":"2022-01-31"},{"lineNumber":4,"author":{"gitId":"Lim-Shi-Han"},"content":"    private Vocabulary[] vList \u003d new Vocabulary[100];","lastModifiedDate":"2022-01-31"},{"lineNumber":5,"author":{"gitId":"Lim-Shi-Han"},"content":"    private int listLength \u003d 0;","lastModifiedDate":"2022-01-31"},{"lineNumber":6,"author":{"gitId":"Lim-Shi-Han"},"content":"","lastModifiedDate":"2022-01-31"},{"lineNumber":7,"author":{"gitId":"Lim-Shi-Han"},"content":"    public void appendList(Vocabulary input){","lastModifiedDate":"2022-01-31"},{"lineNumber":8,"author":{"gitId":"Lim-Shi-Han"},"content":"        vList[listLength] \u003d input;","lastModifiedDate":"2022-01-31"},{"lineNumber":9,"author":{"gitId":"Lim-Shi-Han"},"content":"        listLength++;","lastModifiedDate":"2022-01-31"},{"lineNumber":10,"author":{"gitId":"Lim-Shi-Han"},"content":"        System.out.println(\"You\u0027ve just stored \\\"\" + input + \"\\\" in your list!\");","lastModifiedDate":"2022-01-31"},{"lineNumber":11,"author":{"gitId":"Lim-Shi-Han"},"content":"        System.out.println(\"____________________________________________________________\");","lastModifiedDate":"2022-01-31"},{"lineNumber":12,"author":{"gitId":"Lim-Shi-Han"},"content":"    }","lastModifiedDate":"2022-01-31"},{"lineNumber":13,"author":{"gitId":"Lim-Shi-Han"},"content":"","lastModifiedDate":"2022-01-31"},{"lineNumber":14,"author":{"gitId":"Lim-Shi-Han"},"content":"    public void printList(){","lastModifiedDate":"2022-01-31"},{"lineNumber":15,"author":{"gitId":"Lim-Shi-Han"},"content":"        System.out.println(\"~~~~~~~~~~~~~~~~~~~~~~~~~~~~~~~~~~~~~~~~~~~~~~~~~~~~~~~~~~~~\");","lastModifiedDate":"2022-01-31"},{"lineNumber":16,"author":{"gitId":"Lim-Shi-Han"},"content":"        if (listLength \u003d\u003d 0) {","lastModifiedDate":"2022-01-31"},{"lineNumber":17,"author":{"gitId":"Lim-Shi-Han"},"content":"            System.out.println(\" You have not input any words yet!\");","lastModifiedDate":"2022-01-31"},{"lineNumber":18,"author":{"gitId":"Lim-Shi-Han"},"content":"        }","lastModifiedDate":"2022-01-31"},{"lineNumber":19,"author":{"gitId":"Lim-Shi-Han"},"content":"        else {","lastModifiedDate":"2022-01-31"},{"lineNumber":20,"author":{"gitId":"Lim-Shi-Han"},"content":"            System.out.println(\" These are the words you want to learn!\");","lastModifiedDate":"2022-01-31"},{"lineNumber":21,"author":{"gitId":"Lim-Shi-Han"},"content":"            for (int i \u003d 0; i \u003c listLength; i++) {","lastModifiedDate":"2022-01-31"},{"lineNumber":22,"author":{"gitId":"Lim-Shi-Han"},"content":"                System.out.println(vList[i].toString());","lastModifiedDate":"2022-01-31"},{"lineNumber":23,"author":{"gitId":"Lim-Shi-Han"},"content":"            }","lastModifiedDate":"2022-01-31"},{"lineNumber":24,"author":{"gitId":"Lim-Shi-Han"},"content":"        }","lastModifiedDate":"2022-01-31"},{"lineNumber":25,"author":{"gitId":"Lim-Shi-Han"},"content":"        System.out.println(\"~~~~~~~~~~~~~~~~~~~~~~~~~~~~~~~~~~~~~~~~~~~~~~~~~~~~~~~~~~~~\");","lastModifiedDate":"2022-01-31"},{"lineNumber":26,"author":{"gitId":"Lim-Shi-Han"},"content":"    }","lastModifiedDate":"2022-01-31"},{"lineNumber":27,"author":{"gitId":"Lim-Shi-Han"},"content":"    public Vocabulary[] getList(){","lastModifiedDate":"2022-01-31"},{"lineNumber":28,"author":{"gitId":"Lim-Shi-Han"},"content":"        return vList;","lastModifiedDate":"2022-01-31"},{"lineNumber":29,"author":{"gitId":"Lim-Shi-Han"},"content":"    }","lastModifiedDate":"2022-01-31"},{"lineNumber":30,"author":{"gitId":"Lim-Shi-Han"},"content":"}","lastModifiedDate":"2022-01-31"}],"authorContributionMap":{"Lim-Shi-Han":30}},{"path":"src/main/java/WordList/Vocabulary.java","fileType":"java","lines":[{"lineNumber":1,"author":{"gitId":"Lim-Shi-Han"},"content":"package WordList;","lastModifiedDate":"2022-01-31"},{"lineNumber":2,"author":{"gitId":"Lim-Shi-Han"},"content":"","lastModifiedDate":"2022-01-31"},{"lineNumber":3,"author":{"gitId":"Lim-Shi-Han"},"content":"public class Vocabulary {","lastModifiedDate":"2022-01-31"},{"lineNumber":4,"author":{"gitId":"Lim-Shi-Han"},"content":"    private String word;","lastModifiedDate":"2022-01-31"},{"lineNumber":5,"author":{"gitId":"Lim-Shi-Han"},"content":"    private boolean isDone \u003d false;","lastModifiedDate":"2022-01-31"},{"lineNumber":6,"author":{"gitId":"Lim-Shi-Han"},"content":"","lastModifiedDate":"2022-01-31"},{"lineNumber":7,"author":{"gitId":"Lim-Shi-Han"},"content":"    public Vocabulary(String word) {","lastModifiedDate":"2022-01-31"},{"lineNumber":8,"author":{"gitId":"Lim-Shi-Han"},"content":"        this.word \u003d word;","lastModifiedDate":"2022-01-31"},{"lineNumber":9,"author":{"gitId":"Lim-Shi-Han"},"content":"    }","lastModifiedDate":"2022-01-31"},{"lineNumber":10,"author":{"gitId":"Lim-Shi-Han"},"content":"","lastModifiedDate":"2022-01-31"},{"lineNumber":11,"author":{"gitId":"Lim-Shi-Han"},"content":"    public String getWord() {","lastModifiedDate":"2022-01-31"},{"lineNumber":12,"author":{"gitId":"Lim-Shi-Han"},"content":"        return word;","lastModifiedDate":"2022-01-31"},{"lineNumber":13,"author":{"gitId":"Lim-Shi-Han"},"content":"    }","lastModifiedDate":"2022-01-31"},{"lineNumber":14,"author":{"gitId":"Lim-Shi-Han"},"content":"","lastModifiedDate":"2022-01-31"},{"lineNumber":15,"author":{"gitId":"Lim-Shi-Han"},"content":"    public boolean isDone() {","lastModifiedDate":"2022-01-31"},{"lineNumber":16,"author":{"gitId":"Lim-Shi-Han"},"content":"        return this.isDone;","lastModifiedDate":"2022-01-31"},{"lineNumber":17,"author":{"gitId":"Lim-Shi-Han"},"content":"    }","lastModifiedDate":"2022-01-31"},{"lineNumber":18,"author":{"gitId":"Lim-Shi-Han"},"content":"","lastModifiedDate":"2022-01-31"},{"lineNumber":19,"author":{"gitId":"Lim-Shi-Han"},"content":"    public void setDone(boolean isDone) {","lastModifiedDate":"2022-01-31"},{"lineNumber":20,"author":{"gitId":"Lim-Shi-Han"},"content":"        this.isDone \u003d isDone;","lastModifiedDate":"2022-01-31"},{"lineNumber":21,"author":{"gitId":"Lim-Shi-Han"},"content":"    }","lastModifiedDate":"2022-01-31"},{"lineNumber":22,"author":{"gitId":"Lim-Shi-Han"},"content":"","lastModifiedDate":"2022-01-31"},{"lineNumber":23,"author":{"gitId":"Lim-Shi-Han"},"content":"    @Override","lastModifiedDate":"2022-01-31"},{"lineNumber":24,"author":{"gitId":"Lim-Shi-Han"},"content":"    public String toString() {","lastModifiedDate":"2022-01-31"},{"lineNumber":25,"author":{"gitId":"Lim-Shi-Han"},"content":"        String mark;","lastModifiedDate":"2022-01-31"},{"lineNumber":26,"author":{"gitId":"Lim-Shi-Han"},"content":"            if (isDone()) {","lastModifiedDate":"2022-01-31"},{"lineNumber":27,"author":{"gitId":"Lim-Shi-Han"},"content":"                mark \u003d \"X\";","lastModifiedDate":"2022-01-31"},{"lineNumber":28,"author":{"gitId":"Lim-Shi-Han"},"content":"            }","lastModifiedDate":"2022-01-31"},{"lineNumber":29,"author":{"gitId":"Lim-Shi-Han"},"content":"            else {","lastModifiedDate":"2022-01-31"},{"lineNumber":30,"author":{"gitId":"Lim-Shi-Han"},"content":"                mark \u003d \" \";","lastModifiedDate":"2022-01-31"},{"lineNumber":31,"author":{"gitId":"Lim-Shi-Han"},"content":"            }","lastModifiedDate":"2022-01-31"},{"lineNumber":32,"author":{"gitId":"Lim-Shi-Han"},"content":"        return \"[\" + mark + \"] \" + word;","lastModifiedDate":"2022-01-31"},{"lineNumber":33,"author":{"gitId":"Lim-Shi-Han"},"content":"    }","lastModifiedDate":"2022-01-31"},{"lineNumber":34,"author":{"gitId":"Lim-Shi-Han"},"content":"}","lastModifiedDate":"2022-01-31"}],"authorContributionMap":{"Lim-Shi-Han":34}}]
