{"authorDailyContributionsMap":{"ivanaitzliddat":[{"date":"2022-01-19","commitResults":[{"hash":"fb9492d09d3a64cf42a4d1da0f980548eadf2f19","messageTitle":"Add Greet","messageBody":"","fileTypesAndContributionMap":{"java":{"insertions":1,"deletions":0}}},{"hash":"5eacdc4f808f76619bab89588ef0b290228fd228","messageTitle":"Add Greet","messageBody":"","fileTypesAndContributionMap":{"java":{"insertions":1,"deletions":0}}},{"hash":"97759e23cd5de2b4b7402472f562a9f0c9f3ebb0","messageTitle":"Add Greet","messageBody":"","fileTypesAndContributionMap":{"java":{"insertions":1,"deletions":1}}},{"hash":"85b023e96b0140bd97e1efac845557a5b2a0d599","messageTitle":"Update Greet","messageBody":"","fileTypesAndContributionMap":{"java":{"insertions":5,"deletions":0}}},{"hash":"d508cd337e0ee0f68eeb95363aa6d6b18f8f9b85","messageTitle":"Update Greet","messageBody":"","fileTypesAndContributionMap":{"java":{"insertions":1,"deletions":0}}},{"hash":"2605263f1921c2e3ca11397c5d3ded18f1316523","messageTitle":"Update Greet","messageBody":"","tags":["Level-0"],"fileTypesAndContributionMap":{"java":{"insertions":0,"deletions":1}}}]},{"date":"2022-01-25","commitResults":[{"hash":"8f31378d9b80e2b93a82a6f4b6fc362a7c6423ed","messageTitle":"Add Echo, Exit","messageBody":"","tags":["Level-1"],"fileTypesAndContributionMap":{"java":{"insertions":16,"deletions":2}}},{"hash":"476c433821899b52ad26465a74dfa1bc992a7a08","messageTitle":"Add Add, List","messageBody":"","tags":["Level-2"],"fileTypesAndContributionMap":{"java":{"insertions":13,"deletions":2}}},{"hash":"da383639fb15f49accb032a93c4b07566a9bc106","messageTitle":"Add Mark as Done","messageBody":"","fileTypesAndContributionMap":{"java":{"insertions":45,"deletions":7}}},{"hash":"d478496c6ca50b8b0508f08353acf53fc14ae692","messageTitle":"Update Mark as Done","messageBody":"","fileTypesAndContributionMap":{"java":{"insertions":3,"deletions":3}}},{"hash":"92526076779833c333dc8ad2ffdd626cdb6d8aeb","messageTitle":"Update Mark as Done","messageBody":"","fileTypesAndContributionMap":{"java":{"insertions":6,"deletions":7}}}]},{"date":"2022-01-29","commitResults":[{"hash":"eedf8a3c637a530daef22412d0c44819d63de6b0","messageTitle":"Update Mark as Done","messageBody":"","fileTypesAndContributionMap":{"java":{"insertions":158,"deletions":47}}},{"hash":"418a6cf4d4bc95da5c63746422e83974c677cdfa","messageTitle":"Update Mark as Done","messageBody":"","fileTypesAndContributionMap":{"java":{"insertions":1,"deletions":1}}},{"hash":"9e7fd26e1e56e5db1a08b27de2404f0882abd318","messageTitle":"Add ToDos, Events, Deadlines","messageBody":"","tags":["Level-4"],"fileTypesAndContributionMap":{"java":{"insertions":172,"deletions":14}}},{"hash":"ccaff84e158aaa90fe14d0649b491c633ea4872c","messageTitle":"Update Mark As Done","messageBody":"","tags":["Level-3"],"fileTypesAndContributionMap":{"java":{"insertions":4,"deletions":6}}},{"hash":"341d19f7f0b29b79bf1a8e27d2ed3b0ce0cba618","messageTitle":"Update EXPECTED.TXT, input.txt","messageBody":"","tags":["A-TextUiTesting"],"fileTypesAndContributionMap":{"txt":{"insertions":5,"deletions":0}}}]},{"date":"2022-02-10","commitResults":[{"hash":"798b7cee3680aa228d25a6a3b90e13594330c8d5","messageTitle":"Update based on comments and feedbacks","messageBody":"","fileTypesAndContributionMap":{"java":{"insertions":188,"deletions":246}}},{"hash":"39c30b4faf0a2fe742c934a34d87094eda829b5c","messageTitle":"Add Error Handler","messageBody":"","fileTypesAndContributionMap":{"java":{"insertions":225,"deletions":245}}},{"hash":"f52a47deea7567910642687f8fbf2c2ab30b12da","messageTitle":"Update Error Handler","messageBody":"","tags":["Level-5","A-Exceptions"],"fileTypesAndContributionMap":{"java":{"insertions":0,"deletions":78}}},{"hash":"07497a9240b1a6206c8362c7620fd4bbf660c711","messageTitle":"Divide classes into packages","messageBody":"","fileTypesAndContributionMap":{"java":{"insertions":26,"deletions":0}}}]},{"date":"2022-02-11","commitResults":[{"hash":"0567dbf8838f1ac36ab6327bd2896191c82c3bfa","messageTitle":"Improve Code Quality","messageBody":"","tags":["A-CodeQuality"],"fileTypesAndContributionMap":{"txt":{"insertions":34,"deletions":3},"java":{"insertions":56,"deletions":49},"bat":{"insertions":2,"deletions":2}}}]}]},"authorFileTypeContributionMap":{"ivanaitzliddat":{"java":358,"md":0,"fxml":0,"sh":0,"bat":2,"gradle":0,"txt":36}},"authorContributionVariance":{"ivanaitzliddat":38544.97},"authorDisplayNameMap":{"ivanaitzliddat":"T10-1 TAN ..IVAN"}}
