{"authorDailyContributionsMap":{"XunyiiZ":[{"date":"2022-01-20","commitResults":[{"hash":"8b1aacf32252959efc86caefc2b2a1a135139fa7","messageTitle":"add increment level-0","messageBody":"","fileTypesAndContributionMap":{"java":{"insertions":7,"deletions":0}}}]},{"date":"2022-02-02","commitResults":[{"hash":"bcfbc0de009467037e0f12775b763ccf3524e7b0","messageTitle":"Greet, echo, exit","messageBody":"","tags":["level-1"],"fileTypesAndContributionMap":{"java":{"insertions":10,"deletions":0}}},{"hash":"cd624bece56007ca36e49fda4e3e5fa12bedee7c","messageTitle":"Add, List","messageBody":"","tags":["level-2"],"fileTypesAndContributionMap":{"java":{"insertions":19,"deletions":5}}},{"hash":"f953ae5279fee0774dcc6302fb3c87ae0c5c7bd4","messageTitle":"add Task, taskmanagement","messageBody":"","tags":["level-3"],"fileTypesAndContributionMap":{"java":{"insertions":70,"deletions":2}}},{"hash":"bae8eaff1954ae2e4f1f72a245f64ba2e76e0b35","messageTitle":"tweat code","messageBody":"","tags":["A-codingStandard"],"fileTypesAndContributionMap":{"java":{"insertions":1,"deletions":1}}}]},{"date":"2022-02-08","commitResults":[{"hash":"05271d4ee48183a532af688637e10d00eeabf70d","messageTitle":"add todo, deadline, event","messageBody":"","tags":["level-4"],"fileTypesAndContributionMap":{"java":{"insertions":117,"deletions":22}}}]}]},"authorFileTypeContributionMap":{"XunyiiZ":{"java":194,"md":0,"fxml":0,"sh":0,"bat":0,"gradle":0,"txt":0}},"authorContributionVariance":{"XunyiiZ":1098.1775},"authorDisplayNameMap":{"XunyiiZ":"T11-1 ZENG..UNYI"}}
