[{"path":"src/main/java/Deadline.java","fileType":"java","lines":[{"lineNumber":1,"author":{"gitId":"Nnythingy"},"content":"public class Deadline extends Task {","lastModifiedDate":"2022-01-30"},{"lineNumber":2,"author":{"gitId":"Nnythingy"},"content":"    protected String by;","lastModifiedDate":"2022-01-30"},{"lineNumber":3,"author":{"gitId":"Nnythingy"},"content":"","lastModifiedDate":"2022-01-30"},{"lineNumber":4,"author":{"gitId":"Nnythingy"},"content":"    public Deadline(String description, String by) {","lastModifiedDate":"2022-01-30"},{"lineNumber":5,"author":{"gitId":"Nnythingy"},"content":"        super(description);","lastModifiedDate":"2022-01-30"},{"lineNumber":6,"author":{"gitId":"Nnythingy"},"content":"        this.by \u003d by;","lastModifiedDate":"2022-01-30"},{"lineNumber":7,"author":{"gitId":"Nnythingy"},"content":"    }","lastModifiedDate":"2022-01-30"},{"lineNumber":8,"author":{"gitId":"Nnythingy"},"content":"","lastModifiedDate":"2022-01-30"},{"lineNumber":9,"author":{"gitId":"Nnythingy"},"content":"    @Override","lastModifiedDate":"2022-01-30"},{"lineNumber":10,"author":{"gitId":"Nnythingy"},"content":"    public String toString() {","lastModifiedDate":"2022-01-30"},{"lineNumber":11,"author":{"gitId":"Nnythingy"},"content":"        return \"[D]\" + super.toString() + \"(by: \" +","lastModifiedDate":"2022-01-30"},{"lineNumber":12,"author":{"gitId":"Nnythingy"},"content":"                by + \")\\n\";","lastModifiedDate":"2022-01-30"},{"lineNumber":13,"author":{"gitId":"Nnythingy"},"content":"    }","lastModifiedDate":"2022-01-30"},{"lineNumber":14,"author":{"gitId":"Nnythingy"},"content":"}","lastModifiedDate":"2022-01-30"}],"authorContributionMap":{"Nnythingy":14}},{"path":"src/main/java/Duke.java","fileType":"java","lines":[{"lineNumber":1,"author":{"gitId":"Nnythingy"},"content":"import java.util.Scanner;","lastModifiedDate":"2022-01-27"},{"lineNumber":2,"author":{"gitId":"Nnythingy"},"content":"import java.util.Arrays;","lastModifiedDate":"2022-01-27"},{"lineNumber":3,"author":{"gitId":"Nnythingy"},"content":"","lastModifiedDate":"2022-01-27"},{"lineNumber":4,"author":{"gitId":"-"},"content":"public class Duke {","lastModifiedDate":"2019-07-29"},{"lineNumber":5,"author":{"gitId":"-"},"content":"    public static void main(String[] args) {","lastModifiedDate":"2019-07-29"},{"lineNumber":6,"author":{"gitId":"Nnythingy"},"content":"        welcomeMessage();","lastModifiedDate":"2022-01-27"},{"lineNumber":7,"author":{"gitId":"Nnythingy"},"content":"        Task[] userLists \u003d new Task[] {};","lastModifiedDate":"2022-01-28"},{"lineNumber":8,"author":{"gitId":"Nnythingy"},"content":"        Scanner input \u003d new Scanner(System.in);","lastModifiedDate":"2022-01-27"},{"lineNumber":9,"author":{"gitId":"Nnythingy"},"content":"        String userInput \u003d input.nextLine();","lastModifiedDate":"2022-01-27"},{"lineNumber":10,"author":{"gitId":"Nnythingy"},"content":"","lastModifiedDate":"2022-01-27"},{"lineNumber":11,"author":{"gitId":"Nnythingy"},"content":"        while(!userInput.equals(\"bye\")) {","lastModifiedDate":"2022-01-27"},{"lineNumber":12,"author":{"gitId":"Nnythingy"},"content":"            Tokenise userInputTokens \u003d new Tokenise(userInput);","lastModifiedDate":"2022-01-28"},{"lineNumber":13,"author":{"gitId":"Nnythingy"},"content":"            if (userInputTokens.getIsKeyword()) {","lastModifiedDate":"2022-01-28"},{"lineNumber":14,"author":{"gitId":"Nnythingy"},"content":"                switch (userInputTokens.getTokens()[0]){","lastModifiedDate":"2022-01-28"},{"lineNumber":15,"author":{"gitId":"Nnythingy"},"content":"                case \"list\":","lastModifiedDate":"2022-01-27"},{"lineNumber":16,"author":{"gitId":"Nnythingy"},"content":"                    String allTasks \u003d listTask(userLists);","lastModifiedDate":"2022-01-27"},{"lineNumber":17,"author":{"gitId":"Nnythingy"},"content":"                    allTasks \u003d wrapMessage(allTasks);","lastModifiedDate":"2022-01-27"},{"lineNumber":18,"author":{"gitId":"Nnythingy"},"content":"                    System.out.println(allTasks); break; case \"todo\":","lastModifiedDate":"2022-01-30"},{"lineNumber":19,"author":{"gitId":"Nnythingy"},"content":"                    Todo newTodo \u003d new Todo(userInput);","lastModifiedDate":"2022-01-30"},{"lineNumber":20,"author":{"gitId":"Nnythingy"},"content":"                    userLists \u003d addTask(newTodo, userLists);","lastModifiedDate":"2022-01-30"},{"lineNumber":21,"author":{"gitId":"Nnythingy"},"content":"                    break;","lastModifiedDate":"2022-01-30"},{"lineNumber":22,"author":{"gitId":"Nnythingy"},"content":"                case \"deadline\":","lastModifiedDate":"2022-01-30"},{"lineNumber":23,"author":{"gitId":"Nnythingy"},"content":"                    //split string into the description and time","lastModifiedDate":"2022-01-30"},{"lineNumber":24,"author":{"gitId":"Nnythingy"},"content":"                    String deadlineTime \u003d userInput.substring(userInput.indexOf(\"/\")+4);","lastModifiedDate":"2022-01-30"},{"lineNumber":25,"author":{"gitId":"Nnythingy"},"content":"                    userInput \u003d userInput.substring(0, userInput.indexOf(\"/\"));","lastModifiedDate":"2022-01-30"},{"lineNumber":26,"author":{"gitId":"Nnythingy"},"content":"                    Deadline newDeadline \u003d new Deadline(userInput.trim(), deadlineTime);","lastModifiedDate":"2022-01-30"},{"lineNumber":27,"author":{"gitId":"Nnythingy"},"content":"                    userLists \u003d addTask(newDeadline, userLists);","lastModifiedDate":"2022-01-30"},{"lineNumber":28,"author":{"gitId":"Nnythingy"},"content":"                    break;","lastModifiedDate":"2022-01-30"},{"lineNumber":29,"author":{"gitId":"Nnythingy"},"content":"                case \"event\":","lastModifiedDate":"2022-01-30"},{"lineNumber":30,"author":{"gitId":"Nnythingy"},"content":"                    //split string into the description and time","lastModifiedDate":"2022-01-30"},{"lineNumber":31,"author":{"gitId":"Nnythingy"},"content":"                    String eventTime \u003d userInput.substring(userInput.indexOf(\"/\")+4);","lastModifiedDate":"2022-01-30"},{"lineNumber":32,"author":{"gitId":"Nnythingy"},"content":"                    userInput \u003d userInput.substring(0, userInput.indexOf(\"/\"));","lastModifiedDate":"2022-01-30"},{"lineNumber":33,"author":{"gitId":"Nnythingy"},"content":"                    Event newEvent \u003d new Event(userInput, eventTime);","lastModifiedDate":"2022-01-30"},{"lineNumber":34,"author":{"gitId":"Nnythingy"},"content":"                    userLists \u003d addTask(newEvent, userLists);","lastModifiedDate":"2022-01-30"},{"lineNumber":35,"author":{"gitId":"Nnythingy"},"content":"                    break;","lastModifiedDate":"2022-01-27"},{"lineNumber":36,"author":{"gitId":"Nnythingy"},"content":"                case \"mark\":","lastModifiedDate":"2022-01-28"},{"lineNumber":37,"author":{"gitId":"Nnythingy"},"content":"                    userLists[Integer.parseInt(userInputTokens.getTokens()[1])].setMark();","lastModifiedDate":"2022-01-28"},{"lineNumber":38,"author":{"gitId":"Nnythingy"},"content":"                    System.out.println(","lastModifiedDate":"2022-01-28"},{"lineNumber":39,"author":{"gitId":"Nnythingy"},"content":"                            wrapMessage(\"Nice! I\u0027ve marked this task as done:\\n\" +","lastModifiedDate":"2022-01-28"},{"lineNumber":40,"author":{"gitId":"Nnythingy"},"content":"                                    userLists[Integer.parseInt(","lastModifiedDate":"2022-01-30"},{"lineNumber":41,"author":{"gitId":"Nnythingy"},"content":"                                            userInputTokens.getTokens()[1])].toString()","lastModifiedDate":"2022-01-30"},{"lineNumber":42,"author":{"gitId":"Nnythingy"},"content":"                            ));","lastModifiedDate":"2022-01-28"},{"lineNumber":43,"author":{"gitId":"Nnythingy"},"content":"                    break;","lastModifiedDate":"2022-01-28"},{"lineNumber":44,"author":{"gitId":"Nnythingy"},"content":"                case \"unmark\":","lastModifiedDate":"2022-01-28"},{"lineNumber":45,"author":{"gitId":"Nnythingy"},"content":"                    userLists[Integer.parseInt(userInputTokens.getTokens()[1])].unMark();","lastModifiedDate":"2022-01-28"},{"lineNumber":46,"author":{"gitId":"Nnythingy"},"content":"                    System.out.println(","lastModifiedDate":"2022-01-28"},{"lineNumber":47,"author":{"gitId":"Nnythingy"},"content":"                            wrapMessage(\"OK, I\u0027ve marked this task as not done yet:\\n\" +","lastModifiedDate":"2022-01-28"},{"lineNumber":48,"author":{"gitId":"Nnythingy"},"content":"                                    userLists[Integer.parseInt(","lastModifiedDate":"2022-01-30"},{"lineNumber":49,"author":{"gitId":"Nnythingy"},"content":"                                            userInputTokens.getTokens()[1])].toString()","lastModifiedDate":"2022-01-30"},{"lineNumber":50,"author":{"gitId":"Nnythingy"},"content":"                            ));","lastModifiedDate":"2022-01-28"},{"lineNumber":51,"author":{"gitId":"Nnythingy"},"content":"                    break;","lastModifiedDate":"2022-01-28"},{"lineNumber":52,"author":{"gitId":"Nnythingy"},"content":"                default:","lastModifiedDate":"2022-01-27"},{"lineNumber":53,"author":{"gitId":"Nnythingy"},"content":"                }","lastModifiedDate":"2022-01-28"},{"lineNumber":54,"author":{"gitId":"Nnythingy"},"content":"            } else {","lastModifiedDate":"2022-01-28"},{"lineNumber":55,"author":{"gitId":"Nnythingy"},"content":"                Task newTask \u003d new Task(userInput);","lastModifiedDate":"2022-01-30"},{"lineNumber":56,"author":{"gitId":"Nnythingy"},"content":"                userLists \u003d addTask(newTask, userLists);","lastModifiedDate":"2022-01-30"},{"lineNumber":57,"author":{"gitId":"Nnythingy"},"content":"            }","lastModifiedDate":"2022-01-27"},{"lineNumber":58,"author":{"gitId":"Nnythingy"},"content":"","lastModifiedDate":"2022-01-27"},{"lineNumber":59,"author":{"gitId":"Nnythingy"},"content":"            userInput \u003d input.nextLine();","lastModifiedDate":"2022-01-27"},{"lineNumber":60,"author":{"gitId":"Nnythingy"},"content":"        }","lastModifiedDate":"2022-01-27"},{"lineNumber":61,"author":{"gitId":"Nnythingy"},"content":"","lastModifiedDate":"2022-01-27"},{"lineNumber":62,"author":{"gitId":"Nnythingy"},"content":"        //end of program","lastModifiedDate":"2022-01-27"},{"lineNumber":63,"author":{"gitId":"Nnythingy"},"content":"        byeMessage();","lastModifiedDate":"2022-01-27"},{"lineNumber":64,"author":{"gitId":"Nnythingy"},"content":"    }","lastModifiedDate":"2022-01-27"},{"lineNumber":65,"author":{"gitId":"Nnythingy"},"content":"","lastModifiedDate":"2022-01-27"},{"lineNumber":66,"author":{"gitId":"Nnythingy"},"content":"    /**","lastModifiedDate":"2022-01-28"},{"lineNumber":67,"author":{"gitId":"Nnythingy"},"content":"     * add a new task to the existing","lastModifiedDate":"2022-01-28"},{"lineNumber":68,"author":{"gitId":"Nnythingy"},"content":"     * array of tasks","lastModifiedDate":"2022-01-28"},{"lineNumber":69,"author":{"gitId":"Nnythingy"},"content":"     *","lastModifiedDate":"2022-01-28"},{"lineNumber":70,"author":{"gitId":"Nnythingy"},"content":"     * @param task","lastModifiedDate":"2022-01-30"},{"lineNumber":71,"author":{"gitId":"Nnythingy"},"content":"     * @param userLists","lastModifiedDate":"2022-01-28"},{"lineNumber":72,"author":{"gitId":"Nnythingy"},"content":"     * @return Array of Tasks","lastModifiedDate":"2022-01-28"},{"lineNumber":73,"author":{"gitId":"Nnythingy"},"content":"     */","lastModifiedDate":"2022-01-28"},{"lineNumber":74,"author":{"gitId":"Nnythingy"},"content":"    public static Task[] addTask (Task task, Task[] userLists) {","lastModifiedDate":"2022-01-30"},{"lineNumber":75,"author":{"gitId":"Nnythingy"},"content":"        userLists \u003d Arrays.copyOf(userLists, userLists.length + 1);","lastModifiedDate":"2022-01-28"},{"lineNumber":76,"author":{"gitId":"Nnythingy"},"content":"        userLists[userLists.length - 1] \u003d task;","lastModifiedDate":"2022-01-30"},{"lineNumber":77,"author":{"gitId":"Nnythingy"},"content":"        String userInput \u003d wrapMessage(\"Got it. I\u0027ve added this task:\\n \" +","lastModifiedDate":"2022-01-30"},{"lineNumber":78,"author":{"gitId":"Nnythingy"},"content":"                task.toString() + \" \\nNow you have \" + userLists.length +","lastModifiedDate":"2022-01-30"},{"lineNumber":79,"author":{"gitId":"Nnythingy"},"content":"                \" tasks in the list.\\n\");","lastModifiedDate":"2022-01-30"},{"lineNumber":80,"author":{"gitId":"Nnythingy"},"content":"        System.out.println(userInput);","lastModifiedDate":"2022-01-28"},{"lineNumber":81,"author":{"gitId":"Nnythingy"},"content":"        return userLists;","lastModifiedDate":"2022-01-28"},{"lineNumber":82,"author":{"gitId":"Nnythingy"},"content":"    }","lastModifiedDate":"2022-01-28"},{"lineNumber":83,"author":{"gitId":"Nnythingy"},"content":"","lastModifiedDate":"2022-01-28"},{"lineNumber":84,"author":{"gitId":"Nnythingy"},"content":"    /**","lastModifiedDate":"2022-01-28"},{"lineNumber":85,"author":{"gitId":"Nnythingy"},"content":"     * Change tasks into a printable list","lastModifiedDate":"2022-01-28"},{"lineNumber":86,"author":{"gitId":"Nnythingy"},"content":"     * of current tasks the user have","lastModifiedDate":"2022-01-28"},{"lineNumber":87,"author":{"gitId":"Nnythingy"},"content":"     *","lastModifiedDate":"2022-01-28"},{"lineNumber":88,"author":{"gitId":"Nnythingy"},"content":"     * @param tasks","lastModifiedDate":"2022-01-28"},{"lineNumber":89,"author":{"gitId":"Nnythingy"},"content":"     * @return String of all the tasks","lastModifiedDate":"2022-01-28"},{"lineNumber":90,"author":{"gitId":"Nnythingy"},"content":"     */","lastModifiedDate":"2022-01-28"},{"lineNumber":91,"author":{"gitId":"Nnythingy"},"content":"    public static String listTask(Task[] tasks) {","lastModifiedDate":"2022-01-28"},{"lineNumber":92,"author":{"gitId":"Nnythingy"},"content":"        String allTasks \u003d \"\";","lastModifiedDate":"2022-01-27"},{"lineNumber":93,"author":{"gitId":"Nnythingy"},"content":"        for (int i \u003d 1; i \u003c\u003d tasks.length; i++) {","lastModifiedDate":"2022-01-27"},{"lineNumber":94,"author":{"gitId":"Nnythingy"},"content":"            allTasks \u003d allTasks + \" \" + i + \".\" + tasks[i-1].toString();","lastModifiedDate":"2022-01-30"},{"lineNumber":95,"author":{"gitId":"Nnythingy"},"content":"        }","lastModifiedDate":"2022-01-27"},{"lineNumber":96,"author":{"gitId":"Nnythingy"},"content":"        return \"Here are the tasks in your list:\\n\" + allTasks;","lastModifiedDate":"2022-01-30"},{"lineNumber":97,"author":{"gitId":"Nnythingy"},"content":"    }","lastModifiedDate":"2022-01-27"},{"lineNumber":98,"author":{"gitId":"Nnythingy"},"content":"","lastModifiedDate":"2022-01-27"},{"lineNumber":99,"author":{"gitId":"Nnythingy"},"content":"    public static String wrapMessage(String message) {","lastModifiedDate":"2022-01-27"},{"lineNumber":100,"author":{"gitId":"Nnythingy"},"content":"        message \u003d \"____________________________________________________________\\n\"+","lastModifiedDate":"2022-01-27"},{"lineNumber":101,"author":{"gitId":"Nnythingy"},"content":"                message +","lastModifiedDate":"2022-01-27"},{"lineNumber":102,"author":{"gitId":"Nnythingy"},"content":"                \"____________________________________________________________\\n\";","lastModifiedDate":"2022-01-28"},{"lineNumber":103,"author":{"gitId":"Nnythingy"},"content":"","lastModifiedDate":"2022-01-27"},{"lineNumber":104,"author":{"gitId":"Nnythingy"},"content":"        return message;","lastModifiedDate":"2022-01-27"},{"lineNumber":105,"author":{"gitId":"Nnythingy"},"content":"    }","lastModifiedDate":"2022-01-27"},{"lineNumber":106,"author":{"gitId":"Nnythingy"},"content":"","lastModifiedDate":"2022-01-27"},{"lineNumber":107,"author":{"gitId":"Nnythingy"},"content":"    public static void welcomeMessage() {","lastModifiedDate":"2022-01-27"},{"lineNumber":108,"author":{"gitId":"Nnythingy"},"content":"        String welcome\u003d \"____________________________________________________________\\n\" +","lastModifiedDate":"2022-01-19"},{"lineNumber":109,"author":{"gitId":"Nnythingy"},"content":"                \" Hello! I\u0027m Duke\\n\" +","lastModifiedDate":"2022-01-27"},{"lineNumber":110,"author":{"gitId":"Nnythingy"},"content":"                \" What can I do for you?\\n\" +","lastModifiedDate":"2022-01-19"},{"lineNumber":111,"author":{"gitId":"Nnythingy"},"content":"                \"____________________________________________________________\\n\";","lastModifiedDate":"2022-01-19"},{"lineNumber":112,"author":{"gitId":"Nnythingy"},"content":"        System.out.println(welcome);","lastModifiedDate":"2022-01-19"},{"lineNumber":113,"author":{"gitId":"Nnythingy"},"content":"    }","lastModifiedDate":"2022-01-27"},{"lineNumber":114,"author":{"gitId":"Nnythingy"},"content":"","lastModifiedDate":"2022-01-27"},{"lineNumber":115,"author":{"gitId":"Nnythingy"},"content":"    public static void byeMessage() {","lastModifiedDate":"2022-01-27"},{"lineNumber":116,"author":{"gitId":"Nnythingy"},"content":"        String goodBye \u003d \"____________________________________________________________\\n\" +","lastModifiedDate":"2022-01-27"},{"lineNumber":117,"author":{"gitId":"Nnythingy"},"content":"                \" Bye. Hope to see you again soon!\\n\" +","lastModifiedDate":"2022-01-27"},{"lineNumber":118,"author":{"gitId":"Nnythingy"},"content":"                \"____________________________________________________________\\n\";","lastModifiedDate":"2022-01-27"},{"lineNumber":119,"author":{"gitId":"Nnythingy"},"content":"        System.out.println(goodBye);","lastModifiedDate":"2022-01-19"},{"lineNumber":120,"author":{"gitId":"-"},"content":"    }","lastModifiedDate":"2019-07-29"},{"lineNumber":121,"author":{"gitId":"-"},"content":"}","lastModifiedDate":"2019-07-29"}],"authorContributionMap":{"Nnythingy":117,"-":4}},{"path":"src/main/java/Event.java","fileType":"java","lines":[{"lineNumber":1,"author":{"gitId":"Nnythingy"},"content":"public class Event extends Task {","lastModifiedDate":"2022-01-30"},{"lineNumber":2,"author":{"gitId":"Nnythingy"},"content":"    protected String at \u003d null;","lastModifiedDate":"2022-01-30"},{"lineNumber":3,"author":{"gitId":"Nnythingy"},"content":"","lastModifiedDate":"2022-01-30"},{"lineNumber":4,"author":{"gitId":"Nnythingy"},"content":"    public Event (String taskName, String at) {","lastModifiedDate":"2022-01-30"},{"lineNumber":5,"author":{"gitId":"Nnythingy"},"content":"        super(taskName);","lastModifiedDate":"2022-01-30"},{"lineNumber":6,"author":{"gitId":"Nnythingy"},"content":"        this.at \u003d at;","lastModifiedDate":"2022-01-30"},{"lineNumber":7,"author":{"gitId":"Nnythingy"},"content":"    }","lastModifiedDate":"2022-01-30"},{"lineNumber":8,"author":{"gitId":"Nnythingy"},"content":"","lastModifiedDate":"2022-01-30"},{"lineNumber":9,"author":{"gitId":"Nnythingy"},"content":"    @Override","lastModifiedDate":"2022-01-30"},{"lineNumber":10,"author":{"gitId":"Nnythingy"},"content":"    public String toString() {","lastModifiedDate":"2022-01-30"},{"lineNumber":11,"author":{"gitId":"Nnythingy"},"content":"        return \"[E]\" + super.toString() + \"(at: \" +","lastModifiedDate":"2022-01-30"},{"lineNumber":12,"author":{"gitId":"Nnythingy"},"content":"                at + \")\\n\";","lastModifiedDate":"2022-01-30"},{"lineNumber":13,"author":{"gitId":"Nnythingy"},"content":"    }","lastModifiedDate":"2022-01-30"},{"lineNumber":14,"author":{"gitId":"Nnythingy"},"content":"}","lastModifiedDate":"2022-01-30"}],"authorContributionMap":{"Nnythingy":14}},{"path":"src/main/java/Task.java","fileType":"java","lines":[{"lineNumber":1,"author":{"gitId":"Nnythingy"},"content":"public class Task {","lastModifiedDate":"2022-01-28"},{"lineNumber":2,"author":{"gitId":"Nnythingy"},"content":"    private String taskName;","lastModifiedDate":"2022-01-28"},{"lineNumber":3,"author":{"gitId":"Nnythingy"},"content":"    private Boolean isMarked \u003d false;","lastModifiedDate":"2022-01-28"},{"lineNumber":4,"author":{"gitId":"Nnythingy"},"content":"","lastModifiedDate":"2022-01-28"},{"lineNumber":5,"author":{"gitId":"Nnythingy"},"content":"    public Task(String taskName) {","lastModifiedDate":"2022-01-28"},{"lineNumber":6,"author":{"gitId":"Nnythingy"},"content":"        this.taskName \u003d taskName;","lastModifiedDate":"2022-01-28"},{"lineNumber":7,"author":{"gitId":"Nnythingy"},"content":"        this.isMarked \u003d false;","lastModifiedDate":"2022-01-28"},{"lineNumber":8,"author":{"gitId":"Nnythingy"},"content":"    }","lastModifiedDate":"2022-01-28"},{"lineNumber":9,"author":{"gitId":"Nnythingy"},"content":"","lastModifiedDate":"2022-01-28"},{"lineNumber":10,"author":{"gitId":"Nnythingy"},"content":"    public void setMark() {","lastModifiedDate":"2022-01-28"},{"lineNumber":11,"author":{"gitId":"Nnythingy"},"content":"        this.isMarked \u003d true;","lastModifiedDate":"2022-01-28"},{"lineNumber":12,"author":{"gitId":"Nnythingy"},"content":"    }","lastModifiedDate":"2022-01-28"},{"lineNumber":13,"author":{"gitId":"Nnythingy"},"content":"","lastModifiedDate":"2022-01-28"},{"lineNumber":14,"author":{"gitId":"Nnythingy"},"content":"    public void unMark() {","lastModifiedDate":"2022-01-28"},{"lineNumber":15,"author":{"gitId":"Nnythingy"},"content":"        this.isMarked \u003d false;","lastModifiedDate":"2022-01-28"},{"lineNumber":16,"author":{"gitId":"Nnythingy"},"content":"    }","lastModifiedDate":"2022-01-28"},{"lineNumber":17,"author":{"gitId":"Nnythingy"},"content":"","lastModifiedDate":"2022-01-28"},{"lineNumber":18,"author":{"gitId":"Nnythingy"},"content":"    public String toString() {","lastModifiedDate":"2022-01-30"},{"lineNumber":19,"author":{"gitId":"Nnythingy"},"content":"        return \"[\" + this.getStatusIcon() + \"] \" +","lastModifiedDate":"2022-01-28"},{"lineNumber":20,"author":{"gitId":"Nnythingy"},"content":"                this.taskName;","lastModifiedDate":"2022-01-30"},{"lineNumber":21,"author":{"gitId":"Nnythingy"},"content":"    }","lastModifiedDate":"2022-01-28"},{"lineNumber":22,"author":{"gitId":"Nnythingy"},"content":"","lastModifiedDate":"2022-01-28"},{"lineNumber":23,"author":{"gitId":"Nnythingy"},"content":"    public String getStatusIcon() {","lastModifiedDate":"2022-01-28"},{"lineNumber":24,"author":{"gitId":"Nnythingy"},"content":"        if (this.isMarked) {","lastModifiedDate":"2022-01-28"},{"lineNumber":25,"author":{"gitId":"Nnythingy"},"content":"            return \"X\";","lastModifiedDate":"2022-01-28"},{"lineNumber":26,"author":{"gitId":"Nnythingy"},"content":"        } else {","lastModifiedDate":"2022-01-28"},{"lineNumber":27,"author":{"gitId":"Nnythingy"},"content":"            return \" \";","lastModifiedDate":"2022-01-28"},{"lineNumber":28,"author":{"gitId":"Nnythingy"},"content":"        }","lastModifiedDate":"2022-01-28"},{"lineNumber":29,"author":{"gitId":"Nnythingy"},"content":"    }","lastModifiedDate":"2022-01-28"},{"lineNumber":30,"author":{"gitId":"Nnythingy"},"content":"}","lastModifiedDate":"2022-01-28"}],"authorContributionMap":{"Nnythingy":30}},{"path":"src/main/java/Todo.java","fileType":"java","lines":[{"lineNumber":1,"author":{"gitId":"Nnythingy"},"content":"public class Todo extends Task{","lastModifiedDate":"2022-01-30"},{"lineNumber":2,"author":{"gitId":"Nnythingy"},"content":"    public Todo(String taskName) {","lastModifiedDate":"2022-01-30"},{"lineNumber":3,"author":{"gitId":"Nnythingy"},"content":"        super(taskName);","lastModifiedDate":"2022-01-30"},{"lineNumber":4,"author":{"gitId":"Nnythingy"},"content":"    }","lastModifiedDate":"2022-01-30"},{"lineNumber":5,"author":{"gitId":"Nnythingy"},"content":"","lastModifiedDate":"2022-01-30"},{"lineNumber":6,"author":{"gitId":"Nnythingy"},"content":"    @Override","lastModifiedDate":"2022-01-30"},{"lineNumber":7,"author":{"gitId":"Nnythingy"},"content":"    public String toString() {","lastModifiedDate":"2022-01-30"},{"lineNumber":8,"author":{"gitId":"Nnythingy"},"content":"        return \"[T]\" + super.toString() + \"\\n\";","lastModifiedDate":"2022-01-30"},{"lineNumber":9,"author":{"gitId":"Nnythingy"},"content":"    }","lastModifiedDate":"2022-01-30"},{"lineNumber":10,"author":{"gitId":"Nnythingy"},"content":"}","lastModifiedDate":"2022-01-30"}],"authorContributionMap":{"Nnythingy":10}},{"path":"src/main/java/Tokenise.java","fileType":"java","lines":[{"lineNumber":1,"author":{"gitId":"Nnythingy"},"content":"import java.util.Arrays;","lastModifiedDate":"2022-01-30"},{"lineNumber":2,"author":{"gitId":"Nnythingy"},"content":"/**","lastModifiedDate":"2022-01-28"},{"lineNumber":3,"author":{"gitId":"Nnythingy"},"content":" * Tokenise is to help split user input","lastModifiedDate":"2022-01-28"},{"lineNumber":4,"author":{"gitId":"Nnythingy"},"content":" * into individual strings for sanitisation","lastModifiedDate":"2022-01-28"},{"lineNumber":5,"author":{"gitId":"Nnythingy"},"content":" * and other checks","lastModifiedDate":"2022-01-28"},{"lineNumber":6,"author":{"gitId":"Nnythingy"},"content":" */","lastModifiedDate":"2022-01-28"},{"lineNumber":7,"author":{"gitId":"Nnythingy"},"content":"public class Tokenise {","lastModifiedDate":"2022-01-28"},{"lineNumber":8,"author":{"gitId":"Nnythingy"},"content":"    private String[] tokens \u003d new String[] {};","lastModifiedDate":"2022-01-28"},{"lineNumber":9,"author":{"gitId":"Nnythingy"},"content":"    private Boolean isKeyword \u003d false;","lastModifiedDate":"2022-01-28"},{"lineNumber":10,"author":{"gitId":"Nnythingy"},"content":"","lastModifiedDate":"2022-01-28"},{"lineNumber":11,"author":{"gitId":"Nnythingy"},"content":"    public Tokenise(String userInput) {","lastModifiedDate":"2022-01-28"},{"lineNumber":12,"author":{"gitId":"Nnythingy"},"content":"        tokens \u003d userInput.split(\" \");","lastModifiedDate":"2022-01-28"},{"lineNumber":13,"author":{"gitId":"Nnythingy"},"content":"","lastModifiedDate":"2022-01-28"},{"lineNumber":14,"author":{"gitId":"Nnythingy"},"content":"        switch (tokens[0]) {","lastModifiedDate":"2022-01-28"},{"lineNumber":15,"author":{"gitId":"Nnythingy"},"content":"        case \"list\":","lastModifiedDate":"2022-01-28"},{"lineNumber":16,"author":{"gitId":"Nnythingy"},"content":"        case \"todo\":","lastModifiedDate":"2022-01-30"},{"lineNumber":17,"author":{"gitId":"Nnythingy"},"content":"        case \"deadline\":","lastModifiedDate":"2022-01-30"},{"lineNumber":18,"author":{"gitId":"Nnythingy"},"content":"        case \"event\":","lastModifiedDate":"2022-01-30"},{"lineNumber":19,"author":{"gitId":"Nnythingy"},"content":"            isKeyword \u003d true;","lastModifiedDate":"2022-01-28"},{"lineNumber":20,"author":{"gitId":"Nnythingy"},"content":"            break;","lastModifiedDate":"2022-01-28"},{"lineNumber":21,"author":{"gitId":"Nnythingy"},"content":"        case \"mark\":","lastModifiedDate":"2022-01-28"},{"lineNumber":22,"author":{"gitId":"Nnythingy"},"content":"        case \"unmark\":","lastModifiedDate":"2022-01-28"},{"lineNumber":23,"author":{"gitId":"Nnythingy"},"content":"            if (tokens.length \u003d\u003d 2) {","lastModifiedDate":"2022-01-28"},{"lineNumber":24,"author":{"gitId":"Nnythingy"},"content":"                try {","lastModifiedDate":"2022-01-28"},{"lineNumber":25,"author":{"gitId":"Nnythingy"},"content":"                    Integer.parseInt(tokens[1]);","lastModifiedDate":"2022-01-28"},{"lineNumber":26,"author":{"gitId":"Nnythingy"},"content":"                    tokens[1] \u003d String.valueOf(Integer.parseInt(tokens[1])-1);","lastModifiedDate":"2022-01-28"},{"lineNumber":27,"author":{"gitId":"Nnythingy"},"content":"                    isKeyword \u003d true;","lastModifiedDate":"2022-01-28"},{"lineNumber":28,"author":{"gitId":"Nnythingy"},"content":"                } catch (Exception e) {","lastModifiedDate":"2022-01-28"},{"lineNumber":29,"author":{"gitId":"Nnythingy"},"content":"                    //this user input is not trying to mark or unmark","lastModifiedDate":"2022-01-28"},{"lineNumber":30,"author":{"gitId":"Nnythingy"},"content":"                    //any previous tasks","lastModifiedDate":"2022-01-28"},{"lineNumber":31,"author":{"gitId":"Nnythingy"},"content":"                    isKeyword \u003d false;","lastModifiedDate":"2022-01-28"},{"lineNumber":32,"author":{"gitId":"Nnythingy"},"content":"                }","lastModifiedDate":"2022-01-28"},{"lineNumber":33,"author":{"gitId":"Nnythingy"},"content":"            }","lastModifiedDate":"2022-01-28"},{"lineNumber":34,"author":{"gitId":"Nnythingy"},"content":"            break;","lastModifiedDate":"2022-01-28"},{"lineNumber":35,"author":{"gitId":"Nnythingy"},"content":"        default:","lastModifiedDate":"2022-01-28"},{"lineNumber":36,"author":{"gitId":"Nnythingy"},"content":"            isKeyword \u003d false;","lastModifiedDate":"2022-01-28"},{"lineNumber":37,"author":{"gitId":"Nnythingy"},"content":"        }","lastModifiedDate":"2022-01-28"},{"lineNumber":38,"author":{"gitId":"Nnythingy"},"content":"    }","lastModifiedDate":"2022-01-28"},{"lineNumber":39,"author":{"gitId":"Nnythingy"},"content":"","lastModifiedDate":"2022-01-28"},{"lineNumber":40,"author":{"gitId":"Nnythingy"},"content":"    public String[] getTokens() {","lastModifiedDate":"2022-01-28"},{"lineNumber":41,"author":{"gitId":"Nnythingy"},"content":"        return tokens;","lastModifiedDate":"2022-01-28"},{"lineNumber":42,"author":{"gitId":"Nnythingy"},"content":"    }","lastModifiedDate":"2022-01-28"},{"lineNumber":43,"author":{"gitId":"Nnythingy"},"content":"","lastModifiedDate":"2022-01-28"},{"lineNumber":44,"author":{"gitId":"Nnythingy"},"content":"    public Boolean getIsKeyword() {","lastModifiedDate":"2022-01-28"},{"lineNumber":45,"author":{"gitId":"Nnythingy"},"content":"        return isKeyword;","lastModifiedDate":"2022-01-28"},{"lineNumber":46,"author":{"gitId":"Nnythingy"},"content":"    }","lastModifiedDate":"2022-01-28"},{"lineNumber":47,"author":{"gitId":"Nnythingy"},"content":"}","lastModifiedDate":"2022-01-28"}],"authorContributionMap":{"Nnythingy":47}},{"path":"text-ui-test/input.txt","fileType":"txt","lines":[{"lineNumber":1,"author":{"gitId":"Nnythingy"},"content":"todo borrow book","lastModifiedDate":"2022-01-30"},{"lineNumber":2,"author":{"gitId":"Nnythingy"},"content":"deadline return book /by Sunday","lastModifiedDate":"2022-01-30"},{"lineNumber":3,"author":{"gitId":"Nnythingy"},"content":"event meeting /at Monday 2 - 5 pm","lastModifiedDate":"2022-01-30"},{"lineNumber":4,"author":{"gitId":"Nnythingy"},"content":"list","lastModifiedDate":"2022-01-30"},{"lineNumber":5,"author":{"gitId":"Nnythingy"},"content":"bye","lastModifiedDate":"2022-01-30"}],"authorContributionMap":{"Nnythingy":5}},{"path":"text-ui-test/runtest.bat","fileType":"bat","lines":[{"lineNumber":1,"author":{"gitId":"-"},"content":"@ECHO OFF","lastModifiedDate":"2020-05-25"},{"lineNumber":2,"author":{"gitId":"-"},"content":"","lastModifiedDate":"2020-05-25"},{"lineNumber":3,"author":{"gitId":"-"},"content":"REM create bin directory if it doesn\u0027t exist","lastModifiedDate":"2020-05-25"},{"lineNumber":4,"author":{"gitId":"-"},"content":"if not exist ..\\bin mkdir ..\\bin","lastModifiedDate":"2020-05-25"},{"lineNumber":5,"author":{"gitId":"-"},"content":"","lastModifiedDate":"2020-05-25"},{"lineNumber":6,"author":{"gitId":"-"},"content":"REM delete output from previous run","lastModifiedDate":"2020-05-25"},{"lineNumber":7,"author":{"gitId":"-"},"content":"if exist ACTUAL.TXT del ACTUAL.TXT","lastModifiedDate":"2020-08-25"},{"lineNumber":8,"author":{"gitId":"-"},"content":"","lastModifiedDate":"2020-05-25"},{"lineNumber":9,"author":{"gitId":"-"},"content":"REM compile the code into the bin folder","lastModifiedDate":"2020-05-25"},{"lineNumber":10,"author":{"gitId":"Nnythingy"},"content":"javac  -cp ..\\src\\main\\java -Xlint:none -d ..\\bin ..\\src\\main\\java\\Duke.java","lastModifiedDate":"2022-01-30"},{"lineNumber":11,"author":{"gitId":"-"},"content":"IF ERRORLEVEL 1 (","lastModifiedDate":"2020-05-25"},{"lineNumber":12,"author":{"gitId":"-"},"content":"    echo ********** BUILD FAILURE **********","lastModifiedDate":"2020-05-25"},{"lineNumber":13,"author":{"gitId":"-"},"content":"    exit /b 1","lastModifiedDate":"2020-05-25"},{"lineNumber":14,"author":{"gitId":"-"},"content":")","lastModifiedDate":"2020-05-25"},{"lineNumber":15,"author":{"gitId":"-"},"content":"REM no error here, errorlevel \u003d\u003d 0","lastModifiedDate":"2020-05-25"},{"lineNumber":16,"author":{"gitId":"-"},"content":"","lastModifiedDate":"2020-05-25"},{"lineNumber":17,"author":{"gitId":"-"},"content":"REM run the program, feed commands from input.txt file and redirect the output to the ACTUAL.TXT","lastModifiedDate":"2020-05-25"},{"lineNumber":18,"author":{"gitId":"-"},"content":"java -classpath ..\\bin Duke \u003c input.txt \u003e ACTUAL.TXT","lastModifiedDate":"2020-05-25"},{"lineNumber":19,"author":{"gitId":"-"},"content":"","lastModifiedDate":"2020-05-25"},{"lineNumber":20,"author":{"gitId":"-"},"content":"REM compare the output to the expected output","lastModifiedDate":"2020-05-25"},{"lineNumber":21,"author":{"gitId":"-"},"content":"FC ACTUAL.TXT EXPECTED.TXT","lastModifiedDate":"2020-05-25"}],"authorContributionMap":{"Nnythingy":1,"-":20}},{"path":"text-ui-test/runtest.sh","fileType":"sh","lines":[{"lineNumber":1,"author":{"gitId":"-"},"content":"#!/usr/bin/env bash","lastModifiedDate":"2020-05-25"},{"lineNumber":2,"author":{"gitId":"-"},"content":"","lastModifiedDate":"2020-05-25"},{"lineNumber":3,"author":{"gitId":"-"},"content":"# create bin directory if it doesn\u0027t exist","lastModifiedDate":"2020-05-25"},{"lineNumber":4,"author":{"gitId":"-"},"content":"if [ ! -d \"../bin\" ]","lastModifiedDate":"2020-05-25"},{"lineNumber":5,"author":{"gitId":"-"},"content":"then","lastModifiedDate":"2020-05-25"},{"lineNumber":6,"author":{"gitId":"-"},"content":"    mkdir ../bin","lastModifiedDate":"2020-05-25"},{"lineNumber":7,"author":{"gitId":"-"},"content":"fi","lastModifiedDate":"2020-05-25"},{"lineNumber":8,"author":{"gitId":"-"},"content":"","lastModifiedDate":"2020-05-25"},{"lineNumber":9,"author":{"gitId":"-"},"content":"# delete output from previous run","lastModifiedDate":"2020-05-25"},{"lineNumber":10,"author":{"gitId":"-"},"content":"if [ -e \"./ACTUAL.TXT\" ]","lastModifiedDate":"2020-05-25"},{"lineNumber":11,"author":{"gitId":"-"},"content":"then","lastModifiedDate":"2020-05-25"},{"lineNumber":12,"author":{"gitId":"-"},"content":"    rm ACTUAL.TXT","lastModifiedDate":"2020-05-25"},{"lineNumber":13,"author":{"gitId":"-"},"content":"fi","lastModifiedDate":"2020-05-25"},{"lineNumber":14,"author":{"gitId":"-"},"content":"","lastModifiedDate":"2020-05-25"},{"lineNumber":15,"author":{"gitId":"-"},"content":"# compile the code into the bin folder, terminates if error occurred","lastModifiedDate":"2020-05-25"},{"lineNumber":16,"author":{"gitId":"Nnythingy"},"content":"if ! javac -cp ../src/main/java -Xlint:none -d ../bin ../src/main/java/Duke.java","lastModifiedDate":"2022-01-30"},{"lineNumber":17,"author":{"gitId":"-"},"content":"then","lastModifiedDate":"2020-05-25"},{"lineNumber":18,"author":{"gitId":"-"},"content":"    echo \"********** BUILD FAILURE **********\"","lastModifiedDate":"2020-05-25"},{"lineNumber":19,"author":{"gitId":"-"},"content":"    exit 1","lastModifiedDate":"2020-05-25"},{"lineNumber":20,"author":{"gitId":"-"},"content":"fi","lastModifiedDate":"2020-05-25"},{"lineNumber":21,"author":{"gitId":"-"},"content":"","lastModifiedDate":"2020-05-25"},{"lineNumber":22,"author":{"gitId":"-"},"content":"# run the program, feed commands from input.txt file and redirect the output to the ACTUAL.TXT","lastModifiedDate":"2020-05-25"},{"lineNumber":23,"author":{"gitId":"-"},"content":"java -classpath ../bin Duke \u003c input.txt \u003e ACTUAL.TXT","lastModifiedDate":"2020-05-25"},{"lineNumber":24,"author":{"gitId":"-"},"content":"","lastModifiedDate":"2020-05-25"},{"lineNumber":25,"author":{"gitId":"-"},"content":"# convert to UNIX format","lastModifiedDate":"2020-05-25"},{"lineNumber":26,"author":{"gitId":"-"},"content":"cp EXPECTED.TXT EXPECTED-UNIX.TXT","lastModifiedDate":"2020-05-25"},{"lineNumber":27,"author":{"gitId":"-"},"content":"dos2unix ACTUAL.TXT EXPECTED-UNIX.TXT","lastModifiedDate":"2020-05-25"},{"lineNumber":28,"author":{"gitId":"-"},"content":"","lastModifiedDate":"2020-05-25"},{"lineNumber":29,"author":{"gitId":"-"},"content":"# compare the output to the expected output","lastModifiedDate":"2020-05-25"},{"lineNumber":30,"author":{"gitId":"-"},"content":"diff ACTUAL.TXT EXPECTED-UNIX.TXT","lastModifiedDate":"2020-05-25"},{"lineNumber":31,"author":{"gitId":"-"},"content":"if [ $? -eq 0 ]","lastModifiedDate":"2020-05-25"},{"lineNumber":32,"author":{"gitId":"-"},"content":"then","lastModifiedDate":"2020-05-25"},{"lineNumber":33,"author":{"gitId":"-"},"content":"    echo \"Test result: PASSED\"","lastModifiedDate":"2020-05-25"},{"lineNumber":34,"author":{"gitId":"-"},"content":"    exit 0","lastModifiedDate":"2020-05-25"},{"lineNumber":35,"author":{"gitId":"-"},"content":"else","lastModifiedDate":"2020-05-25"},{"lineNumber":36,"author":{"gitId":"-"},"content":"    echo \"Test result: FAILED\"","lastModifiedDate":"2020-05-25"},{"lineNumber":37,"author":{"gitId":"-"},"content":"    exit 1","lastModifiedDate":"2020-05-25"},{"lineNumber":38,"author":{"gitId":"-"},"content":"fi","lastModifiedDate":"2020-05-25"}],"authorContributionMap":{"Nnythingy":1,"-":37}}]
